"city","year","grid_id","grid_x","grid_y","retail_records","records_with_rateable_value","rateable_value_total","rateable_value_median"
"Birmingham",2016,"Birmingham_398250_278250",398250,278250,3,3,25200,9500
"Birmingham",2016,"Birmingham_398750_277500",398750,277500,1,1,7600,7600
"Birmingham",2016,"Birmingham_398750_278000",398750,278000,1,1,38000,38000
"Birmingham",2016,"Birmingham_398750_278250",398750,278250,11,10,83000,5300
"Birmingham",2016,"Birmingham_399000_277250",399000,277250,2,1,116000,116000
"Birmingham",2016,"Birmingham_399000_282500",399000,282500,1,1,8000,8000
"Birmingham",2016,"Birmingham_399000_282750",399000,282750,1,1,2650,2650
"Birmingham",2016,"Birmingham_399000_283000",399000,283000,1,1,44500,44500
"Birmingham",2016,"Birmingham_399000_284750",399000,284750,2,2,12150,6075
"Birmingham",2016,"Birmingham_399250_276750",399250,276750,1,1,11250,11250
"Birmingham",2016,"Birmingham_399250_277250",399250,277250,4,4,21000,5250
"Birmingham",2016,"Birmingham_399250_277500",399250,277500,2,2,156500,78250
"Birmingham",2016,"Birmingham_399250_278000",399250,278000,1,0,NA,NA
"Birmingham",2016,"Birmingham_399250_278750",399250,278750,1,1,8500,8500
"Birmingham",2016,"Birmingham_399250_281000",399250,281000,1,1,5400,5400
"Birmingham",2016,"Birmingham_399250_282000",399250,282000,6,6,30200,3775
"Birmingham",2016,"Birmingham_399250_282500",399250,282500,1,1,4600,4600
"Birmingham",2016,"Birmingham_399250_282750",399250,282750,16,9,47050,5400
"Birmingham",2016,"Birmingham_399250_283750",399250,283750,1,1,130000,130000
"Birmingham",2016,"Birmingham_399250_284750",399250,284750,11,10,63855,2550
"Birmingham",2016,"Birmingham_399500_277500",399500,277500,3,1,1450000,1450000
"Birmingham",2016,"Birmingham_399500_277750",399500,277750,1,1,185000,185000
"Birmingham",2016,"Birmingham_399500_281500",399500,281500,23,22,82825,2625
"Birmingham",2016,"Birmingham_399500_281750",399500,281750,2,1,2800,2800
"Birmingham",2016,"Birmingham_399500_284750",399500,284750,4,3,13000,3600
"Birmingham",2016,"Birmingham_399750_276750",399750,276750,14,12,83225,2900
"Birmingham",2016,"Birmingham_399750_278250",399750,278250,1,1,5500,5500
"Birmingham",2016,"Birmingham_399750_278750",399750,278750,4,4,25850,5500
"Birmingham",2016,"Birmingham_399750_281250",399750,281250,1,1,6200,6200
"Birmingham",2016,"Birmingham_399750_281750",399750,281750,1,1,3050,3050
"Birmingham",2016,"Birmingham_399750_282000",399750,282000,2,2,4300,2150
"Birmingham",2016,"Birmingham_399750_284000",399750,284000,2,2,14000,7000
"Birmingham",2016,"Birmingham_399750_284250",399750,284250,3,3,14550,4850
"Birmingham",2016,"Birmingham_399750_284500",399750,284500,2,1,497500,497500
"Birmingham",2016,"Birmingham_400250_277500",400250,277500,22,19,231350,5300
"Birmingham",2016,"Birmingham_400250_278750",400250,278750,13,8,60975,3775
"Birmingham",2016,"Birmingham_400250_281750",400250,281750,6,5,26900,4200
"Birmingham",2016,"Birmingham_400250_282000",400250,282000,1,1,25000,25000
"Birmingham",2016,"Birmingham_400250_282750",400250,282750,1,1,5000,5000
"Birmingham",2016,"Birmingham_400250_283750",400250,283750,3,2,11650,5825
"Birmingham",2016,"Birmingham_400250_284500",400250,284500,6,6,22175,3200
"Birmingham",2016,"Birmingham_400250_284750",400250,284750,2,2,68500,34250
"Birmingham",2016,"Birmingham_400250_285000",400250,285000,1,1,210000,210000
"Birmingham",2016,"Birmingham_400500_276250",400500,276250,1,1,14500,14500
"Birmingham",2016,"Birmingham_400500_277000",400500,277000,1,1,4700,4700
"Birmingham",2016,"Birmingham_400500_277250",400500,277250,9,7,33850,5100
"Birmingham",2016,"Birmingham_400500_278500",400500,278500,3,3,8675,3100
"Birmingham",2016,"Birmingham_400500_279000",400500,279000,1,1,7200,7200
"Birmingham",2016,"Birmingham_400500_279250",400500,279250,2,2,6300,3150
"Birmingham",2016,"Birmingham_400500_282000",400500,282000,1,1,1500,1500
"Birmingham",2016,"Birmingham_400500_282250",400500,282250,6,2,10175,5087.5
"Birmingham",2016,"Birmingham_400500_282500",400500,282500,9,8,61100,3100
"Birmingham",2016,"Birmingham_400500_283750",400500,283750,3,3,12900,4500
"Birmingham",2016,"Birmingham_400500_284250",400500,284250,14,14,32695,2062.5
"Birmingham",2016,"Birmingham_400500_285000",400500,285000,1,0,NA,NA
"Birmingham",2016,"Birmingham_400750_277750",400750,277750,1,1,3250,3250
"Birmingham",2016,"Birmingham_400750_279250",400750,279250,1,1,3350,3350
"Birmingham",2016,"Birmingham_400750_282750",400750,282750,1,1,6200,6200
"Birmingham",2016,"Birmingham_400750_283750",400750,283750,10,9,57000,5100
"Birmingham",2016,"Birmingham_400750_284250",400750,284250,3,1,4850,4850
"Birmingham",2016,"Birmingham_400750_285000",400750,285000,31,26,514000,7300
"Birmingham",2016,"Birmingham_401000_277250",401000,277250,24,21,5347000,39000
"Birmingham",2016,"Birmingham_401000_277750",401000,277750,4,4,21800,4325
"Birmingham",2016,"Birmingham_401000_279750",401000,279750,11,9,32725,2700
"Birmingham",2016,"Birmingham_401000_280500",401000,280500,4,2,10675,5337.5
"Birmingham",2016,"Birmingham_401000_281250",401000,281250,9,8,29700,2850
"Birmingham",2016,"Birmingham_401000_284750",401000,284750,2,0,NA,NA
"Birmingham",2016,"Birmingham_401000_285250",401000,285250,1,1,38000,38000
"Birmingham",2016,"Birmingham_401250_277250",401250,277250,11,9,63750,5100
"Birmingham",2016,"Birmingham_401250_277500",401250,277500,8,5,54000,9300
"Birmingham",2016,"Birmingham_401250_277750",401250,277750,1,1,7300,7300
"Birmingham",2016,"Birmingham_401250_278250",401250,278250,18,16,156000,8000
"Birmingham",2016,"Birmingham_401250_279500",401250,279500,1,1,2550,2550
"Birmingham",2016,"Birmingham_401250_280750",401250,280750,1,1,32000,32000
"Birmingham",2016,"Birmingham_401250_282500",401250,282500,10,9,35900,3850
"Birmingham",2016,"Birmingham_401250_283750",401250,283750,7,7,30800,3900
"Birmingham",2016,"Birmingham_401250_284500",401250,284500,7,7,61700,4700
"Birmingham",2016,"Birmingham_401250_284750",401250,284750,4,3,36800,5500
"Birmingham",2016,"Birmingham_401500_276750",401500,276750,5,3,8375,2600
"Birmingham",2016,"Birmingham_401500_277000",401500,277000,3,3,24775,4650
"Birmingham",2016,"Birmingham_401500_277250",401500,277250,4,3,14250,5400
"Birmingham",2016,"Birmingham_401500_277750",401500,277750,1,0,NA,NA
"Birmingham",2016,"Birmingham_401500_278500",401500,278500,35,31,168125,5000
"Birmingham",2016,"Birmingham_401500_278750",401500,278750,3,3,15600,4450
"Birmingham",2016,"Birmingham_401500_280000",401500,280000,1,1,2750,2750
"Birmingham",2016,"Birmingham_401500_282250",401500,282250,1,0,NA,NA
"Birmingham",2016,"Birmingham_401500_282500",401500,282500,4,4,75620,2175
"Birmingham",2016,"Birmingham_401500_282750",401500,282750,2,1,1650000,1650000
"Birmingham",2016,"Birmingham_401500_284000",401500,284000,1,1,7700,7700
"Birmingham",2016,"Birmingham_401500_284750",401500,284750,1,1,83500,83500
"Birmingham",2016,"Birmingham_401750_277250",401750,277250,1,1,4400,4400
"Birmingham",2016,"Birmingham_401750_278250",401750,278250,1,1,11500,11500
"Birmingham",2016,"Birmingham_401750_279000",401750,279000,12,12,163700,6950
"Birmingham",2016,"Birmingham_401750_279250",401750,279250,50,47,1628510,3500
"Birmingham",2016,"Birmingham_401750_279500",401750,279500,16,14,240750,11875
"Birmingham",2016,"Birmingham_401750_279750",401750,279750,1,1,50500,50500
"Birmingham",2016,"Birmingham_401750_280750",401750,280750,8,8,44400,4525
"Birmingham",2016,"Birmingham_401750_281000",401750,281000,1,1,1025,1025
"Birmingham",2016,"Birmingham_401750_281500",401750,281500,1,1,36250,36250
"Birmingham",2016,"Birmingham_401750_283750",401750,283750,5,3,19150,5000
"Birmingham",2016,"Birmingham_401750_284000",401750,284000,1,1,4050,4050
"Birmingham",2016,"Birmingham_401750_284500",401750,284500,11,10,69150,5400
"Birmingham",2016,"Birmingham_401750_284750",401750,284750,1,1,3150,3150
"Birmingham",2016,"Birmingham_402000_276750",402000,276750,1,1,455,455
"Birmingham",2016,"Birmingham_402000_278000",402000,278000,1,1,20500,20500
"Birmingham",2016,"Birmingham_402000_278250",402000,278250,5,5,51400,5800
"Birmingham",2016,"Birmingham_402000_279250",402000,279250,2,2,17475,8737.5
"Birmingham",2016,"Birmingham_402000_279500",402000,279500,53,49,1576750,19500
"Birmingham",2016,"Birmingham_402000_279750",402000,279750,187,107,3027395,14500
"Birmingham",2016,"Birmingham_402000_281250",402000,281250,1,1,9600,9600
"Birmingham",2016,"Birmingham_402000_282000",402000,282000,51,45,452450,8000
"Birmingham",2016,"Birmingham_402000_282250",402000,282250,6,6,48050,7250
"Birmingham",2016,"Birmingham_402000_282500",402000,282500,1,1,32250,32250
"Birmingham",2016,"Birmingham_402000_284500",402000,284500,4,2,11400,5700
"Birmingham",2016,"Birmingham_402000_284750",402000,284750,7,6,28150,4300
"Birmingham",2016,"Birmingham_402000_285250",402000,285250,1,1,810,810
"Birmingham",2016,"Birmingham_402250_277000",402250,277000,4,3,10275,2400
"Birmingham",2016,"Birmingham_402250_277500",402250,277500,20,17,62600,2500
"Birmingham",2016,"Birmingham_402250_277750",402250,277750,2,2,5250,2625
"Birmingham",2016,"Birmingham_402250_278250",402250,278250,4,4,17400,4500
"Birmingham",2016,"Birmingham_402250_278750",402250,278750,5,5,15300,2600
"Birmingham",2016,"Birmingham_402250_279250",402250,279250,1,1,65000,65000
"Birmingham",2016,"Birmingham_402250_279500",402250,279500,1,1,2600,2600
"Birmingham",2016,"Birmingham_402250_280000",402250,280000,9,9,34750,4200
"Birmingham",2016,"Birmingham_402250_282000",402250,282000,9,9,91775,8000
"Birmingham",2016,"Birmingham_402250_282750",402250,282750,3,2,4525,2262.5
"Birmingham",2016,"Birmingham_402250_283250",402250,283250,6,6,57150,6850
"Birmingham",2016,"Birmingham_402250_283500",402250,283500,1,1,20000,20000
"Birmingham",2016,"Birmingham_402250_284000",402250,284000,14,9,41325,3800
"Birmingham",2016,"Birmingham_402250_285250",402250,285250,1,1,150000,150000
"Birmingham",2016,"Birmingham_402250_286000",402250,286000,1,1,135000,135000
"Birmingham",2016,"Birmingham_402250_286250",402250,286250,2,2,23350,11675
"Birmingham",2016,"Birmingham_402500_277750",402500,277750,2,2,18200,9100
"Birmingham",2016,"Birmingham_402500_278750",402500,278750,21,14,156585,2362.5
"Birmingham",2016,"Birmingham_402500_279000",402500,279000,1,1,1875,1875
"Birmingham",2016,"Birmingham_402500_280000",402500,280000,1,1,8400,8400
"Birmingham",2016,"Birmingham_402500_283000",402500,283000,2,2,5375,2687.5
"Birmingham",2016,"Birmingham_402500_284000",402500,284000,4,3,12625,5000
"Birmingham",2016,"Birmingham_402500_284250",402500,284250,1,1,7000,7000
"Birmingham",2016,"Birmingham_402500_284500",402500,284500,1,1,21500,21500
"Birmingham",2016,"Birmingham_402500_286000",402500,286000,1,1,1350,1350
"Birmingham",2016,"Birmingham_402500_287000",402500,287000,1,1,6200,6200
"Birmingham",2016,"Birmingham_402500_289750",402500,289750,4,3,32650,6700
"Birmingham",2016,"Birmingham_402750_276750",402750,276750,1,1,7900,7900
"Birmingham",2016,"Birmingham_402750_277250",402750,277250,1,1,2450,2450
"Birmingham",2016,"Birmingham_402750_277500",402750,277500,1,1,3050,3050
"Birmingham",2016,"Birmingham_402750_277750",402750,277750,33,27,264025,8000
"Birmingham",2016,"Birmingham_402750_278000",402750,278000,9,9,22990,2425
"Birmingham",2016,"Birmingham_402750_278750",402750,278750,3,1,4450,4450
"Birmingham",2016,"Birmingham_402750_281250",402750,281250,3,3,12150,4000
"Birmingham",2016,"Birmingham_402750_281750",402750,281750,6,3,14125,4950
"Birmingham",2016,"Birmingham_402750_283250",402750,283250,1,1,38000,38000
"Birmingham",2016,"Birmingham_402750_283750",402750,283750,1,1,57500,57500
"Birmingham",2016,"Birmingham_402750_284250",402750,284250,8,6,55700,8750
"Birmingham",2016,"Birmingham_402750_284500",402750,284500,13,13,115750,7600
"Birmingham",2016,"Birmingham_402750_286000",402750,286000,3,3,144500,61500
"Birmingham",2016,"Birmingham_402750_286750",402750,286750,4,2,15200,7600
"Birmingham",2016,"Birmingham_402750_287000",402750,287000,2,2,11500,5750
"Birmingham",2016,"Birmingham_402750_289500",402750,289500,2,2,6750,3375
"Birmingham",2016,"Birmingham_402750_290000",402750,290000,3,3,458000,127000
"Birmingham",2016,"Birmingham_403000_277250",403000,277250,1,1,79000,79000
"Birmingham",2016,"Birmingham_403000_280750",403000,280750,2,2,94250,47125
"Birmingham",2016,"Birmingham_403000_281000",403000,281000,6,4,15200,3375
"Birmingham",2016,"Birmingham_403000_282500",403000,282500,6,6,51900,4125
"Birmingham",2016,"Birmingham_403000_282750",403000,282750,1,1,6600,6600
"Birmingham",2016,"Birmingham_403000_283500",403000,283500,9,9,34075,3200
"Birmingham",2016,"Birmingham_403000_284250",403000,284250,41,34,387050,7250
"Birmingham",2016,"Birmingham_403000_284750",403000,284750,5,2,10100,5050
"Birmingham",2016,"Birmingham_403000_285500",403000,285500,9,7,47750,7100
"Birmingham",2016,"Birmingham_403000_286000",403000,286000,11,11,82250,6900
"Birmingham",2016,"Birmingham_403000_286750",403000,286750,1,1,790,790
"Birmingham",2016,"Birmingham_403000_289500",403000,289500,4,4,7975,2050
"Birmingham",2016,"Birmingham_403000_289750",403000,289750,2,1,4050,4050
"Birmingham",2016,"Birmingham_403000_290000",403000,290000,11,9,897200,3200
"Birmingham",2016,"Birmingham_403250_279250",403250,279250,1,1,7100,7100
"Birmingham",2016,"Birmingham_403250_280000",403250,280000,3,2,8950,4475
"Birmingham",2016,"Birmingham_403250_281000",403250,281000,3,3,11700,4350
"Birmingham",2016,"Birmingham_403250_282000",403250,282000,1,1,2800,2800
"Birmingham",2016,"Birmingham_403250_282250",403250,282250,9,6,22350,3250
"Birmingham",2016,"Birmingham_403250_284250",403250,284250,20,14,229200,8875
"Birmingham",2016,"Birmingham_403250_284500",403250,284500,2,2,22650,11325
"Birmingham",2016,"Birmingham_403250_289250",403250,289250,1,1,2550,2550
"Birmingham",2016,"Birmingham_403250_289500",403250,289500,1,1,1500,1500
"Birmingham",2016,"Birmingham_403250_289750",403250,289750,43,37,168450,4200
"Birmingham",2016,"Birmingham_403500_277500",403500,277500,10,9,82950,5300
"Birmingham",2016,"Birmingham_403500_277750",403500,277750,1,1,4400,4400
"Birmingham",2016,"Birmingham_403500_278000",403500,278000,1,1,4050,4050
"Birmingham",2016,"Birmingham_403500_279000",403500,279000,15,15,59700,3200
"Birmingham",2016,"Birmingham_403500_280000",403500,280000,2,2,13700,6850
"Birmingham",2016,"Birmingham_403500_280750",403500,280750,2,1,5400,5400
"Birmingham",2016,"Birmingham_403500_283000",403500,283000,8,1,207000,207000
"Birmingham",2016,"Birmingham_403500_283250",403500,283250,13,12,43965,2650
"Birmingham",2016,"Birmingham_403500_283750",403500,283750,1,0,NA,NA
"Birmingham",2016,"Birmingham_403500_284000",403500,284000,1,1,2950,2950
"Birmingham",2016,"Birmingham_403500_284250",403500,284250,3,2,19000,9500
"Birmingham",2016,"Birmingham_403500_284500",403500,284500,84,77,2798650,27500
"Birmingham",2016,"Birmingham_403500_284750",403500,284750,6,4,12700,3275
"Birmingham",2016,"Birmingham_403500_285000",403500,285000,4,4,14075,3775
"Birmingham",2016,"Birmingham_403500_287250",403500,287250,2,2,6450,3225
"Birmingham",2016,"Birmingham_403500_287500",403500,287500,17,10,54320,4325
"Birmingham",2016,"Birmingham_403500_289250",403500,289250,2,2,37575,18787.5
"Birmingham",2016,"Birmingham_403500_289500",403500,289500,1,1,4050,4050
"Birmingham",2016,"Birmingham_403500_289750",403500,289750,3,3,5875,1950
"Birmingham",2016,"Birmingham_403500_290500",403500,290500,6,6,17350,2800
"Birmingham",2016,"Birmingham_403750_277000",403750,277000,1,1,23000,23000
"Birmingham",2016,"Birmingham_403750_277250",403750,277250,1,1,4950,4950
"Birmingham",2016,"Birmingham_403750_277750",403750,277750,2,2,9800,4900
"Birmingham",2016,"Birmingham_403750_278500",403750,278500,4,4,36400,7600
"Birmingham",2016,"Birmingham_403750_281750",403750,281750,1,0,NA,NA
"Birmingham",2016,"Birmingham_403750_282000",403750,282000,1,1,40000,40000
"Birmingham",2016,"Birmingham_403750_283250",403750,283250,1,1,4250,4250
"Birmingham",2016,"Birmingham_403750_284500",403750,284500,38,30,1547500,35125
"Birmingham",2016,"Birmingham_403750_284750",403750,284750,12,9,185100,10250
"Birmingham",2016,"Birmingham_403750_287500",403750,287500,69,54,350040,4725
"Birmingham",2016,"Birmingham_403750_289250",403750,289250,1,1,2500,2500
"Birmingham",2016,"Birmingham_403750_289500",403750,289500,13,9,52950,3600
"Birmingham",2016,"Birmingham_403750_290000",403750,290000,1,1,4200,4200
"Birmingham",2016,"Birmingham_403750_290500",403750,290500,4,4,8050,1825
"Birmingham",2016,"Birmingham_403750_290750",403750,290750,3,1,3850,3850
"Birmingham",2016,"Birmingham_404000_282000",404000,282000,8,8,40950,5000
"Birmingham",2016,"Birmingham_404000_282250",404000,282250,31,25,157050,4950
"Birmingham",2016,"Birmingham_404000_282500",404000,282500,14,11,3212500,265000
"Birmingham",2016,"Birmingham_404000_282750",404000,282750,1,1,660000,660000
"Birmingham",2016,"Birmingham_404000_285750",404000,285750,4,4,617600,166500
"Birmingham",2016,"Birmingham_404000_286000",404000,286000,4,3,174200,70000
"Birmingham",2016,"Birmingham_404000_287500",404000,287500,44,40,200575,3425
"Birmingham",2016,"Birmingham_404000_288000",404000,288000,1,1,0,0
"Birmingham",2016,"Birmingham_404000_288250",404000,288250,14,10,31575,3275
"Birmingham",2016,"Birmingham_404000_288500",404000,288500,3,3,6000,1875
"Birmingham",2016,"Birmingham_404000_289000",404000,289000,2,2,2875,1437.5
"Birmingham",2016,"Birmingham_404000_289250",404000,289250,3,3,9775,2400
"Birmingham",2016,"Birmingham_404000_289500",404000,289500,56,53,429455,4850
"Birmingham",2016,"Birmingham_404000_289750",404000,289750,16,13,49225,3850
"Birmingham",2016,"Birmingham_404000_290000",404000,290000,26,22,103650,3000
"Birmingham",2016,"Birmingham_404000_290250",404000,290250,33,28,108250,3000
"Birmingham",2016,"Birmingham_404000_290500",404000,290500,32,29,118430,3550
"Birmingham",2016,"Birmingham_404000_290750",404000,290750,4,4,16800,4175
"Birmingham",2016,"Birmingham_404250_277250",404250,277250,10,8,66450,6250
"Birmingham",2016,"Birmingham_404250_277750",404250,277750,6,1,8100,8100
"Birmingham",2016,"Birmingham_404250_279250",404250,279250,4,3,9325,2800
"Birmingham",2016,"Birmingham_404250_280500",404250,280500,7,6,32850,5700
"Birmingham",2016,"Birmingham_404250_281250",404250,281250,1,1,5800,5800
"Birmingham",2016,"Birmingham_404250_281500",404250,281500,2,2,30000,15000
"Birmingham",2016,"Birmingham_404250_282250",404250,282250,30,20,203575,4725
"Birmingham",2016,"Birmingham_404250_282500",404250,282500,1,1,11750,11750
"Birmingham",2016,"Birmingham_404250_282750",404250,282750,17,15,294625,5400
"Birmingham",2016,"Birmingham_404250_283750",404250,283750,4,4,23150,5300
"Birmingham",2016,"Birmingham_404250_284500",404250,284500,1,1,420,420
"Birmingham",2016,"Birmingham_404250_285250",404250,285250,12,10,74400,6600
"Birmingham",2016,"Birmingham_404250_285750",404250,285750,3,2,133400,66700
"Birmingham",2016,"Birmingham_404250_286000",404250,286000,2,1,45000,45000
"Birmingham",2016,"Birmingham_404250_287250",404250,287250,2,2,4700,2350
"Birmingham",2016,"Birmingham_404250_287500",404250,287500,29,27,375975,4250
"Birmingham",2016,"Birmingham_404250_287750",404250,287750,1,1,10750,10750
"Birmingham",2016,"Birmingham_404250_288000",404250,288000,1,1,4650,4650
"Birmingham",2016,"Birmingham_404250_288500",404250,288500,3,2,8900,4450
"Birmingham",2016,"Birmingham_404250_289000",404250,289000,4,4,8775,2175
"Birmingham",2016,"Birmingham_404250_289250",404250,289250,2,2,3225,1612.5
"Birmingham",2016,"Birmingham_404250_289500",404250,289500,98,91,919865,7500
"Birmingham",2016,"Birmingham_404250_289750",404250,289750,6,5,5185,870
"Birmingham",2016,"Birmingham_404250_290000",404250,290000,5,5,26725,4000
"Birmingham",2016,"Birmingham_404250_290500",404250,290500,12,11,74000,2650
"Birmingham",2016,"Birmingham_404250_290750",404250,290750,3,3,10550,3850
"Birmingham",2016,"Birmingham_404250_292250",404250,292250,6,6,20075,2725
"Birmingham",2016,"Birmingham_404500_279250",404500,279250,4,2,146000,73000
"Birmingham",2016,"Birmingham_404500_279750",404500,279750,2,1,1050,1050
"Birmingham",2016,"Birmingham_404500_280000",404500,280000,2,2,13300,6650
"Birmingham",2016,"Birmingham_404500_280500",404500,280500,12,12,33800,3225
"Birmingham",2016,"Birmingham_404500_281250",404500,281250,14,14,70240,4800
"Birmingham",2016,"Birmingham_404500_282250",404500,282250,1,1,4650,4650
"Birmingham",2016,"Birmingham_404500_282500",404500,282500,2,1,4100,4100
"Birmingham",2016,"Birmingham_404500_282750",404500,282750,22,19,150525,6200
"Birmingham",2016,"Birmingham_404500_283000",404500,283000,45,35,434050,6500
"Birmingham",2016,"Birmingham_404500_283750",404500,283750,1,1,375,375
"Birmingham",2016,"Birmingham_404500_284250",404500,284250,4,4,63180,19250
"Birmingham",2016,"Birmingham_404500_285250",404500,285250,1,1,175000,175000
"Birmingham",2016,"Birmingham_404500_286000",404500,286000,15,14,144600,7650
"Birmingham",2016,"Birmingham_404500_286250",404500,286250,1,1,24250,24250
"Birmingham",2016,"Birmingham_404500_286500",404500,286500,3,3,7050,2300
"Birmingham",2016,"Birmingham_404500_287000",404500,287000,5,3,13675,5200
"Birmingham",2016,"Birmingham_404500_287250",404500,287250,1,1,3000,3000
"Birmingham",2016,"Birmingham_404500_287500",404500,287500,2,2,9700,4850
"Birmingham",2016,"Birmingham_404500_288500",404500,288500,12,7,24450,2750
"Birmingham",2016,"Birmingham_404500_288750",404500,288750,1,1,1525,1525
"Birmingham",2016,"Birmingham_404500_289000",404500,289000,19,13,52575,1925
"Birmingham",2016,"Birmingham_404500_289250",404500,289250,138,110,1158650,8800
"Birmingham",2016,"Birmingham_404500_289500",404500,289500,28,22,84175,3600
"Birmingham",2016,"Birmingham_404500_289750",404500,289750,30,28,90050,3025
"Birmingham",2016,"Birmingham_404500_290000",404500,290000,4,2,2925,1462.5
"Birmingham",2016,"Birmingham_404500_290250",404500,290250,1,0,NA,NA
"Birmingham",2016,"Birmingham_404500_290500",404500,290500,26,26,148800,4850
"Birmingham",2016,"Birmingham_404500_290750",404500,290750,9,9,31775,3350
"Birmingham",2016,"Birmingham_404500_294000",404500,294000,29,27,406400,12250
"Birmingham",2016,"Birmingham_404750_277500",404750,277500,1,1,4850,4850
"Birmingham",2016,"Birmingham_404750_278500",404750,278500,2,2,13400,6700
"Birmingham",2016,"Birmingham_404750_278750",404750,278750,43,37,288675,6000
"Birmingham",2016,"Birmingham_404750_279000",404750,279000,1,1,5900,5900
"Birmingham",2016,"Birmingham_404750_279250",404750,279250,1,1,157000,157000
"Birmingham",2016,"Birmingham_404750_279500",404750,279500,26,23,278850,7600
"Birmingham",2016,"Birmingham_404750_279750",404750,279750,80,74,758075,8700
"Birmingham",2016,"Birmingham_404750_280000",404750,280000,3,3,8725,2800
"Birmingham",2016,"Birmingham_404750_282000",404750,282000,39,30,295300,4550
"Birmingham",2016,"Birmingham_404750_282250",404750,282250,1,1,4750,4750
"Birmingham",2016,"Birmingham_404750_282500",404750,282500,4,1,1300,1300
"Birmingham",2016,"Birmingham_404750_282750",404750,282750,1,1,1475,1475
"Birmingham",2016,"Birmingham_404750_283000",404750,283000,31,21,197700,6500
"Birmingham",2016,"Birmingham_404750_283500",404750,283500,4,3,68250,24750
"Birmingham",2016,"Birmingham_404750_283750",404750,283750,23,16,298850,11275
"Birmingham",2016,"Birmingham_404750_285750",404750,285750,1,1,66000,66000
"Birmingham",2016,"Birmingham_404750_286000",404750,286000,29,28,152250,5000
"Birmingham",2016,"Birmingham_404750_286500",404750,286500,1,1,3300,3300
"Birmingham",2016,"Birmingham_404750_286750",404750,286750,2,0,NA,NA
"Birmingham",2016,"Birmingham_404750_287000",404750,287000,15,5,70250,13750
"Birmingham",2016,"Birmingham_404750_287500",404750,287500,2,2,11700,5850
"Birmingham",2016,"Birmingham_404750_288250",404750,288250,1,1,9100,9100
"Birmingham",2016,"Birmingham_404750_288750",404750,288750,6,5,16725,2425
"Birmingham",2016,"Birmingham_404750_289250",404750,289250,59,48,370975,6700
"Birmingham",2016,"Birmingham_404750_289750",404750,289750,1,1,6700,6700
"Birmingham",2016,"Birmingham_404750_290000",404750,290000,1,0,NA,NA
"Birmingham",2016,"Birmingham_404750_290500",404750,290500,2,2,56750,28375
"Birmingham",2016,"Birmingham_404750_292000",404750,292000,7,6,36450,3400
"Birmingham",2016,"Birmingham_404750_292250",404750,292250,2,2,10700,5350
"Birmingham",2016,"Birmingham_404750_292500",404750,292500,13,13,127200,7000
"Birmingham",2016,"Birmingham_404750_292750",404750,292750,16,12,49300,4300
"Birmingham",2016,"Birmingham_404750_293000",404750,293000,3,3,17400,5900
"Birmingham",2016,"Birmingham_404750_294000",404750,294000,2,2,14100,7050
"Birmingham",2016,"Birmingham_405000_278000",405000,278000,13,13,54550,3300
"Birmingham",2016,"Birmingham_405000_278750",405000,278750,1,1,64000,64000
"Birmingham",2016,"Birmingham_405000_279500",405000,279500,1,1,81500,81500
"Birmingham",2016,"Birmingham_405000_279750",405000,279750,25,24,143250,3375
"Birmingham",2016,"Birmingham_405000_280000",405000,280000,7,7,18100,2175
"Birmingham",2016,"Birmingham_405000_280500",405000,280500,1,1,5300,5300
"Birmingham",2016,"Birmingham_405000_280750",405000,280750,2,2,5600,2800
"Birmingham",2016,"Birmingham_405000_281000",405000,281000,5,4,7800,2137.5
"Birmingham",2016,"Birmingham_405000_281250",405000,281250,4,3,4750,1725
"Birmingham",2016,"Birmingham_405000_282000",405000,282000,1,0,NA,NA
"Birmingham",2016,"Birmingham_405000_282250",405000,282250,1,1,6100,6100
"Birmingham",2016,"Birmingham_405000_283250",405000,283250,1,0,NA,NA
"Birmingham",2016,"Birmingham_405000_284250",405000,284250,1,1,112000,112000
"Birmingham",2016,"Birmingham_405000_285750",405000,285750,2,2,118700,59350
"Birmingham",2016,"Birmingham_405000_286000",405000,286000,4,4,6665,1762.5
"Birmingham",2016,"Birmingham_405000_286250",405000,286250,1,0,NA,NA
"Birmingham",2016,"Birmingham_405000_286500",405000,286500,1,1,3950,3950
"Birmingham",2016,"Birmingham_405000_287000",405000,287000,2,1,20750,20750
"Birmingham",2016,"Birmingham_405000_287250",405000,287250,5,5,21545,4300
"Birmingham",2016,"Birmingham_405000_287500",405000,287500,5,4,17725,2237.5
"Birmingham",2016,"Birmingham_405000_287750",405000,287750,7,4,6625,1775
"Birmingham",2016,"Birmingham_405000_288500",405000,288500,8,5,24100,3700
"Birmingham",2016,"Birmingham_405000_288750",405000,288750,5,5,8495,1850
"Birmingham",2016,"Birmingham_405000_289000",405000,289000,14,8,46025,2125
"Birmingham",2016,"Birmingham_405000_289250",405000,289250,6,6,60700,8750
"Birmingham",2016,"Birmingham_405000_289500",405000,289500,1,1,1900,1900
"Birmingham",2016,"Birmingham_405000_292250",405000,292250,2,0,NA,NA
"Birmingham",2016,"Birmingham_405250_278750",405250,278750,1,1,5500,5500
"Birmingham",2016,"Birmingham_405250_280000",405250,280000,14,11,51870,3050
"Birmingham",2016,"Birmingham_405250_280250",405250,280250,5,3,5160,1150
"Birmingham",2016,"Birmingham_405250_280500",405250,280500,42,39,589635,4600
"Birmingham",2016,"Birmingham_405250_280750",405250,280750,90,78,505506,4425
"Birmingham",2016,"Birmingham_405250_281000",405250,281000,30,27,804650,3850
"Birmingham",2016,"Birmingham_405250_281250",405250,281250,21,12,166275,4625
"Birmingham",2016,"Birmingham_405250_281500",405250,281500,4,3,39250,12250
"Birmingham",2016,"Birmingham_405250_285500",405250,285500,2,2,118250,59125
"Birmingham",2016,"Birmingham_405250_285750",405250,285750,14,12,1060500,19500
"Birmingham",2016,"Birmingham_405250_286000",405250,286000,28,22,446035,4700
"Birmingham",2016,"Birmingham_405250_286500",405250,286500,20,18,82450,4325
"Birmingham",2016,"Birmingham_405250_286750",405250,286750,8,6,13275,1800
"Birmingham",2016,"Birmingham_405250_287000",405250,287000,1,1,9700,9700
"Birmingham",2016,"Birmingham_405250_287250",405250,287250,16,15,57435,4000
"Birmingham",2016,"Birmingham_405250_287500",405250,287500,19,9,1587450,8700
"Birmingham",2016,"Birmingham_405250_287750",405250,287750,1,1,10500,10500
"Birmingham",2016,"Birmingham_405250_288000",405250,288000,11,10,33205,3000
"Birmingham",2016,"Birmingham_405250_288750",405250,288750,1,1,2125,2125
"Birmingham",2016,"Birmingham_405250_289000",405250,289000,13,12,92075,2312.5
"Birmingham",2016,"Birmingham_405250_289250",405250,289250,1,1,3300,3300
"Birmingham",2016,"Birmingham_405250_289500",405250,289500,1,1,2200,2200
"Birmingham",2016,"Birmingham_405250_290500",405250,290500,1,1,20000,20000
"Birmingham",2016,"Birmingham_405250_291500",405250,291500,8,8,28450,3150
"Birmingham",2016,"Birmingham_405250_292000",405250,292000,3,0,NA,NA
"Birmingham",2016,"Birmingham_405250_292500",405250,292500,12,8,26300,2800
"Birmingham",2016,"Birmingham_405250_293000",405250,293000,1,1,105000,105000
"Birmingham",2016,"Birmingham_405250_293250",405250,293250,3,3,12150,3600
"Birmingham",2016,"Birmingham_405250_293500",405250,293500,2,2,6600,3300
"Birmingham",2016,"Birmingham_405500_278250",405500,278250,1,1,5800,5800
"Birmingham",2016,"Birmingham_405500_278750",405500,278750,5,5,23950,4650
"Birmingham",2016,"Birmingham_405500_279500",405500,279500,1,0,NA,NA
"Birmingham",2016,"Birmingham_405500_280250",405500,280250,2,2,4675,2337.5
"Birmingham",2016,"Birmingham_405500_281250",405500,281250,24,22,185800,3950
"Birmingham",2016,"Birmingham_405500_281750",405500,281750,21,17,92775,2225
"Birmingham",2016,"Birmingham_405500_285750",405500,285750,2,2,79400,39700
"Birmingham",2016,"Birmingham_405500_286000",405500,286000,39,26,380700,9850
"Birmingham",2016,"Birmingham_405500_286250",405500,286250,6,5,75750,15000
"Birmingham",2016,"Birmingham_405500_286500",405500,286500,15,11,119300,9500
"Birmingham",2016,"Birmingham_405500_286750",405500,286750,3,3,90050,14250
"Birmingham",2016,"Birmingham_405500_287250",405500,287250,2,2,185500,92750
"Birmingham",2016,"Birmingham_405500_287500",405500,287500,1,1,6600,6600
"Birmingham",2016,"Birmingham_405500_288250",405500,288250,27,24,72575,1825
"Birmingham",2016,"Birmingham_405500_288500",405500,288500,3,3,7300,1550
"Birmingham",2016,"Birmingham_405500_288750",405500,288750,5,3,5700,1700
"Birmingham",2016,"Birmingham_405500_289000",405500,289000,12,9,57850,2650
"Birmingham",2016,"Birmingham_405500_289250",405500,289250,45,40,175040,2900
"Birmingham",2016,"Birmingham_405500_289500",405500,289500,3,3,12490,4050
"Birmingham",2016,"Birmingham_405500_289750",405500,289750,1,1,4300,4300
"Birmingham",2016,"Birmingham_405500_290000",405500,290000,1,1,2275,2275
"Birmingham",2016,"Birmingham_405500_292750",405500,292750,14,12,106800,6500
"Birmingham",2016,"Birmingham_405500_293000",405500,293000,9,8,34600,4025
"Birmingham",2016,"Birmingham_405500_293500",405500,293500,1,1,37500,37500
"Birmingham",2016,"Birmingham_405500_293750",405500,293750,9,7,29830,4100
"Birmingham",2016,"Birmingham_405750_279250",405750,279250,1,0,NA,NA
"Birmingham",2016,"Birmingham_405750_280000",405750,280000,1,1,5700,5700
"Birmingham",2016,"Birmingham_405750_280500",405750,280500,2,1,25250,25250
"Birmingham",2016,"Birmingham_405750_282000",405750,282000,8,7,52750,3050
"Birmingham",2016,"Birmingham_405750_282250",405750,282250,7,6,23250,4125
"Birmingham",2016,"Birmingham_405750_282500",405750,282500,5,3,12000,3400
"Birmingham",2016,"Birmingham_405750_282750",405750,282750,6,5,19950,3450
"Birmingham",2016,"Birmingham_405750_283000",405750,283000,14,12,136150,3500
"Birmingham",2016,"Birmingham_405750_283500",405750,283500,2,2,39100,19550
"Birmingham",2016,"Birmingham_405750_285250",405750,285250,9,8,42250,4700
"Birmingham",2016,"Birmingham_405750_286000",405750,286000,8,5,184750,40750
"Birmingham",2016,"Birmingham_405750_286250",405750,286250,31,16,832100,43875
"Birmingham",2016,"Birmingham_405750_286500",405750,286500,16,12,735350,35625
"Birmingham",2016,"Birmingham_405750_286750",405750,286750,2,2,163000,81500
"Birmingham",2016,"Birmingham_405750_287000",405750,287000,3,3,163500,6000
"Birmingham",2016,"Birmingham_405750_287250",405750,287250,20,15,53820,1775
"Birmingham",2016,"Birmingham_405750_287500",405750,287500,15,12,94820,6000
"Birmingham",2016,"Birmingham_405750_287750",405750,287750,6,4,12075,3125
"Birmingham",2016,"Birmingham_405750_288000",405750,288000,9,9,20685,1475
"Birmingham",2016,"Birmingham_405750_288250",405750,288250,3,2,16300,8150
"Birmingham",2016,"Birmingham_405750_288500",405750,288500,27,23,92850,3450
"Birmingham",2016,"Birmingham_405750_288750",405750,288750,1,1,1275,1275
"Birmingham",2016,"Birmingham_405750_289250",405750,289250,24,22,114575,2600
"Birmingham",2016,"Birmingham_405750_289500",405750,289500,4,4,9100,2325
"Birmingham",2016,"Birmingham_405750_290250",405750,290250,11,9,21325,2250
"Birmingham",2016,"Birmingham_405750_290500",405750,290500,1,1,2225,2225
"Birmingham",2016,"Birmingham_405750_293500",405750,293500,1,1,4500,4500
"Birmingham",2016,"Birmingham_405750_294000",405750,294000,2,1,2950,2950
"Birmingham",2016,"Birmingham_405750_294250",405750,294250,2,2,4275,2137.5
"Birmingham",2016,"Birmingham_405750_294500",405750,294500,1,1,27500,27500
"Birmingham",2016,"Birmingham_406000_279000",406000,279000,3,3,17600,4800
"Birmingham",2016,"Birmingham_406000_280500",406000,280500,2,2,9750,4875
"Birmingham",2016,"Birmingham_406000_280750",406000,280750,1,1,59000,59000
"Birmingham",2016,"Birmingham_406000_283000",406000,283000,1,1,2050,2050
"Birmingham",2016,"Birmingham_406000_283250",406000,283250,1,1,4650,4650
"Birmingham",2016,"Birmingham_406000_285750",406000,285750,1,1,1425,1425
"Birmingham",2016,"Birmingham_406000_286000",406000,286000,1,0,NA,NA
"Birmingham",2016,"Birmingham_406000_286250",406000,286250,2,2,186700,93350
"Birmingham",2016,"Birmingham_406000_286500",406000,286500,63,44,4877500,95000
"Birmingham",2016,"Birmingham_406000_286750",406000,286750,7,6,227550,31500
"Birmingham",2016,"Birmingham_406000_287000",406000,287000,8,7,438400,6700
"Birmingham",2016,"Birmingham_406000_287250",406000,287250,24,12,127060,4375
"Birmingham",2016,"Birmingham_406000_287500",406000,287500,108,80,1020515,11625
"Birmingham",2016,"Birmingham_406000_287750",406000,287750,79,69,561600,5000
"Birmingham",2016,"Birmingham_406000_288000",406000,288000,69,56,303870,4550
"Birmingham",2016,"Birmingham_406000_288250",406000,288250,19,16,148900,9475
"Birmingham",2016,"Birmingham_406000_288750",406000,288750,9,9,24450,2650
"Birmingham",2016,"Birmingham_406000_289000",406000,289000,2,1,1775,1775
"Birmingham",2016,"Birmingham_406000_289250",406000,289250,23,19,70475,3650
"Birmingham",2016,"Birmingham_406000_289500",406000,289500,5,4,29550,5300
"Birmingham",2016,"Birmingham_406000_289750",406000,289750,9,4,11900,2950
"Birmingham",2016,"Birmingham_406000_290000",406000,290000,5,5,14800,2275
"Birmingham",2016,"Birmingham_406000_290250",406000,290250,7,6,16400,2725
"Birmingham",2016,"Birmingham_406000_290500",406000,290500,1,1,7100,7100
"Birmingham",2016,"Birmingham_406000_290750",406000,290750,4,4,21800,5050
"Birmingham",2016,"Birmingham_406000_292250",406000,292250,14,12,86350,4700
"Birmingham",2016,"Birmingham_406000_293250",406000,293250,8,8,28500,3200
"Birmingham",2016,"Birmingham_406000_294500",406000,294500,3,2,2615000,1307500
"Birmingham",2016,"Birmingham_406250_278500",406250,278500,1,1,5400,5400
"Birmingham",2016,"Birmingham_406250_278750",406250,278750,1,1,6200,6200
"Birmingham",2016,"Birmingham_406250_279250",406250,279250,5,5,30950,5700
"Birmingham",2016,"Birmingham_406250_279750",406250,279750,9,9,22800,2450
"Birmingham",2016,"Birmingham_406250_280500",406250,280500,1,1,1925,1925
"Birmingham",2016,"Birmingham_406250_280750",406250,280750,7,7,43250,5000
"Birmingham",2016,"Birmingham_406250_281000",406250,281000,32,27,239100,5500
"Birmingham",2016,"Birmingham_406250_281250",406250,281250,1,1,7100,7100
"Birmingham",2016,"Birmingham_406250_282000",406250,282000,10,7,62925,3950
"Birmingham",2016,"Birmingham_406250_284000",406250,284000,1,1,194000,194000
"Birmingham",2016,"Birmingham_406250_284250",406250,284250,9,8,54600,5200
"Birmingham",2016,"Birmingham_406250_284750",406250,284750,1,1,4350,4350
"Birmingham",2016,"Birmingham_406250_285250",406250,285250,2,1,101000,101000
"Birmingham",2016,"Birmingham_406250_285750",406250,285750,1,1,20750,20750
"Birmingham",2016,"Birmingham_406250_286000",406250,286000,3,2,72000,36000
"Birmingham",2016,"Birmingham_406250_286250",406250,286250,88,39,2311400,32250
"Birmingham",2016,"Birmingham_406250_286500",406250,286500,5,3,139000,23500
"Birmingham",2016,"Birmingham_406250_286750",406250,286750,31,1,10000,10000
"Birmingham",2016,"Birmingham_406250_287000",406250,287000,10,7,320750,44750
"Birmingham",2016,"Birmingham_406250_287250",406250,287250,17,16,231900,9500
"Birmingham",2016,"Birmingham_406250_287500",406250,287500,27,21,114385,4800
"Birmingham",2016,"Birmingham_406250_287750",406250,287750,47,38,402125,6450
"Birmingham",2016,"Birmingham_406250_288000",406250,288000,19,15,204650,9200
"Birmingham",2016,"Birmingham_406250_289000",406250,289000,4,3,10300,2300
"Birmingham",2016,"Birmingham_406250_289250",406250,289250,63,45,293525,5700
"Birmingham",2016,"Birmingham_406250_289500",406250,289500,2,2,50425,25212.5
"Birmingham",2016,"Birmingham_406250_289750",406250,289750,3,3,18925,6500
"Birmingham",2016,"Birmingham_406250_290000",406250,290000,11,8,35250,2500
"Birmingham",2016,"Birmingham_406250_290750",406250,290750,1,1,13250,13250
"Birmingham",2016,"Birmingham_406250_291000",406250,291000,1,1,9000,9000
"Birmingham",2016,"Birmingham_406250_293000",406250,293000,13,9,49600,4750
"Birmingham",2016,"Birmingham_406250_294750",406250,294750,5,5,17325,3300
"Birmingham",2016,"Birmingham_406500_280250",406500,280250,2,0,NA,NA
"Birmingham",2016,"Birmingham_406500_285000",406500,285000,4,3,19700,6900
"Birmingham",2016,"Birmingham_406500_285250",406500,285250,2,2,7550,3775
"Birmingham",2016,"Birmingham_406500_286000",406500,286000,11,8,62540,4125
"Birmingham",2016,"Birmingham_406500_286250",406500,286250,12,10,1073950,41875
"Birmingham",2016,"Birmingham_406500_286500",406500,286500,29,24,585400,22250
"Birmingham",2016,"Birmingham_406500_286750",406500,286750,13,10,228850,16375
"Birmingham",2016,"Birmingham_406500_287000",406500,287000,67,62,597075,1837.5
"Birmingham",2016,"Birmingham_406500_287250",406500,287250,14,10,302200,23250
"Birmingham",2016,"Birmingham_406500_287500",406500,287500,25,19,169850,7300
"Birmingham",2016,"Birmingham_406500_287750",406500,287750,2,1,2900,2900
"Birmingham",2016,"Birmingham_406500_288000",406500,288000,14,11,53050,4200
"Birmingham",2016,"Birmingham_406500_288750",406500,288750,11,9,30750,2750
"Birmingham",2016,"Birmingham_406500_289000",406500,289000,1,1,10000,10000
"Birmingham",2016,"Birmingham_406500_289250",406500,289250,33,26,144025,3900
"Birmingham",2016,"Birmingham_406500_289500",406500,289500,5,4,27275,6300
"Birmingham",2016,"Birmingham_406500_289750",406500,289750,21,17,143000,6400
"Birmingham",2016,"Birmingham_406500_290750",406500,290750,35,31,170925,4300
"Birmingham",2016,"Birmingham_406500_291000",406500,291000,115,66,1132925,6000
"Birmingham",2016,"Birmingham_406500_291750",406500,291750,11,11,139850,6800
"Birmingham",2016,"Birmingham_406500_293000",406500,293000,9,9,152050,3700
"Birmingham",2016,"Birmingham_406500_293250",406500,293250,6,6,25050,4175
"Birmingham",2016,"Birmingham_406500_293750",406500,293750,9,6,24800,3925
"Birmingham",2016,"Birmingham_406500_294000",406500,294000,5,5,24050,4850
"Birmingham",2016,"Birmingham_406500_295000",406500,295000,4,4,16400,4050
"Birmingham",2016,"Birmingham_406750_278500",406750,278500,8,6,25125,3175
"Birmingham",2016,"Birmingham_406750_279500",406750,279500,4,3,23600,8600
"Birmingham",2016,"Birmingham_406750_280000",406750,280000,8,8,30400,3825
"Birmingham",2016,"Birmingham_406750_281000",406750,281000,2,2,82550,41275
"Birmingham",2016,"Birmingham_406750_281750",406750,281750,6,6,20375,1775
"Birmingham",2016,"Birmingham_406750_285000",406750,285000,5,4,28000,6750
"Birmingham",2016,"Birmingham_406750_285500",406750,285500,1,1,249000,249000
"Birmingham",2016,"Birmingham_406750_285750",406750,285750,33,16,54800,3725
"Birmingham",2016,"Birmingham_406750_286000",406750,286000,36,23,338650,12750
"Birmingham",2016,"Birmingham_406750_286250",406750,286250,78,65,1681775,12000
"Birmingham",2016,"Birmingham_406750_286500",406750,286500,220,99,7903150,34000
"Birmingham",2016,"Birmingham_406750_286750",406750,286750,208,169,10184900,35750
"Birmingham",2016,"Birmingham_406750_287000",406750,287000,50,39,1530680,29750
"Birmingham",2016,"Birmingham_406750_287250",406750,287250,9,8,99800,9650
"Birmingham",2016,"Birmingham_406750_287500",406750,287500,11,11,101250,5500
"Birmingham",2016,"Birmingham_406750_287750",406750,287750,10,8,39300,4225
"Birmingham",2016,"Birmingham_406750_288000",406750,288000,5,5,14700,2075
"Birmingham",2016,"Birmingham_406750_288250",406750,288250,2,2,12900,6450
"Birmingham",2016,"Birmingham_406750_288500",406750,288500,2,2,7100,3550
"Birmingham",2016,"Birmingham_406750_289250",406750,289250,16,9,47235,3400
"Birmingham",2016,"Birmingham_406750_289500",406750,289500,25,21,94475,4150
"Birmingham",2016,"Birmingham_406750_289750",406750,289750,1,1,10000,10000
"Birmingham",2016,"Birmingham_406750_290500",406750,290500,21,16,169900,6050
"Birmingham",2016,"Birmingham_406750_290750",406750,290750,36,32,160325,3750
"Birmingham",2016,"Birmingham_406750_291250",406750,291250,62,49,6383025,82000
"Birmingham",2016,"Birmingham_406750_293500",406750,293500,3,1,8400,8400
"Birmingham",2016,"Birmingham_406750_294500",406750,294500,2,2,10150,5075
"Birmingham",2016,"Birmingham_406750_294750",406750,294750,4,1,3100,3100
"Birmingham",2016,"Birmingham_407000_278250",407000,278250,1,1,3250,3250
"Birmingham",2016,"Birmingham_407000_279000",407000,279000,1,1,3000,3000
"Birmingham",2016,"Birmingham_407000_281250",407000,281250,1,1,3200,3200
"Birmingham",2016,"Birmingham_407000_281500",407000,281500,3,3,35075,9600
"Birmingham",2016,"Birmingham_407000_281750",407000,281750,18,14,97050,5275
"Birmingham",2016,"Birmingham_407000_282000",407000,282000,2,2,9950,4975
"Birmingham",2016,"Birmingham_407000_284000",407000,284000,1,0,NA,NA
"Birmingham",2016,"Birmingham_407000_284250",407000,284250,24,21,84570,3200
"Birmingham",2016,"Birmingham_407000_284500",407000,284500,5,5,19500,3150
"Birmingham",2016,"Birmingham_407000_285500",407000,285500,2,1,3600,3600
"Birmingham",2016,"Birmingham_407000_285750",407000,285750,11,5,62600,10250
"Birmingham",2016,"Birmingham_407000_286000",407000,286000,40,26,607900,18000
"Birmingham",2016,"Birmingham_407000_286250",407000,286250,92,75,3191350,18000
"Birmingham",2016,"Birmingham_407000_286500",407000,286500,314,247,34571958,88000
"Birmingham",2016,"Birmingham_407000_286750",407000,286750,184,136,19662401,70000
"Birmingham",2016,"Birmingham_407000_287000",407000,287000,121,102,4477695,19250
"Birmingham",2016,"Birmingham_407000_287250",407000,287250,14,11,149500,6600
"Birmingham",2016,"Birmingham_407000_287500",407000,287500,6,6,43035,5950
"Birmingham",2016,"Birmingham_407000_287750",407000,287750,7,5,77700,11250
"Birmingham",2016,"Birmingham_407000_288000",407000,288000,17,12,76020,2150
"Birmingham",2016,"Birmingham_407000_288250",407000,288250,2,1,90000,90000
"Birmingham",2016,"Birmingham_407000_288500",407000,288500,2,2,9400,4700
"Birmingham",2016,"Birmingham_407000_288750",407000,288750,20,20,275850,5700
"Birmingham",2016,"Birmingham_407000_289000",407000,289000,2,1,1375,1375
"Birmingham",2016,"Birmingham_407000_289250",407000,289250,7,7,23600,2800
"Birmingham",2016,"Birmingham_407000_289500",407000,289500,1,1,11000,11000
"Birmingham",2016,"Birmingham_407000_289750",407000,289750,5,3,20750,4400
"Birmingham",2016,"Birmingham_407000_290000",407000,290000,1,1,3900,3900
"Birmingham",2016,"Birmingham_407000_290750",407000,290750,1,1,20250,20250
"Birmingham",2016,"Birmingham_407000_291000",407000,291000,1,1,11500,11500
"Birmingham",2016,"Birmingham_407000_291250",407000,291250,3,2,16100,8050
"Birmingham",2016,"Birmingham_407000_291500",407000,291500,1,1,8300,8300
"Birmingham",2016,"Birmingham_407000_291750",407000,291750,2,1,8200,8200
"Birmingham",2016,"Birmingham_407000_292000",407000,292000,9,5,192800,3500
"Birmingham",2016,"Birmingham_407000_292500",407000,292500,2,1,60000,60000
"Birmingham",2016,"Birmingham_407000_292750",407000,292750,4,3,9810,2600
"Birmingham",2016,"Birmingham_407000_293250",407000,293250,10,10,38850,3875
"Birmingham",2016,"Birmingham_407000_293500",407000,293500,1,1,60000,60000
"Birmingham",2016,"Birmingham_407000_293750",407000,293750,4,4,12700,3225
"Birmingham",2016,"Birmingham_407000_294000",407000,294000,1,1,6100,6100
"Birmingham",2016,"Birmingham_407000_294500",407000,294500,3,3,8500,2650
"Birmingham",2016,"Birmingham_407000_294750",407000,294750,6,5,46880,6200
"Birmingham",2016,"Birmingham_407000_295750",407000,295750,7,6,35300,4300
"Birmingham",2016,"Birmingham_407250_278500",407250,278500,1,1,3550,3550
"Birmingham",2016,"Birmingham_407250_278750",407250,278750,1,1,3900,3900
"Birmingham",2016,"Birmingham_407250_280250",407250,280250,23,19,275250,4400
"Birmingham",2016,"Birmingham_407250_280500",407250,280500,7,7,63450,4800
"Birmingham",2016,"Birmingham_407250_281000",407250,281000,1,1,12750,12750
"Birmingham",2016,"Birmingham_407250_281250",407250,281250,16,14,695000,13250
"Birmingham",2016,"Birmingham_407250_281500",407250,281500,44,42,1301550,24375
"Birmingham",2016,"Birmingham_407250_281750",407250,281750,122,107,3337800,15500
"Birmingham",2016,"Birmingham_407250_282000",407250,282000,74,63,1153200,9900
"Birmingham",2016,"Birmingham_407250_283250",407250,283250,1,1,1750,1750
"Birmingham",2016,"Birmingham_407250_284000",407250,284000,11,7,27225,4150
"Birmingham",2016,"Birmingham_407250_284250",407250,284250,17,16,59885,2900
"Birmingham",2016,"Birmingham_407250_285250",407250,285250,23,18,94800,4450
"Birmingham",2016,"Birmingham_407250_285500",407250,285500,19,15,233675,8600
"Birmingham",2016,"Birmingham_407250_285750",407250,285750,15,9,44350,4500
"Birmingham",2016,"Birmingham_407250_286000",407250,286000,13,10,80940,4800
"Birmingham",2016,"Birmingham_407250_286250",407250,286250,237,169,1103068,3400
"Birmingham",2016,"Birmingham_407250_286500",407250,286500,58,41,9916500,104000
"Birmingham",2016,"Birmingham_407250_286750",407250,286750,101,80,3996850,1000
"Birmingham",2016,"Birmingham_407250_287000",407250,287000,96,81,2556710,17250
"Birmingham",2016,"Birmingham_407250_287250",407250,287250,42,38,500425,10500
"Birmingham",2016,"Birmingham_407250_287500",407250,287500,4,1,27500,27500
"Birmingham",2016,"Birmingham_407250_287750",407250,287750,2,2,51750,25875
"Birmingham",2016,"Birmingham_407250_288000",407250,288000,4,2,596975,298487.5
"Birmingham",2016,"Birmingham_407250_288250",407250,288250,1,0,NA,NA
"Birmingham",2016,"Birmingham_407250_288500",407250,288500,9,9,1050000,24250
"Birmingham",2016,"Birmingham_407250_288750",407250,288750,2,2,42350,21175
"Birmingham",2016,"Birmingham_407250_289000",407250,289000,1,1,9000,9000
"Birmingham",2016,"Birmingham_407250_289250",407250,289250,2,1,6500,6500
"Birmingham",2016,"Birmingham_407250_289500",407250,289500,8,8,33250,3700
"Birmingham",2016,"Birmingham_407250_289750",407250,289750,30,23,100850,4250
"Birmingham",2016,"Birmingham_407250_290000",407250,290000,10,8,40675,4675
"Birmingham",2016,"Birmingham_407250_290250",407250,290250,6,6,21100,2487.5
"Birmingham",2016,"Birmingham_407250_290500",407250,290500,5,4,12000,2425
"Birmingham",2016,"Birmingham_407250_291250",407250,291250,1,1,7000,7000
"Birmingham",2016,"Birmingham_407250_292000",407250,292000,1,1,610000,610000
"Birmingham",2016,"Birmingham_407250_292250",407250,292250,2,2,5400,2700
"Birmingham",2016,"Birmingham_407250_292500",407250,292500,4,3,195200,65000
"Birmingham",2016,"Birmingham_407250_292750",407250,292750,3,3,7800,2550
"Birmingham",2016,"Birmingham_407250_293000",407250,293000,3,3,7390,3350
"Birmingham",2016,"Birmingham_407250_293250",407250,293250,3,3,12250,3900
"Birmingham",2016,"Birmingham_407250_293500",407250,293500,3,2,6975,3487.5
"Birmingham",2016,"Birmingham_407250_294000",407250,294000,1,1,30000,30000
"Birmingham",2016,"Birmingham_407250_295000",407250,295000,1,1,4950,4950
"Birmingham",2016,"Birmingham_407250_295500",407250,295500,12,11,39575,2850
"Birmingham",2016,"Birmingham_407250_295750",407250,295750,1,1,53000,53000
"Birmingham",2016,"Birmingham_407500_278750",407500,278750,9,5,26750,3450
"Birmingham",2016,"Birmingham_407500_279500",407500,279500,1,1,1000,1000
"Birmingham",2016,"Birmingham_407500_280250",407500,280250,1,1,2550,2550
"Birmingham",2016,"Birmingham_407500_281000",407500,281000,3,3,21900,3800
"Birmingham",2016,"Birmingham_407500_281250",407500,281250,3,3,39750,9900
"Birmingham",2016,"Birmingham_407500_281500",407500,281500,5,5,21850,4550
"Birmingham",2016,"Birmingham_407500_281750",407500,281750,20,13,142125,8100
"Birmingham",2016,"Birmingham_407500_282000",407500,282000,10,10,44325,4250
"Birmingham",2016,"Birmingham_407500_282250",407500,282250,1,1,3200,3200
"Birmingham",2016,"Birmingham_407500_282750",407500,282750,4,3,87100,10500
"Birmingham",2016,"Birmingham_407500_283000",407500,283000,39,35,646250,13750
"Birmingham",2016,"Birmingham_407500_283250",407500,283250,19,17,345850,7100
"Birmingham",2016,"Birmingham_407500_283500",407500,283500,5,3,131950,5100
"Birmingham",2016,"Birmingham_407500_283750",407500,283750,1,1,2275,2275
"Birmingham",2016,"Birmingham_407500_284000",407500,284000,5,4,15050,775
"Birmingham",2016,"Birmingham_407500_284250",407500,284250,3,3,17700,4550
"Birmingham",2016,"Birmingham_407500_284500",407500,284500,1,1,8400,8400
"Birmingham",2016,"Birmingham_407500_285000",407500,285000,2,2,14400,7200
"Birmingham",2016,"Birmingham_407500_285250",407500,285250,8,7,23300,3950
"Birmingham",2016,"Birmingham_407500_285500",407500,285500,5,5,18700,2450
"Birmingham",2016,"Birmingham_407500_285750",407500,285750,4,3,38800,8600
"Birmingham",2016,"Birmingham_407500_286000",407500,286000,5,5,60600,6600
"Birmingham",2016,"Birmingham_407500_286250",407500,286250,38,30,384100,9350
"Birmingham",2016,"Birmingham_407500_286500",407500,286500,10,8,74800,9275
"Birmingham",2016,"Birmingham_407500_286750",407500,286750,10,6,54750,7150
"Birmingham",2016,"Birmingham_407500_287000",407500,287000,10,8,162950,18125
"Birmingham",2016,"Birmingham_407500_287500",407500,287500,15,4,127750,33375
"Birmingham",2016,"Birmingham_407500_287750",407500,287750,1,1,74000,74000
"Birmingham",2016,"Birmingham_407500_288000",407500,288000,1,1,3500,3500
"Birmingham",2016,"Birmingham_407500_288500",407500,288500,27,26,94150,2437.5
"Birmingham",2016,"Birmingham_407500_288750",407500,288750,2,1,4350,4350
"Birmingham",2016,"Birmingham_407500_289250",407500,289250,3,3,14050,3550
"Birmingham",2016,"Birmingham_407500_289500",407500,289500,5,4,10100,2650
"Birmingham",2016,"Birmingham_407500_289750",407500,289750,3,2,11900,5950
"Birmingham",2016,"Birmingham_407500_290000",407500,290000,40,37,181975,3750
"Birmingham",2016,"Birmingham_407500_290250",407500,290250,12,11,39525,3850
"Birmingham",2016,"Birmingham_407500_290500",407500,290500,6,6,13610,2037.5
"Birmingham",2016,"Birmingham_407500_292500",407500,292500,1,1,11000,11000
"Birmingham",2016,"Birmingham_407500_293000",407500,293000,14,12,134300,4750
"Birmingham",2016,"Birmingham_407500_295000",407500,295000,5,5,17550,3800
"Birmingham",2016,"Birmingham_407750_278250",407750,278250,3,2,1805100,902550
"Birmingham",2016,"Birmingham_407750_278500",407750,278500,23,21,372325,7100
"Birmingham",2016,"Birmingham_407750_278750",407750,278750,1,1,10000,10000
"Birmingham",2016,"Birmingham_407750_279000",407750,279000,11,10,76250,6150
"Birmingham",2016,"Birmingham_407750_279250",407750,279250,13,9,53400,5700
"Birmingham",2016,"Birmingham_407750_279500",407750,279500,1,1,36500,36500
"Birmingham",2016,"Birmingham_407750_281250",407750,281250,2,2,5250,2625
"Birmingham",2016,"Birmingham_407750_281750",407750,281750,2,1,2900,2900
"Birmingham",2016,"Birmingham_407750_283000",407750,283000,45,38,586600,8200
"Birmingham",2016,"Birmingham_407750_283250",407750,283250,23,18,178400,5400
"Birmingham",2016,"Birmingham_407750_283750",407750,283750,2,2,8800,4400
"Birmingham",2016,"Birmingham_407750_284000",407750,284000,25,23,444360,6300
"Birmingham",2016,"Birmingham_407750_284250",407750,284250,33,20,150700,5800
"Birmingham",2016,"Birmingham_407750_284500",407750,284500,25,18,286150,4900
"Birmingham",2016,"Birmingham_407750_284750",407750,284750,5,4,117250,19375
"Birmingham",2016,"Birmingham_407750_285000",407750,285000,2,2,635000,317500
"Birmingham",2016,"Birmingham_407750_285250",407750,285250,5,3,62300,5100
"Birmingham",2016,"Birmingham_407750_285500",407750,285500,2,1,10250,10250
"Birmingham",2016,"Birmingham_407750_285750",407750,285750,6,4,36550,9050
"Birmingham",2016,"Birmingham_407750_286000",407750,286000,6,5,116350,17000
"Birmingham",2016,"Birmingham_407750_286250",407750,286250,68,51,291890,4050
"Birmingham",2016,"Birmingham_407750_286500",407750,286500,6,5,17550,4050
"Birmingham",2016,"Birmingham_407750_286750",407750,286750,6,5,81250,8600
"Birmingham",2016,"Birmingham_407750_287000",407750,287000,2,2,15800,7900
"Birmingham",2016,"Birmingham_407750_287500",407750,287500,2,1,20000,20000
"Birmingham",2016,"Birmingham_407750_287750",407750,287750,1,1,15500,15500
"Birmingham",2016,"Birmingham_407750_288250",407750,288250,20,16,27905,1100
"Birmingham",2016,"Birmingham_407750_288500",407750,288500,2,2,42500,21250
"Birmingham",2016,"Birmingham_407750_289250",407750,289250,1,1,14000,14000
"Birmingham",2016,"Birmingham_407750_290250",407750,290250,17,16,75050,4175
"Birmingham",2016,"Birmingham_407750_290500",407750,290500,14,11,1785950,4700
"Birmingham",2016,"Birmingham_407750_292000",407750,292000,1,1,5300,5300
"Birmingham",2016,"Birmingham_407750_293250",407750,293250,1,1,4850,4850
"Birmingham",2016,"Birmingham_407750_293500",407750,293500,39,35,386125,11000
"Birmingham",2016,"Birmingham_407750_293750",407750,293750,20,20,184600,8050
"Birmingham",2016,"Birmingham_407750_294000",407750,294000,11,10,38800,3775
"Birmingham",2016,"Birmingham_407750_294250",407750,294250,5,5,27325,4350
"Birmingham",2016,"Birmingham_407750_294500",407750,294500,1,1,6400,6400
"Birmingham",2016,"Birmingham_407750_294750",407750,294750,15,13,174850,10500
"Birmingham",2016,"Birmingham_407750_295000",407750,295000,39,35,552550,14000
"Birmingham",2016,"Birmingham_407750_295250",407750,295250,3,3,10650,3900
"Birmingham",2016,"Birmingham_407750_295500",407750,295500,4,4,25700,3925
"Birmingham",2016,"Birmingham_408000_282000",408000,282000,2,2,10600,5300
"Birmingham",2016,"Birmingham_408000_282250",408000,282250,1,1,3200,3200
"Birmingham",2016,"Birmingham_408000_283000",408000,283000,1,1,11500,11500
"Birmingham",2016,"Birmingham_408000_283250",408000,283250,1,0,NA,NA
"Birmingham",2016,"Birmingham_408000_283500",408000,283500,2,2,16600,8300
"Birmingham",2016,"Birmingham_408000_284000",408000,284000,8,7,75800,3850
"Birmingham",2016,"Birmingham_408000_284250",408000,284250,8,4,33950,8150
"Birmingham",2016,"Birmingham_408000_284500",408000,284500,3,3,13775,5700
"Birmingham",2016,"Birmingham_408000_284750",408000,284750,3,3,36200,16250
"Birmingham",2016,"Birmingham_408000_285000",408000,285000,8,7,46775,4750
"Birmingham",2016,"Birmingham_408000_285250",408000,285250,7,6,1310200,196500
"Birmingham",2016,"Birmingham_408000_285500",408000,285500,6,3,33300,10750
"Birmingham",2016,"Birmingham_408000_285750",408000,285750,8,6,153200,28625
"Birmingham",2016,"Birmingham_408000_286000",408000,286000,7,6,458710,7050
"Birmingham",2016,"Birmingham_408000_286250",408000,286250,18,14,166500,6450
"Birmingham",2016,"Birmingham_408000_286500",408000,286500,20,20,27117,875
"Birmingham",2016,"Birmingham_408000_286750",408000,286750,1,1,3200,3200
"Birmingham",2016,"Birmingham_408000_287250",408000,287250,1,1,5500,5500
"Birmingham",2016,"Birmingham_408000_287500",408000,287500,3,0,NA,NA
"Birmingham",2016,"Birmingham_408000_287750",408000,287750,3,2,100600,50300
"Birmingham",2016,"Birmingham_408000_288000",408000,288000,1,1,4750,4750
"Birmingham",2016,"Birmingham_408000_288500",408000,288500,2,2,16750,8375
"Birmingham",2016,"Birmingham_408000_288750",408000,288750,12,8,404550,10300
"Birmingham",2016,"Birmingham_408000_289000",408000,289000,8,5,245950,6000
"Birmingham",2016,"Birmingham_408000_289750",408000,289750,2,2,53000,26500
"Birmingham",2016,"Birmingham_408000_290000",408000,290000,1,1,2800,2800
"Birmingham",2016,"Birmingham_408000_290500",408000,290500,19,14,33675,2312.5
"Birmingham",2016,"Birmingham_408000_290750",408000,290750,1,1,23750,23750
"Birmingham",2016,"Birmingham_408000_291750",408000,291750,1,1,31000,31000
"Birmingham",2016,"Birmingham_408000_293250",408000,293250,18,15,102000,6400
"Birmingham",2016,"Birmingham_408000_293500",408000,293500,1,1,7700,7700
"Birmingham",2016,"Birmingham_408000_295000",408000,295000,22,20,252600,9300
"Birmingham",2016,"Birmingham_408000_296000",408000,296000,7,7,40950,6200
"Birmingham",2016,"Birmingham_408250_278500",408250,278500,7,7,29000,3850
"Birmingham",2016,"Birmingham_408250_278750",408250,278750,5,5,24000,4600
"Birmingham",2016,"Birmingham_408250_279250",408250,279250,1,0,NA,NA
"Birmingham",2016,"Birmingham_408250_279500",408250,279500,1,1,13750,13750
"Birmingham",2016,"Birmingham_408250_280250",408250,280250,14,13,64575,4850
"Birmingham",2016,"Birmingham_408250_280500",408250,280500,12,10,45850,3650
"Birmingham",2016,"Birmingham_408250_281500",408250,281500,2,1,50000,50000
"Birmingham",2016,"Birmingham_408250_283750",408250,283750,83,69,474435,5400
"Birmingham",2016,"Birmingham_408250_284000",408250,284000,19,14,177550,8550
"Birmingham",2016,"Birmingham_408250_284250",408250,284250,86,67,532975,5700
"Birmingham",2016,"Birmingham_408250_284500",408250,284500,17,16,161750,6050
"Birmingham",2016,"Birmingham_408250_284750",408250,284750,1,1,10000,10000
"Birmingham",2016,"Birmingham_408250_285000",408250,285000,60,44,195625,4150
"Birmingham",2016,"Birmingham_408250_285250",408250,285250,49,42,167115,3000
"Birmingham",2016,"Birmingham_408250_285750",408250,285750,3,2,32100,16050
"Birmingham",2016,"Birmingham_408250_286000",408250,286000,27,23,444900,3600
"Birmingham",2016,"Birmingham_408250_286250",408250,286250,2,2,15900,7950
"Birmingham",2016,"Birmingham_408250_286500",408250,286500,8,6,226350,36625
"Birmingham",2016,"Birmingham_408250_286750",408250,286750,3,3,656000,257500
"Birmingham",2016,"Birmingham_408250_287250",408250,287250,6,6,47500,8100
"Birmingham",2016,"Birmingham_408250_288250",408250,288250,7,6,45550,5600
"Birmingham",2016,"Birmingham_408250_288500",408250,288500,3,3,43200,14500
"Birmingham",2016,"Birmingham_408250_289000",408250,289000,4,4,18650,4875
"Birmingham",2016,"Birmingham_408250_289750",408250,289750,2,0,NA,NA
"Birmingham",2016,"Birmingham_408250_290250",408250,290250,6,5,11995,2700
"Birmingham",2016,"Birmingham_408250_290750",408250,290750,3,3,15550,5200
"Birmingham",2016,"Birmingham_408250_292750",408250,292750,7,7,126225,2900
"Birmingham",2016,"Birmingham_408250_293250",408250,293250,25,21,160390,4550
"Birmingham",2016,"Birmingham_408250_293750",408250,293750,9,9,33875,3650
"Birmingham",2016,"Birmingham_408250_296000",408250,296000,3,3,15400,4350
"Birmingham",2016,"Birmingham_408250_296250",408250,296250,3,2,276000,138000
"Birmingham",2016,"Birmingham_408500_280000",408500,280000,1,1,2400,2400
"Birmingham",2016,"Birmingham_408500_280250",408500,280250,4,4,16650,3450
"Birmingham",2016,"Birmingham_408500_281250",408500,281250,1,1,3450,3450
"Birmingham",2016,"Birmingham_408500_283500",408500,283500,2,1,5100,5100
"Birmingham",2016,"Birmingham_408500_283750",408500,283750,15,13,66900,5000
"Birmingham",2016,"Birmingham_408500_284000",408500,284000,22,18,119000,5150
"Birmingham",2016,"Birmingham_408500_284250",408500,284250,35,31,181050,4150
"Birmingham",2016,"Birmingham_408500_284500",408500,284500,29,27,322570,6500
"Birmingham",2016,"Birmingham_408500_284750",408500,284750,5,5,127750,9300
"Birmingham",2016,"Birmingham_408500_285000",408500,285000,12,10,51000,4400
"Birmingham",2016,"Birmingham_408500_285250",408500,285250,2,1,3400,3400
"Birmingham",2016,"Birmingham_408500_285750",408500,285750,12,11,40600,2650
"Birmingham",2016,"Birmingham_408500_286000",408500,286000,2,2,395000,197500
"Birmingham",2016,"Birmingham_408500_286250",408500,286250,3,3,6775,2475
"Birmingham",2016,"Birmingham_408500_286500",408500,286500,1,1,1e+05,1e+05
"Birmingham",2016,"Birmingham_408500_286750",408500,286750,6,5,122200,14000
"Birmingham",2016,"Birmingham_408500_287250",408500,287250,4,4,40750,10100
"Birmingham",2016,"Birmingham_408500_287500",408500,287500,22,21,85600,3400
"Birmingham",2016,"Birmingham_408500_287750",408500,287750,1,0,NA,NA
"Birmingham",2016,"Birmingham_408500_289000",408500,289000,4,3,12000,1475
"Birmingham",2016,"Birmingham_408500_289250",408500,289250,7,6,29050,4225
"Birmingham",2016,"Birmingham_408500_289750",408500,289750,3,2,28050,14025
"Birmingham",2016,"Birmingham_408500_290250",408500,290250,10,10,139825,6850
"Birmingham",2016,"Birmingham_408500_290500",408500,290500,1,1,2650,2650
"Birmingham",2016,"Birmingham_408500_290750",408500,290750,4,3,14250,4850
"Birmingham",2016,"Birmingham_408500_291500",408500,291500,9,6,33800,3425
"Birmingham",2016,"Birmingham_408500_292500",408500,292500,1,1,2350,2350
"Birmingham",2016,"Birmingham_408500_293000",408500,293000,22,20,363125,5200
"Birmingham",2016,"Birmingham_408500_294250",408500,294250,1,1,5200,5200
"Birmingham",2016,"Birmingham_408500_294500",408500,294500,2,2,6200,3100
"Birmingham",2016,"Birmingham_408500_294750",408500,294750,12,12,57050,4875
"Birmingham",2016,"Birmingham_408500_295500",408500,295500,4,4,27500,5550
"Birmingham",2016,"Birmingham_408750_279250",408750,279250,1,1,6400,6400
"Birmingham",2016,"Birmingham_408750_279500",408750,279500,27,25,289550,7100
"Birmingham",2016,"Birmingham_408750_279750",408750,279750,1,1,9600,9600
"Birmingham",2016,"Birmingham_408750_280250",408750,280250,1,1,6700,6700
"Birmingham",2016,"Birmingham_408750_280500",408750,280500,2,1,18750,18750
"Birmingham",2016,"Birmingham_408750_280750",408750,280750,12,10,42375,3700
"Birmingham",2016,"Birmingham_408750_281000",408750,281000,15,12,75675,5225
"Birmingham",2016,"Birmingham_408750_282250",408750,282250,2,2,66500,33250
"Birmingham",2016,"Birmingham_408750_283000",408750,283000,2,2,5350,2675
"Birmingham",2016,"Birmingham_408750_284000",408750,284000,8,5,29200,6300
"Birmingham",2016,"Birmingham_408750_284250",408750,284250,75,55,566250,9500
"Birmingham",2016,"Birmingham_408750_284500",408750,284500,36,31,283050,7600
"Birmingham",2016,"Birmingham_408750_284750",408750,284750,1,1,29250,29250
"Birmingham",2016,"Birmingham_408750_285250",408750,285250,1,1,2650,2650
"Birmingham",2016,"Birmingham_408750_285750",408750,285750,1,1,164000,164000
"Birmingham",2016,"Birmingham_408750_286500",408750,286500,3,3,22600,5800
"Birmingham",2016,"Birmingham_408750_286750",408750,286750,2,2,8875,4437.5
"Birmingham",2016,"Birmingham_408750_287500",408750,287500,1,1,225,225
"Birmingham",2016,"Birmingham_408750_287750",408750,287750,6,6,21300,3500
"Birmingham",2016,"Birmingham_408750_288000",408750,288000,1,1,2250,2250
"Birmingham",2016,"Birmingham_408750_288250",408750,288250,5,5,30050,3600
"Birmingham",2016,"Birmingham_408750_288500",408750,288500,6,4,47700,7500
"Birmingham",2016,"Birmingham_408750_288750",408750,288750,12,9,146850,7900
"Birmingham",2016,"Birmingham_408750_289000",408750,289000,4,0,NA,NA
"Birmingham",2016,"Birmingham_408750_289500",408750,289500,11,7,29650,5100
"Birmingham",2016,"Birmingham_408750_289750",408750,289750,5,2,8675,4337.5
"Birmingham",2016,"Birmingham_408750_291500",408750,291500,6,5,23850,4500
"Birmingham",2016,"Birmingham_408750_291750",408750,291750,2,1,85000,85000
"Birmingham",2016,"Birmingham_408750_293500",408750,293500,13,13,63850,4450
"Birmingham",2016,"Birmingham_408750_293750",408750,293750,3,2,112250,56125
"Birmingham",2016,"Birmingham_409000_279000",409000,279000,8,8,19050,2500
"Birmingham",2016,"Birmingham_409000_279250",409000,279250,9,8,113575,3100
"Birmingham",2016,"Birmingham_409000_279500",409000,279500,1,1,16000,16000
"Birmingham",2016,"Birmingham_409000_281750",409000,281750,1,1,1800,1800
"Birmingham",2016,"Birmingham_409000_283000",409000,283000,1,0,NA,NA
"Birmingham",2016,"Birmingham_409000_283500",409000,283500,13,11,33575,2650
"Birmingham",2016,"Birmingham_409000_283750",409000,283750,89,78,453450,5550
"Birmingham",2016,"Birmingham_409000_284000",409000,284000,64,51,548450,7700
"Birmingham",2016,"Birmingham_409000_284250",409000,284250,26,23,178730,7600
"Birmingham",2016,"Birmingham_409000_284500",409000,284500,26,22,67315,3275
"Birmingham",2016,"Birmingham_409000_284750",409000,284750,8,8,31425,4125
"Birmingham",2016,"Birmingham_409000_285250",409000,285250,1,1,4100,4100
"Birmingham",2016,"Birmingham_409000_285500",409000,285500,1,1,4600,4600
"Birmingham",2016,"Birmingham_409000_285750",409000,285750,24,23,42125,1250
"Birmingham",2016,"Birmingham_409000_286000",409000,286000,3,2,45750,22875
"Birmingham",2016,"Birmingham_409000_286250",409000,286250,12,10,2579750,103000
"Birmingham",2016,"Birmingham_409000_286500",409000,286500,1,1,25000,25000
"Birmingham",2016,"Birmingham_409000_287000",409000,287000,2,2,5700,2850
"Birmingham",2016,"Birmingham_409000_288250",409000,288250,4,4,36000,9200
"Birmingham",2016,"Birmingham_409000_288750",409000,288750,7,5,20450,3500
"Birmingham",2016,"Birmingham_409000_289000",409000,289000,3,3,18600,6400
"Birmingham",2016,"Birmingham_409000_289250",409000,289250,1,1,8900,8900
"Birmingham",2016,"Birmingham_409000_289500",409000,289500,9,6,34025,4450
"Birmingham",2016,"Birmingham_409000_289750",409000,289750,7,4,27900,4475
"Birmingham",2016,"Birmingham_409000_293000",409000,293000,12,12,58700,4150
"Birmingham",2016,"Birmingham_409000_293250",409000,293250,1,1,18500,18500
"Birmingham",2016,"Birmingham_409000_293750",409000,293750,8,7,37250,4550
"Birmingham",2016,"Birmingham_409000_294000",409000,294000,1,1,4950,4950
"Birmingham",2016,"Birmingham_409000_294500",409000,294500,1,1,13000,13000
"Birmingham",2016,"Birmingham_409250_279500",409250,279500,3,3,17500,4650
"Birmingham",2016,"Birmingham_409250_279750",409250,279750,4,3,9675,2800
"Birmingham",2016,"Birmingham_409250_280250",409250,280250,2,2,6850,3425
"Birmingham",2016,"Birmingham_409250_280500",409250,280500,6,5,24950,4000
"Birmingham",2016,"Birmingham_409250_283000",409250,283000,6,6,21150,3475
"Birmingham",2016,"Birmingham_409250_283250",409250,283250,8,7,16250,2350
"Birmingham",2016,"Birmingham_409250_283500",409250,283500,9,8,40100,4450
"Birmingham",2016,"Birmingham_409250_283750",409250,283750,23,22,91260,1562.5
"Birmingham",2016,"Birmingham_409250_284000",409250,284000,2,2,6250,3125
"Birmingham",2016,"Birmingham_409250_284250",409250,284250,7,6,21375,1800
"Birmingham",2016,"Birmingham_409250_284500",409250,284500,5,5,11325,2075
"Birmingham",2016,"Birmingham_409250_284750",409250,284750,20,14,27450,1487.5
"Birmingham",2016,"Birmingham_409250_285000",409250,285000,4,4,8795,1412.5
"Birmingham",2016,"Birmingham_409250_285500",409250,285500,18,9,48125,5200
"Birmingham",2016,"Birmingham_409250_285750",409250,285750,196,152,549905,1562.5
"Birmingham",2016,"Birmingham_409250_286000",409250,286000,45,34,475000,7100
"Birmingham",2016,"Birmingham_409250_286250",409250,286250,1,1,12000,12000
"Birmingham",2016,"Birmingham_409250_286500",409250,286500,2,2,29885,14942.5
"Birmingham",2016,"Birmingham_409250_287250",409250,287250,1,1,2550,2550
"Birmingham",2016,"Birmingham_409250_287500",409250,287500,19,11,21890,1775
"Birmingham",2016,"Birmingham_409250_287750",409250,287750,1,0,NA,NA
"Birmingham",2016,"Birmingham_409250_288000",409250,288000,1,1,7000,7000
"Birmingham",2016,"Birmingham_409250_288750",409250,288750,6,6,10675,1537.5
"Birmingham",2016,"Birmingham_409250_289000",409250,289000,1,1,9400,9400
"Birmingham",2016,"Birmingham_409250_289250",409250,289250,2,2,17500,8750
"Birmingham",2016,"Birmingham_409250_289500",409250,289500,1,1,1500,1500
"Birmingham",2016,"Birmingham_409250_289750",409250,289750,2,2,11150,5575
"Birmingham",2016,"Birmingham_409250_291250",409250,291250,1,1,1825,1825
"Birmingham",2016,"Birmingham_409250_291750",409250,291750,5,4,98325,5625
"Birmingham",2016,"Birmingham_409250_292750",409250,292750,2,2,11550,5775
"Birmingham",2016,"Birmingham_409250_293500",409250,293500,1,1,6200,6200
"Birmingham",2016,"Birmingham_409250_294000",409250,294000,8,7,42050,4750
"Birmingham",2016,"Birmingham_409250_294500",409250,294500,1,1,80500,80500
"Birmingham",2016,"Birmingham_409500_279500",409500,279500,4,2,7150,3575
"Birmingham",2016,"Birmingham_409500_281000",409500,281000,11,10,33350,3075
"Birmingham",2016,"Birmingham_409500_281500",409500,281500,2,2,8100,4050
"Birmingham",2016,"Birmingham_409500_281750",409500,281750,3,2,15800,7900
"Birmingham",2016,"Birmingham_409500_282750",409500,282750,24,23,226350,5800
"Birmingham",2016,"Birmingham_409500_283000",409500,283000,125,110,1204550,8050
"Birmingham",2016,"Birmingham_409500_283250",409500,283250,52,44,239475,4050
"Birmingham",2016,"Birmingham_409500_283500",409500,283500,1,1,1950,1950
"Birmingham",2016,"Birmingham_409500_283750",409500,283750,1,1,15000,15000
"Birmingham",2016,"Birmingham_409500_284000",409500,284000,23,21,317950,3400
"Birmingham",2016,"Birmingham_409500_284250",409500,284250,2,1,2500,2500
"Birmingham",2016,"Birmingham_409500_284500",409500,284500,14,11,64875,4250
"Birmingham",2016,"Birmingham_409500_285250",409500,285250,4,3,23630,3400
"Birmingham",2016,"Birmingham_409500_285500",409500,285500,28,20,118725,5400
"Birmingham",2016,"Birmingham_409500_285750",409500,285750,87,56,403910,5500
"Birmingham",2016,"Birmingham_409500_286000",409500,286000,4,3,6725,1925
"Birmingham",2016,"Birmingham_409500_286500",409500,286500,1,1,3900,3900
"Birmingham",2016,"Birmingham_409500_287250",409500,287250,1,1,7500,7500
"Birmingham",2016,"Birmingham_409500_287750",409500,287750,5,4,34050,8400
"Birmingham",2016,"Birmingham_409500_288000",409500,288000,49,39,335825,6900
"Birmingham",2016,"Birmingham_409500_288500",409500,288500,1,1,8900,8900
"Birmingham",2016,"Birmingham_409500_288750",409500,288750,1,1,9100,9100
"Birmingham",2016,"Birmingham_409500_289500",409500,289500,3,1,3200,3200
"Birmingham",2016,"Birmingham_409500_289750",409500,289750,1,1,15500,15500
"Birmingham",2016,"Birmingham_409500_290000",409500,290000,2,2,9250,4625
"Birmingham",2016,"Birmingham_409500_290250",409500,290250,1,0,NA,NA
"Birmingham",2016,"Birmingham_409500_290500",409500,290500,2,2,4900,2450
"Birmingham",2016,"Birmingham_409500_290750",409500,290750,1,1,1550,1550
"Birmingham",2016,"Birmingham_409500_291000",409500,291000,3,2,4175,2087.5
"Birmingham",2016,"Birmingham_409500_291250",409500,291250,1,0,NA,NA
"Birmingham",2016,"Birmingham_409500_291500",409500,291500,3,2,14100,7050
"Birmingham",2016,"Birmingham_409500_291750",409500,291750,32,26,153600,4800
"Birmingham",2016,"Birmingham_409500_292000",409500,292000,1,1,5000,5000
"Birmingham",2016,"Birmingham_409500_292500",409500,292500,16,16,84900,5075
"Birmingham",2016,"Birmingham_409500_292750",409500,292750,4,2,18800,9400
"Birmingham",2016,"Birmingham_409500_294250",409500,294250,20,16,475050,15500
"Birmingham",2016,"Birmingham_409500_294500",409500,294500,54,41,2766150,7600
"Birmingham",2016,"Birmingham_409500_294750",409500,294750,11,7,3051750,113000
"Birmingham",2016,"Birmingham_409500_295000",409500,295000,7,6,36800,6200
"Birmingham",2016,"Birmingham_409750_279500",409750,279500,8,8,25750,3350
"Birmingham",2016,"Birmingham_409750_280250",409750,280250,17,15,100300,4150
"Birmingham",2016,"Birmingham_409750_281000",409750,281000,5,5,17950,2550
"Birmingham",2016,"Birmingham_409750_281500",409750,281500,2,2,8800,4400
"Birmingham",2016,"Birmingham_409750_281750",409750,281750,1,1,5000,5000
"Birmingham",2016,"Birmingham_409750_282750",409750,282750,24,18,174850,6100
"Birmingham",2016,"Birmingham_409750_283250",409750,283250,4,4,17150,3975
"Birmingham",2016,"Birmingham_409750_284000",409750,284000,7,4,44000,6750
"Birmingham",2016,"Birmingham_409750_284500",409750,284500,1,1,5900,5900
"Birmingham",2016,"Birmingham_409750_285500",409750,285500,63,52,420070,6000
"Birmingham",2016,"Birmingham_409750_285750",409750,285750,15,12,36775,2725
"Birmingham",2016,"Birmingham_409750_286000",409750,286000,7,4,21800,5600
"Birmingham",2016,"Birmingham_409750_286250",409750,286250,3,3,19400,6600
"Birmingham",2016,"Birmingham_409750_286500",409750,286500,39,37,174760,3500
"Birmingham",2016,"Birmingham_409750_286750",409750,286750,19,18,68305,3400
"Birmingham",2016,"Birmingham_409750_287000",409750,287000,1,1,6700,6700
"Birmingham",2016,"Birmingham_409750_287250",409750,287250,8,6,17375,2150
"Birmingham",2016,"Birmingham_409750_287500",409750,287500,3,2,3575,1787.5
"Birmingham",2016,"Birmingham_409750_288000",409750,288000,84,72,724950,8600
"Birmingham",2016,"Birmingham_409750_288250",409750,288250,2,2,13100,6550
"Birmingham",2016,"Birmingham_409750_288500",409750,288500,1,1,3650,3650
"Birmingham",2016,"Birmingham_409750_289250",409750,289250,31,27,924750,36500
"Birmingham",2016,"Birmingham_409750_289500",409750,289500,2,2,877000,438500
"Birmingham",2016,"Birmingham_409750_290000",409750,290000,2,2,38050,19025
"Birmingham",2016,"Birmingham_409750_290250",409750,290250,1,1,23750,23750
"Birmingham",2016,"Birmingham_409750_290500",409750,290500,15,11,63590,4150
"Birmingham",2016,"Birmingham_409750_290750",409750,290750,36,33,97480,3050
"Birmingham",2016,"Birmingham_409750_291000",409750,291000,31,28,117525,2900
"Birmingham",2016,"Birmingham_409750_291250",409750,291250,3,3,8750,3250
"Birmingham",2016,"Birmingham_409750_291750",409750,291750,8,8,90750,6600
"Birmingham",2016,"Birmingham_409750_292000",409750,292000,7,4,98925,7750
"Birmingham",2016,"Birmingham_409750_292500",409750,292500,4,4,12850,1750
"Birmingham",2016,"Birmingham_409750_293250",409750,293250,1,1,5500,5500
"Birmingham",2016,"Birmingham_409750_294250",409750,294250,9,9,869800,6600
"Birmingham",2016,"Birmingham_409750_294500",409750,294500,1,1,9900,9900
"Birmingham",2016,"Birmingham_410000_279250",410000,279250,4,3,14400,5000
"Birmingham",2016,"Birmingham_410000_280500",410000,280500,1,1,4900,4900
"Birmingham",2016,"Birmingham_410000_280750",410000,280750,1,1,8300,8300
"Birmingham",2016,"Birmingham_410000_282500",410000,282500,5,5,17725,3400
"Birmingham",2016,"Birmingham_410000_282750",410000,282750,6,6,48675,4150
"Birmingham",2016,"Birmingham_410000_283750",410000,283750,9,7,34500,4150
"Birmingham",2016,"Birmingham_410000_284000",410000,284000,3,2,16200,8100
"Birmingham",2016,"Birmingham_410000_284750",410000,284750,1,0,NA,NA
"Birmingham",2016,"Birmingham_410000_285500",410000,285500,65,56,351400,6200
"Birmingham",2016,"Birmingham_410000_285750",410000,285750,1,1,3500,3500
"Birmingham",2016,"Birmingham_410000_286000",410000,286000,44,30,156950,4100
"Birmingham",2016,"Birmingham_410000_286250",410000,286250,8,8,41650,4350
"Birmingham",2016,"Birmingham_410000_286500",410000,286500,21,17,302400,4800
"Birmingham",2016,"Birmingham_410000_286750",410000,286750,4,4,7650,1450
"Birmingham",2016,"Birmingham_410000_287250",410000,287250,1,1,1300,1300
"Birmingham",2016,"Birmingham_410000_287500",410000,287500,3,3,4500,1275
"Birmingham",2016,"Birmingham_410000_287750",410000,287750,77,68,684675,8400
"Birmingham",2016,"Birmingham_410000_288000",410000,288000,7,7,32525,5600
"Birmingham",2016,"Birmingham_410000_288250",410000,288250,3,3,9700,2500
"Birmingham",2016,"Birmingham_410000_288500",410000,288500,29,24,102725,3575
"Birmingham",2016,"Birmingham_410000_289250",410000,289250,20,14,643900,21750
"Birmingham",2016,"Birmingham_410000_289750",410000,289750,9,4,4350,1065
"Birmingham",2016,"Birmingham_410000_291000",410000,291000,3,3,5150,1975
"Birmingham",2016,"Birmingham_410000_293000",410000,293000,4,2,10750,5375
"Birmingham",2016,"Birmingham_410000_293250",410000,293250,3,2,7000,3500
"Birmingham",2016,"Birmingham_410000_294000",410000,294000,1,1,52500,52500
"Birmingham",2016,"Birmingham_410000_297750",410000,297750,1,1,16500,16500
"Birmingham",2016,"Birmingham_410250_279500",410250,279500,1,1,18750,18750
"Birmingham",2016,"Birmingham_410250_279750",410250,279750,2,2,5200,2600
"Birmingham",2016,"Birmingham_410250_280500",410250,280500,11,9,111150,6600
"Birmingham",2016,"Birmingham_410250_280750",410250,280750,15,15,84125,5000
"Birmingham",2016,"Birmingham_410250_282000",410250,282000,21,18,768350,8000
"Birmingham",2016,"Birmingham_410250_282250",410250,282250,52,46,482950,8300
"Birmingham",2016,"Birmingham_410250_282500",410250,282500,4,3,8800,3100
"Birmingham",2016,"Birmingham_410250_282750",410250,282750,2,2,6725,3362.5
"Birmingham",2016,"Birmingham_410250_283250",410250,283250,1,1,3550,3550
"Birmingham",2016,"Birmingham_410250_283500",410250,283500,6,5,9275,1925
"Birmingham",2016,"Birmingham_410250_283750",410250,283750,11,8,25200,2600
"Birmingham",2016,"Birmingham_410250_284000",410250,284000,1,1,1025,1025
"Birmingham",2016,"Birmingham_410250_284750",410250,284750,3,3,144075,2150
"Birmingham",2016,"Birmingham_410250_285000",410250,285000,3,2,8125,4062.5
"Birmingham",2016,"Birmingham_410250_285250",410250,285250,17,17,131950,4950
"Birmingham",2016,"Birmingham_410250_285500",410250,285500,1,1,7700,7700
"Birmingham",2016,"Birmingham_410250_286000",410250,286000,2,1,6400,6400
"Birmingham",2016,"Birmingham_410250_286250",410250,286250,23,18,84600,4625
"Birmingham",2016,"Birmingham_410250_286500",410250,286500,9,7,306700,5200
"Birmingham",2016,"Birmingham_410250_287000",410250,287000,2,2,5700,2850
"Birmingham",2016,"Birmingham_410250_287250",410250,287250,11,8,19300,2212.5
"Birmingham",2016,"Birmingham_410250_287500",410250,287500,4,4,51900,8375
"Birmingham",2016,"Birmingham_410250_287750",410250,287750,63,57,391175,6200
"Birmingham",2016,"Birmingham_410250_288000",410250,288000,5,5,10525,1550
"Birmingham",2016,"Birmingham_410250_288500",410250,288500,3,1,450000,450000
"Birmingham",2016,"Birmingham_410250_291500",410250,291500,4,3,5050,1875
"Birmingham",2016,"Birmingham_410250_292250",410250,292250,1,1,2300,2300
"Birmingham",2016,"Birmingham_410250_293500",410250,293500,3,3,38100,9500
"Birmingham",2016,"Birmingham_410250_293750",410250,293750,7,7,25825,3100
"Birmingham",2016,"Birmingham_410250_294500",410250,294500,1,1,6900,6900
"Birmingham",2016,"Birmingham_410250_299000",410250,299000,17,15,334650,8100
"Birmingham",2016,"Birmingham_410250_3e+05",410250,3e+05,12,10,58350,5650
"Birmingham",2016,"Birmingham_410500_279500",410500,279500,26,21,115950,4250
"Birmingham",2016,"Birmingham_410500_280500",410500,280500,1,1,1375,1375
"Birmingham",2016,"Birmingham_410500_280750",410500,280750,3,2,11050,5525
"Birmingham",2016,"Birmingham_410500_281250",410500,281250,5,5,64450,6200
"Birmingham",2016,"Birmingham_410500_281500",410500,281500,1,1,110000,110000
"Birmingham",2016,"Birmingham_410500_281750",410500,281750,19,13,88150,4900
"Birmingham",2016,"Birmingham_410500_282000",410500,282000,8,7,105000,10750
"Birmingham",2016,"Birmingham_410500_282250",410500,282250,1,1,2075,2075
"Birmingham",2016,"Birmingham_410500_282500",410500,282500,9,7,105000,6800
"Birmingham",2016,"Birmingham_410500_282750",410500,282750,3,3,26100,7500
"Birmingham",2016,"Birmingham_410500_283000",410500,283000,5,2,8000,4000
"Birmingham",2016,"Birmingham_410500_283500",410500,283500,1,0,NA,NA
"Birmingham",2016,"Birmingham_410500_283750",410500,283750,14,10,51800,3725
"Birmingham",2016,"Birmingham_410500_285250",410500,285250,13,10,49550,4700
"Birmingham",2016,"Birmingham_410500_285750",410500,285750,2,2,2350,1175
"Birmingham",2016,"Birmingham_410500_286000",410500,286000,2,2,5525,2762.5
"Birmingham",2016,"Birmingham_410500_286250",410500,286250,12,12,120450,4800
"Birmingham",2016,"Birmingham_410500_286500",410500,286500,30,25,108250,3700
"Birmingham",2016,"Birmingham_410500_287000",410500,287000,1,1,2700,2700
"Birmingham",2016,"Birmingham_410500_287500",410500,287500,2,2,3650,1825
"Birmingham",2016,"Birmingham_410500_287750",410500,287750,17,15,96900,5800
"Birmingham",2016,"Birmingham_410500_288250",410500,288250,3,2,9175,4587.5
"Birmingham",2016,"Birmingham_410500_288750",410500,288750,3,3,13500,3150
"Birmingham",2016,"Birmingham_410500_290000",410500,290000,6,6,19750,2650
"Birmingham",2016,"Birmingham_410500_291000",410500,291000,1,1,0,0
"Birmingham",2016,"Birmingham_410500_291250",410500,291250,15,14,236700,5550
"Birmingham",2016,"Birmingham_410500_291500",410500,291500,51,47,661500,12000
"Birmingham",2016,"Birmingham_410500_291750",410500,291750,4,4,9300,1962.5
"Birmingham",2016,"Birmingham_410500_292000",410500,292000,9,5,39850,2800
"Birmingham",2016,"Birmingham_410500_292250",410500,292250,6,5,382300,3600
"Birmingham",2016,"Birmingham_410500_292500",410500,292500,1,1,3200,3200
"Birmingham",2016,"Birmingham_410500_293500",410500,293500,2,2,10600,5300
"Birmingham",2016,"Birmingham_410500_294500",410500,294500,7,7,44100,6700
"Birmingham",2016,"Birmingham_410500_295250",410500,295250,2,1,165000,165000
"Birmingham",2016,"Birmingham_410500_299000",410500,299000,1,1,10750,10750
"Birmingham",2016,"Birmingham_410500_300500",410500,300500,1,1,80000,80000
"Birmingham",2016,"Birmingham_410750_279500",410750,279500,1,1,105000,105000
"Birmingham",2016,"Birmingham_410750_281000",410750,281000,45,42,564250,6200
"Birmingham",2016,"Birmingham_410750_282000",410750,282000,2,2,14250,7125
"Birmingham",2016,"Birmingham_410750_282500",410750,282500,5,5,12900,2650
"Birmingham",2016,"Birmingham_410750_283000",410750,283000,9,5,21200,3050
"Birmingham",2016,"Birmingham_410750_283750",410750,283750,13,11,47225,4650
"Birmingham",2016,"Birmingham_410750_284250",410750,284250,5,4,12045,1912.5
"Birmingham",2016,"Birmingham_410750_284500",410750,284500,25,23,91675,3350
"Birmingham",2016,"Birmingham_410750_285000",410750,285000,7,6,611250,102500
"Birmingham",2016,"Birmingham_410750_285250",410750,285250,3,1,2010000,2010000
"Birmingham",2016,"Birmingham_410750_285500",410750,285500,1,1,4400,4400
"Birmingham",2016,"Birmingham_410750_285750",410750,285750,8,5,13400,2750
"Birmingham",2016,"Birmingham_410750_286000",410750,286000,1,1,1175,1175
"Birmingham",2016,"Birmingham_410750_286250",410750,286250,34,32,165500,4275
"Birmingham",2016,"Birmingham_410750_286500",410750,286500,4,3,5700,1775
"Birmingham",2016,"Birmingham_410750_286750",410750,286750,4,3,14675,2750
"Birmingham",2016,"Birmingham_410750_287250",410750,287250,2,2,10850,5425
"Birmingham",2016,"Birmingham_410750_287500",410750,287500,1,1,1850,1850
"Birmingham",2016,"Birmingham_410750_287750",410750,287750,31,22,137975,4625
"Birmingham",2016,"Birmingham_410750_288000",410750,288000,1,1,2400,2400
"Birmingham",2016,"Birmingham_410750_288500",410750,288500,7,7,36900,4800
"Birmingham",2016,"Birmingham_410750_288750",410750,288750,1,1,4350,4350
"Birmingham",2016,"Birmingham_410750_290000",410750,290000,7,2,31000,15500
"Birmingham",2016,"Birmingham_410750_291000",410750,291000,1,1,18750,18750
"Birmingham",2016,"Birmingham_410750_291250",410750,291250,10,8,60900,7950
"Birmingham",2016,"Birmingham_410750_291500",410750,291500,88,80,1621200,16250
"Birmingham",2016,"Birmingham_410750_291750",410750,291750,30,29,209100,2325
"Birmingham",2016,"Birmingham_410750_292000",410750,292000,39,29,152450,4550
"Birmingham",2016,"Birmingham_410750_292250",410750,292250,22,16,101000,4350
"Birmingham",2016,"Birmingham_410750_292500",410750,292500,21,20,86625,3025
"Birmingham",2016,"Birmingham_410750_292750",410750,292750,2,2,321600,160800
"Birmingham",2016,"Birmingham_410750_293500",410750,293500,1,1,1925,1925
"Birmingham",2016,"Birmingham_410750_294000",410750,294000,1,1,8300,8300
"Birmingham",2016,"Birmingham_410750_294250",410750,294250,26,20,361550,13625
"Birmingham",2016,"Birmingham_410750_294500",410750,294500,74,71,1050535,11250
"Birmingham",2016,"Birmingham_410750_294750",410750,294750,3,2,29250,14625
"Birmingham",2016,"Birmingham_410750_297000",410750,297000,1,1,6700,6700
"Birmingham",2016,"Birmingham_410750_299250",410750,299250,2,2,8550,4275
"Birmingham",2016,"Birmingham_410750_300500",410750,300500,3,3,17700,6000
"Birmingham",2016,"Birmingham_411000_280250",411000,280250,1,1,14000,14000
"Birmingham",2016,"Birmingham_411000_280500",411000,280500,1,1,157000,157000
"Birmingham",2016,"Birmingham_411000_281500",411000,281500,1,1,3700,3700
"Birmingham",2016,"Birmingham_411000_282250",411000,282250,9,9,94800,3150
"Birmingham",2016,"Birmingham_411000_283000",411000,283000,6,6,18360,1937.5
"Birmingham",2016,"Birmingham_411000_283500",411000,283500,1,1,174000,174000
"Birmingham",2016,"Birmingham_411000_283750",411000,283750,17,13,74875,3900
"Birmingham",2016,"Birmingham_411000_284000",411000,284000,3,3,10220,2800
"Birmingham",2016,"Birmingham_411000_284250",411000,284250,2,2,6050,3025
"Birmingham",2016,"Birmingham_411000_284500",411000,284500,1,1,4200,4200
"Birmingham",2016,"Birmingham_411000_284750",411000,284750,1,0,NA,NA
"Birmingham",2016,"Birmingham_411000_285000",411000,285000,34,26,151700,4400
"Birmingham",2016,"Birmingham_411000_285250",411000,285250,3,3,9000,2500
"Birmingham",2016,"Birmingham_411000_285500",411000,285500,1,0,NA,NA
"Birmingham",2016,"Birmingham_411000_286000",411000,286000,1,1,4900,4900
"Birmingham",2016,"Birmingham_411000_286250",411000,286250,11,9,57700,4550
"Birmingham",2016,"Birmingham_411000_286750",411000,286750,1,1,5600,5600
"Birmingham",2016,"Birmingham_411000_287500",411000,287500,10,9,49675,5500
"Birmingham",2016,"Birmingham_411000_288750",411000,288750,4,2,6000,3000
"Birmingham",2016,"Birmingham_411000_290000",411000,290000,11,10,49000,4500
"Birmingham",2016,"Birmingham_411000_290750",411000,290750,3,3,278750,30750
"Birmingham",2016,"Birmingham_411000_291250",411000,291250,6,4,11675,2487.5
"Birmingham",2016,"Birmingham_411000_291500",411000,291500,2,2,6900,3450
"Birmingham",2016,"Birmingham_411000_291750",411000,291750,152,114,2395670,11625
"Birmingham",2016,"Birmingham_411000_292000",411000,292000,60,50,425225,5550
"Birmingham",2016,"Birmingham_411000_293000",411000,293000,2,2,24700,12350
"Birmingham",2016,"Birmingham_411000_293250",411000,293250,20,18,123075,5600
"Birmingham",2016,"Birmingham_411000_294250",411000,294250,1,1,3900,3900
"Birmingham",2016,"Birmingham_411000_294750",411000,294750,1,0,NA,NA
"Birmingham",2016,"Birmingham_411000_298750",411000,298750,8,6,89145,3600
"Birmingham",2016,"Birmingham_411250_280250",411250,280250,47,45,442480,9400
"Birmingham",2016,"Birmingham_411250_280500",411250,280500,13,12,101650,8250
"Birmingham",2016,"Birmingham_411250_281500",411250,281500,14,13,99650,4550
"Birmingham",2016,"Birmingham_411250_282500",411250,282500,12,11,41700,3550
"Birmingham",2016,"Birmingham_411250_282750",411250,282750,54,47,493150,5600
"Birmingham",2016,"Birmingham_411250_283250",411250,283250,1,1,3650,3650
"Birmingham",2016,"Birmingham_411250_283750",411250,283750,6,5,64150,2700
"Birmingham",2016,"Birmingham_411250_284000",411250,284000,4,3,40200,10000
"Birmingham",2016,"Birmingham_411250_284750",411250,284750,1,1,1525,1525
"Birmingham",2016,"Birmingham_411250_285000",411250,285000,24,20,140600,5300
"Birmingham",2016,"Birmingham_411250_286750",411250,286750,26,24,178300,5600
"Birmingham",2016,"Birmingham_411250_287500",411250,287500,24,22,186850,6250
"Birmingham",2016,"Birmingham_411250_287750",411250,287750,1,1,3200,3200
"Birmingham",2016,"Birmingham_411250_288000",411250,288000,2,2,4650,2325
"Birmingham",2016,"Birmingham_411250_288250",411250,288250,37,29,205100,5600
"Birmingham",2016,"Birmingham_411250_288500",411250,288500,4,3,7375,2550
"Birmingham",2016,"Birmingham_411250_289000",411250,289000,2,2,7700,3850
"Birmingham",2016,"Birmingham_411250_290000",411250,290000,2,1,12750,12750
"Birmingham",2016,"Birmingham_411250_290250",411250,290250,7,6,288050,32000
"Birmingham",2016,"Birmingham_411250_290500",411250,290500,10,7,28775,3000
"Birmingham",2016,"Birmingham_411250_291250",411250,291250,1,1,3450,3450
"Birmingham",2016,"Birmingham_411250_291500",411250,291500,1,1,3250,3250
"Birmingham",2016,"Birmingham_411250_291750",411250,291750,13,9,44500,4650
"Birmingham",2016,"Birmingham_411250_292000",411250,292000,2,1,20000,20000
"Birmingham",2016,"Birmingham_411250_292250",411250,292250,1,1,4950,4950
"Birmingham",2016,"Birmingham_411250_292500",411250,292500,3,0,NA,NA
"Birmingham",2016,"Birmingham_411250_293000",411250,293000,7,7,24750,2700
"Birmingham",2016,"Birmingham_411250_293250",411250,293250,1,1,6600,6600
"Birmingham",2016,"Birmingham_411250_296250",411250,296250,3,3,116950,3950
"Birmingham",2016,"Birmingham_411250_299250",411250,299250,4,4,83500,19800
"Birmingham",2016,"Birmingham_411250_299500",411250,299500,1,1,26250,26250
"Birmingham",2016,"Birmingham_411500_280500",411500,280500,3,3,19450,6000
"Birmingham",2016,"Birmingham_411500_281750",411500,281750,4,4,6575,1612.5
"Birmingham",2016,"Birmingham_411500_282000",411500,282000,3,3,14675,3950
"Birmingham",2016,"Birmingham_411500_282500",411500,282500,3,3,9550,3200
"Birmingham",2016,"Birmingham_411500_282750",411500,282750,1,1,11250,11250
"Birmingham",2016,"Birmingham_411500_283500",411500,283500,7,4,21000,5200
"Birmingham",2016,"Birmingham_411500_283750",411500,283750,1,1,175000,175000
"Birmingham",2016,"Birmingham_411500_284000",411500,284000,1,0,NA,NA
"Birmingham",2016,"Birmingham_411500_284250",411500,284250,2,0,NA,NA
"Birmingham",2016,"Birmingham_411500_284500",411500,284500,2,1,15750,15750
"Birmingham",2016,"Birmingham_411500_284750",411500,284750,3,3,21850,6300
"Birmingham",2016,"Birmingham_411500_285000",411500,285000,24,16,95200,4825
"Birmingham",2016,"Birmingham_411500_285250",411500,285250,1,1,7700,7700
"Birmingham",2016,"Birmingham_411500_285750",411500,285750,18,14,80650,4375
"Birmingham",2016,"Birmingham_411500_286250",411500,286250,2,0,NA,NA
"Birmingham",2016,"Birmingham_411500_287500",411500,287500,9,8,19435,1737.5
"Birmingham",2016,"Birmingham_411500_287750",411500,287750,52,38,426975,6050
"Birmingham",2016,"Birmingham_411500_288000",411500,288000,8,5,28100,5600
"Birmingham",2016,"Birmingham_411500_288250",411500,288250,38,36,200825,4425
"Birmingham",2016,"Birmingham_411500_288500",411500,288500,1,0,NA,NA
"Birmingham",2016,"Birmingham_411500_288750",411500,288750,6,5,16650,2500
"Birmingham",2016,"Birmingham_411500_289000",411500,289000,11,6,15500,2750
"Birmingham",2016,"Birmingham_411500_289250",411500,289250,6,3,7900,2700
"Birmingham",2016,"Birmingham_411500_289500",411500,289500,5,2,181000,90500
"Birmingham",2016,"Birmingham_411500_290250",411500,290250,4,4,113550,4525
"Birmingham",2016,"Birmingham_411500_290500",411500,290500,2,1,4550,4550
"Birmingham",2016,"Birmingham_411500_292750",411500,292750,7,7,64450,9200
"Birmingham",2016,"Birmingham_411500_293000",411500,293000,1,1,5200,5200
"Birmingham",2016,"Birmingham_411500_293250",411500,293250,1,1,2800,2800
"Birmingham",2016,"Birmingham_411500_295000",411500,295000,21,20,227625,12000
"Birmingham",2016,"Birmingham_411500_296000",411500,296000,1,1,16250,16250
"Birmingham",2016,"Birmingham_411500_296250",411500,296250,1,1,18000,18000
"Birmingham",2016,"Birmingham_411500_298250",411500,298250,7,6,135000,6050
"Birmingham",2016,"Birmingham_411500_298500",411500,298500,45,34,820725,17375
"Birmingham",2016,"Birmingham_411500_298750",411500,298750,55,42,1024175,13875
"Birmingham",2016,"Birmingham_411500_299000",411500,299000,4,3,37000,12500
"Birmingham",2016,"Birmingham_411750_281000",411750,281000,3,3,6950,2900
"Birmingham",2016,"Birmingham_411750_281250",411750,281250,23,17,116775,3800
"Birmingham",2016,"Birmingham_411750_281750",411750,281750,4,3,6250,2000
"Birmingham",2016,"Birmingham_411750_282250",411750,282250,4,4,14450,3175
"Birmingham",2016,"Birmingham_411750_282500",411750,282500,2,2,16600,8300
"Birmingham",2016,"Birmingham_411750_283000",411750,283000,14,12,142850,10525
"Birmingham",2016,"Birmingham_411750_283250",411750,283250,8,7,82775,9400
"Birmingham",2016,"Birmingham_411750_283750",411750,283750,4,4,17170,2600
"Birmingham",2016,"Birmingham_411750_284250",411750,284250,5,4,209475,3325
"Birmingham",2016,"Birmingham_411750_285000",411750,285000,10,9,124375,4200
"Birmingham",2016,"Birmingham_411750_286000",411750,286000,1,1,4550,4550
"Birmingham",2016,"Birmingham_411750_286750",411750,286750,11,10,69600,5200
"Birmingham",2016,"Birmingham_411750_287250",411750,287250,2,2,12625,6312.5
"Birmingham",2016,"Birmingham_411750_287500",411750,287500,2,2,7250,3625
"Birmingham",2016,"Birmingham_411750_288000",411750,288000,32,23,180620,5500
"Birmingham",2016,"Birmingham_411750_288250",411750,288250,3,3,12750,3750
"Birmingham",2016,"Birmingham_411750_288750",411750,288750,1,1,1475,1475
"Birmingham",2016,"Birmingham_411750_289000",411750,289000,6,3,8925,2850
"Birmingham",2016,"Birmingham_411750_290250",411750,290250,27,27,161275,5800
"Birmingham",2016,"Birmingham_411750_291500",411750,291500,1,0,NA,NA
"Birmingham",2016,"Birmingham_411750_291750",411750,291750,1,1,4900,4900
"Birmingham",2016,"Birmingham_411750_292750",411750,292750,14,14,256850,9650
"Birmingham",2016,"Birmingham_411750_293000",411750,293000,72,66,1084250,12750
"Birmingham",2016,"Birmingham_411750_293250",411750,293250,18,17,203800,8800
"Birmingham",2016,"Birmingham_411750_293750",411750,293750,1,1,86500,86500
"Birmingham",2016,"Birmingham_411750_294750",411750,294750,1,1,120000,120000
"Birmingham",2016,"Birmingham_411750_295000",411750,295000,1,1,70000,70000
"Birmingham",2016,"Birmingham_411750_295250",411750,295250,16,12,293150,15625
"Birmingham",2016,"Birmingham_411750_295500",411750,295500,41,36,687850,14625
"Birmingham",2016,"Birmingham_411750_295750",411750,295750,28,23,1655750,38750
"Birmingham",2016,"Birmingham_411750_296000",411750,296000,76,66,5502651,55500
"Birmingham",2016,"Birmingham_411750_296250",411750,296250,2,2,9500,4750
"Birmingham",2016,"Birmingham_411750_297250",411750,297250,2,2,2e+05,1e+05
"Birmingham",2016,"Birmingham_411750_298250",411750,298250,1,1,18500,18500
"Birmingham",2016,"Birmingham_411750_298750",411750,298750,11,10,1760300,12125
"Birmingham",2016,"Birmingham_411750_299000",411750,299000,1,1,13500,13500
"Birmingham",2016,"Birmingham_412000_283000",412000,283000,56,51,2009250,26000
"Birmingham",2016,"Birmingham_412000_283250",412000,283250,3,3,20350,6800
"Birmingham",2016,"Birmingham_412000_284250",412000,284250,11,9,22400,1950
"Birmingham",2016,"Birmingham_412000_284500",412000,284500,3,2,7250,3625
"Birmingham",2016,"Birmingham_412000_284750",412000,284750,3,3,417000,56000
"Birmingham",2016,"Birmingham_412000_286750",412000,286750,5,5,28500,5100
"Birmingham",2016,"Birmingham_412000_287500",412000,287500,4,3,4955,1950
"Birmingham",2016,"Birmingham_412000_288000",412000,288000,3,3,40950,6700
"Birmingham",2016,"Birmingham_412000_288250",412000,288250,14,14,99775,5750
"Birmingham",2016,"Birmingham_412000_289500",412000,289500,1,1,6400,6400
"Birmingham",2016,"Birmingham_412000_290000",412000,290000,50,40,13339000,194500
"Birmingham",2016,"Birmingham_412000_290500",412000,290500,5,2,997500,498750
"Birmingham",2016,"Birmingham_412000_291000",412000,291000,29,27,149275,4650
"Birmingham",2016,"Birmingham_412000_291250",412000,291250,3,3,11575,4100
"Birmingham",2016,"Birmingham_412000_292250",412000,292250,1,0,NA,NA
"Birmingham",2016,"Birmingham_412000_294500",412000,294500,1,1,8000,8000
"Birmingham",2016,"Birmingham_412000_295500",412000,295500,10,9,146700,6900
"Birmingham",2016,"Birmingham_412000_295750",412000,295750,111,58,1370000,3225
"Birmingham",2016,"Birmingham_412000_296000",412000,296000,56,48,4076450,50250
"Birmingham",2016,"Birmingham_412000_296250",412000,296250,32,29,488825,10000
"Birmingham",2016,"Birmingham_412000_296500",412000,296500,6,6,59600,8450
"Birmingham",2016,"Birmingham_412000_297000",412000,297000,1,0,NA,NA
"Birmingham",2016,"Birmingham_412000_298500",412000,298500,1,1,10750,10750
"Birmingham",2016,"Birmingham_412000_298750",412000,298750,4,4,17200,3900
"Birmingham",2016,"Birmingham_412000_299250",412000,299250,4,4,13250,3225
"Birmingham",2016,"Birmingham_412250_282000",412250,282000,1,1,2100,2100
"Birmingham",2016,"Birmingham_412250_283000",412250,283000,64,57,1045250,14750
"Birmingham",2016,"Birmingham_412250_283500",412250,283500,10,9,69900,3700
"Birmingham",2016,"Birmingham_412250_283750",412250,283750,30,27,112950,3850
"Birmingham",2016,"Birmingham_412250_284000",412250,284000,14,9,31300,3550
"Birmingham",2016,"Birmingham_412250_284250",412250,284250,2,2,4475,2237.5
"Birmingham",2016,"Birmingham_412250_284500",412250,284500,3,2,24850,12425
"Birmingham",2016,"Birmingham_412250_284750",412250,284750,7,7,139750,5200
"Birmingham",2016,"Birmingham_412250_285250",412250,285250,7,6,28025,2950
"Birmingham",2016,"Birmingham_412250_285500",412250,285500,1,1,4050,4050
"Birmingham",2016,"Birmingham_412250_288250",412250,288250,97,70,2185775,9400
"Birmingham",2016,"Birmingham_412250_288500",412250,288500,2,1,1775,1775
"Birmingham",2016,"Birmingham_412250_289750",412250,289750,9,9,49650,4000
"Birmingham",2016,"Birmingham_412250_290000",412250,290000,7,3,676500,213000
"Birmingham",2016,"Birmingham_412250_290750",412250,290750,3,3,101250,32750
"Birmingham",2016,"Birmingham_412250_291000",412250,291000,19,14,64200,4250
"Birmingham",2016,"Birmingham_412250_294000",412250,294000,2,0,NA,NA
"Birmingham",2016,"Birmingham_412250_295250",412250,295250,3,3,8800,3500
"Birmingham",2016,"Birmingham_412250_296000",412250,296000,2,1,18500,18500
"Birmingham",2016,"Birmingham_412250_296250",412250,296250,4,4,23100,4150
"Birmingham",2016,"Birmingham_412250_298500",412250,298500,4,4,56850,8225
"Birmingham",2016,"Birmingham_412250_298750",412250,298750,2,2,7550,3775
"Birmingham",2016,"Birmingham_412500_282000",412500,282000,1,1,2050,2050
"Birmingham",2016,"Birmingham_412500_282750",412500,282750,7,4,272800,64500
"Birmingham",2016,"Birmingham_412500_283000",412500,283000,21,17,116125,7300
"Birmingham",2016,"Birmingham_412500_283500",412500,283500,1,0,NA,NA
"Birmingham",2016,"Birmingham_412500_283750",412500,283750,1,1,2025,2025
"Birmingham",2016,"Birmingham_412500_284500",412500,284500,14,9,48600,3650
"Birmingham",2016,"Birmingham_412500_284750",412500,284750,1,1,9300,9300
"Birmingham",2016,"Birmingham_412500_286500",412500,286500,13,10,40300,4000
"Birmingham",2016,"Birmingham_412500_286750",412500,286750,2,2,12300,6150
"Birmingham",2016,"Birmingham_412500_287500",412500,287500,1,1,5000,5000
"Birmingham",2016,"Birmingham_412500_288000",412500,288000,18,17,285425,4100
"Birmingham",2016,"Birmingham_412500_288250",412500,288250,6,6,38050,6400
"Birmingham",2016,"Birmingham_412500_290000",412500,290000,16,9,277100,15250
"Birmingham",2016,"Birmingham_412500_290750",412500,290750,8,8,129250,9225
"Birmingham",2016,"Birmingham_412500_291000",412500,291000,18,12,89700,4950
"Birmingham",2016,"Birmingham_412500_291750",412500,291750,3,3,10100,2325
"Birmingham",2016,"Birmingham_412500_292250",412500,292250,1,1,59000,59000
"Birmingham",2016,"Birmingham_412500_292500",412500,292500,2,1,2550,2550
"Birmingham",2016,"Birmingham_412500_293250",412500,293250,1,1,12250,12250
"Birmingham",2016,"Birmingham_412500_295500",412500,295500,1,1,4150,4150
"Birmingham",2016,"Birmingham_412500_295750",412500,295750,1,1,141000,141000
"Birmingham",2016,"Birmingham_412500_296000",412500,296000,3,3,20650,6600
"Birmingham",2016,"Birmingham_412500_296250",412500,296250,1,0,NA,NA
"Birmingham",2016,"Birmingham_412750_282500",412750,282500,2,1,30000,30000
"Birmingham",2016,"Birmingham_412750_282750",412750,282750,7,6,68825,10175
"Birmingham",2016,"Birmingham_412750_283000",412750,283000,1,1,3050,3050
"Birmingham",2016,"Birmingham_412750_283250",412750,283250,2,2,4975,2487.5
"Birmingham",2016,"Birmingham_412750_283750",412750,283750,1,1,930,930
"Birmingham",2016,"Birmingham_412750_284750",412750,284750,96,43,3507650,21000
"Birmingham",2016,"Birmingham_412750_285000",412750,285000,4,4,9925,2387.5
"Birmingham",2016,"Birmingham_412750_285250",412750,285250,7,7,55000,7400
"Birmingham",2016,"Birmingham_412750_285500",412750,285500,35,21,461250,10000
"Birmingham",2016,"Birmingham_412750_286000",412750,286000,5,4,7325,1550
"Birmingham",2016,"Birmingham_412750_286500",412750,286500,4,4,15325,3625
"Birmingham",2016,"Birmingham_412750_286750",412750,286750,11,10,26650,2625
"Birmingham",2016,"Birmingham_412750_287250",412750,287250,14,12,77850,5100
"Birmingham",2016,"Birmingham_412750_288500",412750,288500,1,1,1475,1475
"Birmingham",2016,"Birmingham_412750_291250",412750,291250,1,1,16250,16250
"Birmingham",2016,"Birmingham_412750_291750",412750,291750,12,11,84950,7200
"Birmingham",2016,"Birmingham_412750_295750",412750,295750,1,1,73000,73000
"Birmingham",2016,"Birmingham_413000_283000",413000,283000,2,2,16250,8125
"Birmingham",2016,"Birmingham_413000_283250",413000,283250,2,2,46950,23475
"Birmingham",2016,"Birmingham_413000_283500",413000,283500,2,2,15500,7750
"Birmingham",2016,"Birmingham_413000_283750",413000,283750,9,8,26175,3325
"Birmingham",2016,"Birmingham_413000_284000",413000,284000,3,2,99600,49800
"Birmingham",2016,"Birmingham_413000_284750",413000,284750,12,11,144100,6000
"Birmingham",2016,"Birmingham_413000_285000",413000,285000,4,3,13850,4350
"Birmingham",2016,"Birmingham_413000_285250",413000,285250,14,14,174700,10000
"Birmingham",2016,"Birmingham_413000_285500",413000,285500,49,41,432950,7400
"Birmingham",2016,"Birmingham_413000_286500",413000,286500,1,1,1025,1025
"Birmingham",2016,"Birmingham_413000_287000",413000,287000,12,12,71400,4525
"Birmingham",2016,"Birmingham_413000_287250",413000,287250,18,14,72925,3925
"Birmingham",2016,"Birmingham_413000_287500",413000,287500,21,21,1396050,54500
"Birmingham",2016,"Birmingham_413000_287750",413000,287750,7,7,39575,5700
"Birmingham",2016,"Birmingham_413000_289250",413000,289250,1,1,460,460
"Birmingham",2016,"Birmingham_413000_289500",413000,289500,5,3,11400,3000
"Birmingham",2016,"Birmingham_413000_289750",413000,289750,2,2,13900,6950
"Birmingham",2016,"Birmingham_413000_291000",413000,291000,6,5,12025,3050
"Birmingham",2016,"Birmingham_413000_291500",413000,291500,3,2,18350,9175
"Birmingham",2016,"Birmingham_413000_295750",413000,295750,5,5,48125,3900
"Birmingham",2016,"Birmingham_413000_296500",413000,296500,1,1,55000,55000
"Birmingham",2016,"Birmingham_413000_297500",413000,297500,1,1,25250,25250
"Birmingham",2016,"Birmingham_413000_298500",413000,298500,39,19,128050,6300
"Birmingham",2016,"Birmingham_413000_299000",413000,299000,1,1,61000,61000
"Birmingham",2016,"Birmingham_413250_284750",413250,284750,3,3,12285,5000
"Birmingham",2016,"Birmingham_413250_286000",413250,286000,1,1,1075,1075
"Birmingham",2016,"Birmingham_413250_287000",413250,287000,1,0,NA,NA
"Birmingham",2016,"Birmingham_413250_287500",413250,287500,2,2,9100,4550
"Birmingham",2016,"Birmingham_413250_287750",413250,287750,1,0,NA,NA
"Birmingham",2016,"Birmingham_413250_289000",413250,289000,8,8,173950,5100
"Birmingham",2016,"Birmingham_413250_289250",413250,289250,4,4,40200,6550
"Birmingham",2016,"Birmingham_413250_290000",413250,290000,2,1,3900,3900
"Birmingham",2016,"Birmingham_413250_291000",413250,291000,15,15,2130850,142000
"Birmingham",2016,"Birmingham_413250_291250",413250,291250,6,4,334400,76500
"Birmingham",2016,"Birmingham_413250_291500",413250,291500,11,10,60900,5450
"Birmingham",2016,"Birmingham_413250_291750",413250,291750,1,1,73500,73500
"Birmingham",2016,"Birmingham_413250_295750",413250,295750,11,8,87650,6700
"Birmingham",2016,"Birmingham_413250_297000",413250,297000,9,9,210200,10250
"Birmingham",2016,"Birmingham_413500_284250",413500,284250,3,3,68450,8400
"Birmingham",2016,"Birmingham_413500_284500",413500,284500,17,17,213900,8900
"Birmingham",2016,"Birmingham_413500_286750",413500,286750,1,1,79000,79000
"Birmingham",2016,"Birmingham_413500_288500",413500,288500,6,6,24000,2950
"Birmingham",2016,"Birmingham_413500_288750",413500,288750,4,3,17200,4350
"Birmingham",2016,"Birmingham_413500_289000",413500,289000,1,0,NA,NA
"Birmingham",2016,"Birmingham_413500_289250",413500,289250,7,5,22600,4150
"Birmingham",2016,"Birmingham_413500_290250",413500,290250,6,6,3330000,520000
"Birmingham",2016,"Birmingham_413500_291250",413500,291250,4,4,75050,8400
"Birmingham",2016,"Birmingham_413500_291750",413500,291750,6,4,11225,2537.5
"Birmingham",2016,"Birmingham_413500_292000",413500,292000,4,2,14200,7100
"Birmingham",2016,"Birmingham_413500_292250",413500,292250,8,7,60320,7700
"Birmingham",2016,"Birmingham_413500_292500",413500,292500,1,1,5900,5900
"Birmingham",2016,"Birmingham_413500_293500",413500,293500,32,31,504925,11250
"Birmingham",2016,"Birmingham_413500_295500",413500,295500,1,1,35500,35500
"Birmingham",2016,"Birmingham_413500_295750",413500,295750,3,3,12100,3950
"Birmingham",2016,"Birmingham_413500_297000",413500,297000,1,1,3250,3250
"Birmingham",2016,"Birmingham_413750_284250",413750,284250,2,1,26500,26500
"Birmingham",2016,"Birmingham_413750_285250",413750,285250,4,4,18675,4675
"Birmingham",2016,"Birmingham_413750_286250",413750,286250,1,1,6200,6200
"Birmingham",2016,"Birmingham_413750_287250",413750,287250,1,1,26500,26500
"Birmingham",2016,"Birmingham_413750_288500",413750,288500,1,1,70000,70000
"Birmingham",2016,"Birmingham_413750_291000",413750,291000,8,5,1798251,16500
"Birmingham",2016,"Birmingham_413750_291500",413750,291500,2,2,11420,5710
"Birmingham",2016,"Birmingham_413750_293250",413750,293250,1,1,392500,392500
"Birmingham",2016,"Birmingham_413750_293750",413750,293750,1,0,NA,NA
"Birmingham",2016,"Birmingham_413750_296500",413750,296500,2,2,7800,3900
"Birmingham",2016,"Birmingham_414000_284000",414000,284000,4,3,240500,18500
"Birmingham",2016,"Birmingham_414000_284500",414000,284500,4,4,16725,4300
"Birmingham",2016,"Birmingham_414000_284750",414000,284750,1,1,70000,70000
"Birmingham",2016,"Birmingham_414000_285250",414000,285250,4,4,14300,3400
"Birmingham",2016,"Birmingham_414000_285750",414000,285750,2,1,42500,42500
"Birmingham",2016,"Birmingham_414000_286000",414000,286000,1,1,5300,5300
"Birmingham",2016,"Birmingham_414000_286250",414000,286250,13,13,51700,4100
"Birmingham",2016,"Birmingham_414000_287500",414000,287500,19,17,72750,3750
"Birmingham",2016,"Birmingham_414000_287750",414000,287750,24,22,152900,6950
"Birmingham",2016,"Birmingham_414000_288000",414000,288000,6,6,37200,3475
"Birmingham",2016,"Birmingham_414000_290250",414000,290250,1,1,2175,2175
"Birmingham",2016,"Birmingham_414000_290500",414000,290500,1,1,4100,4100
"Birmingham",2016,"Birmingham_414000_291000",414000,291000,2,2,276000,138000
"Birmingham",2016,"Birmingham_414000_291750",414000,291750,2,1,7600,7600
"Birmingham",2016,"Birmingham_414000_293500",414000,293500,2,2,56250,28125
"Birmingham",2016,"Birmingham_414250_284000",414250,284000,20,14,437825,5550
"Birmingham",2016,"Birmingham_414250_284500",414250,284500,1,1,42000,42000
"Birmingham",2016,"Birmingham_414250_285500",414250,285500,13,11,48600,4150
"Birmingham",2016,"Birmingham_414250_286500",414250,286500,35,29,323975,3300
"Birmingham",2016,"Birmingham_414250_287000",414250,287000,3,3,16750,3450
"Birmingham",2016,"Birmingham_414250_287500",414250,287500,2,2,8450,4225
"Birmingham",2016,"Birmingham_414250_288250",414250,288250,2,2,38750,19375
"Birmingham",2016,"Birmingham_414250_288750",414250,288750,17,15,48075,2700
"Birmingham",2016,"Birmingham_414250_289000",414250,289000,1,1,18500,18500
"Birmingham",2016,"Birmingham_414250_290500",414250,290500,1,1,8100,8100
"Birmingham",2016,"Birmingham_414250_290750",414250,290750,5,4,16675,3100
"Birmingham",2016,"Birmingham_414250_291000",414250,291000,1,1,3100,3100
"Birmingham",2016,"Birmingham_414250_291500",414250,291500,1,1,7400,7400
"Birmingham",2016,"Birmingham_414250_292000",414250,292000,1,1,2025,2025
"Birmingham",2016,"Birmingham_414250_296000",414250,296000,15,12,60250,4075
"Birmingham",2016,"Birmingham_414500_283750",414500,283750,7,6,253000,26125
"Birmingham",2016,"Birmingham_414500_284750",414500,284750,1,0,NA,NA
"Birmingham",2016,"Birmingham_414500_285750",414500,285750,1,1,15000,15000
"Birmingham",2016,"Birmingham_414500_291500",414500,291500,2,2,16400,8200
"Birmingham",2016,"Birmingham_414500_292000",414500,292000,2,2,83250,41625
"Birmingham",2016,"Birmingham_414500_292250",414500,292250,12,8,50440,2487.5
"Birmingham",2016,"Birmingham_414500_292750",414500,292750,6,4,3065700,205350
"Birmingham",2016,"Birmingham_414500_295500",414500,295500,1,1,20750,20750
"Birmingham",2016,"Birmingham_414500_295750",414500,295750,2,2,36250,18125
"Birmingham",2016,"Birmingham_414750_283500",414750,283500,18,14,281500,7800
"Birmingham",2016,"Birmingham_414750_283750",414750,283750,39,38,861700,19250
"Birmingham",2016,"Birmingham_414750_284500",414750,284500,2,2,12700,6350
"Birmingham",2016,"Birmingham_414750_284750",414750,284750,6,2,38750,19375
"Birmingham",2016,"Birmingham_414750_285500",414750,285500,9,1,6400,6400
"Birmingham",2016,"Birmingham_414750_285750",414750,285750,1,1,47500,47500
"Birmingham",2016,"Birmingham_414750_286500",414750,286500,1,1,53500,53500
"Birmingham",2016,"Birmingham_414750_287250",414750,287250,5,3,36150,12250
"Birmingham",2016,"Birmingham_414750_288250",414750,288250,1,1,15500,15500
"Birmingham",2016,"Birmingham_414750_289000",414750,289000,1,0,NA,NA
"Birmingham",2016,"Birmingham_414750_291250",414750,291250,9,9,108200,8600
"Birmingham",2016,"Birmingham_415000_283500",415000,283500,19,6,1987250,21875
"Birmingham",2016,"Birmingham_415000_283750",415000,283750,48,44,528150,10625
"Birmingham",2016,"Birmingham_415000_284250",415000,284250,7,7,26375,4100
"Birmingham",2016,"Birmingham_415000_285000",415000,285000,20,18,102050,5700
"Birmingham",2016,"Birmingham_415000_286250",415000,286250,9,6,24770,4875
"Birmingham",2016,"Birmingham_415000_286750",415000,286750,2,1,5200,5200
"Birmingham",2016,"Birmingham_415000_287000",415000,287000,12,12,50750,3775
"Birmingham",2016,"Birmingham_415000_287250",415000,287250,25,24,149550,4750
"Birmingham",2016,"Birmingham_415000_288500",415000,288500,39,13,200650,10500
"Birmingham",2016,"Birmingham_415250_283500",415250,283500,8,7,57850,8000
"Birmingham",2016,"Birmingham_415250_284250",415250,284250,2,1,95000,95000
"Birmingham",2016,"Birmingham_415250_285000",415250,285000,29,27,197970,6500
"Birmingham",2016,"Birmingham_415250_285250",415250,285250,3,2,57250,28625
"Birmingham",2016,"Birmingham_415250_286250",415250,286250,3,2,46500,23250
"Birmingham",2016,"Birmingham_415250_286750",415250,286750,2,1,7900,7900
"Birmingham",2016,"Birmingham_415250_287000",415250,287000,1,1,7700,7700
"Birmingham",2016,"Birmingham_415250_288500",415250,288500,1,0,NA,NA
"Birmingham",2016,"Birmingham_415250_289250",415250,289250,2,2,19500,9750
"Birmingham",2016,"Birmingham_415250_291500",415250,291500,17,16,36725,2487.5
"Birmingham",2016,"Birmingham_415250_292250",415250,292250,1,1,20000,20000
"Birmingham",2016,"Birmingham_415500_283750",415500,283750,14,13,195500,5000
"Birmingham",2016,"Birmingham_415500_286750",415500,286750,4,3,279200,6400
"Birmingham",2016,"Birmingham_415500_287000",415500,287000,19,17,101000,4800
"Birmingham",2016,"Birmingham_415500_289000",415500,289000,1,1,15500,15500
"Birmingham",2016,"Birmingham_415500_289250",415500,289250,30,23,509500,14500
"Birmingham",2016,"Birmingham_415500_292250",415500,292250,1,1,6900,6900
"Birmingham",2016,"Birmingham_415750_284250",415750,284250,4,4,20900,4575
"Birmingham",2016,"Birmingham_415750_284500",415750,284500,1,1,4250,4250
"Birmingham",2016,"Birmingham_415750_285750",415750,285750,2,0,NA,NA
"Birmingham",2016,"Birmingham_415750_286750",415750,286750,1,1,7100,7100
"Birmingham",2016,"Birmingham_415750_292000",415750,292000,1,1,28000,28000
"Birmingham",2016,"Birmingham_415750_292250",415750,292250,1,1,2650,2650
"Birmingham",2016,"Birmingham_415750_292750",415750,292750,1,1,8300,8300
"Birmingham",2016,"Birmingham_416000_283750",416000,283750,3,2,39900,19950
"Birmingham",2016,"Birmingham_416000_286000",416000,286000,6,6,26275,3475
"Birmingham",2016,"Birmingham_416000_286500",416000,286500,1,1,1850,1850
"Birmingham",2016,"Birmingham_416000_287250",416000,287250,1,1,93500,93500
"Birmingham",2016,"Birmingham_416000_288750",416000,288750,5,5,19300,2125
"Birmingham",2016,"Birmingham_416000_289000",416000,289000,5,5,1008600,14500
"Birmingham",2016,"Birmingham_416000_292250",416000,292250,2,2,73250,36625
"Birmingham",2016,"Birmingham_416250_286000",416250,286000,10,9,31250,3400
"Birmingham",2016,"Birmingham_416250_286750",416250,286750,11,9,38550,3750
"Birmingham",2016,"Birmingham_416250_287000",416250,287000,1,0,NA,NA
"Birmingham",2016,"Birmingham_416250_287250",416250,287250,1,1,81500,81500
"Birmingham",2016,"Birmingham_416250_288000",416250,288000,1,1,760,760
"Birmingham",2016,"Birmingham_416500_286000",416500,286000,6,5,34525,3200
"Birmingham",2016,"Birmingham_416750_292500",416750,292500,1,0,NA,NA
"Birmingham",2016,"Birmingham_4e+05_276250",4e+05,276250,1,1,13250,13250
"Birmingham",2016,"Birmingham_4e+05_276750",4e+05,276750,8,8,27675,2925
"Birmingham",2016,"Birmingham_4e+05_277250",4e+05,277250,1,1,4100,4100
"Birmingham",2016,"Birmingham_4e+05_277500",4e+05,277500,9,7,78950,12750
"Birmingham",2016,"Birmingham_4e+05_278250",4e+05,278250,2,1,11000,11000
"Birmingham",2016,"Birmingham_4e+05_283000",4e+05,283000,1,1,8200,8200
"Birmingham",2016,"Birmingham_4e+05_284500",4e+05,284500,2,1,1525,1525
"Birmingham",2019,"Birmingham_398250_278250",398250,278250,3,3,24850,7500
"Birmingham",2019,"Birmingham_398750_277500",398750,277500,1,1,13500,13500
"Birmingham",2019,"Birmingham_398750_278000",398750,278000,1,0,NA,NA
"Birmingham",2019,"Birmingham_398750_278250",398750,278250,10,10,89300,5950
"Birmingham",2019,"Birmingham_399000_277250",399000,277250,1,1,129000,129000
"Birmingham",2019,"Birmingham_399000_282500",399000,282500,1,1,8000,8000
"Birmingham",2019,"Birmingham_399000_282750",399000,282750,1,1,3700,3700
"Birmingham",2019,"Birmingham_399000_283000",399000,283000,1,1,30000,30000
"Birmingham",2019,"Birmingham_399000_284750",399000,284750,2,2,14850,7425
"Birmingham",2019,"Birmingham_399250_276750",399250,276750,1,1,7500,7500
"Birmingham",2019,"Birmingham_399250_277250",399250,277250,4,4,31800,7950
"Birmingham",2019,"Birmingham_399250_277500",399250,277500,2,2,186500,93250
"Birmingham",2019,"Birmingham_399250_278750",399250,278750,1,1,10500,10500
"Birmingham",2019,"Birmingham_399250_281000",399250,281000,1,1,5400,5400
"Birmingham",2019,"Birmingham_399250_282000",399250,282000,6,6,29700,3775
"Birmingham",2019,"Birmingham_399250_282500",399250,282500,1,1,5200,5200
"Birmingham",2019,"Birmingham_399250_282750",399250,282750,9,9,56400,5400
"Birmingham",2019,"Birmingham_399250_283750",399250,283750,1,1,109000,109000
"Birmingham",2019,"Birmingham_399250_284750",399250,284750,10,10,71330,3200
"Birmingham",2019,"Birmingham_399500_277500",399500,277500,3,2,1931500,965750
"Birmingham",2019,"Birmingham_399500_277750",399500,277750,1,1,195000,195000
"Birmingham",2019,"Birmingham_399500_281500",399500,281500,23,22,117375,4225
"Birmingham",2019,"Birmingham_399500_281750",399500,281750,1,1,4350,4350
"Birmingham",2019,"Birmingham_399500_284750",399500,284750,3,3,19300,5100
"Birmingham",2019,"Birmingham_399750_276750",399750,276750,12,12,88750,4975
"Birmingham",2019,"Birmingham_399750_278250",399750,278250,1,1,8600,8600
"Birmingham",2019,"Birmingham_399750_278750",399750,278750,4,4,28450,5850
"Birmingham",2019,"Birmingham_399750_281250",399750,281250,1,1,9000,9000
"Birmingham",2019,"Birmingham_399750_281750",399750,281750,1,1,4700,4700
"Birmingham",2019,"Birmingham_399750_282000",399750,282000,2,2,5250,2625
"Birmingham",2019,"Birmingham_399750_284000",399750,284000,2,2,18950,9475
"Birmingham",2019,"Birmingham_399750_284250",399750,284250,3,3,19900,6600
"Birmingham",2019,"Birmingham_399750_284500",399750,284500,1,1,510000,510000
"Birmingham",2019,"Birmingham_400250_277500",400250,277500,19,19,269200,7000
"Birmingham",2019,"Birmingham_400250_278750",400250,278750,10,8,92100,5850
"Birmingham",2019,"Birmingham_400250_281750",400250,281750,5,5,47150,5600
"Birmingham",2019,"Birmingham_400250_282000",400250,282000,1,1,9000,9000
"Birmingham",2019,"Birmingham_400250_282750",400250,282750,1,1,5000,5000
"Birmingham",2019,"Birmingham_400250_283750",400250,283750,2,2,11650,5825
"Birmingham",2019,"Birmingham_400250_284500",400250,284500,6,6,30150,4325
"Birmingham",2019,"Birmingham_400250_284750",400250,284750,2,2,95000,47500
"Birmingham",2019,"Birmingham_400250_285000",400250,285000,1,1,227000,227000
"Birmingham",2019,"Birmingham_400500_276250",400500,276250,1,1,18250,18250
"Birmingham",2019,"Birmingham_400500_277000",400500,277000,1,1,4700,4700
"Birmingham",2019,"Birmingham_400500_277250",400500,277250,7,7,45400,6500
"Birmingham",2019,"Birmingham_400500_278500",400500,278500,3,3,13550,4850
"Birmingham",2019,"Birmingham_400500_279000",400500,279000,1,1,11250,11250
"Birmingham",2019,"Birmingham_400500_279250",400500,279250,2,2,9750,4875
"Birmingham",2019,"Birmingham_400500_282000",400500,282000,1,1,1875,1875
"Birmingham",2019,"Birmingham_400500_282250",400500,282250,2,2,12650,6325
"Birmingham",2019,"Birmingham_400500_282500",400500,282500,9,8,78850,6000
"Birmingham",2019,"Birmingham_400500_283750",400500,283750,3,3,17550,6100
"Birmingham",2019,"Birmingham_400500_284250",400500,284250,14,14,80875,5100
"Birmingham",2019,"Birmingham_400750_277250",400750,277250,3,3,16250,5200
"Birmingham",2019,"Birmingham_400750_277750",400750,277750,1,1,4050,4050
"Birmingham",2019,"Birmingham_400750_279250",400750,279250,1,1,5600,5600
"Birmingham",2019,"Birmingham_400750_282750",400750,282750,1,1,6200,6200
"Birmingham",2019,"Birmingham_400750_283750",400750,283750,9,9,78350,6900
"Birmingham",2019,"Birmingham_400750_284250",400750,284250,1,1,8600,8600
"Birmingham",2019,"Birmingham_400750_285000",400750,285000,26,26,529650,7300
"Birmingham",2019,"Birmingham_401000_277250",401000,277250,29,24,5480250,50875
"Birmingham",2019,"Birmingham_401000_277750",401000,277750,4,4,21800,4325
"Birmingham",2019,"Birmingham_401000_279750",401000,279750,10,9,58200,5100
"Birmingham",2019,"Birmingham_401000_280500",401000,280500,2,2,17450,8725
"Birmingham",2019,"Birmingham_401000_281250",401000,281250,10,8,39175,3775
"Birmingham",2019,"Birmingham_401000_285000",401000,285000,1,1,18000,18000
"Birmingham",2019,"Birmingham_401000_285250",401000,285250,1,1,49750,49750
"Birmingham",2019,"Birmingham_401250_277250",401250,277250,9,9,73800,6800
"Birmingham",2019,"Birmingham_401250_277500",401250,277500,6,5,57850,10000
"Birmingham",2019,"Birmingham_401250_277750",401250,277750,1,1,7300,7300
"Birmingham",2019,"Birmingham_401250_278250",401250,278250,17,16,156750,8000
"Birmingham",2019,"Birmingham_401250_279500",401250,279500,1,1,3200,3200
"Birmingham",2019,"Birmingham_401250_280750",401250,280750,1,1,18750,18750
"Birmingham",2019,"Birmingham_401250_282500",401250,282500,10,9,42575,3350
"Birmingham",2019,"Birmingham_401250_283750",401250,283750,7,7,40900,5300
"Birmingham",2019,"Birmingham_401250_284500",401250,284500,8,6,61750,5700
"Birmingham",2019,"Birmingham_401250_284750",401250,284750,3,3,36800,5500
"Birmingham",2019,"Birmingham_401500_276750",401500,276750,3,3,14050,4400
"Birmingham",2019,"Birmingham_401500_277000",401500,277000,3,3,22750,7700
"Birmingham",2019,"Birmingham_401500_277250",401500,277250,3,3,19450,7400
"Birmingham",2019,"Birmingham_401500_278500",401500,278500,31,31,191850,5800
"Birmingham",2019,"Birmingham_401500_278750",401500,278750,3,3,19350,5600
"Birmingham",2019,"Birmingham_401500_280000",401500,280000,2,2,6300,3150
"Birmingham",2019,"Birmingham_401500_282500",401500,282500,4,4,89510,2550
"Birmingham",2019,"Birmingham_401500_282750",401500,282750,1,1,1500000,1500000
"Birmingham",2019,"Birmingham_401500_284000",401500,284000,1,1,9900,9900
"Birmingham",2019,"Birmingham_401500_284750",401500,284750,1,1,66000,66000
"Birmingham",2019,"Birmingham_401750_277250",401750,277250,1,1,5900,5900
"Birmingham",2019,"Birmingham_401750_278250",401750,278250,1,1,17000,17000
"Birmingham",2019,"Birmingham_401750_279000",401750,279000,13,12,257000,9900
"Birmingham",2019,"Birmingham_401750_279250",401750,279250,51,48,1609065,5350
"Birmingham",2019,"Birmingham_401750_279500",401750,279500,16,15,257350,11000
"Birmingham",2019,"Birmingham_401750_279750",401750,279750,1,1,50500,50500
"Birmingham",2019,"Birmingham_401750_280750",401750,280750,8,8,55600,5650
"Birmingham",2019,"Birmingham_401750_281000",401750,281000,1,1,1025,1025
"Birmingham",2019,"Birmingham_401750_281500",401750,281500,1,1,25000,25000
"Birmingham",2019,"Birmingham_401750_283750",401750,283750,3,3,32000,8400
"Birmingham",2019,"Birmingham_401750_284000",401750,284000,1,1,7300,7300
"Birmingham",2019,"Birmingham_401750_284500",401750,284500,11,10,68750,5400
"Birmingham",2019,"Birmingham_401750_284750",401750,284750,4,2,9950,4975
"Birmingham",2019,"Birmingham_402000_276750",402000,276750,1,1,455,455
"Birmingham",2019,"Birmingham_402000_278000",402000,278000,1,1,15000,15000
"Birmingham",2019,"Birmingham_402000_278250",402000,278250,5,5,57450,6600
"Birmingham",2019,"Birmingham_402000_279250",402000,279250,3,3,23525,4350
"Birmingham",2019,"Birmingham_402000_279500",402000,279500,49,47,1525250,22500
"Birmingham",2019,"Birmingham_402000_279750",402000,279750,111,103,2684240,15750
"Birmingham",2019,"Birmingham_402000_281250",402000,281250,1,1,12750,12750
"Birmingham",2019,"Birmingham_402000_282000",402000,282000,50,47,592860,10500
"Birmingham",2019,"Birmingham_402000_282250",402000,282250,6,6,63500,9600
"Birmingham",2019,"Birmingham_402000_282500",402000,282500,1,1,32250,32250
"Birmingham",2019,"Birmingham_402000_284500",402000,284500,2,2,15850,7925
"Birmingham",2019,"Birmingham_402000_284750",402000,284750,8,5,39400,6900
"Birmingham",2019,"Birmingham_402000_285250",402000,285250,1,1,810,810
"Birmingham",2019,"Birmingham_402250_277000",402250,277000,3,3,13475,3300
"Birmingham",2019,"Birmingham_402250_277500",402250,277500,17,17,117650,5100
"Birmingham",2019,"Birmingham_402250_277750",402250,277750,2,2,6525,3262.5
"Birmingham",2019,"Birmingham_402250_278250",402250,278250,4,4,19850,5150
"Birmingham",2019,"Birmingham_402250_278750",402250,278750,5,5,21725,3750
"Birmingham",2019,"Birmingham_402250_279250",402250,279250,1,1,70000,70000
"Birmingham",2019,"Birmingham_402250_279500",402250,279500,1,1,2600,2600
"Birmingham",2019,"Birmingham_402250_280000",402250,280000,9,9,61500,7600
"Birmingham",2019,"Birmingham_402250_282000",402250,282000,9,9,120625,10500
"Birmingham",2019,"Birmingham_402250_282750",402250,282750,2,2,6400,3200
"Birmingham",2019,"Birmingham_402250_283250",402250,283250,6,6,81200,10750
"Birmingham",2019,"Birmingham_402250_283500",402250,283500,1,1,19000,19000
"Birmingham",2019,"Birmingham_402250_284000",402250,284000,10,8,56700,7200
"Birmingham",2019,"Birmingham_402250_285250",402250,285250,1,1,90000,90000
"Birmingham",2019,"Birmingham_402250_286000",402250,286000,1,1,113000,113000
"Birmingham",2019,"Birmingham_402250_286250",402250,286250,2,2,22700,11350
"Birmingham",2019,"Birmingham_402500_277750",402500,277750,2,2,10700,5350
"Birmingham",2019,"Birmingham_402500_278750",402500,278750,15,14,199535,4575
"Birmingham",2019,"Birmingham_402500_279000",402500,279000,1,1,3100,3100
"Birmingham",2019,"Birmingham_402500_280000",402500,280000,3,3,21200,9000
"Birmingham",2019,"Birmingham_402500_283000",402500,283000,2,2,5375,2687.5
"Birmingham",2019,"Birmingham_402500_284000",402500,284000,3,3,17575,5000
"Birmingham",2019,"Birmingham_402500_284250",402500,284250,1,1,7000,7000
"Birmingham",2019,"Birmingham_402500_284500",402500,284500,1,1,29750,29750
"Birmingham",2019,"Birmingham_402500_286000",402500,286000,1,1,2125,2125
"Birmingham",2019,"Birmingham_402500_287000",402500,287000,1,1,6600,6600
"Birmingham",2019,"Birmingham_402500_289750",402500,289750,3,3,32650,6700
"Birmingham",2019,"Birmingham_402750_276750",402750,276750,1,1,7900,7900
"Birmingham",2019,"Birmingham_402750_277250",402750,277250,1,1,2450,2450
"Birmingham",2019,"Birmingham_402750_277500",402750,277500,1,1,4750,4750
"Birmingham",2019,"Birmingham_402750_277750",402750,277750,29,27,239050,6100
"Birmingham",2019,"Birmingham_402750_278750",402750,278750,1,1,8700,8700
"Birmingham",2019,"Birmingham_402750_281250",402750,281250,3,3,12150,4000
"Birmingham",2019,"Birmingham_402750_281750",402750,281750,4,3,26650,9900
"Birmingham",2019,"Birmingham_402750_283250",402750,283250,1,1,35000,35000
"Birmingham",2019,"Birmingham_402750_283750",402750,283750,1,1,53000,53000
"Birmingham",2019,"Birmingham_402750_284250",402750,284250,6,6,59100,8750
"Birmingham",2019,"Birmingham_402750_284500",402750,284500,14,13,117400,7600
"Birmingham",2019,"Birmingham_402750_286000",402750,286000,3,3,162000,62000
"Birmingham",2019,"Birmingham_402750_286750",402750,286750,2,2,19000,9500
"Birmingham",2019,"Birmingham_402750_287000",402750,287000,2,2,14300,7150
"Birmingham",2019,"Birmingham_402750_289500",402750,289500,2,2,6750,3375
"Birmingham",2019,"Birmingham_402750_290000",402750,290000,3,3,435000,118000
"Birmingham",2019,"Birmingham_403000_277250",403000,277250,1,1,71500,71500
"Birmingham",2019,"Birmingham_403000_280750",403000,280750,2,2,94250,47125
"Birmingham",2019,"Birmingham_403000_281000",403000,281000,4,4,19125,4250
"Birmingham",2019,"Birmingham_403000_282500",403000,282500,6,6,83450,9000
"Birmingham",2019,"Birmingham_403000_282750",403000,282750,1,1,11250,11250
"Birmingham",2019,"Birmingham_403000_283500",403000,283500,9,9,46675,4350
"Birmingham",2019,"Birmingham_403000_284250",403000,284250,35,35,535800,8900
"Birmingham",2019,"Birmingham_403000_284750",403000,284750,2,2,15200,7600
"Birmingham",2019,"Birmingham_403000_285500",403000,285500,7,7,63000,9200
"Birmingham",2019,"Birmingham_403000_286000",403000,286000,12,10,146150,12375
"Birmingham",2019,"Birmingham_403000_286750",403000,286750,1,1,850,850
"Birmingham",2019,"Birmingham_403000_289500",403000,289500,4,4,12750,3075
"Birmingham",2019,"Birmingham_403000_289750",403000,289750,1,1,7300,7300
"Birmingham",2019,"Birmingham_403000_290000",403000,290000,9,9,910775,5900
"Birmingham",2019,"Birmingham_403250_279250",403250,279250,1,1,17750,17750
"Birmingham",2019,"Birmingham_403250_280000",403250,280000,2,2,12300,6150
"Birmingham",2019,"Birmingham_403250_281000",403250,281000,3,3,18900,7000
"Birmingham",2019,"Birmingham_403250_282000",403250,282000,1,1,2800,2800
"Birmingham",2019,"Birmingham_403250_282250",403250,282250,7,6,37050,5450
"Birmingham",2019,"Birmingham_403250_284250",403250,284250,14,14,312750,11500
"Birmingham",2019,"Birmingham_403250_284500",403250,284500,2,2,24750,12375
"Birmingham",2019,"Birmingham_403250_289250",403250,289250,1,1,3650,3650
"Birmingham",2019,"Birmingham_403250_289500",403250,289500,1,1,2650,2650
"Birmingham",2019,"Birmingham_403250_289750",403250,289750,37,37,284950,6600
"Birmingham",2019,"Birmingham_403500_277500",403500,277500,9,9,104050,8000
"Birmingham",2019,"Birmingham_403500_277750",403500,277750,1,1,7300,7300
"Birmingham",2019,"Birmingham_403500_278000",403500,278000,1,1,7200,7200
"Birmingham",2019,"Birmingham_403500_279000",403500,279000,15,15,91900,4850
"Birmingham",2019,"Birmingham_403500_280000",403500,280000,2,2,18600,9300
"Birmingham",2019,"Birmingham_403500_280750",403500,280750,1,1,5900,5900
"Birmingham",2019,"Birmingham_403500_283000",403500,283000,2,2,304000,152000
"Birmingham",2019,"Birmingham_403500_283250",403500,283250,12,12,61765,3975
"Birmingham",2019,"Birmingham_403500_284000",403500,284000,1,1,4650,4650
"Birmingham",2019,"Birmingham_403500_284250",403500,284250,2,2,21000,10500
"Birmingham",2019,"Birmingham_403500_284500",403500,284500,82,79,2733100,25750
"Birmingham",2019,"Birmingham_403500_284750",403500,284750,5,4,17450,4475
"Birmingham",2019,"Birmingham_403500_285000",403500,285000,4,4,16750,4225
"Birmingham",2019,"Birmingham_403500_287250",403500,287250,2,2,7600,3800
"Birmingham",2019,"Birmingham_403500_287500",403500,287500,15,14,136670,9400
"Birmingham",2019,"Birmingham_403500_289250",403500,289250,2,2,38800,19400
"Birmingham",2019,"Birmingham_403500_289500",403500,289500,1,1,7600,7600
"Birmingham",2019,"Birmingham_403500_289750",403500,289750,3,3,11750,3900
"Birmingham",2019,"Birmingham_403500_290500",403500,290500,6,6,30800,5000
"Birmingham",2019,"Birmingham_403750_277000",403750,277000,1,1,23000,23000
"Birmingham",2019,"Birmingham_403750_277250",403750,277250,1,1,5200,5200
"Birmingham",2019,"Birmingham_403750_277750",403750,277750,2,2,16275,8137.5
"Birmingham",2019,"Birmingham_403750_278500",403750,278500,4,4,52400,13750
"Birmingham",2019,"Birmingham_403750_282000",403750,282000,1,1,30800,30800
"Birmingham",2019,"Birmingham_403750_283250",403750,283250,1,1,6600,6600
"Birmingham",2019,"Birmingham_403750_284500",403750,284500,33,31,1555050,31000
"Birmingham",2019,"Birmingham_403750_284750",403750,284750,9,9,338250,12750
"Birmingham",2019,"Birmingham_403750_287500",403750,287500,57,52,609300,8450
"Birmingham",2019,"Birmingham_403750_289250",403750,289250,1,1,2500,2500
"Birmingham",2019,"Birmingham_403750_289500",403750,289500,12,10,142700,6050
"Birmingham",2019,"Birmingham_403750_290000",403750,290000,1,1,7500,7500
"Birmingham",2019,"Birmingham_403750_290500",403750,290500,4,4,13750,2950
"Birmingham",2019,"Birmingham_403750_290750",403750,290750,1,1,3850,3850
"Birmingham",2019,"Birmingham_404000_282000",404000,282000,8,7,55700,6800
"Birmingham",2019,"Birmingham_404000_282250",404000,282250,27,25,178675,6100
"Birmingham",2019,"Birmingham_404000_282500",404000,282500,12,11,3368000,243000
"Birmingham",2019,"Birmingham_404000_282750",404000,282750,15,14,2371250,96750
"Birmingham",2019,"Birmingham_404000_285750",404000,285750,4,4,651500,181000
"Birmingham",2019,"Birmingham_404000_286000",404000,286000,3,3,173000,64500
"Birmingham",2019,"Birmingham_404000_287500",404000,287500,41,41,308100,4800
"Birmingham",2019,"Birmingham_404000_288000",404000,288000,1,0,NA,NA
"Birmingham",2019,"Birmingham_404000_288250",404000,288250,11,11,47500,3600
"Birmingham",2019,"Birmingham_404000_288500",404000,288500,3,3,10950,3800
"Birmingham",2019,"Birmingham_404000_289000",404000,289000,2,2,5125,2562.5
"Birmingham",2019,"Birmingham_404000_289250",404000,289250,3,3,13400,4300
"Birmingham",2019,"Birmingham_404000_289500",404000,289500,63,60,942605,8350
"Birmingham",2019,"Birmingham_404000_289750",404000,289750,14,14,78275,5650
"Birmingham",2019,"Birmingham_404000_290000",404000,290000,22,22,155950,5250
"Birmingham",2019,"Birmingham_404000_290250",404000,290250,29,28,197900,5350
"Birmingham",2019,"Birmingham_404000_290500",404000,290500,31,29,180580,5400
"Birmingham",2019,"Birmingham_404000_290750",404000,290750,4,4,20450,4825
"Birmingham",2019,"Birmingham_404250_277250",404250,277250,9,8,82100,7100
"Birmingham",2019,"Birmingham_404250_277750",404250,277750,1,0,NA,NA
"Birmingham",2019,"Birmingham_404250_279250",404250,279250,3,3,9325,2800
"Birmingham",2019,"Birmingham_404250_280500",404250,280500,6,6,38200,6600
"Birmingham",2019,"Birmingham_404250_281250",404250,281250,1,1,7700,7700
"Birmingham",2019,"Birmingham_404250_281500",404250,281500,2,2,30000,15000
"Birmingham",2019,"Birmingham_404250_282250",404250,282250,21,20,240900,6500
"Birmingham",2019,"Birmingham_404250_282500",404250,282500,1,1,11750,11750
"Birmingham",2019,"Birmingham_404250_282750",404250,282750,17,15,374050,6700
"Birmingham",2019,"Birmingham_404250_283750",404250,283750,4,4,63370,14650
"Birmingham",2019,"Birmingham_404250_284500",404250,284500,1,1,420,420
"Birmingham",2019,"Birmingham_404250_285250",404250,285250,10,10,105800,9400
"Birmingham",2019,"Birmingham_404250_285750",404250,285750,2,1,105000,105000
"Birmingham",2019,"Birmingham_404250_286000",404250,286000,1,1,45000,45000
"Birmingham",2019,"Birmingham_404250_287250",404250,287250,3,3,42525,2300
"Birmingham",2019,"Birmingham_404250_287500",404250,287500,27,27,477150,5500
"Birmingham",2019,"Birmingham_404250_287750",404250,287750,1,1,17000,17000
"Birmingham",2019,"Birmingham_404250_288000",404250,288000,1,1,7800,7800
"Birmingham",2019,"Birmingham_404250_288500",404250,288500,2,2,11200,5600
"Birmingham",2019,"Birmingham_404250_289000",404250,289000,4,4,17075,4200
"Birmingham",2019,"Birmingham_404250_289250",404250,289250,2,1,2450,2450
"Birmingham",2019,"Birmingham_404250_289500",404250,289500,108,105,1705590,13750
"Birmingham",2019,"Birmingham_404250_289750",404250,289750,5,5,6010,870
"Birmingham",2019,"Birmingham_404250_290000",404250,290000,5,5,44600,6700
"Birmingham",2019,"Birmingham_404250_290500",404250,290500,12,12,102650,4000
"Birmingham",2019,"Birmingham_404250_290750",404250,290750,3,3,13100,4300
"Birmingham",2019,"Birmingham_404250_292250",404250,292250,6,6,30850,4175
"Birmingham",2019,"Birmingham_404500_279250",404500,279250,3,2,138250,69125
"Birmingham",2019,"Birmingham_404500_279750",404500,279750,1,1,1700,1700
"Birmingham",2019,"Birmingham_404500_280000",404500,280000,2,2,13700,6850
"Birmingham",2019,"Birmingham_404500_280500",404500,280500,12,10,39350,3850
"Birmingham",2019,"Birmingham_404500_281250",404500,281250,15,14,81240,5550
"Birmingham",2019,"Birmingham_404500_281750",404500,281750,1,1,4900,4900
"Birmingham",2019,"Birmingham_404500_282250",404500,282250,1,1,7700,7700
"Birmingham",2019,"Birmingham_404500_282500",404500,282500,1,1,5500,5500
"Birmingham",2019,"Birmingham_404500_282750",404500,282750,20,18,172475,7450
"Birmingham",2019,"Birmingham_404500_283000",404500,283000,37,35,628550,9700
"Birmingham",2019,"Birmingham_404500_283750",404500,283750,1,1,375,375
"Birmingham",2019,"Birmingham_404500_284250",404500,284250,4,4,85775,26375
"Birmingham",2019,"Birmingham_404500_285250",404500,285250,1,1,155000,155000
"Birmingham",2019,"Birmingham_404500_286000",404500,286000,15,14,193350,11000
"Birmingham",2019,"Birmingham_404500_286250",404500,286250,1,1,30250,30250
"Birmingham",2019,"Birmingham_404500_286500",404500,286500,3,3,9325,2900
"Birmingham",2019,"Birmingham_404500_287000",404500,287000,4,3,19800,6000
"Birmingham",2019,"Birmingham_404500_287250",404500,287250,1,1,3000,3000
"Birmingham",2019,"Birmingham_404500_287500",404500,287500,2,2,14100,7050
"Birmingham",2019,"Birmingham_404500_288500",404500,288500,8,7,31675,3450
"Birmingham",2019,"Birmingham_404500_288750",404500,288750,1,1,1925,1925
"Birmingham",2019,"Birmingham_404500_289000",404500,289000,14,14,76100,3325
"Birmingham",2019,"Birmingham_404500_289250",404500,289250,129,123,1811275,11750
"Birmingham",2019,"Birmingham_404500_289500",404500,289500,27,23,124900,5300
"Birmingham",2019,"Birmingham_404500_289750",404500,289750,28,28,140850,4825
"Birmingham",2019,"Birmingham_404500_290000",404500,290000,2,2,5000,2500
"Birmingham",2019,"Birmingham_404500_290500",404500,290500,26,26,213650,5900
"Birmingham",2019,"Birmingham_404500_290750",404500,290750,9,9,51050,4550
"Birmingham",2019,"Birmingham_404500_294000",404500,294000,27,26,397850,12375
"Birmingham",2019,"Birmingham_404750_277500",404750,277500,1,1,8100,8100
"Birmingham",2019,"Birmingham_404750_278500",404750,278500,3,2,13800,6900
"Birmingham",2019,"Birmingham_404750_278750",404750,278750,43,37,330650,6100
"Birmingham",2019,"Birmingham_404750_279000",404750,279000,1,1,5900,5900
"Birmingham",2019,"Birmingham_404750_279250",404750,279250,1,1,193000,193000
"Birmingham",2019,"Birmingham_404750_279500",404750,279500,23,23,336550,9300
"Birmingham",2019,"Birmingham_404750_279750",404750,279750,74,74,846375,9800
"Birmingham",2019,"Birmingham_404750_280000",404750,280000,3,3,10450,3350
"Birmingham",2019,"Birmingham_404750_282000",404750,282000,30,29,281800,4500
"Birmingham",2019,"Birmingham_404750_282250",404750,282250,1,1,4750,4750
"Birmingham",2019,"Birmingham_404750_282500",404750,282500,2,1,2225,2225
"Birmingham",2019,"Birmingham_404750_282750",404750,282750,1,1,1475,1475
"Birmingham",2019,"Birmingham_404750_283000",404750,283000,22,16,213350,9575
"Birmingham",2019,"Birmingham_404750_283500",404750,283500,4,3,79750,29000
"Birmingham",2019,"Birmingham_404750_283750",404750,283750,20,17,371100,14000
"Birmingham",2019,"Birmingham_404750_285750",404750,285750,2,2,63600,31800
"Birmingham",2019,"Birmingham_404750_286000",404750,286000,30,26,231250,8050
"Birmingham",2019,"Birmingham_404750_286500",404750,286500,1,1,3300,3300
"Birmingham",2019,"Birmingham_404750_287000",404750,287000,5,5,70250,13750
"Birmingham",2019,"Birmingham_404750_287500",404750,287500,2,2,12200,6100
"Birmingham",2019,"Birmingham_404750_288250",404750,288250,1,1,5000,5000
"Birmingham",2019,"Birmingham_404750_288750",404750,288750,5,5,29200,3900
"Birmingham",2019,"Birmingham_404750_289250",404750,289250,55,51,710160,13500
"Birmingham",2019,"Birmingham_404750_289750",404750,289750,1,1,12000,12000
"Birmingham",2019,"Birmingham_404750_290500",404750,290500,2,2,89750,44875
"Birmingham",2019,"Birmingham_404750_292000",404750,292000,6,6,40250,5450
"Birmingham",2019,"Birmingham_404750_292250",404750,292250,2,2,12850,6425
"Birmingham",2019,"Birmingham_404750_292500",404750,292500,13,13,150300,9300
"Birmingham",2019,"Birmingham_404750_292750",404750,292750,12,12,64950,5500
"Birmingham",2019,"Birmingham_404750_293000",404750,293000,3,3,23600,8100
"Birmingham",2019,"Birmingham_404750_294000",404750,294000,2,2,10600,5300
"Birmingham",2019,"Birmingham_405000_278000",405000,278000,13,13,69950,4200
"Birmingham",2019,"Birmingham_405000_278250",405000,278250,1,1,25750,25750
"Birmingham",2019,"Birmingham_405000_278750",405000,278750,1,1,65000,65000
"Birmingham",2019,"Birmingham_405000_279500",405000,279500,1,1,90500,90500
"Birmingham",2019,"Birmingham_405000_279750",405000,279750,24,24,137400,3675
"Birmingham",2019,"Birmingham_405000_280000",405000,280000,7,7,22000,2475
"Birmingham",2019,"Birmingham_405000_280500",405000,280500,1,1,8800,8800
"Birmingham",2019,"Birmingham_405000_280750",405000,280750,2,2,6500,3250
"Birmingham",2019,"Birmingham_405000_281000",405000,281000,4,4,10600,3025
"Birmingham",2019,"Birmingham_405000_281250",405000,281250,3,2,3025,1512.5
"Birmingham",2019,"Birmingham_405000_282250",405000,282250,1,1,6100,6100
"Birmingham",2019,"Birmingham_405000_284250",405000,284250,1,1,84000,84000
"Birmingham",2019,"Birmingham_405000_285750",405000,285750,2,2,138250,69125
"Birmingham",2019,"Birmingham_405000_286000",405000,286000,4,4,5625,1025
"Birmingham",2019,"Birmingham_405000_286500",405000,286500,1,1,4400,4400
"Birmingham",2019,"Birmingham_405000_287000",405000,287000,1,1,20750,20750
"Birmingham",2019,"Birmingham_405000_287250",405000,287250,5,5,14545,2300
"Birmingham",2019,"Birmingham_405000_287500",405000,287500,4,4,17725,2237.5
"Birmingham",2019,"Birmingham_405000_287750",405000,287750,5,4,6625,1775
"Birmingham",2019,"Birmingham_405000_288500",405000,288500,5,5,19100,3700
"Birmingham",2019,"Birmingham_405000_288750",405000,288750,5,5,8495,1850
"Birmingham",2019,"Birmingham_405000_289000",405000,289000,8,7,33875,2550
"Birmingham",2019,"Birmingham_405000_289250",405000,289250,6,6,68450,10200
"Birmingham",2019,"Birmingham_405000_289500",405000,289500,1,1,3650,3650
"Birmingham",2019,"Birmingham_405250_278750",405250,278750,1,1,5500,5500
"Birmingham",2019,"Birmingham_405250_280000",405250,280000,11,11,58995,3500
"Birmingham",2019,"Birmingham_405250_280250",405250,280250,3,3,5660,1150
"Birmingham",2019,"Birmingham_405250_280500",405250,280500,39,38,456910,4550
"Birmingham",2019,"Birmingham_405250_280750",405250,280750,80,77,508815,4400
"Birmingham",2019,"Birmingham_405250_281000",405250,281000,28,26,796150,3925
"Birmingham",2019,"Birmingham_405250_281250",405250,281250,13,11,184725,4950
"Birmingham",2019,"Birmingham_405250_281500",405250,281500,3,3,42750,12500
"Birmingham",2019,"Birmingham_405250_285500",405250,285500,2,2,226000,113000
"Birmingham",2019,"Birmingham_405250_285750",405250,285750,18,17,1106075,18750
"Birmingham",2019,"Birmingham_405250_286000",405250,286000,33,19,193715,2400
"Birmingham",2019,"Birmingham_405250_286250",405250,286250,1,1,23500,23500
"Birmingham",2019,"Birmingham_405250_286500",405250,286500,17,17,136400,7600
"Birmingham",2019,"Birmingham_405250_286750",405250,286750,6,6,13275,1800
"Birmingham",2019,"Birmingham_405250_287000",405250,287000,1,1,13500,13500
"Birmingham",2019,"Birmingham_405250_287250",405250,287250,15,15,67735,5900
"Birmingham",2019,"Birmingham_405250_287500",405250,287500,14,9,1455600,9000
"Birmingham",2019,"Birmingham_405250_287750",405250,287750,1,1,10500,10500
"Birmingham",2019,"Birmingham_405250_288000",405250,288000,11,10,34205,3000
"Birmingham",2019,"Birmingham_405250_288750",405250,288750,1,1,3550,3550
"Birmingham",2019,"Birmingham_405250_289000",405250,289000,12,11,43275,2800
"Birmingham",2019,"Birmingham_405250_289250",405250,289250,1,1,4250,4250
"Birmingham",2019,"Birmingham_405250_289500",405250,289500,1,1,3250,3250
"Birmingham",2019,"Birmingham_405250_290500",405250,290500,1,1,9000,9000
"Birmingham",2019,"Birmingham_405250_291500",405250,291500,8,8,35300,4000
"Birmingham",2019,"Birmingham_405250_292500",405250,292500,8,8,51300,5450
"Birmingham",2019,"Birmingham_405250_293000",405250,293000,1,1,93000,93000
"Birmingham",2019,"Birmingham_405250_293250",405250,293250,3,3,16050,4700
"Birmingham",2019,"Birmingham_405250_293500",405250,293500,2,2,8700,4350
"Birmingham",2019,"Birmingham_405500_278250",405500,278250,1,1,5800,5800
"Birmingham",2019,"Birmingham_405500_278750",405500,278750,5,5,25850,5200
"Birmingham",2019,"Birmingham_405500_280250",405500,280250,2,2,5300,2650
"Birmingham",2019,"Birmingham_405500_281250",405500,281250,22,22,161000,3950
"Birmingham",2019,"Birmingham_405500_281750",405500,281750,17,16,56575,2487.5
"Birmingham",2019,"Birmingham_405500_285750",405500,285750,4,4,81550,2375
"Birmingham",2019,"Birmingham_405500_286000",405500,286000,32,28,450500,11750
"Birmingham",2019,"Birmingham_405500_286250",405500,286250,6,6,136950,13000
"Birmingham",2019,"Birmingham_405500_286500",405500,286500,10,10,125050,11750
"Birmingham",2019,"Birmingham_405500_286750",405500,286750,3,3,76300,20500
"Birmingham",2019,"Birmingham_405500_287250",405500,287250,2,2,206750,103375
"Birmingham",2019,"Birmingham_405500_287500",405500,287500,1,1,8000,8000
"Birmingham",2019,"Birmingham_405500_288250",405500,288250,25,23,120150,3650
"Birmingham",2019,"Birmingham_405500_288500",405500,288500,3,3,7300,1550
"Birmingham",2019,"Birmingham_405500_288750",405500,288750,3,3,7100,1700
"Birmingham",2019,"Birmingham_405500_289000",405500,289000,32,29,113175,2650
"Birmingham",2019,"Birmingham_405500_289250",405500,289250,43,41,279450,5300
"Birmingham",2019,"Birmingham_405500_289500",405500,289500,3,3,21190,7100
"Birmingham",2019,"Birmingham_405500_289750",405500,289750,1,1,6200,6200
"Birmingham",2019,"Birmingham_405500_290000",405500,290000,1,1,4050,4050
"Birmingham",2019,"Birmingham_405500_292750",405500,292750,17,13,151400,8000
"Birmingham",2019,"Birmingham_405500_293000",405500,293000,8,8,46800,5550
"Birmingham",2019,"Birmingham_405500_293500",405500,293500,1,1,30000,30000
"Birmingham",2019,"Birmingham_405500_293750",405500,293750,7,7,49300,6600
"Birmingham",2019,"Birmingham_405750_280000",405750,280000,1,1,7200,7200
"Birmingham",2019,"Birmingham_405750_280500",405750,280500,1,1,27000,27000
"Birmingham",2019,"Birmingham_405750_282000",405750,282000,7,6,29500,3550
"Birmingham",2019,"Birmingham_405750_282250",405750,282250,7,6,31550,5575
"Birmingham",2019,"Birmingham_405750_282500",405750,282500,3,3,15950,4200
"Birmingham",2019,"Birmingham_405750_282750",405750,282750,5,5,27150,4750
"Birmingham",2019,"Birmingham_405750_283000",405750,283000,12,12,156050,4775
"Birmingham",2019,"Birmingham_405750_283500",405750,283500,2,2,39100,19550
"Birmingham",2019,"Birmingham_405750_285250",405750,285250,9,8,73850,8200
"Birmingham",2019,"Birmingham_405750_285750",405750,285750,1,1,45250,45250
"Birmingham",2019,"Birmingham_405750_286000",405750,286000,6,5,218750,47750
"Birmingham",2019,"Birmingham_405750_286250",405750,286250,19,13,985800,80000
"Birmingham",2019,"Birmingham_405750_286500",405750,286500,12,12,985250,60750
"Birmingham",2019,"Birmingham_405750_286750",405750,286750,2,2,198500,99250
"Birmingham",2019,"Birmingham_405750_287000",405750,287000,3,3,168000,6000
"Birmingham",2019,"Birmingham_405750_287250",405750,287250,15,15,56120,1775
"Birmingham",2019,"Birmingham_405750_287500",405750,287500,13,12,193420,7450
"Birmingham",2019,"Birmingham_405750_287750",405750,287750,4,4,13375,3125
"Birmingham",2019,"Birmingham_405750_288000",405750,288000,9,9,21685,1475
"Birmingham",2019,"Birmingham_405750_288250",405750,288250,2,2,16300,8150
"Birmingham",2019,"Birmingham_405750_288500",405750,288500,24,24,134050,4600
"Birmingham",2019,"Birmingham_405750_288750",405750,288750,1,1,1825,1825
"Birmingham",2019,"Birmingham_405750_289250",405750,289250,23,22,159500,5100
"Birmingham",2019,"Birmingham_405750_289500",405750,289500,4,4,12775,3025
"Birmingham",2019,"Birmingham_405750_290250",405750,290250,10,9,38450,3950
"Birmingham",2019,"Birmingham_405750_290500",405750,290500,1,1,3950,3950
"Birmingham",2019,"Birmingham_405750_293500",405750,293500,1,1,4900,4900
"Birmingham",2019,"Birmingham_405750_294000",405750,294000,1,1,2950,2950
"Birmingham",2019,"Birmingham_405750_294250",405750,294250,3,2,6350,3175
"Birmingham",2019,"Birmingham_405750_294500",405750,294500,1,1,32250,32250
"Birmingham",2019,"Birmingham_406000_279000",406000,279000,3,3,20900,4800
"Birmingham",2019,"Birmingham_406000_280500",406000,280500,2,2,14300,7150
"Birmingham",2019,"Birmingham_406000_280750",406000,280750,1,1,54000,54000
"Birmingham",2019,"Birmingham_406000_283000",406000,283000,1,1,2050,2050
"Birmingham",2019,"Birmingham_406000_283250",406000,283250,1,1,6300,6300
"Birmingham",2019,"Birmingham_406000_285750",406000,285750,1,1,1425,1425
"Birmingham",2019,"Birmingham_406000_286250",406000,286250,2,2,187350,93675
"Birmingham",2019,"Birmingham_406000_286500",406000,286500,52,46,5778525,105500
"Birmingham",2019,"Birmingham_406000_286750",406000,286750,7,6,259650,32500
"Birmingham",2019,"Birmingham_406000_287000",406000,287000,8,8,642050,9625
"Birmingham",2019,"Birmingham_406000_287250",406000,287250,19,16,262560,5500
"Birmingham",2019,"Birmingham_406000_287500",406000,287500,85,81,1200565,12750
"Birmingham",2019,"Birmingham_406000_287750",406000,287750,71,70,745275,6950
"Birmingham",2019,"Birmingham_406000_288000",406000,288000,63,58,377650,5650
"Birmingham",2019,"Birmingham_406000_288250",406000,288250,16,15,162700,7700
"Birmingham",2019,"Birmingham_406000_288750",406000,288750,9,9,39925,4400
"Birmingham",2019,"Birmingham_406000_289000",406000,289000,1,1,2750,2750
"Birmingham",2019,"Birmingham_406000_289250",406000,289250,19,19,129150,7100
"Birmingham",2019,"Birmingham_406000_289500",406000,289500,4,4,40450,8825
"Birmingham",2019,"Birmingham_406000_289750",406000,289750,4,4,20900,5150
"Birmingham",2019,"Birmingham_406000_290000",406000,290000,5,5,25950,3700
"Birmingham",2019,"Birmingham_406000_290250",406000,290250,6,6,26850,4450
"Birmingham",2019,"Birmingham_406000_290500",406000,290500,1,1,7100,7100
"Birmingham",2019,"Birmingham_406000_290750",406000,290750,4,3,11100,3600
"Birmingham",2019,"Birmingham_406000_292250",406000,292250,12,12,105150,6550
"Birmingham",2019,"Birmingham_406000_293250",406000,293250,8,8,31100,3500
"Birmingham",2019,"Birmingham_406000_294500",406000,294500,2,2,2539250,1269625
"Birmingham",2019,"Birmingham_406250_278500",406250,278500,1,1,6700,6700
"Birmingham",2019,"Birmingham_406250_278750",406250,278750,1,1,7800,7800
"Birmingham",2019,"Birmingham_406250_279250",406250,279250,5,5,30950,5700
"Birmingham",2019,"Birmingham_406250_279750",406250,279750,9,9,28425,3050
"Birmingham",2019,"Birmingham_406250_280500",406250,280500,1,1,4350,4350
"Birmingham",2019,"Birmingham_406250_280750",406250,280750,7,7,43000,5000
"Birmingham",2019,"Birmingham_406250_281000",406250,281000,26,24,203700,5550
"Birmingham",2019,"Birmingham_406250_281250",406250,281250,1,1,8800,8800
"Birmingham",2019,"Birmingham_406250_282000",406250,282000,7,7,69950,5900
"Birmingham",2019,"Birmingham_406250_284000",406250,284000,1,1,226000,226000
"Birmingham",2019,"Birmingham_406250_284250",406250,284250,9,8,67650,7100
"Birmingham",2019,"Birmingham_406250_284750",406250,284750,1,1,6500,6500
"Birmingham",2019,"Birmingham_406250_285250",406250,285250,2,1,112000,112000
"Birmingham",2019,"Birmingham_406250_285750",406250,285750,1,1,22500,22500
"Birmingham",2019,"Birmingham_406250_286000",406250,286000,2,2,99250,49625
"Birmingham",2019,"Birmingham_406250_286250",406250,286250,40,39,3078750,57500
"Birmingham",2019,"Birmingham_406250_286500",406250,286500,3,3,99750,23500
"Birmingham",2019,"Birmingham_406250_286750",406250,286750,1,1,60000,60000
"Birmingham",2019,"Birmingham_406250_287000",406250,287000,9,8,286550,42250
"Birmingham",2019,"Birmingham_406250_287250",406250,287250,17,14,263750,13375
"Birmingham",2019,"Birmingham_406250_287500",406250,287500,25,25,162200,6900
"Birmingham",2019,"Birmingham_406250_287750",406250,287750,40,37,520275,7100
"Birmingham",2019,"Birmingham_406250_288000",406250,288000,16,14,337550,10575
"Birmingham",2019,"Birmingham_406250_289000",406250,289000,3,3,5550,2300
"Birmingham",2019,"Birmingham_406250_289250",406250,289250,45,45,478950,9100
"Birmingham",2019,"Birmingham_406250_289500",406250,289500,2,2,57950,28975
"Birmingham",2019,"Birmingham_406250_289750",406250,289750,3,3,17100,4050
"Birmingham",2019,"Birmingham_406250_290000",406250,290000,8,8,59000,4175
"Birmingham",2019,"Birmingham_406250_290250",406250,290250,1,1,3600,3600
"Birmingham",2019,"Birmingham_406250_290750",406250,290750,1,1,13250,13250
"Birmingham",2019,"Birmingham_406250_291000",406250,291000,1,1,14000,14000
"Birmingham",2019,"Birmingham_406250_293000",406250,293000,9,9,67100,6500
"Birmingham",2019,"Birmingham_406250_294750",406250,294750,5,5,26475,4950
"Birmingham",2019,"Birmingham_406500_285000",406500,285000,3,3,31900,12750
"Birmingham",2019,"Birmingham_406500_285250",406500,285250,2,2,10150,5075
"Birmingham",2019,"Birmingham_406500_286000",406500,286000,14,12,182060,9300
"Birmingham",2019,"Birmingham_406500_286250",406500,286250,14,14,1424050,26875
"Birmingham",2019,"Birmingham_406500_286500",406500,286500,36,31,1076000,23000
"Birmingham",2019,"Birmingham_406500_286750",406500,286750,10,10,405550,30750
"Birmingham",2019,"Birmingham_406500_287000",406500,287000,65,56,472870,1562.5
"Birmingham",2019,"Birmingham_406500_287250",406500,287250,11,9,411800,27500
"Birmingham",2019,"Birmingham_406500_287500",406500,287500,24,21,203000,7300
"Birmingham",2019,"Birmingham_406500_287750",406500,287750,5,4,15850,3925
"Birmingham",2019,"Birmingham_406500_288000",406500,288000,11,11,56925,4400
"Birmingham",2019,"Birmingham_406500_288750",406500,288750,11,10,44000,3950
"Birmingham",2019,"Birmingham_406500_289000",406500,289000,1,1,2300,2300
"Birmingham",2019,"Birmingham_406500_289250",406500,289250,27,26,274275,7550
"Birmingham",2019,"Birmingham_406500_289500",406500,289500,4,4,39750,8150
"Birmingham",2019,"Birmingham_406500_289750",406500,289750,17,17,208250,9300
"Birmingham",2019,"Birmingham_406500_290750",406500,290750,32,30,190400,5550
"Birmingham",2019,"Birmingham_406500_291000",406500,291000,73,64,1209975,8300
"Birmingham",2019,"Birmingham_406500_291750",406500,291750,11,11,135650,8800
"Birmingham",2019,"Birmingham_406500_293000",406500,293000,9,9,188300,5000
"Birmingham",2019,"Birmingham_406500_293250",406500,293250,6,6,27250,4550
"Birmingham",2019,"Birmingham_406500_293750",406500,293750,6,5,38325,7000
"Birmingham",2019,"Birmingham_406500_294000",406500,294000,6,5,41400,8300
"Birmingham",2019,"Birmingham_406500_295000",406500,295000,4,4,20500,5050
"Birmingham",2019,"Birmingham_406750_278500",406750,278500,6,6,30775,3925
"Birmingham",2019,"Birmingham_406750_279500",406750,279500,3,3,24850,8600
"Birmingham",2019,"Birmingham_406750_280000",406750,280000,8,8,37450,4675
"Birmingham",2019,"Birmingham_406750_281000",406750,281000,2,2,104550,52275
"Birmingham",2019,"Birmingham_406750_281750",406750,281750,6,6,24975,3175
"Birmingham",2019,"Birmingham_406750_285000",406750,285000,4,4,37000,8950
"Birmingham",2019,"Birmingham_406750_285250",406750,285250,1,1,10750,10750
"Birmingham",2019,"Birmingham_406750_285500",406750,285500,3,3,338750,39250
"Birmingham",2019,"Birmingham_406750_285750",406750,285750,17,14,101500,6900
"Birmingham",2019,"Birmingham_406750_286000",406750,286000,24,22,391850,17750
"Birmingham",2019,"Birmingham_406750_286250",406750,286250,65,64,2088975,17125
"Birmingham",2019,"Birmingham_406750_286500",406750,286500,111,102,8842100,39375
"Birmingham",2019,"Birmingham_406750_286750",406750,286750,180,173,11740580,49000
"Birmingham",2019,"Birmingham_406750_287000",406750,287000,46,44,1989380,33750
"Birmingham",2019,"Birmingham_406750_287250",406750,287250,10,8,152950,22000
"Birmingham",2019,"Birmingham_406750_287500",406750,287500,14,13,137000,8000
"Birmingham",2019,"Birmingham_406750_287750",406750,287750,9,9,64650,6000
"Birmingham",2019,"Birmingham_406750_288000",406750,288000,5,5,15125,2800
"Birmingham",2019,"Birmingham_406750_288250",406750,288250,2,2,14500,7250
"Birmingham",2019,"Birmingham_406750_288500",406750,288500,2,2,7500,3750
"Birmingham",2019,"Birmingham_406750_289250",406750,289250,10,7,80035,6900
"Birmingham",2019,"Birmingham_406750_289500",406750,289500,21,21,143850,6200
"Birmingham",2019,"Birmingham_406750_289750",406750,289750,1,1,11750,11750
"Birmingham",2019,"Birmingham_406750_290500",406750,290500,22,19,186950,6200
"Birmingham",2019,"Birmingham_406750_290750",406750,290750,29,29,187850,5000
"Birmingham",2019,"Birmingham_406750_291250",406750,291250,55,50,5637175,68000
"Birmingham",2019,"Birmingham_406750_293500",406750,293500,1,1,6900,6900
"Birmingham",2019,"Birmingham_406750_294500",406750,294500,2,2,14000,7000
"Birmingham",2019,"Birmingham_406750_294750",406750,294750,1,1,4800,4800
"Birmingham",2019,"Birmingham_407000_278250",407000,278250,1,1,7300,7300
"Birmingham",2019,"Birmingham_407000_279000",407000,279000,1,1,3000,3000
"Birmingham",2019,"Birmingham_407000_281250",407000,281250,1,1,5100,5100
"Birmingham",2019,"Birmingham_407000_281500",407000,281500,3,3,35075,9600
"Birmingham",2019,"Birmingham_407000_281750",407000,281750,16,15,367500,4950
"Birmingham",2019,"Birmingham_407000_282000",407000,282000,2,2,12600,6300
"Birmingham",2019,"Birmingham_407000_284250",407000,284250,23,21,104595,4000
"Birmingham",2019,"Birmingham_407000_284500",407000,284500,5,5,27400,4650
"Birmingham",2019,"Birmingham_407000_285500",407000,285500,1,1,3600,3600
"Birmingham",2019,"Birmingham_407000_285750",407000,285750,5,5,45700,8700
"Birmingham",2019,"Birmingham_407000_286000",407000,286000,29,28,748850,21000
"Birmingham",2019,"Birmingham_407000_286250",407000,286250,81,74,2455200,23000
"Birmingham",2019,"Birmingham_407000_286500",407000,286500,276,242,37432000,100500
"Birmingham",2019,"Birmingham_407000_286750",407000,286750,157,136,20945176,80000
"Birmingham",2019,"Birmingham_407000_287000",407000,287000,107,104,5278070,21625
"Birmingham",2019,"Birmingham_407000_287250",407000,287250,12,12,202200,6800
"Birmingham",2019,"Birmingham_407000_287500",407000,287500,7,7,50435,8000
"Birmingham",2019,"Birmingham_407000_287750",407000,287750,7,6,86750,10150
"Birmingham",2019,"Birmingham_407000_288000",407000,288000,14,12,73470,2650
"Birmingham",2019,"Birmingham_407000_288250",407000,288250,3,3,112800,10500
"Birmingham",2019,"Birmingham_407000_288500",407000,288500,2,2,15000,7500
"Birmingham",2019,"Birmingham_407000_288750",407000,288750,20,20,385100,10200
"Birmingham",2019,"Birmingham_407000_289000",407000,289000,1,1,1375,1375
"Birmingham",2019,"Birmingham_407000_289250",407000,289250,7,6,32500,5150
"Birmingham",2019,"Birmingham_407000_289500",407000,289500,1,1,13750,13750
"Birmingham",2019,"Birmingham_407000_289750",407000,289750,3,3,29650,8100
"Birmingham",2019,"Birmingham_407000_290000",407000,290000,1,1,7000,7000
"Birmingham",2019,"Birmingham_407000_290750",407000,290750,1,1,9300,9300
"Birmingham",2019,"Birmingham_407000_291000",407000,291000,1,1,12250,12250
"Birmingham",2019,"Birmingham_407000_291250",407000,291250,2,2,18200,9100
"Birmingham",2019,"Birmingham_407000_291500",407000,291500,1,1,11250,11250
"Birmingham",2019,"Birmingham_407000_291750",407000,291750,1,1,11000,11000
"Birmingham",2019,"Birmingham_407000_292000",407000,292000,5,5,197200,4800
"Birmingham",2019,"Birmingham_407000_292500",407000,292500,1,1,60000,60000
"Birmingham",2019,"Birmingham_407000_292750",407000,292750,3,3,10210,3000
"Birmingham",2019,"Birmingham_407000_293250",407000,293250,11,10,54050,5900
"Birmingham",2019,"Birmingham_407000_293500",407000,293500,1,1,60000,60000
"Birmingham",2019,"Birmingham_407000_293750",407000,293750,4,4,21100,5300
"Birmingham",2019,"Birmingham_407000_294000",407000,294000,1,1,10250,10250
"Birmingham",2019,"Birmingham_407000_294500",407000,294500,3,3,11150,3500
"Birmingham",2019,"Birmingham_407000_294750",407000,294750,5,5,46730,6200
"Birmingham",2019,"Birmingham_407000_295750",407000,295750,6,6,61600,7500
"Birmingham",2019,"Birmingham_407250_278500",407250,278500,1,0,NA,NA
"Birmingham",2019,"Birmingham_407250_278750",407250,278750,2,1,4750,4750
"Birmingham",2019,"Birmingham_407250_280250",407250,280250,19,19,303600,5700
"Birmingham",2019,"Birmingham_407250_280500",407250,280500,7,7,43050,5200
"Birmingham",2019,"Birmingham_407250_281000",407250,281000,1,1,12750,12750
"Birmingham",2019,"Birmingham_407250_281250",407250,281250,14,14,702650,15000
"Birmingham",2019,"Birmingham_407250_281500",407250,281500,45,42,1091300,20000
"Birmingham",2019,"Birmingham_407250_281750",407250,281750,113,109,2720950,14000
"Birmingham",2019,"Birmingham_407250_282000",407250,282000,63,63,1082550,8800
"Birmingham",2019,"Birmingham_407250_283000",407250,283000,1,1,1075,1075
"Birmingham",2019,"Birmingham_407250_283250",407250,283250,1,1,1750,1750
"Birmingham",2019,"Birmingham_407250_284000",407250,284000,7,7,39500,5800
"Birmingham",2019,"Birmingham_407250_284250",407250,284250,16,16,73985,3950
"Birmingham",2019,"Birmingham_407250_285250",407250,285250,18,18,168700,7600
"Birmingham",2019,"Birmingham_407250_285500",407250,285500,16,15,278325,6100
"Birmingham",2019,"Birmingham_407250_285750",407250,285750,9,9,64650,2500
"Birmingham",2019,"Birmingham_407250_286000",407250,286000,12,10,80440,4800
"Birmingham",2019,"Birmingham_407250_286250",407250,286250,189,170,1504938,4550
"Birmingham",2019,"Birmingham_407250_286500",407250,286500,45,42,11027325,99500
"Birmingham",2019,"Birmingham_407250_286750",407250,286750,80,40,4532025,16500
"Birmingham",2019,"Birmingham_407250_287000",407250,287000,85,82,2818260,19875
"Birmingham",2019,"Birmingham_407250_287250",407250,287250,39,38,534925,10500
"Birmingham",2019,"Birmingham_407250_287500",407250,287500,3,1,42000,42000
"Birmingham",2019,"Birmingham_407250_287750",407250,287750,2,2,53750,26875
"Birmingham",2019,"Birmingham_407250_288000",407250,288000,2,2,511975,255987.5
"Birmingham",2019,"Birmingham_407250_288250",407250,288250,1,0,NA,NA
"Birmingham",2019,"Birmingham_407250_288500",407250,288500,9,9,984800,31500
"Birmingham",2019,"Birmingham_407250_288750",407250,288750,2,2,69400,34700
"Birmingham",2019,"Birmingham_407250_289000",407250,289000,1,1,8700,8700
"Birmingham",2019,"Birmingham_407250_289250",407250,289250,1,1,10500,10500
"Birmingham",2019,"Birmingham_407250_289500",407250,289500,8,7,42750,4550
"Birmingham",2019,"Birmingham_407250_289750",407250,289750,23,23,132400,5200
"Birmingham",2019,"Birmingham_407250_290000",407250,290000,8,8,65050,6850
"Birmingham",2019,"Birmingham_407250_290250",407250,290250,7,7,35775,4100
"Birmingham",2019,"Birmingham_407250_290500",407250,290500,4,4,17250,3500
"Birmingham",2019,"Birmingham_407250_291250",407250,291250,1,1,7000,7000
"Birmingham",2019,"Birmingham_407250_292000",407250,292000,1,1,460000,460000
"Birmingham",2019,"Birmingham_407250_292250",407250,292250,2,2,7050,3525
"Birmingham",2019,"Birmingham_407250_292500",407250,292500,3,2,194500,97250
"Birmingham",2019,"Birmingham_407250_292750",407250,292750,3,3,11450,3750
"Birmingham",2019,"Birmingham_407250_293000",407250,293000,3,3,10690,4950
"Birmingham",2019,"Birmingham_407250_293250",407250,293250,3,3,18400,5900
"Birmingham",2019,"Birmingham_407250_293500",407250,293500,2,2,11650,5825
"Birmingham",2019,"Birmingham_407250_294000",407250,294000,1,1,24000,24000
"Birmingham",2019,"Birmingham_407250_295000",407250,295000,1,1,6500,6500
"Birmingham",2019,"Birmingham_407250_295500",407250,295500,11,10,47250,3850
"Birmingham",2019,"Birmingham_407250_295750",407250,295750,1,1,45000,45000
"Birmingham",2019,"Birmingham_407500_278500",407500,278500,1,1,55000,55000
"Birmingham",2019,"Birmingham_407500_278750",407500,278750,6,5,28400,3700
"Birmingham",2019,"Birmingham_407500_279500",407500,279500,1,1,1000,1000
"Birmingham",2019,"Birmingham_407500_280250",407500,280250,1,1,4000,4000
"Birmingham",2019,"Birmingham_407500_281000",407500,281000,3,3,21900,3800
"Birmingham",2019,"Birmingham_407500_281250",407500,281250,3,3,39750,9900
"Birmingham",2019,"Birmingham_407500_281500",407500,281500,6,5,32900,4850
"Birmingham",2019,"Birmingham_407500_281750",407500,281750,13,12,183125,8450
"Birmingham",2019,"Birmingham_407500_282000",407500,282000,10,9,53950,6300
"Birmingham",2019,"Birmingham_407500_282250",407500,282250,2,2,17500,8750
"Birmingham",2019,"Birmingham_407500_282750",407500,282750,3,3,144250,13000
"Birmingham",2019,"Birmingham_407500_283000",407500,283000,39,35,793350,16750
"Birmingham",2019,"Birmingham_407500_283250",407500,283250,18,17,450500,8300
"Birmingham",2019,"Birmingham_407500_283500",407500,283500,3,3,129650,10250
"Birmingham",2019,"Birmingham_407500_283750",407500,283750,1,1,2275,2275
"Birmingham",2019,"Birmingham_407500_284000",407500,284000,4,2,14900,7450
"Birmingham",2019,"Birmingham_407500_284250",407500,284250,3,2,11200,5600
"Birmingham",2019,"Birmingham_407500_284500",407500,284500,1,1,13000,13000
"Birmingham",2019,"Birmingham_407500_285000",407500,285000,3,2,61250,30625
"Birmingham",2019,"Birmingham_407500_285250",407500,285250,7,7,43000,7300
"Birmingham",2019,"Birmingham_407500_285500",407500,285500,6,5,26950,3250
"Birmingham",2019,"Birmingham_407500_285750",407500,285750,6,4,40550,11425
"Birmingham",2019,"Birmingham_407500_286000",407500,286000,5,5,64600,7900
"Birmingham",2019,"Birmingham_407500_286250",407500,286250,33,30,457850,12000
"Birmingham",2019,"Birmingham_407500_286500",407500,286500,11,10,144450,11625
"Birmingham",2019,"Birmingham_407500_286750",407500,286750,6,5,48150,6500
"Birmingham",2019,"Birmingham_407500_287000",407500,287000,9,8,192200,20750
"Birmingham",2019,"Birmingham_407500_287500",407500,287500,9,8,199100,13625
"Birmingham",2019,"Birmingham_407500_287750",407500,287750,2,2,126250,63125
"Birmingham",2019,"Birmingham_407500_288000",407500,288000,1,1,5400,5400
"Birmingham",2019,"Birmingham_407500_288500",407500,288500,26,26,94150,2437.5
"Birmingham",2019,"Birmingham_407500_288750",407500,288750,1,1,9300,9300
"Birmingham",2019,"Birmingham_407500_289250",407500,289250,3,3,22800,5700
"Birmingham",2019,"Birmingham_407500_289500",407500,289500,4,4,19375,5075
"Birmingham",2019,"Birmingham_407500_289750",407500,289750,2,2,22500,11250
"Birmingham",2019,"Birmingham_407500_290000",407500,290000,43,40,253200,4500
"Birmingham",2019,"Birmingham_407500_290250",407500,290250,12,11,60000,4900
"Birmingham",2019,"Birmingham_407500_290500",407500,290500,6,6,19235,2900
"Birmingham",2019,"Birmingham_407500_292500",407500,292500,1,1,11500,11500
"Birmingham",2019,"Birmingham_407500_293000",407500,293000,12,11,126400,6400
"Birmingham",2019,"Birmingham_407500_295000",407500,295000,5,5,23100,5000
"Birmingham",2019,"Birmingham_407750_278250",407750,278250,2,2,1669300,834650
"Birmingham",2019,"Birmingham_407750_278500",407750,278500,27,25,440050,7100
"Birmingham",2019,"Birmingham_407750_278750",407750,278750,1,1,10000,10000
"Birmingham",2019,"Birmingham_407750_279000",407750,279000,10,10,91000,7500
"Birmingham",2019,"Birmingham_407750_279250",407750,279250,10,9,62950,6900
"Birmingham",2019,"Birmingham_407750_279500",407750,279500,1,1,20000,20000
"Birmingham",2019,"Birmingham_407750_281250",407750,281250,2,2,6575,3287.5
"Birmingham",2019,"Birmingham_407750_281750",407750,281750,1,1,5100,5100
"Birmingham",2019,"Birmingham_407750_283000",407750,283000,39,39,803500,11500
"Birmingham",2019,"Birmingham_407750_283250",407750,283250,20,18,223300,7750
"Birmingham",2019,"Birmingham_407750_283750",407750,283750,2,2,13650,6825
"Birmingham",2019,"Birmingham_407750_284000",407750,284000,24,23,478910,6000
"Birmingham",2019,"Birmingham_407750_284250",407750,284250,23,20,150600,6100
"Birmingham",2019,"Birmingham_407750_284500",407750,284500,31,23,275650,4950
"Birmingham",2019,"Birmingham_407750_284750",407750,284750,4,4,118150,19625
"Birmingham",2019,"Birmingham_407750_285000",407750,285000,3,2,515500,257750
"Birmingham",2019,"Birmingham_407750_285250",407750,285250,3,3,68450,10750
"Birmingham",2019,"Birmingham_407750_285500",407750,285500,2,1,12000,12000
"Birmingham",2019,"Birmingham_407750_285750",407750,285750,4,4,32200,5700
"Birmingham",2019,"Birmingham_407750_286000",407750,286000,6,5,133950,16500
"Birmingham",2019,"Birmingham_407750_286250",407750,286250,58,50,490450,7000
"Birmingham",2019,"Birmingham_407750_286500",407750,286500,5,5,21800,2300
"Birmingham",2019,"Birmingham_407750_286750",407750,286750,5,5,100800,14500
"Birmingham",2019,"Birmingham_407750_287000",407750,287000,2,2,34750,17375
"Birmingham",2019,"Birmingham_407750_287500",407750,287500,1,1,12000,12000
"Birmingham",2019,"Birmingham_407750_287750",407750,287750,1,1,27000,27000
"Birmingham",2019,"Birmingham_407750_288250",407750,288250,16,16,24105,1100
"Birmingham",2019,"Birmingham_407750_288500",407750,288500,2,2,44250,22125
"Birmingham",2019,"Birmingham_407750_289250",407750,289250,1,1,16250,16250
"Birmingham",2019,"Birmingham_407750_290250",407750,290250,16,16,95425,4950
"Birmingham",2019,"Birmingham_407750_290500",407750,290500,12,11,1632250,6800
"Birmingham",2019,"Birmingham_407750_292000",407750,292000,1,1,5300,5300
"Birmingham",2019,"Birmingham_407750_293250",407750,293250,1,1,5400,5400
"Birmingham",2019,"Birmingham_407750_293500",407750,293500,39,36,391075,9950
"Birmingham",2019,"Birmingham_407750_293750",407750,293750,20,20,208350,8950
"Birmingham",2019,"Birmingham_407750_294000",407750,294000,10,10,41000,3975
"Birmingham",2019,"Birmingham_407750_294250",407750,294250,5,5,33525,4550
"Birmingham",2019,"Birmingham_407750_294500",407750,294500,1,1,6800,6800
"Birmingham",2019,"Birmingham_407750_294750",407750,294750,14,13,188700,10500
"Birmingham",2019,"Birmingham_407750_295000",407750,295000,36,35,442600,10500
"Birmingham",2019,"Birmingham_407750_295250",407750,295250,3,3,14600,5300
"Birmingham",2019,"Birmingham_407750_295500",407750,295500,4,4,24650,5450
"Birmingham",2019,"Birmingham_408000_282000",408000,282000,3,3,22300,6600
"Birmingham",2019,"Birmingham_408000_282250",408000,282250,1,1,4000,4000
"Birmingham",2019,"Birmingham_408000_283000",408000,283000,1,1,12750,12750
"Birmingham",2019,"Birmingham_408000_283500",408000,283500,2,2,16600,8300
"Birmingham",2019,"Birmingham_408000_284000",408000,284000,7,7,82150,5700
"Birmingham",2019,"Birmingham_408000_284250",408000,284250,4,4,33950,8150
"Birmingham",2019,"Birmingham_408000_284500",408000,284500,3,3,13850,5200
"Birmingham",2019,"Birmingham_408000_284750",408000,284750,3,2,19450,9725
"Birmingham",2019,"Birmingham_408000_285000",408000,285000,8,6,57900,8600
"Birmingham",2019,"Birmingham_408000_285250",408000,285250,6,6,972700,144000
"Birmingham",2019,"Birmingham_408000_285500",408000,285500,3,2,15300,7650
"Birmingham",2019,"Birmingham_408000_285750",408000,285750,7,6,154800,27250
"Birmingham",2019,"Birmingham_408000_286000",408000,286000,7,5,32310,7500
"Birmingham",2019,"Birmingham_408000_286250",408000,286250,14,14,205600,7250
"Birmingham",2019,"Birmingham_408000_286500",408000,286500,20,20,31117,875
"Birmingham",2019,"Birmingham_408000_286750",408000,286750,1,1,3200,3200
"Birmingham",2019,"Birmingham_408000_287250",408000,287250,1,1,20000,20000
"Birmingham",2019,"Birmingham_408000_287500",408000,287500,2,0,NA,NA
"Birmingham",2019,"Birmingham_408000_287750",408000,287750,2,2,94600,47300
"Birmingham",2019,"Birmingham_408000_288000",408000,288000,1,1,2300,2300
"Birmingham",2019,"Birmingham_408000_288500",408000,288500,2,2,16750,8375
"Birmingham",2019,"Birmingham_408000_288750",408000,288750,9,8,351750,11100
"Birmingham",2019,"Birmingham_408000_289000",408000,289000,6,5,305000,6600
"Birmingham",2019,"Birmingham_408000_289750",408000,289750,2,2,60000,30000
"Birmingham",2019,"Birmingham_408000_290000",408000,290000,1,1,5000,5000
"Birmingham",2019,"Birmingham_408000_290500",408000,290500,14,13,62100,4400
"Birmingham",2019,"Birmingham_408000_290750",408000,290750,1,1,18000,18000
"Birmingham",2019,"Birmingham_408000_291750",408000,291750,1,1,15250,15250
"Birmingham",2019,"Birmingham_408000_293250",408000,293250,15,15,104900,6900
"Birmingham",2019,"Birmingham_408000_293500",408000,293500,1,1,8700,8700
"Birmingham",2019,"Birmingham_408000_295000",408000,295000,21,20,263350,9950
"Birmingham",2019,"Birmingham_408000_296000",408000,296000,7,7,54600,8200
"Birmingham",2019,"Birmingham_408250_278500",408250,278500,7,7,38950,5200
"Birmingham",2019,"Birmingham_408250_278750",408250,278750,5,5,31800,6900
"Birmingham",2019,"Birmingham_408250_279500",408250,279500,1,1,16750,16750
"Birmingham",2019,"Birmingham_408250_280250",408250,280250,13,13,87800,6600
"Birmingham",2019,"Birmingham_408250_280500",408250,280500,11,10,69100,5350
"Birmingham",2019,"Birmingham_408250_281500",408250,281500,1,1,127000,127000
"Birmingham",2019,"Birmingham_408250_283750",408250,283750,75,69,507085,5900
"Birmingham",2019,"Birmingham_408250_284000",408250,284000,15,13,176950,10500
"Birmingham",2019,"Birmingham_408250_284250",408250,284250,76,68,636470,7650
"Birmingham",2019,"Birmingham_408250_284500",408250,284500,18,16,161150,6800
"Birmingham",2019,"Birmingham_408250_284750",408250,284750,1,1,6000,6000
"Birmingham",2019,"Birmingham_408250_285000",408250,285000,49,43,266900,5700
"Birmingham",2019,"Birmingham_408250_285250",408250,285250,43,42,248100,5100
"Birmingham",2019,"Birmingham_408250_285750",408250,285750,3,2,37100,18550
"Birmingham",2019,"Birmingham_408250_286000",408250,286000,27,26,478450,4450
"Birmingham",2019,"Birmingham_408250_286250",408250,286250,2,2,17400,8700
"Birmingham",2019,"Birmingham_408250_286500",408250,286500,7,6,176100,25500
"Birmingham",2019,"Birmingham_408250_286750",408250,286750,3,3,798500,307500
"Birmingham",2019,"Birmingham_408250_287250",408250,287250,6,6,42800,8100
"Birmingham",2019,"Birmingham_408250_288250",408250,288250,6,6,59600,7350
"Birmingham",2019,"Birmingham_408250_288500",408250,288500,4,3,30700,9000
"Birmingham",2019,"Birmingham_408250_288750",408250,288750,1,1,26500,26500
"Birmingham",2019,"Birmingham_408250_289000",408250,289000,4,4,18000,4100
"Birmingham",2019,"Birmingham_408250_290250",408250,290250,5,5,15220,3300
"Birmingham",2019,"Birmingham_408250_290750",408250,290750,3,3,15550,5200
"Birmingham",2019,"Birmingham_408250_292750",408250,292750,7,7,145500,3300
"Birmingham",2019,"Birmingham_408250_293250",408250,293250,21,21,164340,4750
"Birmingham",2019,"Birmingham_408250_293750",408250,293750,10,10,99675,5400
"Birmingham",2019,"Birmingham_408250_296000",408250,296000,3,3,22700,7300
"Birmingham",2019,"Birmingham_408250_296250",408250,296250,3,3,305325,126000
"Birmingham",2019,"Birmingham_408500_280000",408500,280000,1,1,3000,3000
"Birmingham",2019,"Birmingham_408500_280250",408500,280250,4,4,28150,5550
"Birmingham",2019,"Birmingham_408500_281250",408500,281250,1,1,4300,4300
"Birmingham",2019,"Birmingham_408500_283500",408500,283500,1,1,5100,5100
"Birmingham",2019,"Birmingham_408500_283750",408500,283750,16,14,68825,5000
"Birmingham",2019,"Birmingham_408500_284000",408500,284000,18,18,123000,5150
"Birmingham",2019,"Birmingham_408500_284250",408500,284250,34,31,227800,5400
"Birmingham",2019,"Birmingham_408500_284500",408500,284500,30,29,389170,7100
"Birmingham",2019,"Birmingham_408500_284750",408500,284750,5,5,132450,10000
"Birmingham",2019,"Birmingham_408500_285000",408500,285000,11,10,69750,5800
"Birmingham",2019,"Birmingham_408500_285250",408500,285250,1,1,5700,5700
"Birmingham",2019,"Birmingham_408500_285750",408500,285750,11,11,54250,4100
"Birmingham",2019,"Birmingham_408500_286000",408500,286000,1,1,112000,112000
"Birmingham",2019,"Birmingham_408500_286250",408500,286250,5,3,6775,2475
"Birmingham",2019,"Birmingham_408500_286500",408500,286500,1,1,78000,78000
"Birmingham",2019,"Birmingham_408500_286750",408500,286750,6,6,139725,7000
"Birmingham",2019,"Birmingham_408500_287250",408500,287250,4,4,43250,10100
"Birmingham",2019,"Birmingham_408500_287500",408500,287500,21,21,110800,4450
"Birmingham",2019,"Birmingham_408500_289000",408500,289000,3,3,12000,1475
"Birmingham",2019,"Birmingham_408500_289250",408500,289250,8,6,41150,5900
"Birmingham",2019,"Birmingham_408500_289750",408500,289750,2,2,29050,14525
"Birmingham",2019,"Birmingham_408500_290250",408500,290250,10,9,138225,7000
"Birmingham",2019,"Birmingham_408500_290500",408500,290500,1,1,4750,4750
"Birmingham",2019,"Birmingham_408500_290750",408500,290750,3,3,14250,4850
"Birmingham",2019,"Birmingham_408500_291500",408500,291500,6,6,55850,5700
"Birmingham",2019,"Birmingham_408500_292500",408500,292500,1,1,4000,4000
"Birmingham",2019,"Birmingham_408500_293000",408500,293000,20,20,425500,5500
"Birmingham",2019,"Birmingham_408500_294250",408500,294250,1,1,6500,6500
"Birmingham",2019,"Birmingham_408500_294500",408500,294500,2,2,7550,3775
"Birmingham",2019,"Birmingham_408500_294750",408500,294750,12,12,75050,6400
"Birmingham",2019,"Birmingham_408500_295500",408500,295500,4,4,32200,6450
"Birmingham",2019,"Birmingham_408750_279250",408750,279250,1,1,8600,8600
"Birmingham",2019,"Birmingham_408750_279500",408750,279500,25,25,360800,9600
"Birmingham",2019,"Birmingham_408750_279750",408750,279750,1,1,13250,13250
"Birmingham",2019,"Birmingham_408750_280250",408750,280250,1,1,9900,9900
"Birmingham",2019,"Birmingham_408750_280500",408750,280500,1,1,28250,28250
"Birmingham",2019,"Birmingham_408750_280750",408750,280750,10,10,62775,5500
"Birmingham",2019,"Birmingham_408750_281000",408750,281000,12,12,95175,6500
"Birmingham",2019,"Birmingham_408750_282250",408750,282250,2,2,54150,27075
"Birmingham",2019,"Birmingham_408750_283000",408750,283000,2,2,8900,4450
"Birmingham",2019,"Birmingham_408750_284000",408750,284000,6,4,29500,7350
"Birmingham",2019,"Birmingham_408750_284250",408750,284250,66,60,746800,12000
"Birmingham",2019,"Birmingham_408750_284500",408750,284500,42,35,365200,9500
"Birmingham",2019,"Birmingham_408750_284750",408750,284750,1,1,29250,29250
"Birmingham",2019,"Birmingham_408750_285250",408750,285250,1,1,4000,4000
"Birmingham",2019,"Birmingham_408750_285750",408750,285750,1,1,184000,184000
"Birmingham",2019,"Birmingham_408750_286500",408750,286500,3,3,22600,5800
"Birmingham",2019,"Birmingham_408750_286750",408750,286750,2,2,10550,5275
"Birmingham",2019,"Birmingham_408750_287500",408750,287500,1,1,245,245
"Birmingham",2019,"Birmingham_408750_287750",408750,287750,6,6,27400,4525
"Birmingham",2019,"Birmingham_408750_288000",408750,288000,1,1,2250,2250
"Birmingham",2019,"Birmingham_408750_288250",408750,288250,5,5,35250,5200
"Birmingham",2019,"Birmingham_408750_288500",408750,288500,4,4,67200,8500
"Birmingham",2019,"Birmingham_408750_288750",408750,288750,9,9,162500,8600
"Birmingham",2019,"Birmingham_408750_289500",408750,289500,7,7,40100,4050
"Birmingham",2019,"Birmingham_408750_289750",408750,289750,3,1,12250,12250
"Birmingham",2019,"Birmingham_408750_291500",408750,291500,5,5,29750,5600
"Birmingham",2019,"Birmingham_408750_291750",408750,291750,1,0,NA,NA
"Birmingham",2019,"Birmingham_408750_293500",408750,293500,13,13,89100,6200
"Birmingham",2019,"Birmingham_408750_293750",408750,293750,2,2,123250,61625
"Birmingham",2019,"Birmingham_409000_279000",409000,279000,9,8,32500,4375
"Birmingham",2019,"Birmingham_409000_279250",409000,279250,8,8,125900,5625
"Birmingham",2019,"Birmingham_409000_279500",409000,279500,1,1,21000,21000
"Birmingham",2019,"Birmingham_409000_281750",409000,281750,1,1,1800,1800
"Birmingham",2019,"Birmingham_409000_283500",409000,283500,11,11,55700,4400
"Birmingham",2019,"Birmingham_409000_283750",409000,283750,81,79,693650,8300
"Birmingham",2019,"Birmingham_409000_284000",409000,284000,53,51,679400,9700
"Birmingham",2019,"Birmingham_409000_284250",409000,284250,28,27,255725,9800
"Birmingham",2019,"Birmingham_409000_284500",409000,284500,22,21,105075,5200
"Birmingham",2019,"Birmingham_409000_284750",409000,284750,9,8,46525,5250
"Birmingham",2019,"Birmingham_409000_285250",409000,285250,1,0,NA,NA
"Birmingham",2019,"Birmingham_409000_285500",409000,285500,1,1,7200,7200
"Birmingham",2019,"Birmingham_409000_285750",409000,285750,25,25,107425,2800
"Birmingham",2019,"Birmingham_409000_286000",409000,286000,2,2,76750,38375
"Birmingham",2019,"Birmingham_409000_286250",409000,286250,10,10,2436500,106000
"Birmingham",2019,"Birmingham_409000_286500",409000,286500,1,1,21000,21000
"Birmingham",2019,"Birmingham_409000_287000",409000,287000,2,2,7300,3650
"Birmingham",2019,"Birmingham_409000_288250",409000,288250,4,4,29000,7300
"Birmingham",2019,"Birmingham_409000_288750",409000,288750,5,5,31700,5800
"Birmingham",2019,"Birmingham_409000_289000",409000,289000,3,3,23100,8000
"Birmingham",2019,"Birmingham_409000_289250",409000,289250,1,1,8900,8900
"Birmingham",2019,"Birmingham_409000_289500",409000,289500,8,6,35025,4450
"Birmingham",2019,"Birmingham_409000_289750",409000,289750,5,4,34800,6050
"Birmingham",2019,"Birmingham_409000_293000",409000,293000,13,13,92500,6200
"Birmingham",2019,"Birmingham_409000_293250",409000,293250,1,1,26250,26250
"Birmingham",2019,"Birmingham_409000_293750",409000,293750,9,7,38500,4550
"Birmingham",2019,"Birmingham_409000_294000",409000,294000,1,1,4950,4950
"Birmingham",2019,"Birmingham_409000_294500",409000,294500,1,1,7000,7000
"Birmingham",2019,"Birmingham_409250_279500",409250,279500,3,3,26300,7000
"Birmingham",2019,"Birmingham_409250_279750",409250,279750,4,3,14600,4250
"Birmingham",2019,"Birmingham_409250_280250",409250,280250,2,2,9800,4900
"Birmingham",2019,"Birmingham_409250_280500",409250,280500,5,5,46350,7500
"Birmingham",2019,"Birmingham_409250_283000",409250,283000,6,6,25900,4200
"Birmingham",2019,"Birmingham_409250_283250",409250,283250,8,7,25200,2950
"Birmingham",2019,"Birmingham_409250_283500",409250,283500,9,8,68500,8450
"Birmingham",2019,"Birmingham_409250_283750",409250,283750,29,28,176910,4900
"Birmingham",2019,"Birmingham_409250_284000",409250,284000,2,2,10700,5350
"Birmingham",2019,"Birmingham_409250_284250",409250,284250,7,6,23125,2800
"Birmingham",2019,"Birmingham_409250_284500",409250,284500,6,5,19850,3600
"Birmingham",2019,"Birmingham_409250_284750",409250,284750,15,13,42050,2350
"Birmingham",2019,"Birmingham_409250_285000",409250,285000,4,4,8795,1412.5
"Birmingham",2019,"Birmingham_409250_285250",409250,285250,1,1,28250,28250
"Birmingham",2019,"Birmingham_409250_285500",409250,285500,14,13,93400,7500
"Birmingham",2019,"Birmingham_409250_285750",409250,285750,171,163,1077875,3800
"Birmingham",2019,"Birmingham_409250_286000",409250,286000,35,34,760900,13875
"Birmingham",2019,"Birmingham_409250_286250",409250,286250,1,1,7000,7000
"Birmingham",2019,"Birmingham_409250_286500",409250,286500,2,2,29885,14942.5
"Birmingham",2019,"Birmingham_409250_287250",409250,287250,2,2,22550,11275
"Birmingham",2019,"Birmingham_409250_287500",409250,287500,11,11,22755,1800
"Birmingham",2019,"Birmingham_409250_288000",409250,288000,1,0,NA,NA
"Birmingham",2019,"Birmingham_409250_288750",409250,288750,6,6,10675,1537.5
"Birmingham",2019,"Birmingham_409250_289000",409250,289000,1,1,9400,9400
"Birmingham",2019,"Birmingham_409250_289250",409250,289250,2,2,14800,7400
"Birmingham",2019,"Birmingham_409250_289500",409250,289500,1,1,2500,2500
"Birmingham",2019,"Birmingham_409250_289750",409250,289750,2,2,16600,8300
"Birmingham",2019,"Birmingham_409250_291250",409250,291250,1,1,2600,2600
"Birmingham",2019,"Birmingham_409250_291750",409250,291750,4,4,108400,7750
"Birmingham",2019,"Birmingham_409250_292750",409250,292750,2,2,15700,7850
"Birmingham",2019,"Birmingham_409250_293500",409250,293500,1,1,13250,13250
"Birmingham",2019,"Birmingham_409250_294000",409250,294000,7,7,42300,4750
"Birmingham",2019,"Birmingham_409250_294500",409250,294500,1,1,84500,84500
"Birmingham",2019,"Birmingham_409500_279500",409500,279500,2,2,10700,5350
"Birmingham",2019,"Birmingham_409500_281000",409500,281000,11,9,50000,4950
"Birmingham",2019,"Birmingham_409500_281500",409500,281500,2,2,10900,5450
"Birmingham",2019,"Birmingham_409500_281750",409500,281750,2,2,21450,10725
"Birmingham",2019,"Birmingham_409500_282750",409500,282750,23,23,267000,7300
"Birmingham",2019,"Birmingham_409500_283000",409500,283000,114,110,1518750,10000
"Birmingham",2019,"Birmingham_409500_283250",409500,283250,52,47,321275,6100
"Birmingham",2019,"Birmingham_409500_283500",409500,283500,1,1,3400,3400
"Birmingham",2019,"Birmingham_409500_283750",409500,283750,1,1,14000,14000
"Birmingham",2019,"Birmingham_409500_284000",409500,284000,22,21,349000,5700
"Birmingham",2019,"Birmingham_409500_284250",409500,284250,1,1,4200,4200
"Birmingham",2019,"Birmingham_409500_284500",409500,284500,11,11,70075,4450
"Birmingham",2019,"Birmingham_409500_285250",409500,285250,3,3,26200,5200
"Birmingham",2019,"Birmingham_409500_285500",409500,285500,29,25,204750,8300
"Birmingham",2019,"Birmingham_409500_285750",409500,285750,90,58,704900,7550
"Birmingham",2019,"Birmingham_409500_286000",409500,286000,3,3,11950,3350
"Birmingham",2019,"Birmingham_409500_286250",409500,286250,1,1,12000,12000
"Birmingham",2019,"Birmingham_409500_286500",409500,286500,1,1,3900,3900
"Birmingham",2019,"Birmingham_409500_287250",409500,287250,1,1,7500,7500
"Birmingham",2019,"Birmingham_409500_287750",409500,287750,4,4,68250,16750
"Birmingham",2019,"Birmingham_409500_288000",409500,288000,49,42,619350,12750
"Birmingham",2019,"Birmingham_409500_288500",409500,288500,1,1,8900,8900
"Birmingham",2019,"Birmingham_409500_288750",409500,288750,1,1,9100,9100
"Birmingham",2019,"Birmingham_409500_289500",409500,289500,2,1,5300,5300
"Birmingham",2019,"Birmingham_409500_289750",409500,289750,1,1,15500,15500
"Birmingham",2019,"Birmingham_409500_290000",409500,290000,2,2,10450,5225
"Birmingham",2019,"Birmingham_409500_290500",409500,290500,1,1,3050,3050
"Birmingham",2019,"Birmingham_409500_290750",409500,290750,1,1,2200,2200
"Birmingham",2019,"Birmingham_409500_291000",409500,291000,2,2,7800,3900
"Birmingham",2019,"Birmingham_409500_291500",409500,291500,2,2,32200,16100
"Birmingham",2019,"Birmingham_409500_291750",409500,291750,30,26,257750,8450
"Birmingham",2019,"Birmingham_409500_292000",409500,292000,1,1,6100,6100
"Birmingham",2019,"Birmingham_409500_292500",409500,292500,16,16,123275,7500
"Birmingham",2019,"Birmingham_409500_292750",409500,292750,2,2,25600,12800
"Birmingham",2019,"Birmingham_409500_294250",409500,294250,18,16,530000,21000
"Birmingham",2019,"Birmingham_409500_294500",409500,294500,44,41,2680300,10250
"Birmingham",2019,"Birmingham_409500_294750",409500,294750,9,7,2727250,93500
"Birmingham",2019,"Birmingham_409500_295000",409500,295000,6,6,46200,7800
"Birmingham",2019,"Birmingham_409750_279500",409750,279500,8,8,42750,5600
"Birmingham",2019,"Birmingham_409750_280250",409750,280250,17,15,110300,5600
"Birmingham",2019,"Birmingham_409750_281000",409750,281000,5,5,26200,4250
"Birmingham",2019,"Birmingham_409750_281500",409750,281500,2,2,11800,5900
"Birmingham",2019,"Birmingham_409750_281750",409750,281750,1,1,6900,6900
"Birmingham",2019,"Birmingham_409750_282750",409750,282750,18,18,243850,8000
"Birmingham",2019,"Birmingham_409750_283250",409750,283250,4,4,25600,5900
"Birmingham",2019,"Birmingham_409750_284000",409750,284000,6,4,47075,7550
"Birmingham",2019,"Birmingham_409750_284500",409750,284500,1,1,6400,6400
"Birmingham",2019,"Birmingham_409750_285250",409750,285250,2,2,6400,3200
"Birmingham",2019,"Birmingham_409750_285500",409750,285500,57,53,724570,10500
"Birmingham",2019,"Birmingham_409750_285750",409750,285750,13,13,62875,4550
"Birmingham",2019,"Birmingham_409750_286000",409750,286000,4,4,26550,5800
"Birmingham",2019,"Birmingham_409750_286250",409750,286250,4,3,16850,5700
"Birmingham",2019,"Birmingham_409750_286500",409750,286500,37,37,241335,4650
"Birmingham",2019,"Birmingham_409750_286750",409750,286750,18,18,73005,4050
"Birmingham",2019,"Birmingham_409750_287000",409750,287000,1,1,7100,7100
"Birmingham",2019,"Birmingham_409750_287250",409750,287250,6,6,24625,3600
"Birmingham",2019,"Birmingham_409750_287500",409750,287500,2,2,5950,2975
"Birmingham",2019,"Birmingham_409750_288000",409750,288000,76,72,1469500,17500
"Birmingham",2019,"Birmingham_409750_288250",409750,288250,2,2,16000,8000
"Birmingham",2019,"Birmingham_409750_288500",409750,288500,1,1,6000,6000
"Birmingham",2019,"Birmingham_409750_289250",409750,289250,27,24,1419850,66000
"Birmingham",2019,"Birmingham_409750_289500",409750,289500,4,4,1176750,92500
"Birmingham",2019,"Birmingham_409750_290000",409750,290000,2,2,39800,19900
"Birmingham",2019,"Birmingham_409750_290250",409750,290250,1,0,NA,NA
"Birmingham",2019,"Birmingham_409750_290500",409750,290500,15,11,67200,6300
"Birmingham",2019,"Birmingham_409750_290750",409750,290750,38,32,153850,4975
"Birmingham",2019,"Birmingham_409750_291000",409750,291000,30,25,154475,4650
"Birmingham",2019,"Birmingham_409750_291250",409750,291250,3,3,12700,5100
"Birmingham",2019,"Birmingham_409750_291750",409750,291750,8,8,123650,9300
"Birmingham",2019,"Birmingham_409750_292000",409750,292000,4,4,105700,10675
"Birmingham",2019,"Birmingham_409750_292500",409750,292500,4,4,13750,1750
"Birmingham",2019,"Birmingham_409750_293250",409750,293250,1,1,7600,7600
"Birmingham",2019,"Birmingham_409750_294250",409750,294250,9,9,797600,7600
"Birmingham",2019,"Birmingham_409750_294500",409750,294500,1,1,18000,18000
"Birmingham",2019,"Birmingham_410000_279250",410000,279250,3,3,24150,8400
"Birmingham",2019,"Birmingham_410000_280500",410000,280500,1,1,6600,6600
"Birmingham",2019,"Birmingham_410000_280750",410000,280750,1,1,8300,8300
"Birmingham",2019,"Birmingham_410000_282500",410000,282500,5,5,26600,5100
"Birmingham",2019,"Birmingham_410000_282750",410000,282750,8,6,42800,5075
"Birmingham",2019,"Birmingham_410000_283750",410000,283750,7,7,50300,6200
"Birmingham",2019,"Birmingham_410000_284000",410000,284000,2,2,16200,8100
"Birmingham",2019,"Birmingham_410000_285500",410000,285500,61,58,613250,9700
"Birmingham",2019,"Birmingham_410000_285750",410000,285750,1,1,6000,6000
"Birmingham",2019,"Birmingham_410000_286000",410000,286000,33,31,178950,4700
"Birmingham",2019,"Birmingham_410000_286250",410000,286250,11,11,52900,4350
"Birmingham",2019,"Birmingham_410000_286500",410000,286500,19,19,391250,6500
"Birmingham",2019,"Birmingham_410000_286750",410000,286750,6,6,25950,4075
"Birmingham",2019,"Birmingham_410000_287000",410000,287000,1,1,2450,2450
"Birmingham",2019,"Birmingham_410000_287250",410000,287250,1,1,1925,1925
"Birmingham",2019,"Birmingham_410000_287500",410000,287500,4,4,13800,2475
"Birmingham",2019,"Birmingham_410000_287750",410000,287750,76,71,1329125,16250
"Birmingham",2019,"Birmingham_410000_288000",410000,288000,7,7,62500,11500
"Birmingham",2019,"Birmingham_410000_288250",410000,288250,3,3,16250,4150
"Birmingham",2019,"Birmingham_410000_288500",410000,288500,24,24,158850,5350
"Birmingham",2019,"Birmingham_410000_289250",410000,289250,14,1,322500,322500
"Birmingham",2019,"Birmingham_410000_289750",410000,289750,4,4,4350,1065
"Birmingham",2019,"Birmingham_410000_291000",410000,291000,3,3,7150,2075
"Birmingham",2019,"Birmingham_410000_293000",410000,293000,3,1,15750,15750
"Birmingham",2019,"Birmingham_410000_293250",410000,293250,2,2,11200,5600
"Birmingham",2019,"Birmingham_410000_294000",410000,294000,1,1,59500,59500
"Birmingham",2019,"Birmingham_410000_297750",410000,297750,1,0,NA,NA
"Birmingham",2019,"Birmingham_410250_279500",410250,279500,1,1,34250,34250
"Birmingham",2019,"Birmingham_410250_279750",410250,279750,2,2,8000,4000
"Birmingham",2019,"Birmingham_410250_280500",410250,280500,10,9,126950,8000
"Birmingham",2019,"Birmingham_410250_280750",410250,280750,15,15,108425,6500
"Birmingham",2019,"Birmingham_410250_282000",410250,282000,20,18,853150,11000
"Birmingham",2019,"Birmingham_410250_282250",410250,282250,50,47,672000,11750
"Birmingham",2019,"Birmingham_410250_282500",410250,282500,3,3,13200,4650
"Birmingham",2019,"Birmingham_410250_282750",410250,282750,2,2,10250,5125
"Birmingham",2019,"Birmingham_410250_283250",410250,283250,1,1,5300,5300
"Birmingham",2019,"Birmingham_410250_283500",410250,283500,5,4,9500,2337.5
"Birmingham",2019,"Birmingham_410250_283750",410250,283750,9,8,36150,3950
"Birmingham",2019,"Birmingham_410250_284000",410250,284000,1,1,1825,1825
"Birmingham",2019,"Birmingham_410250_284750",410250,284750,3,3,187075,2150
"Birmingham",2019,"Birmingham_410250_285000",410250,285000,2,1,5900,5900
"Birmingham",2019,"Birmingham_410250_285250",410250,285250,20,18,196550,7950
"Birmingham",2019,"Birmingham_410250_285500",410250,285500,1,1,13250,13250
"Birmingham",2019,"Birmingham_410250_286000",410250,286000,2,1,11250,11250
"Birmingham",2019,"Birmingham_410250_286250",410250,286250,20,18,76790,4100
"Birmingham",2019,"Birmingham_410250_286500",410250,286500,7,7,379450,8100
"Birmingham",2019,"Birmingham_410250_287000",410250,287000,3,2,7100,3550
"Birmingham",2019,"Birmingham_410250_287250",410250,287250,8,8,24975,2850
"Birmingham",2019,"Birmingham_410250_287500",410250,287500,4,4,56950,9850
"Birmingham",2019,"Birmingham_410250_287750",410250,287750,83,76,678850,7900
"Birmingham",2019,"Birmingham_410250_288000",410250,288000,5,5,16650,2550
"Birmingham",2019,"Birmingham_410250_288500",410250,288500,1,1,450000,450000
"Birmingham",2019,"Birmingham_410250_291500",410250,291500,3,3,9725,3600
"Birmingham",2019,"Birmingham_410250_292250",410250,292250,1,1,2850,2850
"Birmingham",2019,"Birmingham_410250_293500",410250,293500,3,3,35250,12750
"Birmingham",2019,"Birmingham_410250_293750",410250,293750,7,7,35200,5000
"Birmingham",2019,"Birmingham_410250_294500",410250,294500,1,1,8300,8300
"Birmingham",2019,"Birmingham_410250_299000",410250,299000,15,15,371300,13500
"Birmingham",2019,"Birmingham_410250_300250",410250,300250,1,1,48250,48250
"Birmingham",2019,"Birmingham_410250_3e+05",410250,3e+05,10,10,91400,8900
"Birmingham",2019,"Birmingham_410500_279500",410500,279500,21,21,205800,7700
"Birmingham",2019,"Birmingham_410500_280500",410500,280500,1,1,1375,1375
"Birmingham",2019,"Birmingham_410500_280750",410500,280750,3,2,13950,6975
"Birmingham",2019,"Birmingham_410500_281250",410500,281250,5,5,91850,7400
"Birmingham",2019,"Birmingham_410500_281500",410500,281500,1,1,95000,95000
"Birmingham",2019,"Birmingham_410500_281750",410500,281750,13,12,80850,6600
"Birmingham",2019,"Birmingham_410500_282000",410500,282000,9,8,131000,11375
"Birmingham",2019,"Birmingham_410500_282250",410500,282250,1,1,2150,2150
"Birmingham",2019,"Birmingham_410500_282500",410500,282500,7,7,111350,10250
"Birmingham",2019,"Birmingham_410500_282750",410500,282750,3,3,32750,11250
"Birmingham",2019,"Birmingham_410500_283000",410500,283000,2,1,6700,6700
"Birmingham",2019,"Birmingham_410500_283750",410500,283750,11,11,77550,5500
"Birmingham",2019,"Birmingham_410500_285250",410500,285250,10,10,89500,8550
"Birmingham",2019,"Birmingham_410500_285750",410500,285750,2,2,4225,2112.5
"Birmingham",2019,"Birmingham_410500_286000",410500,286000,2,2,9900,4950
"Birmingham",2019,"Birmingham_410500_286250",410500,286250,13,12,122550,5400
"Birmingham",2019,"Birmingham_410500_286500",410500,286500,27,27,164050,5000
"Birmingham",2019,"Birmingham_410500_287000",410500,287000,1,1,4850,4850
"Birmingham",2019,"Birmingham_410500_287500",410500,287500,2,2,6075,3037.5
"Birmingham",2019,"Birmingham_410500_287750",410500,287750,20,19,218250,11000
"Birmingham",2019,"Birmingham_410500_288250",410500,288250,2,2,15350,7675
"Birmingham",2019,"Birmingham_410500_288750",410500,288750,3,3,16625,3950
"Birmingham",2019,"Birmingham_410500_290000",410500,290000,6,6,34475,4775
"Birmingham",2019,"Birmingham_410500_291000",410500,291000,1,1,0,0
"Birmingham",2019,"Birmingham_410500_291250",410500,291250,14,14,264950,6350
"Birmingham",2019,"Birmingham_410500_291500",410500,291500,49,47,661225,12000
"Birmingham",2019,"Birmingham_410500_291750",410500,291750,4,4,13950,3775
"Birmingham",2019,"Birmingham_410500_292000",410500,292000,9,5,49050,4000
"Birmingham",2019,"Birmingham_410500_292250",410500,292250,5,4,26725,3850
"Birmingham",2019,"Birmingham_410500_292500",410500,292500,1,1,5700,5700
"Birmingham",2019,"Birmingham_410500_293500",410500,293500,2,2,12600,6300
"Birmingham",2019,"Birmingham_410500_294500",410500,294500,7,7,45050,6700
"Birmingham",2019,"Birmingham_410500_295250",410500,295250,1,1,270000,270000
"Birmingham",2019,"Birmingham_410500_299000",410500,299000,1,0,NA,NA
"Birmingham",2019,"Birmingham_410500_300500",410500,300500,1,1,85500,85500
"Birmingham",2019,"Birmingham_410750_279500",410750,279500,1,1,120000,120000
"Birmingham",2019,"Birmingham_410750_281000",410750,281000,43,42,649950,8150
"Birmingham",2019,"Birmingham_410750_282000",410750,282000,2,2,21750,10875
"Birmingham",2019,"Birmingham_410750_282500",410750,282500,5,5,18850,4000
"Birmingham",2019,"Birmingham_410750_283000",410750,283000,5,5,36600,4900
"Birmingham",2019,"Birmingham_410750_283750",410750,283750,13,11,65450,5100
"Birmingham",2019,"Birmingham_410750_284250",410750,284250,4,4,16575,2287.5
"Birmingham",2019,"Birmingham_410750_284500",410750,284500,24,24,108875,3675
"Birmingham",2019,"Birmingham_410750_285000",410750,285000,6,6,726800,126750
"Birmingham",2019,"Birmingham_410750_285250",410750,285250,1,1,1910000,1910000
"Birmingham",2019,"Birmingham_410750_285500",410750,285500,1,1,7900,7900
"Birmingham",2019,"Birmingham_410750_285750",410750,285750,5,5,25000,4950
"Birmingham",2019,"Birmingham_410750_286000",410750,286000,1,1,2100,2100
"Birmingham",2019,"Birmingham_410750_286250",410750,286250,37,35,223000,5100
"Birmingham",2019,"Birmingham_410750_286500",410750,286500,4,3,8475,2550
"Birmingham",2019,"Birmingham_410750_286750",410750,286750,3,3,21350,3900
"Birmingham",2019,"Birmingham_410750_287250",410750,287250,2,2,16850,8425
"Birmingham",2019,"Birmingham_410750_287500",410750,287500,1,1,3100,3100
"Birmingham",2019,"Birmingham_410750_287750",410750,287750,28,24,220150,7450
"Birmingham",2019,"Birmingham_410750_288000",410750,288000,1,1,2400,2400
"Birmingham",2019,"Birmingham_410750_288500",410750,288500,7,7,44400,5700
"Birmingham",2019,"Birmingham_410750_288750",410750,288750,1,1,6500,6500
"Birmingham",2019,"Birmingham_410750_290000",410750,290000,3,3,43500,15750
"Birmingham",2019,"Birmingham_410750_291000",410750,291000,1,1,17500,17500
"Birmingham",2019,"Birmingham_410750_291250",410750,291250,8,8,63500,7950
"Birmingham",2019,"Birmingham_410750_291500",410750,291500,84,81,1327000,12250
"Birmingham",2019,"Birmingham_410750_291750",410750,291750,41,26,257500,5150
"Birmingham",2019,"Birmingham_410750_292000",410750,292000,29,29,170375,5000
"Birmingham",2019,"Birmingham_410750_292250",410750,292250,17,16,105650,4850
"Birmingham",2019,"Birmingham_410750_292500",410750,292500,20,20,100825,3625
"Birmingham",2019,"Birmingham_410750_292750",410750,292750,2,2,299800,149900
"Birmingham",2019,"Birmingham_410750_293500",410750,293500,1,1,2700,2700
"Birmingham",2019,"Birmingham_410750_294000",410750,294000,1,1,8800,8800
"Birmingham",2019,"Birmingham_410750_294250",410750,294250,20,20,351450,12625
"Birmingham",2019,"Birmingham_410750_294500",410750,294500,72,70,1070800,11000
"Birmingham",2019,"Birmingham_410750_294750",410750,294750,2,2,27750,13875
"Birmingham",2019,"Birmingham_410750_297000",410750,297000,1,1,8000,8000
"Birmingham",2019,"Birmingham_410750_299250",410750,299250,2,2,14400,7200
"Birmingham",2019,"Birmingham_410750_300500",410750,300500,3,3,24700,8400
"Birmingham",2019,"Birmingham_411000_280250",411000,280250,1,1,19750,19750
"Birmingham",2019,"Birmingham_411000_280500",411000,280500,1,1,165000,165000
"Birmingham",2019,"Birmingham_411000_281500",411000,281500,1,1,5500,5500
"Birmingham",2019,"Birmingham_411000_282250",411000,282250,9,9,77550,4750
"Birmingham",2019,"Birmingham_411000_283000",411000,283000,6,6,32175,3375
"Birmingham",2019,"Birmingham_411000_283500",411000,283500,1,1,160000,160000
"Birmingham",2019,"Birmingham_411000_283750",411000,283750,13,13,127450,6500
"Birmingham",2019,"Birmingham_411000_284000",411000,284000,3,3,11320,2800
"Birmingham",2019,"Birmingham_411000_284250",411000,284250,2,2,8150,4075
"Birmingham",2019,"Birmingham_411000_284500",411000,284500,1,1,4600,4600
"Birmingham",2019,"Birmingham_411000_285000",411000,285000,29,25,256750,8000
"Birmingham",2019,"Birmingham_411000_285250",411000,285250,3,3,17000,4750
"Birmingham",2019,"Birmingham_411000_286000",411000,286000,1,1,7700,7700
"Birmingham",2019,"Birmingham_411000_286250",411000,286250,9,9,76250,5900
"Birmingham",2019,"Birmingham_411000_286750",411000,286750,1,1,7500,7500
"Birmingham",2019,"Birmingham_411000_287500",411000,287500,10,9,69500,9000
"Birmingham",2019,"Birmingham_411000_288750",411000,288750,2,2,9400,4700
"Birmingham",2019,"Birmingham_411000_290000",411000,290000,10,10,97400,9000
"Birmingham",2019,"Birmingham_411000_290750",411000,290750,3,3,334750,11750
"Birmingham",2019,"Birmingham_411000_291250",411000,291250,6,4,18175,3875
"Birmingham",2019,"Birmingham_411000_291500",411000,291500,2,2,6900,3450
"Birmingham",2019,"Birmingham_411000_291750",411000,291750,135,114,2119150,10625
"Birmingham",2019,"Birmingham_411000_292000",411000,292000,54,48,423425,6600
"Birmingham",2019,"Birmingham_411000_293000",411000,293000,2,2,21000,10500
"Birmingham",2019,"Birmingham_411000_293250",411000,293250,18,18,126425,5200
"Birmingham",2019,"Birmingham_411000_294250",411000,294250,1,1,3900,3900
"Birmingham",2019,"Birmingham_411000_298750",411000,298750,6,5,100170,3850
"Birmingham",2019,"Birmingham_411250_280250",411250,280250,46,45,537830,11250
"Birmingham",2019,"Birmingham_411250_280500",411250,280500,12,12,129600,10750
"Birmingham",2019,"Birmingham_411250_281500",411250,281500,14,13,102350,6100
"Birmingham",2019,"Birmingham_411250_282500",411250,282500,11,11,63500,5400
"Birmingham",2019,"Birmingham_411250_282750",411250,282750,48,47,556550,6400
"Birmingham",2019,"Birmingham_411250_283250",411250,283250,1,1,4900,4900
"Birmingham",2019,"Birmingham_411250_283750",411250,283750,5,5,53650,4050
"Birmingham",2019,"Birmingham_411250_284000",411250,284000,4,3,40200,10000
"Birmingham",2019,"Birmingham_411250_284750",411250,284750,1,1,3200,3200
"Birmingham",2019,"Birmingham_411250_285000",411250,285000,22,20,225450,8550
"Birmingham",2019,"Birmingham_411250_286750",411250,286750,24,24,234050,7450
"Birmingham",2019,"Birmingham_411250_287500",411250,287500,22,22,260200,8600
"Birmingham",2019,"Birmingham_411250_287750",411250,287750,1,1,5300,5300
"Birmingham",2019,"Birmingham_411250_288000",411250,288000,5,5,21400,4250
"Birmingham",2019,"Birmingham_411250_288250",411250,288250,29,29,242000,6000
"Birmingham",2019,"Birmingham_411250_288500",411250,288500,5,4,13175,3325
"Birmingham",2019,"Birmingham_411250_289000",411250,289000,2,2,12050,6025
"Birmingham",2019,"Birmingham_411250_290000",411250,290000,1,1,13750,13750
"Birmingham",2019,"Birmingham_411250_290250",411250,290250,6,5,144950,6900
"Birmingham",2019,"Birmingham_411250_290500",411250,290500,7,7,35650,3750
"Birmingham",2019,"Birmingham_411250_291250",411250,291250,1,1,7500,7500
"Birmingham",2019,"Birmingham_411250_291500",411250,291500,1,1,5100,5100
"Birmingham",2019,"Birmingham_411250_291750",411250,291750,9,9,44500,4650
"Birmingham",2019,"Birmingham_411250_292000",411250,292000,1,0,NA,NA
"Birmingham",2019,"Birmingham_411250_292250",411250,292250,1,1,4600,4600
"Birmingham",2019,"Birmingham_411250_293000",411250,293000,7,7,26650,3800
"Birmingham",2019,"Birmingham_411250_293250",411250,293250,1,1,6600,6600
"Birmingham",2019,"Birmingham_411250_293500",411250,293500,1,1,36250,36250
"Birmingham",2019,"Birmingham_411250_295000",411250,295000,1,1,3050,3050
"Birmingham",2019,"Birmingham_411250_296250",411250,296250,3,3,110600,6600
"Birmingham",2019,"Birmingham_411250_299250",411250,299250,5,4,121500,16300
"Birmingham",2019,"Birmingham_411250_299500",411250,299500,1,1,26250,26250
"Birmingham",2019,"Birmingham_411500_280500",411500,280500,3,3,27400,8400
"Birmingham",2019,"Birmingham_411500_281750",411500,281750,4,4,6575,1612.5
"Birmingham",2019,"Birmingham_411500_282000",411500,282000,3,3,19700,5300
"Birmingham",2019,"Birmingham_411500_282500",411500,282500,3,3,12200,3750
"Birmingham",2019,"Birmingham_411500_282750",411500,282750,1,1,11750,11750
"Birmingham",2019,"Birmingham_411500_283500",411500,283500,4,4,25900,6450
"Birmingham",2019,"Birmingham_411500_283750",411500,283750,1,1,188000,188000
"Birmingham",2019,"Birmingham_411500_284500",411500,284500,1,1,15750,15750
"Birmingham",2019,"Birmingham_411500_284750",411500,284750,4,4,99350,11150
"Birmingham",2019,"Birmingham_411500_285000",411500,285000,17,16,152450,7750
"Birmingham",2019,"Birmingham_411500_285250",411500,285250,1,1,7700,7700
"Birmingham",2019,"Birmingham_411500_285750",411500,285750,13,13,112150,6600
"Birmingham",2019,"Birmingham_411500_287250",411500,287250,1,1,3950,3950
"Birmingham",2019,"Birmingham_411500_287500",411500,287500,8,8,28625,2350
"Birmingham",2019,"Birmingham_411500_287750",411500,287750,43,39,538275,8300
"Birmingham",2019,"Birmingham_411500_288000",411500,288000,7,5,38100,7700
"Birmingham",2019,"Birmingham_411500_288250",411500,288250,41,41,258225,5300
"Birmingham",2019,"Birmingham_411500_288750",411500,288750,6,5,31450,4750
"Birmingham",2019,"Birmingham_411500_289000",411500,289000,6,6,22700,4025
"Birmingham",2019,"Birmingham_411500_289250",411500,289250,5,4,25450,4850
"Birmingham",2019,"Birmingham_411500_289500",411500,289500,4,2,138750,69375
"Birmingham",2019,"Birmingham_411500_290250",411500,290250,32,30,262275,5025
"Birmingham",2019,"Birmingham_411500_290500",411500,290500,1,1,7100,7100
"Birmingham",2019,"Birmingham_411500_292750",411500,292750,7,7,64450,9200
"Birmingham",2019,"Birmingham_411500_293000",411500,293000,1,1,5200,5200
"Birmingham",2019,"Birmingham_411500_293250",411500,293250,1,1,3950,3950
"Birmingham",2019,"Birmingham_411500_295000",411500,295000,20,20,288625,15250
"Birmingham",2019,"Birmingham_411500_296000",411500,296000,1,1,19750,19750
"Birmingham",2019,"Birmingham_411500_296250",411500,296250,1,1,18750,18750
"Birmingham",2019,"Birmingham_411500_298250",411500,298250,6,6,194950,10625
"Birmingham",2019,"Birmingham_411500_298500",411500,298500,39,38,1062525,21625
"Birmingham",2019,"Birmingham_411500_298750",411500,298750,49,46,1358725,16500
"Birmingham",2019,"Birmingham_411500_299000",411500,299000,3,3,46750,14000
"Birmingham",2019,"Birmingham_411750_281000",411750,281000,3,3,4400,0
"Birmingham",2019,"Birmingham_411750_281250",411750,281250,18,18,164350,5250
"Birmingham",2019,"Birmingham_411750_281750",411750,281750,3,3,8400,2700
"Birmingham",2019,"Birmingham_411750_282250",411750,282250,4,4,19400,4275
"Birmingham",2019,"Birmingham_411750_282500",411750,282500,2,2,22650,11325
"Birmingham",2019,"Birmingham_411750_283000",411750,283000,14,13,186050,12750
"Birmingham",2019,"Birmingham_411750_283250",411750,283250,8,8,108775,11250
"Birmingham",2019,"Birmingham_411750_283750",411750,283750,4,4,24320,3175
"Birmingham",2019,"Birmingham_411750_284250",411750,284250,4,3,13400,3200
"Birmingham",2019,"Birmingham_411750_285000",411750,285000,10,10,163250,7350
"Birmingham",2019,"Birmingham_411750_286000",411750,286000,1,1,6800,6800
"Birmingham",2019,"Birmingham_411750_286750",411750,286750,11,9,65450,6900
"Birmingham",2019,"Birmingham_411750_287250",411750,287250,4,3,21250,4400
"Birmingham",2019,"Birmingham_411750_287500",411750,287500,2,2,12150,6075
"Birmingham",2019,"Birmingham_411750_288000",411750,288000,24,22,256270,7550
"Birmingham",2019,"Birmingham_411750_288250",411750,288250,3,2,11600,5800
"Birmingham",2019,"Birmingham_411750_288750",411750,288750,1,1,1850,1850
"Birmingham",2019,"Birmingham_411750_289000",411750,289000,4,3,12150,3600
"Birmingham",2019,"Birmingham_411750_290250",411750,290250,1,1,14000,14000
"Birmingham",2019,"Birmingham_411750_291750",411750,291750,1,1,6100,6100
"Birmingham",2019,"Birmingham_411750_292750",411750,292750,14,14,287800,8450
"Birmingham",2019,"Birmingham_411750_293000",411750,293000,67,66,1113175,12750
"Birmingham",2019,"Birmingham_411750_293250",411750,293250,23,20,262150,10875
"Birmingham",2019,"Birmingham_411750_293750",411750,293750,1,1,135000,135000
"Birmingham",2019,"Birmingham_411750_294750",411750,294750,1,1,162000,162000
"Birmingham",2019,"Birmingham_411750_295000",411750,295000,1,1,63500,63500
"Birmingham",2019,"Birmingham_411750_295250",411750,295250,12,12,332250,18625
"Birmingham",2019,"Birmingham_411750_295500",411750,295500,36,36,664850,15500
"Birmingham",2019,"Birmingham_411750_295750",411750,295750,24,23,1220250,33500
"Birmingham",2019,"Birmingham_411750_296000",411750,296000,67,66,4441400,48750
"Birmingham",2019,"Birmingham_411750_296250",411750,296250,2,2,12700,6350
"Birmingham",2019,"Birmingham_411750_297250",411750,297250,1,1,127000,127000
"Birmingham",2019,"Birmingham_411750_298250",411750,298250,1,1,27000,27000
"Birmingham",2019,"Birmingham_411750_298750",411750,298750,11,10,1673700,14875
"Birmingham",2019,"Birmingham_411750_299000",411750,299000,1,1,7000,7000
"Birmingham",2019,"Birmingham_412000_283000",412000,283000,51,50,1973775,25875
"Birmingham",2019,"Birmingham_412000_283250",412000,283250,3,3,23350,6800
"Birmingham",2019,"Birmingham_412000_284250",412000,284250,9,9,39900,3450
"Birmingham",2019,"Birmingham_412000_284500",412000,284500,1,1,10500,10500
"Birmingham",2019,"Birmingham_412000_284750",412000,284750,3,3,471500,59000
"Birmingham",2019,"Birmingham_412000_286750",412000,286750,5,5,38750,6800
"Birmingham",2019,"Birmingham_412000_287500",412000,287500,4,3,7830,3250
"Birmingham",2019,"Birmingham_412000_288000",412000,288000,3,3,86800,9200
"Birmingham",2019,"Birmingham_412000_288250",412000,288250,20,17,156750,8500
"Birmingham",2019,"Birmingham_412000_289500",412000,289500,1,1,10750,10750
"Birmingham",2019,"Birmingham_412000_290000",412000,290000,50,44,10533000,146500
"Birmingham",2019,"Birmingham_412000_290500",412000,290500,6,3,1106800,312500
"Birmingham",2019,"Birmingham_412000_291000",412000,291000,27,27,203475,6900
"Birmingham",2019,"Birmingham_412000_291250",412000,291250,3,3,16575,6100
"Birmingham",2019,"Birmingham_412000_294500",412000,294500,1,1,9300,9300
"Birmingham",2019,"Birmingham_412000_295500",412000,295500,10,9,210950,9300
"Birmingham",2019,"Birmingham_412000_295750",412000,295750,65,61,1467075,4150
"Birmingham",2019,"Birmingham_412000_296000",412000,296000,48,47,3369950,43500
"Birmingham",2019,"Birmingham_412000_296250",412000,296250,29,29,556400,10250
"Birmingham",2019,"Birmingham_412000_296500",412000,296500,7,7,183450,10250
"Birmingham",2019,"Birmingham_412000_298500",412000,298500,1,1,16000,16000
"Birmingham",2019,"Birmingham_412000_298750",412000,298750,4,4,25750,6150
"Birmingham",2019,"Birmingham_412000_299250",412000,299250,4,4,20100,4875
"Birmingham",2019,"Birmingham_412250_282000",412250,282000,1,1,2850,2850
"Birmingham",2019,"Birmingham_412250_283000",412250,283000,59,58,1002650,14000
"Birmingham",2019,"Birmingham_412250_283500",412250,283500,9,9,60000,5000
"Birmingham",2019,"Birmingham_412250_283750",412250,283750,27,27,155700,5300
"Birmingham",2019,"Birmingham_412250_284000",412250,284000,10,9,43550,4850
"Birmingham",2019,"Birmingham_412250_284250",412250,284250,2,2,6800,3400
"Birmingham",2019,"Birmingham_412250_284500",412250,284500,2,2,24850,12425
"Birmingham",2019,"Birmingham_412250_284750",412250,284750,8,7,172400,7500
"Birmingham",2019,"Birmingham_412250_285250",412250,285250,6,6,38800,4100
"Birmingham",2019,"Birmingham_412250_285500",412250,285500,1,1,3150,3150
"Birmingham",2019,"Birmingham_412250_288250",412250,288250,76,69,2189725,12000
"Birmingham",2019,"Birmingham_412250_288500",412250,288500,1,1,1775,1775
"Birmingham",2019,"Birmingham_412250_289750",412250,289750,9,9,73050,5900
"Birmingham",2019,"Birmingham_412250_290000",412250,290000,3,3,767000,244000
"Birmingham",2019,"Birmingham_412250_290750",412250,290750,3,3,101500,32750
"Birmingham",2019,"Birmingham_412250_291000",412250,291000,15,14,87750,5800
"Birmingham",2019,"Birmingham_412250_295250",412250,295250,3,3,10900,3700
"Birmingham",2019,"Birmingham_412250_296000",412250,296000,1,1,14000,14000
"Birmingham",2019,"Birmingham_412250_296250",412250,296250,4,4,28800,5150
"Birmingham",2019,"Birmingham_412250_298500",412250,298500,4,4,114050,10875
"Birmingham",2019,"Birmingham_412250_298750",412250,298750,2,2,10050,5025
"Birmingham",2019,"Birmingham_412500_282000",412500,282000,1,1,3550,3550
"Birmingham",2019,"Birmingham_412500_282750",412500,282750,4,4,337350,75375
"Birmingham",2019,"Birmingham_412500_283000",412500,283000,17,17,135025,8500
"Birmingham",2019,"Birmingham_412500_283750",412500,283750,1,1,2025,2025
"Birmingham",2019,"Birmingham_412500_284500",412500,284500,9,9,58200,4450
"Birmingham",2019,"Birmingham_412500_284750",412500,284750,1,1,0,0
"Birmingham",2019,"Birmingham_412500_286500",412500,286500,10,10,56550,5600
"Birmingham",2019,"Birmingham_412500_286750",412500,286750,6,6,34875,5950
"Birmingham",2019,"Birmingham_412500_287500",412500,287500,1,1,4650,4650
"Birmingham",2019,"Birmingham_412500_288000",412500,288000,21,18,362550,4950
"Birmingham",2019,"Birmingham_412500_288250",412500,288250,8,6,63450,11050
"Birmingham",2019,"Birmingham_412500_290000",412500,290000,11,9,360500,19000
"Birmingham",2019,"Birmingham_412500_290750",412500,290750,8,8,180350,17750
"Birmingham",2019,"Birmingham_412500_291000",412500,291000,12,12,119500,6750
"Birmingham",2019,"Birmingham_412500_291750",412500,291750,3,2,13850,6925
"Birmingham",2019,"Birmingham_412500_292250",412500,292250,1,1,47500,47500
"Birmingham",2019,"Birmingham_412500_292500",412500,292500,1,1,4600,4600
"Birmingham",2019,"Birmingham_412500_293250",412500,293250,1,1,12250,12250
"Birmingham",2019,"Birmingham_412500_295500",412500,295500,1,1,5900,5900
"Birmingham",2019,"Birmingham_412500_295750",412500,295750,1,1,154000,154000
"Birmingham",2019,"Birmingham_412500_296000",412500,296000,3,3,19850,5800
"Birmingham",2019,"Birmingham_412500_296250",412500,296250,1,0,NA,NA
"Birmingham",2019,"Birmingham_412750_282500",412750,282500,2,1,35000,35000
"Birmingham",2019,"Birmingham_412750_282750",412750,282750,6,5,73000,16250
"Birmingham",2019,"Birmingham_412750_283000",412750,283000,1,1,4100,4100
"Birmingham",2019,"Birmingham_412750_283250",412750,283250,2,2,4975,2487.5
"Birmingham",2019,"Birmingham_412750_283750",412750,283750,1,1,1550,1550
"Birmingham",2019,"Birmingham_412750_284750",412750,284750,47,46,2994225,16000
"Birmingham",2019,"Birmingham_412750_285000",412750,285000,4,3,11600,3900
"Birmingham",2019,"Birmingham_412750_285250",412750,285250,7,7,68150,9200
"Birmingham",2019,"Birmingham_412750_285500",412750,285500,22,21,412300,10000
"Birmingham",2019,"Birmingham_412750_286000",412750,286000,4,4,13050,2775
"Birmingham",2019,"Birmingham_412750_286500",412750,286500,4,4,21400,5075
"Birmingham",2019,"Birmingham_412750_286750",412750,286750,10,10,35275,3500
"Birmingham",2019,"Birmingham_412750_287250",412750,287250,12,12,96600,6400
"Birmingham",2019,"Birmingham_412750_288500",412750,288500,1,0,NA,NA
"Birmingham",2019,"Birmingham_412750_291250",412750,291250,1,1,17000,17000
"Birmingham",2019,"Birmingham_412750_291750",412750,291750,12,11,84950,7200
"Birmingham",2019,"Birmingham_412750_294250",412750,294250,1,1,7200,7200
"Birmingham",2019,"Birmingham_412750_295750",412750,295750,1,1,80500,80500
"Birmingham",2019,"Birmingham_412750_299750",412750,299750,1,1,5200,5200
"Birmingham",2019,"Birmingham_413000_283000",413000,283000,2,2,19400,9700
"Birmingham",2019,"Birmingham_413000_283250",413000,283250,2,2,48150,24075
"Birmingham",2019,"Birmingham_413000_283500",413000,283500,2,2,21700,10850
"Birmingham",2019,"Birmingham_413000_283750",413000,283750,8,8,33950,4575
"Birmingham",2019,"Birmingham_413000_284000",413000,284000,2,2,95750,47875
"Birmingham",2019,"Birmingham_413000_284750",413000,284750,12,11,167900,7800
"Birmingham",2019,"Birmingham_413000_285000",413000,285000,4,2,14500,7250
"Birmingham",2019,"Birmingham_413000_285250",413000,285250,15,14,202000,13375
"Birmingham",2019,"Birmingham_413000_285500",413000,285500,42,40,569900,10375
"Birmingham",2019,"Birmingham_413000_285750",413000,285750,1,1,4350,4350
"Birmingham",2019,"Birmingham_413000_286500",413000,286500,1,1,1025,1025
"Birmingham",2019,"Birmingham_413000_287000",413000,287000,14,13,101050,6600
"Birmingham",2019,"Birmingham_413000_287250",413000,287250,17,15,112875,5000
"Birmingham",2019,"Birmingham_413000_287500",413000,287500,21,21,1533600,58000
"Birmingham",2019,"Birmingham_413000_287750",413000,287750,7,7,53150,8300
"Birmingham",2019,"Birmingham_413000_289250",413000,289250,1,1,460,460
"Birmingham",2019,"Birmingham_413000_289500",413000,289500,5,3,23800,6300
"Birmingham",2019,"Birmingham_413000_289750",413000,289750,2,2,18050,9025
"Birmingham",2019,"Birmingham_413000_291000",413000,291000,6,4,12200,3125
"Birmingham",2019,"Birmingham_413000_291500",413000,291500,3,2,20800,10400
"Birmingham",2019,"Birmingham_413000_295750",413000,295750,5,5,48025,3850
"Birmingham",2019,"Birmingham_413000_296500",413000,296500,1,1,33000,33000
"Birmingham",2019,"Birmingham_413000_297500",413000,297500,1,1,26750,26750
"Birmingham",2019,"Birmingham_413000_298500",413000,298500,19,19,177900,8700
"Birmingham",2019,"Birmingham_413000_299000",413000,299000,2,2,120500,60250
"Birmingham",2019,"Birmingham_413250_284750",413250,284750,4,3,16710,6500
"Birmingham",2019,"Birmingham_413250_286000",413250,286000,1,1,2075,2075
"Birmingham",2019,"Birmingham_413250_287500",413250,287500,2,2,13600,6800
"Birmingham",2019,"Birmingham_413250_289000",413250,289000,8,8,238450,7300
"Birmingham",2019,"Birmingham_413250_289250",413250,289250,4,4,56600,9150
"Birmingham",2019,"Birmingham_413250_290000",413250,290000,2,0,NA,NA
"Birmingham",2019,"Birmingham_413250_291000",413250,291000,19,17,2833600,131000
"Birmingham",2019,"Birmingham_413250_291250",413250,291250,4,4,351650,85125
"Birmingham",2019,"Birmingham_413250_291500",413250,291500,11,10,77450,7100
"Birmingham",2019,"Birmingham_413250_291750",413250,291750,1,1,43500,43500
"Birmingham",2019,"Birmingham_413250_295750",413250,295750,8,8,107100,7650
"Birmingham",2019,"Birmingham_413250_297000",413250,297000,9,9,220750,12250
"Birmingham",2019,"Birmingham_413500_284250",413500,284250,3,3,87100,11750
"Birmingham",2019,"Birmingham_413500_284500",413500,284500,18,18,299700,12000
"Birmingham",2019,"Birmingham_413500_286750",413500,286750,1,1,55000,55000
"Birmingham",2019,"Birmingham_413500_288500",413500,288500,7,7,42550,4850
"Birmingham",2019,"Birmingham_413500_288750",413500,288750,3,3,22550,5700
"Birmingham",2019,"Birmingham_413500_289250",413500,289250,5,5,44600,8300
"Birmingham",2019,"Birmingham_413500_290250",413500,290250,7,2,1060000,530000
"Birmingham",2019,"Birmingham_413500_291250",413500,291250,4,4,77900,10425
"Birmingham",2019,"Birmingham_413500_291750",413500,291750,4,4,14000,3175
"Birmingham",2019,"Birmingham_413500_292000",413500,292000,2,2,14200,7100
"Birmingham",2019,"Birmingham_413500_292250",413500,292250,7,7,84520,10750
"Birmingham",2019,"Birmingham_413500_292500",413500,292500,1,1,5900,5900
"Birmingham",2019,"Birmingham_413500_293500",413500,293500,31,31,525875,12500
"Birmingham",2019,"Birmingham_413500_295500",413500,295500,1,1,65000,65000
"Birmingham",2019,"Birmingham_413500_295750",413500,295750,3,3,13000,4250
"Birmingham",2019,"Birmingham_413500_297000",413500,297000,1,1,9800,9800
"Birmingham",2019,"Birmingham_413500_299000",413500,299000,2,2,95000,47500
"Birmingham",2019,"Birmingham_413750_284250",413750,284250,1,1,26500,26500
"Birmingham",2019,"Birmingham_413750_285250",413750,285250,4,4,24950,6200
"Birmingham",2019,"Birmingham_413750_286250",413750,286250,1,1,8800,8800
"Birmingham",2019,"Birmingham_413750_287250",413750,287250,1,1,11000,11000
"Birmingham",2019,"Birmingham_413750_288500",413750,288500,1,1,82000,82000
"Birmingham",2019,"Birmingham_413750_291000",413750,291000,13,12,3203750,115500
"Birmingham",2019,"Birmingham_413750_291500",413750,291500,2,2,11420,5710
"Birmingham",2019,"Birmingham_413750_293250",413750,293250,1,1,337500,337500
"Birmingham",2019,"Birmingham_413750_296500",413750,296500,2,2,9800,4900
"Birmingham",2019,"Birmingham_414000_284000",414000,284000,3,3,275500,18500
"Birmingham",2019,"Birmingham_414000_284500",414000,284500,4,4,20500,5250
"Birmingham",2019,"Birmingham_414000_284750",414000,284750,1,1,78000,78000
"Birmingham",2019,"Birmingham_414000_285250",414000,285250,4,4,19500,4625
"Birmingham",2019,"Birmingham_414000_285750",414000,285750,3,2,30750,15375
"Birmingham",2019,"Birmingham_414000_286000",414000,286000,1,1,7300,7300
"Birmingham",2019,"Birmingham_414000_286250",414000,286250,17,15,83800,5300
"Birmingham",2019,"Birmingham_414000_287500",414000,287500,17,17,96850,5000
"Birmingham",2019,"Birmingham_414000_287750",414000,287750,22,22,187350,8500
"Birmingham",2019,"Birmingham_414000_288000",414000,288000,6,1,16000,16000
"Birmingham",2019,"Birmingham_414000_290250",414000,290250,1,1,3450,3450
"Birmingham",2019,"Birmingham_414000_290500",414000,290500,1,1,6800,6800
"Birmingham",2019,"Birmingham_414000_291000",414000,291000,2,0,NA,NA
"Birmingham",2019,"Birmingham_414000_291750",414000,291750,3,2,21250,10625
"Birmingham",2019,"Birmingham_414000_293500",414000,293500,2,2,61500,30750
"Birmingham",2019,"Birmingham_414250_284000",414250,284000,14,14,494575,7100
"Birmingham",2019,"Birmingham_414250_284500",414250,284500,1,1,32000,32000
"Birmingham",2019,"Birmingham_414250_285500",414250,285500,12,11,66300,5600
"Birmingham",2019,"Birmingham_414250_286500",414250,286500,29,3,129950,10000
"Birmingham",2019,"Birmingham_414250_287000",414250,287000,3,3,18500,4950
"Birmingham",2019,"Birmingham_414250_287500",414250,287500,2,2,10550,5275
"Birmingham",2019,"Birmingham_414250_288250",414250,288250,2,1,2500,2500
"Birmingham",2019,"Birmingham_414250_288750",414250,288750,15,15,83375,4650
"Birmingham",2019,"Birmingham_414250_289000",414250,289000,1,1,8000,8000
"Birmingham",2019,"Birmingham_414250_290500",414250,290500,1,1,8100,8100
"Birmingham",2019,"Birmingham_414250_290750",414250,290750,4,4,27750,5200
"Birmingham",2019,"Birmingham_414250_291000",414250,291000,1,1,5200,5200
"Birmingham",2019,"Birmingham_414250_291500",414250,291500,1,1,7400,7400
"Birmingham",2019,"Birmingham_414250_292000",414250,292000,1,1,2650,2650
"Birmingham",2019,"Birmingham_414250_294500",414250,294500,1,1,29500,29500
"Birmingham",2019,"Birmingham_414250_296000",414250,296000,12,12,65950,4475
"Birmingham",2019,"Birmingham_414500_283750",414500,283750,6,6,276000,34875
"Birmingham",2019,"Birmingham_414500_285750",414500,285750,1,1,14500,14500
"Birmingham",2019,"Birmingham_414500_291500",414500,291500,2,2,16400,8200
"Birmingham",2019,"Birmingham_414500_292000",414500,292000,3,3,122000,35000
"Birmingham",2019,"Birmingham_414500_292250",414500,292250,9,8,61640,2487.5
"Birmingham",2019,"Birmingham_414500_292750",414500,292750,6,4,2767600,176300
"Birmingham",2019,"Birmingham_414500_295500",414500,295500,1,1,20750,20750
"Birmingham",2019,"Birmingham_414500_295750",414500,295750,2,2,18900,9450
"Birmingham",2019,"Birmingham_414750_283500",414750,283500,16,16,481400,10625
"Birmingham",2019,"Birmingham_414750_283750",414750,283750,39,37,919050,21500
"Birmingham",2019,"Birmingham_414750_284500",414750,284500,2,2,15000,7500
"Birmingham",2019,"Birmingham_414750_284750",414750,284750,2,2,41250,20625
"Birmingham",2019,"Birmingham_414750_285500",414750,285500,1,1,10500,10500
"Birmingham",2019,"Birmingham_414750_285750",414750,285750,1,1,80500,80500
"Birmingham",2019,"Birmingham_414750_286500",414750,286500,1,1,106000,106000
"Birmingham",2019,"Birmingham_414750_287250",414750,287250,3,3,55000,22750
"Birmingham",2019,"Birmingham_414750_288250",414750,288250,1,1,9000,9000
"Birmingham",2019,"Birmingham_414750_291250",414750,291250,9,9,116450,8600
"Birmingham",2019,"Birmingham_415000_283500",415000,283500,6,6,1865000,30375
"Birmingham",2019,"Birmingham_415000_283750",415000,283750,45,44,637400,12875
"Birmingham",2019,"Birmingham_415000_284250",415000,284250,7,7,36000,5600
"Birmingham",2019,"Birmingham_415000_285000",415000,285000,21,18,137900,7700
"Birmingham",2019,"Birmingham_415000_286250",415000,286250,6,6,26270,4925
"Birmingham",2019,"Birmingham_415000_286750",415000,286750,1,1,5200,5200
"Birmingham",2019,"Birmingham_415000_287000",415000,287000,13,12,67650,5200
"Birmingham",2019,"Birmingham_415000_287250",415000,287250,24,24,195000,6050
"Birmingham",2019,"Birmingham_415000_288500",415000,288500,14,13,242600,12750
"Birmingham",2019,"Birmingham_415250_283500",415250,283500,7,7,79350,11000
"Birmingham",2019,"Birmingham_415250_284250",415250,284250,1,1,72000,72000
"Birmingham",2019,"Birmingham_415250_285000",415250,285000,28,27,257870,8800
"Birmingham",2019,"Birmingham_415250_285250",415250,285250,10,7,131100,15500
"Birmingham",2019,"Birmingham_415250_286250",415250,286250,2,2,46500,23250
"Birmingham",2019,"Birmingham_415250_286750",415250,286750,2,1,7900,7900
"Birmingham",2019,"Birmingham_415250_287000",415250,287000,1,1,11750,11750
"Birmingham",2019,"Birmingham_415250_289250",415250,289250,2,2,23250,11625
"Birmingham",2019,"Birmingham_415250_291500",415250,291500,16,16,36825,2487.5
"Birmingham",2019,"Birmingham_415250_292250",415250,292250,1,1,16500,16500
"Birmingham",2019,"Birmingham_415500_283750",415500,283750,13,12,203850,6600
"Birmingham",2019,"Birmingham_415500_286750",415500,286750,3,3,321700,6400
"Birmingham",2019,"Birmingham_415500_287000",415500,287000,17,17,150100,7200
"Birmingham",2019,"Birmingham_415500_289000",415500,289000,1,1,9000,9000
"Birmingham",2019,"Birmingham_415500_289250",415500,289250,23,23,542750,15750
"Birmingham",2019,"Birmingham_415500_292250",415500,292250,1,1,8200,8200
"Birmingham",2019,"Birmingham_415500_294500",415500,294500,2,2,15300,7650
"Birmingham",2019,"Birmingham_415750_284250",415750,284250,4,4,28200,6200
"Birmingham",2019,"Birmingham_415750_284500",415750,284500,1,1,5800,5800
"Birmingham",2019,"Birmingham_415750_286750",415750,286750,1,1,12500,12500
"Birmingham",2019,"Birmingham_415750_292000",415750,292000,1,1,30000,30000
"Birmingham",2019,"Birmingham_415750_292250",415750,292250,1,1,3350,3350
"Birmingham",2019,"Birmingham_415750_292750",415750,292750,1,1,8300,8300
"Birmingham",2019,"Birmingham_416000_283750",416000,283750,3,2,35950,17975
"Birmingham",2019,"Birmingham_416000_286000",416000,286000,6,6,43600,5750
"Birmingham",2019,"Birmingham_416000_286500",416000,286500,1,1,1850,1850
"Birmingham",2019,"Birmingham_416000_287250",416000,287250,1,1,85000,85000
"Birmingham",2019,"Birmingham_416000_288750",416000,288750,5,5,31550,3550
"Birmingham",2019,"Birmingham_416000_289000",416000,289000,6,5,1021350,17000
"Birmingham",2019,"Birmingham_416000_292250",416000,292250,2,2,84250,42125
"Birmingham",2019,"Birmingham_416250_286000",416250,286000,9,9,54500,5600
"Birmingham",2019,"Birmingham_416250_286250",416250,286250,1,1,1200,1200
"Birmingham",2019,"Birmingham_416250_286750",416250,286750,9,9,59800,5800
"Birmingham",2019,"Birmingham_416250_287250",416250,287250,1,1,62000,62000
"Birmingham",2019,"Birmingham_416250_288000",416250,288000,1,1,760,760
"Birmingham",2019,"Birmingham_416500_286000",416500,286000,6,5,42800,5000
"Birmingham",2019,"Birmingham_4e+05_276250",4e+05,276250,1,1,23750,23750
"Birmingham",2019,"Birmingham_4e+05_276750",4e+05,276750,8,8,43400,4575
"Birmingham",2019,"Birmingham_4e+05_277250",4e+05,277250,1,1,5700,5700
"Birmingham",2019,"Birmingham_4e+05_277500",4e+05,277500,7,7,111000,17750
"Birmingham",2019,"Birmingham_4e+05_278250",4e+05,278250,1,1,11000,11000
"Birmingham",2019,"Birmingham_4e+05_283000",4e+05,283000,1,0,NA,NA
"Birmingham",2019,"Birmingham_4e+05_284500",4e+05,284500,1,1,2075,2075
"Birmingham",2022,"Birmingham_398250_278250",398250,278250,3,3,24850,7500
"Birmingham",2022,"Birmingham_398750_277500",398750,277500,1,1,13500,13500
"Birmingham",2022,"Birmingham_398750_278000",398750,278000,1,0,NA,NA
"Birmingham",2022,"Birmingham_398750_278250",398750,278250,10,10,89300,5950
"Birmingham",2022,"Birmingham_399000_277250",399000,277250,1,1,129000,129000
"Birmingham",2022,"Birmingham_399000_282500",399000,282500,1,1,8000,8000
"Birmingham",2022,"Birmingham_399000_282750",399000,282750,1,1,3700,3700
"Birmingham",2022,"Birmingham_399000_283000",399000,283000,1,1,30000,30000
"Birmingham",2022,"Birmingham_399000_284750",399000,284750,2,2,14850,7425
"Birmingham",2022,"Birmingham_399250_276750",399250,276750,1,1,7500,7500
"Birmingham",2022,"Birmingham_399250_277250",399250,277250,4,4,31800,7950
"Birmingham",2022,"Birmingham_399250_277500",399250,277500,2,2,186500,93250
"Birmingham",2022,"Birmingham_399250_278750",399250,278750,1,1,10500,10500
"Birmingham",2022,"Birmingham_399250_281000",399250,281000,1,1,5400,5400
"Birmingham",2022,"Birmingham_399250_282000",399250,282000,6,6,29700,3775
"Birmingham",2022,"Birmingham_399250_282500",399250,282500,1,1,5200,5200
"Birmingham",2022,"Birmingham_399250_282750",399250,282750,10,7,45100,5400
"Birmingham",2022,"Birmingham_399250_283750",399250,283750,1,1,109000,109000
"Birmingham",2022,"Birmingham_399250_284750",399250,284750,10,9,68230,3300
"Birmingham",2022,"Birmingham_399500_277500",399500,277500,3,2,1931500,965750
"Birmingham",2022,"Birmingham_399500_277750",399500,277750,1,1,195000,195000
"Birmingham",2022,"Birmingham_399500_281500",399500,281500,24,22,120225,4225
"Birmingham",2022,"Birmingham_399500_281750",399500,281750,1,1,4350,4350
"Birmingham",2022,"Birmingham_399500_284750",399500,284750,4,3,21800,7600
"Birmingham",2022,"Birmingham_399750_276750",399750,276750,12,12,88750,4975
"Birmingham",2022,"Birmingham_399750_278250",399750,278250,1,1,8600,8600
"Birmingham",2022,"Birmingham_399750_278750",399750,278750,4,4,28450,5850
"Birmingham",2022,"Birmingham_399750_281250",399750,281250,1,1,9000,9000
"Birmingham",2022,"Birmingham_399750_281750",399750,281750,1,1,4700,4700
"Birmingham",2022,"Birmingham_399750_282000",399750,282000,2,2,5250,2625
"Birmingham",2022,"Birmingham_399750_284000",399750,284000,2,2,18950,9475
"Birmingham",2022,"Birmingham_399750_284250",399750,284250,3,3,19900,6600
"Birmingham",2022,"Birmingham_399750_284500",399750,284500,1,1,510000,510000
"Birmingham",2022,"Birmingham_400250_277500",400250,277500,20,19,269400,7000
"Birmingham",2022,"Birmingham_400250_278750",400250,278750,10,8,92100,5850
"Birmingham",2022,"Birmingham_400250_281750",400250,281750,5,5,48400,6200
"Birmingham",2022,"Birmingham_400250_282000",400250,282000,1,1,9000,9000
"Birmingham",2022,"Birmingham_400250_282750",400250,282750,1,1,5000,5000
"Birmingham",2022,"Birmingham_400250_283750",400250,283750,2,2,11650,5825
"Birmingham",2022,"Birmingham_400250_284000",400250,284000,1,1,27000,27000
"Birmingham",2022,"Birmingham_400250_284500",400250,284500,6,6,30150,4325
"Birmingham",2022,"Birmingham_400250_284750",400250,284750,2,2,95000,47500
"Birmingham",2022,"Birmingham_400250_285000",400250,285000,1,1,220000,220000
"Birmingham",2022,"Birmingham_400500_276250",400500,276250,1,1,18250,18250
"Birmingham",2022,"Birmingham_400500_277000",400500,277000,1,1,4700,4700
"Birmingham",2022,"Birmingham_400500_277250",400500,277250,7,7,45400,6500
"Birmingham",2022,"Birmingham_400500_278500",400500,278500,3,3,13550,4850
"Birmingham",2022,"Birmingham_400500_279000",400500,279000,1,1,11250,11250
"Birmingham",2022,"Birmingham_400500_279250",400500,279250,2,2,9750,4875
"Birmingham",2022,"Birmingham_400500_282000",400500,282000,1,1,1875,1875
"Birmingham",2022,"Birmingham_400500_282250",400500,282250,2,2,12650,6325
"Birmingham",2022,"Birmingham_400500_282500",400500,282500,9,8,78850,6000
"Birmingham",2022,"Birmingham_400500_283750",400500,283750,3,3,17550,6100
"Birmingham",2022,"Birmingham_400500_284250",400500,284250,14,14,80875,5100
"Birmingham",2022,"Birmingham_400750_277250",400750,277250,4,4,33250,5700
"Birmingham",2022,"Birmingham_400750_277750",400750,277750,1,1,4050,4050
"Birmingham",2022,"Birmingham_400750_279250",400750,279250,1,1,5600,5600
"Birmingham",2022,"Birmingham_400750_282750",400750,282750,1,1,6200,6200
"Birmingham",2022,"Birmingham_400750_283750",400750,283750,9,9,78350,6900
"Birmingham",2022,"Birmingham_400750_284250",400750,284250,1,1,8600,8600
"Birmingham",2022,"Birmingham_400750_284750",400750,284750,1,1,1450,1450
"Birmingham",2022,"Birmingham_400750_285000",400750,285000,26,26,529250,7300
"Birmingham",2022,"Birmingham_401000_277250",401000,277250,32,26,5452250,45375
"Birmingham",2022,"Birmingham_401000_277750",401000,277750,5,5,29100,4400
"Birmingham",2022,"Birmingham_401000_279750",401000,279750,10,9,58200,5100
"Birmingham",2022,"Birmingham_401000_280500",401000,280500,2,2,17450,8725
"Birmingham",2022,"Birmingham_401000_281250",401000,281250,10,8,39175,3775
"Birmingham",2022,"Birmingham_401000_285000",401000,285000,1,1,18000,18000
"Birmingham",2022,"Birmingham_401000_285250",401000,285250,2,2,55550,27775
"Birmingham",2022,"Birmingham_401250_277250",401250,277250,10,10,129800,7650
"Birmingham",2022,"Birmingham_401250_277500",401250,277500,6,5,57850,10000
"Birmingham",2022,"Birmingham_401250_277750",401250,277750,2,1,9600,9600
"Birmingham",2022,"Birmingham_401250_278250",401250,278250,17,16,156750,8000
"Birmingham",2022,"Birmingham_401250_279500",401250,279500,1,1,3200,3200
"Birmingham",2022,"Birmingham_401250_280750",401250,280750,1,1,18750,18750
"Birmingham",2022,"Birmingham_401250_282500",401250,282500,10,9,42575,3350
"Birmingham",2022,"Birmingham_401250_283750",401250,283750,7,7,40900,5300
"Birmingham",2022,"Birmingham_401250_284500",401250,284500,8,6,61750,5700
"Birmingham",2022,"Birmingham_401250_284750",401250,284750,3,3,36800,5500
"Birmingham",2022,"Birmingham_401500_276750",401500,276750,4,3,13950,4400
"Birmingham",2022,"Birmingham_401500_277000",401500,277000,2,2,19200,9600
"Birmingham",2022,"Birmingham_401500_277250",401500,277250,3,3,19450,7400
"Birmingham",2022,"Birmingham_401500_278500",401500,278500,31,31,192850,5800
"Birmingham",2022,"Birmingham_401500_278750",401500,278750,3,3,19350,5600
"Birmingham",2022,"Birmingham_401500_280000",401500,280000,2,2,6300,3150
"Birmingham",2022,"Birmingham_401500_282500",401500,282500,4,4,89510,2550
"Birmingham",2022,"Birmingham_401500_282750",401500,282750,1,1,1490000,1490000
"Birmingham",2022,"Birmingham_401500_284000",401500,284000,1,1,9900,9900
"Birmingham",2022,"Birmingham_401500_284750",401500,284750,1,1,66000,66000
"Birmingham",2022,"Birmingham_401750_277250",401750,277250,1,1,5900,5900
"Birmingham",2022,"Birmingham_401750_278250",401750,278250,1,1,17000,17000
"Birmingham",2022,"Birmingham_401750_279000",401750,279000,14,12,227000,9900
"Birmingham",2022,"Birmingham_401750_279250",401750,279250,66,50,1603340,5200
"Birmingham",2022,"Birmingham_401750_279500",401750,279500,17,15,258650,11000
"Birmingham",2022,"Birmingham_401750_279750",401750,279750,1,1,50500,50500
"Birmingham",2022,"Birmingham_401750_280750",401750,280750,8,8,55600,5650
"Birmingham",2022,"Birmingham_401750_281000",401750,281000,1,1,1025,1025
"Birmingham",2022,"Birmingham_401750_281500",401750,281500,1,1,25000,25000
"Birmingham",2022,"Birmingham_401750_283750",401750,283750,3,3,32000,8400
"Birmingham",2022,"Birmingham_401750_284000",401750,284000,1,1,7300,7300
"Birmingham",2022,"Birmingham_401750_284500",401750,284500,12,10,68950,5400
"Birmingham",2022,"Birmingham_401750_284750",401750,284750,5,3,15550,5600
"Birmingham",2022,"Birmingham_402000_276750",402000,276750,1,0,NA,NA
"Birmingham",2022,"Birmingham_402000_278000",402000,278000,1,1,15000,15000
"Birmingham",2022,"Birmingham_402000_278250",402000,278250,5,5,57450,6600
"Birmingham",2022,"Birmingham_402000_279250",402000,279250,3,2,19175,9587.5
"Birmingham",2022,"Birmingham_402000_279500",402000,279500,51,47,1459500,19500
"Birmingham",2022,"Birmingham_402000_279750",402000,279750,114,87,2661915,23000
"Birmingham",2022,"Birmingham_402000_281250",402000,281250,1,1,12750,12750
"Birmingham",2022,"Birmingham_402000_282000",402000,282000,53,47,584960,10500
"Birmingham",2022,"Birmingham_402000_282250",402000,282250,7,5,62750,9800
"Birmingham",2022,"Birmingham_402000_282500",402000,282500,1,1,32250,32250
"Birmingham",2022,"Birmingham_402000_284500",402000,284500,2,2,15850,7925
"Birmingham",2022,"Birmingham_402000_284750",402000,284750,7,4,33800,7250
"Birmingham",2022,"Birmingham_402000_285250",402000,285250,1,1,810,810
"Birmingham",2022,"Birmingham_402250_277000",402250,277000,3,3,13475,3300
"Birmingham",2022,"Birmingham_402250_277500",402250,277500,17,17,117650,5100
"Birmingham",2022,"Birmingham_402250_277750",402250,277750,2,2,6525,3262.5
"Birmingham",2022,"Birmingham_402250_278250",402250,278250,4,4,19850,5150
"Birmingham",2022,"Birmingham_402250_278750",402250,278750,6,5,20510,3750
"Birmingham",2022,"Birmingham_402250_279250",402250,279250,1,1,70000,70000
"Birmingham",2022,"Birmingham_402250_279500",402250,279500,1,1,2600,2600
"Birmingham",2022,"Birmingham_402250_280000",402250,280000,9,9,61500,7600
"Birmingham",2022,"Birmingham_402250_282000",402250,282000,9,9,120625,10500
"Birmingham",2022,"Birmingham_402250_282750",402250,282750,3,3,8525,2200
"Birmingham",2022,"Birmingham_402250_283250",402250,283250,7,6,75950,10375
"Birmingham",2022,"Birmingham_402250_283500",402250,283500,1,1,19000,19000
"Birmingham",2022,"Birmingham_402250_284000",402250,284000,11,8,56700,7200
"Birmingham",2022,"Birmingham_402250_285250",402250,285250,1,1,90000,90000
"Birmingham",2022,"Birmingham_402250_286000",402250,286000,1,1,113000,113000
"Birmingham",2022,"Birmingham_402250_286250",402250,286250,3,2,37450,18725
"Birmingham",2022,"Birmingham_402500_277750",402500,277750,2,2,10700,5350
"Birmingham",2022,"Birmingham_402500_278750",402500,278750,17,15,200960,4150
"Birmingham",2022,"Birmingham_402500_279000",402500,279000,1,1,3100,3100
"Birmingham",2022,"Birmingham_402500_280000",402500,280000,1,1,9200,9200
"Birmingham",2022,"Birmingham_402500_283000",402500,283000,2,2,5375,2687.5
"Birmingham",2022,"Birmingham_402500_284000",402500,284000,3,3,17575,5000
"Birmingham",2022,"Birmingham_402500_284250",402500,284250,1,1,7000,7000
"Birmingham",2022,"Birmingham_402500_284500",402500,284500,1,1,29750,29750
"Birmingham",2022,"Birmingham_402500_286000",402500,286000,1,1,2125,2125
"Birmingham",2022,"Birmingham_402500_286250",402500,286250,1,1,8000,8000
"Birmingham",2022,"Birmingham_402500_287000",402500,287000,1,1,6600,6600
"Birmingham",2022,"Birmingham_402500_289750",402500,289750,7,6,49950,8150
"Birmingham",2022,"Birmingham_402750_276750",402750,276750,1,1,7900,7900
"Birmingham",2022,"Birmingham_402750_277250",402750,277250,1,0,NA,NA
"Birmingham",2022,"Birmingham_402750_277500",402750,277500,1,1,4750,4750
"Birmingham",2022,"Birmingham_402750_277750",402750,277750,29,27,239050,6100
"Birmingham",2022,"Birmingham_402750_278000",402750,278000,9,0,NA,NA
"Birmingham",2022,"Birmingham_402750_278750",402750,278750,2,1,8900,8900
"Birmingham",2022,"Birmingham_402750_281250",402750,281250,3,3,12150,4000
"Birmingham",2022,"Birmingham_402750_281750",402750,281750,4,3,26650,9900
"Birmingham",2022,"Birmingham_402750_283250",402750,283250,2,1,40000,40000
"Birmingham",2022,"Birmingham_402750_283750",402750,283750,1,1,53000,53000
"Birmingham",2022,"Birmingham_402750_284250",402750,284250,6,6,59100,8750
"Birmingham",2022,"Birmingham_402750_284500",402750,284500,14,13,117400,7600
"Birmingham",2022,"Birmingham_402750_286000",402750,286000,3,3,160000,60000
"Birmingham",2022,"Birmingham_402750_286750",402750,286750,2,2,19000,9500
"Birmingham",2022,"Birmingham_402750_287000",402750,287000,2,2,14300,7150
"Birmingham",2022,"Birmingham_402750_289500",402750,289500,2,2,6750,3375
"Birmingham",2022,"Birmingham_402750_290000",402750,290000,3,3,435000,118000
"Birmingham",2022,"Birmingham_403000_277250",403000,277250,1,1,71500,71500
"Birmingham",2022,"Birmingham_403000_280750",403000,280750,2,2,95750,47875
"Birmingham",2022,"Birmingham_403000_281000",403000,281000,4,4,19125,4250
"Birmingham",2022,"Birmingham_403000_282500",403000,282500,6,6,83450,9000
"Birmingham",2022,"Birmingham_403000_282750",403000,282750,1,1,11250,11250
"Birmingham",2022,"Birmingham_403000_283500",403000,283500,9,9,46675,4350
"Birmingham",2022,"Birmingham_403000_284250",403000,284250,36,34,531000,9200
"Birmingham",2022,"Birmingham_403000_284750",403000,284750,2,2,15200,7600
"Birmingham",2022,"Birmingham_403000_285500",403000,285500,7,7,63000,9200
"Birmingham",2022,"Birmingham_403000_286000",403000,286000,12,10,146150,12375
"Birmingham",2022,"Birmingham_403000_286750",403000,286750,1,1,850,850
"Birmingham",2022,"Birmingham_403000_289500",403000,289500,4,4,12750,3075
"Birmingham",2022,"Birmingham_403000_289750",403000,289750,1,1,7300,7300
"Birmingham",2022,"Birmingham_403000_290000",403000,290000,13,10,913450,5500
"Birmingham",2022,"Birmingham_403250_279250",403250,279250,1,1,17750,17750
"Birmingham",2022,"Birmingham_403250_280000",403250,280000,2,2,12300,6150
"Birmingham",2022,"Birmingham_403250_281000",403250,281000,3,3,18900,7000
"Birmingham",2022,"Birmingham_403250_282000",403250,282000,1,1,2800,2800
"Birmingham",2022,"Birmingham_403250_282250",403250,282250,7,6,37050,5450
"Birmingham",2022,"Birmingham_403250_284250",403250,284250,15,13,312550,12000
"Birmingham",2022,"Birmingham_403250_284500",403250,284500,2,2,24750,12375
"Birmingham",2022,"Birmingham_403250_286250",403250,286250,1,1,385,385
"Birmingham",2022,"Birmingham_403250_289250",403250,289250,1,1,3650,3650
"Birmingham",2022,"Birmingham_403250_289500",403250,289500,1,1,2650,2650
"Birmingham",2022,"Birmingham_403250_289750",403250,289750,42,39,350550,6600
"Birmingham",2022,"Birmingham_403500_277500",403500,277500,9,9,104050,8000
"Birmingham",2022,"Birmingham_403500_277750",403500,277750,4,3,9800,2500
"Birmingham",2022,"Birmingham_403500_278000",403500,278000,1,1,7200,7200
"Birmingham",2022,"Birmingham_403500_279000",403500,279000,15,15,91900,4850
"Birmingham",2022,"Birmingham_403500_280000",403500,280000,2,2,18600,9300
"Birmingham",2022,"Birmingham_403500_280750",403500,280750,1,1,5900,5900
"Birmingham",2022,"Birmingham_403500_283000",403500,283000,2,2,304000,152000
"Birmingham",2022,"Birmingham_403500_283250",403500,283250,12,12,61565,3975
"Birmingham",2022,"Birmingham_403500_284000",403500,284000,1,1,4650,4650
"Birmingham",2022,"Birmingham_403500_284250",403500,284250,6,3,20365,9000
"Birmingham",2022,"Birmingham_403500_284500",403500,284500,88,77,2684850,25750
"Birmingham",2022,"Birmingham_403500_284750",403500,284750,5,4,17450,4475
"Birmingham",2022,"Birmingham_403500_285000",403500,285000,4,3,13750,4500
"Birmingham",2022,"Birmingham_403500_287250",403500,287250,2,2,7600,3800
"Birmingham",2022,"Birmingham_403500_287500",403500,287500,17,16,155920,9400
"Birmingham",2022,"Birmingham_403500_289250",403500,289250,2,1,36000,36000
"Birmingham",2022,"Birmingham_403500_289500",403500,289500,2,2,11300,5650
"Birmingham",2022,"Birmingham_403500_289750",403500,289750,3,3,11750,3900
"Birmingham",2022,"Birmingham_403500_290500",403500,290500,6,6,30800,5000
"Birmingham",2022,"Birmingham_403750_277000",403750,277000,1,1,23000,23000
"Birmingham",2022,"Birmingham_403750_277250",403750,277250,1,1,5200,5200
"Birmingham",2022,"Birmingham_403750_277750",403750,277750,4,3,14575,6100
"Birmingham",2022,"Birmingham_403750_278500",403750,278500,4,4,52400,13750
"Birmingham",2022,"Birmingham_403750_282000",403750,282000,1,1,30800,30800
"Birmingham",2022,"Birmingham_403750_283250",403750,283250,1,1,6600,6600
"Birmingham",2022,"Birmingham_403750_284500",403750,284500,33,31,1521250,30000
"Birmingham",2022,"Birmingham_403750_284750",403750,284750,9,9,245250,12750
"Birmingham",2022,"Birmingham_403750_287500",403750,287500,60,54,617750,8350
"Birmingham",2022,"Birmingham_403750_289250",403750,289250,1,1,2500,2500
"Birmingham",2022,"Birmingham_403750_289500",403750,289500,15,10,146850,7050
"Birmingham",2022,"Birmingham_403750_290000",403750,290000,1,0,NA,NA
"Birmingham",2022,"Birmingham_403750_290500",403750,290500,4,4,13750,2950
"Birmingham",2022,"Birmingham_403750_290750",403750,290750,1,1,3850,3850
"Birmingham",2022,"Birmingham_404000_282000",404000,282000,9,7,55300,6800
"Birmingham",2022,"Birmingham_404000_282250",404000,282250,28,25,178675,6100
"Birmingham",2022,"Birmingham_404000_282500",404000,282500,13,11,3328000,243000
"Birmingham",2022,"Birmingham_404000_282750",404000,282750,25,19,5045750,90500
"Birmingham",2022,"Birmingham_404000_285750",404000,285750,4,4,527500,119000
"Birmingham",2022,"Birmingham_404000_286000",404000,286000,3,3,173000,64500
"Birmingham",2022,"Birmingham_404000_287500",404000,287500,43,42,314100,5000
"Birmingham",2022,"Birmingham_404000_288000",404000,288000,1,0,NA,NA
"Birmingham",2022,"Birmingham_404000_288250",404000,288250,11,11,47500,3600
"Birmingham",2022,"Birmingham_404000_288500",404000,288500,3,3,10950,3800
"Birmingham",2022,"Birmingham_404000_289000",404000,289000,2,2,5125,2562.5
"Birmingham",2022,"Birmingham_404000_289250",404000,289250,3,3,13400,4300
"Birmingham",2022,"Birmingham_404000_289500",404000,289500,69,63,918300,9100
"Birmingham",2022,"Birmingham_404000_289750",404000,289750,14,14,78275,5650
"Birmingham",2022,"Birmingham_404000_290000",404000,290000,26,24,166900,5200
"Birmingham",2022,"Birmingham_404000_290250",404000,290250,34,29,200650,5400
"Birmingham",2022,"Birmingham_404000_290500",404000,290500,35,30,185280,5400
"Birmingham",2022,"Birmingham_404000_290750",404000,290750,4,4,20450,4825
"Birmingham",2022,"Birmingham_404250_277250",404250,277250,10,8,82350,7100
"Birmingham",2022,"Birmingham_404250_277750",404250,277750,2,1,237000,237000
"Birmingham",2022,"Birmingham_404250_279250",404250,279250,3,3,9325,2800
"Birmingham",2022,"Birmingham_404250_280500",404250,280500,7,6,37800,6600
"Birmingham",2022,"Birmingham_404250_281500",404250,281500,2,2,34250,17125
"Birmingham",2022,"Birmingham_404250_282250",404250,282250,21,20,240900,6500
"Birmingham",2022,"Birmingham_404250_282500",404250,282500,1,1,11750,11750
"Birmingham",2022,"Birmingham_404250_282750",404250,282750,17,15,351050,6700
"Birmingham",2022,"Birmingham_404250_284500",404250,284500,1,1,420,420
"Birmingham",2022,"Birmingham_404250_285250",404250,285250,12,8,87000,9400
"Birmingham",2022,"Birmingham_404250_285750",404250,285750,2,1,95000,95000
"Birmingham",2022,"Birmingham_404250_286000",404250,286000,1,1,50000,50000
"Birmingham",2022,"Birmingham_404250_287250",404250,287250,3,3,42525,2300
"Birmingham",2022,"Birmingham_404250_287500",404250,287500,28,28,463150,5500
"Birmingham",2022,"Birmingham_404250_287750",404250,287750,1,1,17000,17000
"Birmingham",2022,"Birmingham_404250_288000",404250,288000,1,1,7800,7800
"Birmingham",2022,"Birmingham_404250_288500",404250,288500,2,2,11200,5600
"Birmingham",2022,"Birmingham_404250_289000",404250,289000,4,4,17075,4200
"Birmingham",2022,"Birmingham_404250_289250",404250,289250,2,1,2450,2450
"Birmingham",2022,"Birmingham_404250_289500",404250,289500,114,107,1704140,13750
"Birmingham",2022,"Birmingham_404250_289750",404250,289750,5,5,6010,870
"Birmingham",2022,"Birmingham_404250_290000",404250,290000,6,5,44600,6700
"Birmingham",2022,"Birmingham_404250_290500",404250,290500,11,11,98350,3850
"Birmingham",2022,"Birmingham_404250_290750",404250,290750,3,3,13100,4300
"Birmingham",2022,"Birmingham_404250_292250",404250,292250,8,7,32900,4150
"Birmingham",2022,"Birmingham_404500_279250",404500,279250,3,2,138250,69125
"Birmingham",2022,"Birmingham_404500_279750",404500,279750,1,1,1700,1700
"Birmingham",2022,"Birmingham_404500_280000",404500,280000,2,2,13700,6850
"Birmingham",2022,"Birmingham_404500_280250",404500,280250,1,1,7400,7400
"Birmingham",2022,"Birmingham_404500_280500",404500,280500,12,10,39350,3850
"Birmingham",2022,"Birmingham_404500_281250",404500,281250,14,13,67240,5500
"Birmingham",2022,"Birmingham_404500_282250",404500,282250,1,0,NA,NA
"Birmingham",2022,"Birmingham_404500_282500",404500,282500,1,0,NA,NA
"Birmingham",2022,"Birmingham_404500_282750",404500,282750,20,18,172475,7450
"Birmingham",2022,"Birmingham_404500_283000",404500,283000,38,35,617150,9700
"Birmingham",2022,"Birmingham_404500_283750",404500,283750,1,1,375,375
"Birmingham",2022,"Birmingham_404500_285250",404500,285250,1,1,155000,155000
"Birmingham",2022,"Birmingham_404500_286000",404500,286000,16,14,203700,11375
"Birmingham",2022,"Birmingham_404500_286250",404500,286250,1,1,30250,30250
"Birmingham",2022,"Birmingham_404500_286500",404500,286500,3,3,9325,2900
"Birmingham",2022,"Birmingham_404500_287000",404500,287000,4,3,19800,6000
"Birmingham",2022,"Birmingham_404500_287250",404500,287250,1,1,3000,3000
"Birmingham",2022,"Birmingham_404500_287500",404500,287500,2,2,14100,7050
"Birmingham",2022,"Birmingham_404500_288500",404500,288500,9,8,35125,3450
"Birmingham",2022,"Birmingham_404500_288750",404500,288750,1,1,1925,1925
"Birmingham",2022,"Birmingham_404500_289000",404500,289000,15,15,81400,3450
"Birmingham",2022,"Birmingham_404500_289250",404500,289250,144,128,1922825,11625
"Birmingham",2022,"Birmingham_404500_289500",404500,289500,30,25,135450,5300
"Birmingham",2022,"Birmingham_404500_289750",404500,289750,29,29,144600,4800
"Birmingham",2022,"Birmingham_404500_290000",404500,290000,2,2,5000,2500
"Birmingham",2022,"Birmingham_404500_290500",404500,290500,27,27,218150,5600
"Birmingham",2022,"Birmingham_404500_290750",404500,290750,12,8,46700,4725
"Birmingham",2022,"Birmingham_404500_294000",404500,294000,27,26,397850,12375
"Birmingham",2022,"Birmingham_404750_277500",404750,277500,1,1,8100,8100
"Birmingham",2022,"Birmingham_404750_278500",404750,278500,2,1,8900,8900
"Birmingham",2022,"Birmingham_404750_278750",404750,278750,44,38,332150,6050
"Birmingham",2022,"Birmingham_404750_279250",404750,279250,1,1,2e+05,2e+05
"Birmingham",2022,"Birmingham_404750_279500",404750,279500,24,23,336550,9300
"Birmingham",2022,"Birmingham_404750_279750",404750,279750,75,75,857525,9900
"Birmingham",2022,"Birmingham_404750_280000",404750,280000,3,3,10450,3350
"Birmingham",2022,"Birmingham_404750_282000",404750,282000,34,30,283520,4850
"Birmingham",2022,"Birmingham_404750_282250",404750,282250,1,1,4750,4750
"Birmingham",2022,"Birmingham_404750_282500",404750,282500,2,1,2225,2225
"Birmingham",2022,"Birmingham_404750_282750",404750,282750,1,1,1475,1475
"Birmingham",2022,"Birmingham_404750_283000",404750,283000,23,17,254350,10250
"Birmingham",2022,"Birmingham_404750_283500",404750,283500,4,1,20500,20500
"Birmingham",2022,"Birmingham_404750_283750",404750,283750,21,15,357600,10500
"Birmingham",2022,"Birmingham_404750_285750",404750,285750,2,2,53100,26550
"Birmingham",2022,"Birmingham_404750_286000",404750,286000,32,27,238250,8000
"Birmingham",2022,"Birmingham_404750_286500",404750,286500,1,0,NA,NA
"Birmingham",2022,"Birmingham_404750_287000",404750,287000,5,5,70250,13750
"Birmingham",2022,"Birmingham_404750_287500",404750,287500,2,1,6500,6500
"Birmingham",2022,"Birmingham_404750_288250",404750,288250,1,1,5000,5000
"Birmingham",2022,"Birmingham_404750_288750",404750,288750,5,5,29200,3900
"Birmingham",2022,"Birmingham_404750_289250",404750,289250,58,49,735325,13500
"Birmingham",2022,"Birmingham_404750_289750",404750,289750,1,1,12000,12000
"Birmingham",2022,"Birmingham_404750_290500",404750,290500,2,2,89750,44875
"Birmingham",2022,"Birmingham_404750_292000",404750,292000,7,6,60250,5450
"Birmingham",2022,"Birmingham_404750_292250",404750,292250,2,2,368550,184275
"Birmingham",2022,"Birmingham_404750_292500",404750,292500,14,13,152750,11000
"Birmingham",2022,"Birmingham_404750_292750",404750,292750,13,12,64750,5400
"Birmingham",2022,"Birmingham_404750_293000",404750,293000,3,3,23700,8200
"Birmingham",2022,"Birmingham_404750_294000",404750,294000,4,3,14950,4650
"Birmingham",2022,"Birmingham_405000_278000",405000,278000,13,13,69950,4200
"Birmingham",2022,"Birmingham_405000_278250",405000,278250,1,1,25750,25750
"Birmingham",2022,"Birmingham_405000_278750",405000,278750,2,1,120000,120000
"Birmingham",2022,"Birmingham_405000_279500",405000,279500,1,1,76500,76500
"Birmingham",2022,"Birmingham_405000_279750",405000,279750,27,24,137550,3700
"Birmingham",2022,"Birmingham_405000_280000",405000,280000,12,6,20375,2325
"Birmingham",2022,"Birmingham_405000_280500",405000,280500,1,1,8800,8800
"Birmingham",2022,"Birmingham_405000_280750",405000,280750,2,2,6500,3250
"Birmingham",2022,"Birmingham_405000_281000",405000,281000,4,3,7750,3200
"Birmingham",2022,"Birmingham_405000_281250",405000,281250,3,2,3025,1512.5
"Birmingham",2022,"Birmingham_405000_282000",405000,282000,1,1,15750,15750
"Birmingham",2022,"Birmingham_405000_282250",405000,282250,1,1,6100,6100
"Birmingham",2022,"Birmingham_405000_284250",405000,284250,1,1,84000,84000
"Birmingham",2022,"Birmingham_405000_285750",405000,285750,2,2,138250,69125
"Birmingham",2022,"Birmingham_405000_286000",405000,286000,4,1,3350,3350
"Birmingham",2022,"Birmingham_405000_286500",405000,286500,1,1,4400,4400
"Birmingham",2022,"Birmingham_405000_287000",405000,287000,1,1,20750,20750
"Birmingham",2022,"Birmingham_405000_287250",405000,287250,5,5,14545,2300
"Birmingham",2022,"Birmingham_405000_287500",405000,287500,4,4,17725,2237.5
"Birmingham",2022,"Birmingham_405000_287750",405000,287750,5,4,6625,1775
"Birmingham",2022,"Birmingham_405000_288500",405000,288500,6,6,35350,4550
"Birmingham",2022,"Birmingham_405000_288750",405000,288750,5,5,8495,1850
"Birmingham",2022,"Birmingham_405000_289000",405000,289000,8,7,33875,2550
"Birmingham",2022,"Birmingham_405000_289250",405000,289250,8,6,94700,13000
"Birmingham",2022,"Birmingham_405000_289500",405000,289500,1,1,3650,3650
"Birmingham",2022,"Birmingham_405250_278750",405250,278750,1,1,5500,5500
"Birmingham",2022,"Birmingham_405250_280000",405250,280000,13,12,60195,3675
"Birmingham",2022,"Birmingham_405250_280250",405250,280250,4,3,4660,1150
"Birmingham",2022,"Birmingham_405250_280500",405250,280500,40,39,463910,4500
"Birmingham",2022,"Birmingham_405250_280750",405250,280750,81,78,524965,4475
"Birmingham",2022,"Birmingham_405250_281000",405250,281000,32,27,800750,5100
"Birmingham",2022,"Birmingham_405250_281250",405250,281250,13,11,177725,4950
"Birmingham",2022,"Birmingham_405250_281500",405250,281500,3,3,42750,12500
"Birmingham",2022,"Birmingham_405250_285500",405250,285500,2,2,197500,98750
"Birmingham",2022,"Birmingham_405250_285750",405250,285750,25,21,1168600,17500
"Birmingham",2022,"Birmingham_405250_286000",405250,286000,33,4,79950,6000
"Birmingham",2022,"Birmingham_405250_286250",405250,286250,7,6,115000,18875
"Birmingham",2022,"Birmingham_405250_286500",405250,286500,18,16,134350,7700
"Birmingham",2022,"Birmingham_405250_286750",405250,286750,6,6,13275,1800
"Birmingham",2022,"Birmingham_405250_287000",405250,287000,1,1,13500,13500
"Birmingham",2022,"Birmingham_405250_287250",405250,287250,16,15,112185,5900
"Birmingham",2022,"Birmingham_405250_287500",405250,287500,13,6,1450900,9250
"Birmingham",2022,"Birmingham_405250_288000",405250,288000,11,10,34205,3000
"Birmingham",2022,"Birmingham_405250_288750",405250,288750,1,0,NA,NA
"Birmingham",2022,"Birmingham_405250_289000",405250,289000,13,11,45425,2800
"Birmingham",2022,"Birmingham_405250_289250",405250,289250,1,1,4250,4250
"Birmingham",2022,"Birmingham_405250_289500",405250,289500,1,1,3250,3250
"Birmingham",2022,"Birmingham_405250_290500",405250,290500,1,1,9000,9000
"Birmingham",2022,"Birmingham_405250_291500",405250,291500,8,6,26800,3925
"Birmingham",2022,"Birmingham_405250_292500",405250,292500,8,8,52800,5450
"Birmingham",2022,"Birmingham_405250_293000",405250,293000,1,1,93000,93000
"Birmingham",2022,"Birmingham_405250_293250",405250,293250,3,3,16050,4700
"Birmingham",2022,"Birmingham_405250_293500",405250,293500,2,2,8700,4350
"Birmingham",2022,"Birmingham_405500_278250",405500,278250,1,1,5800,5800
"Birmingham",2022,"Birmingham_405500_278750",405500,278750,5,5,25850,5200
"Birmingham",2022,"Birmingham_405500_280250",405500,280250,2,2,5500,2750
"Birmingham",2022,"Birmingham_405500_281250",405500,281250,27,24,199225,4100
"Birmingham",2022,"Birmingham_405500_281750",405500,281750,17,16,73050,2650
"Birmingham",2022,"Birmingham_405500_285750",405500,285750,4,4,81550,2375
"Birmingham",2022,"Birmingham_405500_286000",405500,286000,37,28,487700,12250
"Birmingham",2022,"Birmingham_405500_286250",405500,286250,8,6,136450,12750
"Birmingham",2022,"Birmingham_405500_286500",405500,286500,12,10,125050,11750
"Birmingham",2022,"Birmingham_405500_286750",405500,286750,3,3,73050,17250
"Birmingham",2022,"Birmingham_405500_287250",405500,287250,2,1,20750,20750
"Birmingham",2022,"Birmingham_405500_287500",405500,287500,2,2,13700,6850
"Birmingham",2022,"Birmingham_405500_288250",405500,288250,25,23,120150,3650
"Birmingham",2022,"Birmingham_405500_288500",405500,288500,3,3,7300,1550
"Birmingham",2022,"Birmingham_405500_288750",405500,288750,3,3,7100,1700
"Birmingham",2022,"Birmingham_405500_289000",405500,289000,42,31,115000,2425
"Birmingham",2022,"Birmingham_405500_289250",405500,289250,48,45,302350,5200
"Birmingham",2022,"Birmingham_405500_289500",405500,289500,3,3,21190,7100
"Birmingham",2022,"Birmingham_405500_289750",405500,289750,1,1,6200,6200
"Birmingham",2022,"Birmingham_405500_290000",405500,290000,1,1,4050,4050
"Birmingham",2022,"Birmingham_405500_292750",405500,292750,17,13,151400,8000
"Birmingham",2022,"Birmingham_405500_293000",405500,293000,8,8,46800,5550
"Birmingham",2022,"Birmingham_405500_293500",405500,293500,1,1,45000,45000
"Birmingham",2022,"Birmingham_405500_293750",405500,293750,7,7,49300,6600
"Birmingham",2022,"Birmingham_405750_280000",405750,280000,1,1,7200,7200
"Birmingham",2022,"Birmingham_405750_280500",405750,280500,1,1,27000,27000
"Birmingham",2022,"Birmingham_405750_282000",405750,282000,7,6,29500,3550
"Birmingham",2022,"Birmingham_405750_282250",405750,282250,7,6,31050,5475
"Birmingham",2022,"Birmingham_405750_282500",405750,282500,3,2,11800,5900
"Birmingham",2022,"Birmingham_405750_282750",405750,282750,5,5,27150,4750
"Birmingham",2022,"Birmingham_405750_283000",405750,283000,13,11,152250,5900
"Birmingham",2022,"Birmingham_405750_285250",405750,285250,10,6,78400,8200
"Birmingham",2022,"Birmingham_405750_285750",405750,285750,1,1,45250,45250
"Birmingham",2022,"Birmingham_405750_286000",405750,286000,6,5,218750,47750
"Birmingham",2022,"Birmingham_405750_286250",405750,286250,19,12,1021500,80250
"Birmingham",2022,"Birmingham_405750_286500",405750,286500,13,12,954250,60750
"Birmingham",2022,"Birmingham_405750_286750",405750,286750,2,2,198500,99250
"Birmingham",2022,"Birmingham_405750_287000",405750,287000,3,3,168000,6000
"Birmingham",2022,"Birmingham_405750_287250",405750,287250,18,7,123250,10000
"Birmingham",2022,"Birmingham_405750_287500",405750,287500,20,19,392420,20000
"Birmingham",2022,"Birmingham_405750_287750",405750,287750,4,4,13375,3125
"Birmingham",2022,"Birmingham_405750_288000",405750,288000,9,9,21685,1475
"Birmingham",2022,"Birmingham_405750_288250",405750,288250,2,2,16300,8150
"Birmingham",2022,"Birmingham_405750_288500",405750,288500,28,25,120300,4100
"Birmingham",2022,"Birmingham_405750_288750",405750,288750,1,1,1825,1825
"Birmingham",2022,"Birmingham_405750_289250",405750,289250,33,30,220300,5450
"Birmingham",2022,"Birmingham_405750_289500",405750,289500,4,4,12775,3025
"Birmingham",2022,"Birmingham_405750_290250",405750,290250,11,9,38750,3950
"Birmingham",2022,"Birmingham_405750_290500",405750,290500,1,1,3950,3950
"Birmingham",2022,"Birmingham_405750_293500",405750,293500,1,1,4900,4900
"Birmingham",2022,"Birmingham_405750_294000",405750,294000,1,1,2950,2950
"Birmingham",2022,"Birmingham_405750_294250",405750,294250,5,3,6350,2075
"Birmingham",2022,"Birmingham_405750_294500",405750,294500,1,1,32250,32250
"Birmingham",2022,"Birmingham_406000_279000",406000,279000,3,3,20900,4800
"Birmingham",2022,"Birmingham_406000_280500",406000,280500,2,2,14300,7150
"Birmingham",2022,"Birmingham_406000_280750",406000,280750,1,1,48000,48000
"Birmingham",2022,"Birmingham_406000_283000",406000,283000,1,1,2050,2050
"Birmingham",2022,"Birmingham_406000_283250",406000,283250,2,2,83800,41900
"Birmingham",2022,"Birmingham_406000_285750",406000,285750,1,1,1425,1425
"Birmingham",2022,"Birmingham_406000_286250",406000,286250,2,2,169350,84675
"Birmingham",2022,"Birmingham_406000_286500",406000,286500,56,41,5289100,111000
"Birmingham",2022,"Birmingham_406000_286750",406000,286750,8,6,264650,32500
"Birmingham",2022,"Birmingham_406000_287000",406000,287000,9,8,518550,9625
"Birmingham",2022,"Birmingham_406000_287250",406000,287250,25,14,267250,9300
"Birmingham",2022,"Birmingham_406000_287500",406000,287500,85,78,1193115,13375
"Birmingham",2022,"Birmingham_406000_287750",406000,287750,91,73,767315,7000
"Birmingham",2022,"Birmingham_406000_288000",406000,288000,70,60,394200,5350
"Birmingham",2022,"Birmingham_406000_288250",406000,288250,16,14,160650,9475
"Birmingham",2022,"Birmingham_406000_288750",406000,288750,9,9,39925,4400
"Birmingham",2022,"Birmingham_406000_289000",406000,289000,2,2,4275,2137.5
"Birmingham",2022,"Birmingham_406000_289250",406000,289250,19,19,129150,7100
"Birmingham",2022,"Birmingham_406000_289500",406000,289500,4,4,40450,8825
"Birmingham",2022,"Birmingham_406000_289750",406000,289750,4,4,20900,5150
"Birmingham",2022,"Birmingham_406000_290000",406000,290000,5,5,25950,3700
"Birmingham",2022,"Birmingham_406000_290250",406000,290250,6,6,26850,4450
"Birmingham",2022,"Birmingham_406000_290500",406000,290500,1,1,7100,7100
"Birmingham",2022,"Birmingham_406000_290750",406000,290750,4,3,24100,3600
"Birmingham",2022,"Birmingham_406000_292250",406000,292250,12,12,105150,6550
"Birmingham",2022,"Birmingham_406000_293250",406000,293250,8,8,31100,3500
"Birmingham",2022,"Birmingham_406000_294500",406000,294500,2,2,2539250,1269625
"Birmingham",2022,"Birmingham_406250_278500",406250,278500,1,1,6700,6700
"Birmingham",2022,"Birmingham_406250_278750",406250,278750,1,1,7800,7800
"Birmingham",2022,"Birmingham_406250_279250",406250,279250,5,5,30950,5700
"Birmingham",2022,"Birmingham_406250_279750",406250,279750,9,9,28425,3050
"Birmingham",2022,"Birmingham_406250_280500",406250,280500,1,1,4350,4350
"Birmingham",2022,"Birmingham_406250_280750",406250,280750,8,8,56250,5700
"Birmingham",2022,"Birmingham_406250_281000",406250,281000,26,23,199400,5600
"Birmingham",2022,"Birmingham_406250_281250",406250,281250,1,1,8800,8800
"Birmingham",2022,"Birmingham_406250_282000",406250,282000,7,7,69950,5900
"Birmingham",2022,"Birmingham_406250_284000",406250,284000,1,1,215000,215000
"Birmingham",2022,"Birmingham_406250_284250",406250,284250,9,8,67650,7100
"Birmingham",2022,"Birmingham_406250_284750",406250,284750,1,1,6500,6500
"Birmingham",2022,"Birmingham_406250_285250",406250,285250,2,1,113000,113000
"Birmingham",2022,"Birmingham_406250_285750",406250,285750,1,1,22500,22500
"Birmingham",2022,"Birmingham_406250_286000",406250,286000,2,2,99250,49625
"Birmingham",2022,"Birmingham_406250_286250",406250,286250,41,36,2834500,75250
"Birmingham",2022,"Birmingham_406250_286500",406250,286500,4,3,116750,38500
"Birmingham",2022,"Birmingham_406250_286750",406250,286750,1,1,60000,60000
"Birmingham",2022,"Birmingham_406250_287000",406250,287000,12,10,373050,43000
"Birmingham",2022,"Birmingham_406250_287250",406250,287250,20,16,289000,13125
"Birmingham",2022,"Birmingham_406250_287500",406250,287500,30,30,210600,6950
"Birmingham",2022,"Birmingham_406250_287750",406250,287750,44,37,559900,7500
"Birmingham",2022,"Birmingham_406250_288000",406250,288000,18,13,314800,9900
"Birmingham",2022,"Birmingham_406250_289000",406250,289000,3,2,3250,1625
"Birmingham",2022,"Birmingham_406250_289250",406250,289250,53,49,486150,8900
"Birmingham",2022,"Birmingham_406250_289500",406250,289500,2,2,57950,28975
"Birmingham",2022,"Birmingham_406250_289750",406250,289750,3,3,17100,4050
"Birmingham",2022,"Birmingham_406250_290000",406250,290000,10,9,64900,4200
"Birmingham",2022,"Birmingham_406250_290250",406250,290250,1,1,3600,3600
"Birmingham",2022,"Birmingham_406250_290750",406250,290750,1,1,13250,13250
"Birmingham",2022,"Birmingham_406250_291000",406250,291000,1,1,14000,14000
"Birmingham",2022,"Birmingham_406250_293000",406250,293000,10,9,67400,6500
"Birmingham",2022,"Birmingham_406250_294750",406250,294750,5,5,26475,4950
"Birmingham",2022,"Birmingham_406500_285000",406500,285000,4,3,32150,12750
"Birmingham",2022,"Birmingham_406500_285250",406500,285250,2,2,10150,5075
"Birmingham",2022,"Birmingham_406500_286000",406500,286000,21,16,194710,5900
"Birmingham",2022,"Birmingham_406500_286250",406500,286250,16,13,1407050,34000
"Birmingham",2022,"Birmingham_406500_286500",406500,286500,38,21,491700,12250
"Birmingham",2022,"Birmingham_406500_286750",406500,286750,14,13,763300,44750
"Birmingham",2022,"Birmingham_406500_287000",406500,287000,64,50,533970,1487.5
"Birmingham",2022,"Birmingham_406500_287250",406500,287250,12,9,261800,23000
"Birmingham",2022,"Birmingham_406500_287500",406500,287500,26,21,229000,7700
"Birmingham",2022,"Birmingham_406500_287750",406500,287750,7,5,56850,3950
"Birmingham",2022,"Birmingham_406500_288000",406500,288000,11,11,57175,4400
"Birmingham",2022,"Birmingham_406500_288750",406500,288750,12,9,44050,3950
"Birmingham",2022,"Birmingham_406500_289000",406500,289000,2,2,27300,13650
"Birmingham",2022,"Birmingham_406500_289250",406500,289250,32,29,295625,7600
"Birmingham",2022,"Birmingham_406500_289500",406500,289500,4,4,39750,8150
"Birmingham",2022,"Birmingham_406500_289750",406500,289750,17,17,208250,9300
"Birmingham",2022,"Birmingham_406500_290750",406500,290750,34,31,191775,5100
"Birmingham",2022,"Birmingham_406500_291000",406500,291000,98,76,1284325,7300
"Birmingham",2022,"Birmingham_406500_291750",406500,291750,11,11,135650,8800
"Birmingham",2022,"Birmingham_406500_293000",406500,293000,9,9,188300,5000
"Birmingham",2022,"Birmingham_406500_293250",406500,293250,6,6,27250,4550
"Birmingham",2022,"Birmingham_406500_293750",406500,293750,9,7,49075,5900
"Birmingham",2022,"Birmingham_406500_294000",406500,294000,6,5,41400,8300
"Birmingham",2022,"Birmingham_406500_295000",406500,295000,4,4,20500,5050
"Birmingham",2022,"Birmingham_406750_278500",406750,278500,7,6,30775,3925
"Birmingham",2022,"Birmingham_406750_279500",406750,279500,3,3,24850,8600
"Birmingham",2022,"Birmingham_406750_280000",406750,280000,8,8,37450,4675
"Birmingham",2022,"Birmingham_406750_281000",406750,281000,2,2,104550,52275
"Birmingham",2022,"Birmingham_406750_281750",406750,281750,6,6,24975,3175
"Birmingham",2022,"Birmingham_406750_285000",406750,285000,4,4,37500,8950
"Birmingham",2022,"Birmingham_406750_285250",406750,285250,1,1,10750,10750
"Birmingham",2022,"Birmingham_406750_285500",406750,285500,3,3,338750,39250
"Birmingham",2022,"Birmingham_406750_285750",406750,285750,19,15,128350,7300
"Birmingham",2022,"Birmingham_406750_286000",406750,286000,26,23,441850,18750
"Birmingham",2022,"Birmingham_406750_286250",406750,286250,66,63,2066150,17250
"Birmingham",2022,"Birmingham_406750_286500",406750,286500,121,101,7561850,38500
"Birmingham",2022,"Birmingham_406750_286750",406750,286750,193,173,12098680,50000
"Birmingham",2022,"Birmingham_406750_287000",406750,287000,46,40,1915880,38000
"Birmingham",2022,"Birmingham_406750_287250",406750,287250,11,9,250950,23750
"Birmingham",2022,"Birmingham_406750_287500",406750,287500,18,16,134550,7900
"Birmingham",2022,"Birmingham_406750_287750",406750,287750,11,9,57450,4850
"Birmingham",2022,"Birmingham_406750_288000",406750,288000,7,7,16875,2075
"Birmingham",2022,"Birmingham_406750_288250",406750,288250,2,2,14500,7250
"Birmingham",2022,"Birmingham_406750_288500",406750,288500,2,2,7500,3750
"Birmingham",2022,"Birmingham_406750_289250",406750,289250,10,7,80035,6900
"Birmingham",2022,"Birmingham_406750_289500",406750,289500,21,21,140350,6200
"Birmingham",2022,"Birmingham_406750_289750",406750,289750,1,1,11750,11750
"Birmingham",2022,"Birmingham_406750_290500",406750,290500,22,18,174200,6100
"Birmingham",2022,"Birmingham_406750_290750",406750,290750,32,2,4800,2400
"Birmingham",2022,"Birmingham_406750_291250",406750,291250,58,48,5590675,71000
"Birmingham",2022,"Birmingham_406750_293500",406750,293500,1,1,6900,6900
"Birmingham",2022,"Birmingham_406750_294500",406750,294500,2,2,14000,7000
"Birmingham",2022,"Birmingham_406750_294750",406750,294750,1,1,4800,4800
"Birmingham",2022,"Birmingham_407000_278250",407000,278250,1,1,7300,7300
"Birmingham",2022,"Birmingham_407000_279000",407000,279000,1,1,3200,3200
"Birmingham",2022,"Birmingham_407000_281250",407000,281250,1,1,5100,5100
"Birmingham",2022,"Birmingham_407000_281500",407000,281500,4,4,43175,8850
"Birmingham",2022,"Birmingham_407000_281750",407000,281750,16,15,367500,4950
"Birmingham",2022,"Birmingham_407000_282000",407000,282000,3,2,13950,6975
"Birmingham",2022,"Birmingham_407000_284250",407000,284250,23,21,104295,4000
"Birmingham",2022,"Birmingham_407000_284500",407000,284500,5,5,27400,4650
"Birmingham",2022,"Birmingham_407000_285500",407000,285500,1,1,3600,3600
"Birmingham",2022,"Birmingham_407000_285750",407000,285750,7,5,40500,5900
"Birmingham",2022,"Birmingham_407000_286000",407000,286000,33,29,721300,18500
"Birmingham",2022,"Birmingham_407000_286250",407000,286250,109,91,2573925,18500
"Birmingham",2022,"Birmingham_407000_286500",407000,286500,278,226,32475250,1e+05
"Birmingham",2022,"Birmingham_407000_286750",407000,286750,163,127,20401301,85000
"Birmingham",2022,"Birmingham_407000_287000",407000,287000,114,100,4780770,21250
"Birmingham",2022,"Birmingham_407000_287250",407000,287250,12,11,172700,6800
"Birmingham",2022,"Birmingham_407000_287500",407000,287500,7,7,50435,8000
"Birmingham",2022,"Birmingham_407000_287750",407000,287750,9,7,93350,9600
"Birmingham",2022,"Birmingham_407000_288000",407000,288000,17,13,77820,3300
"Birmingham",2022,"Birmingham_407000_288250",407000,288250,3,3,112800,10500
"Birmingham",2022,"Birmingham_407000_288500",407000,288500,2,2,15000,7500
"Birmingham",2022,"Birmingham_407000_288750",407000,288750,20,20,363100,10200
"Birmingham",2022,"Birmingham_407000_289000",407000,289000,1,1,1375,1375
"Birmingham",2022,"Birmingham_407000_289250",407000,289250,7,6,32500,5150
"Birmingham",2022,"Birmingham_407000_289500",407000,289500,4,3,18250,3850
"Birmingham",2022,"Birmingham_407000_289750",407000,289750,3,3,29650,8100
"Birmingham",2022,"Birmingham_407000_290000",407000,290000,1,1,7000,7000
"Birmingham",2022,"Birmingham_407000_290750",407000,290750,1,1,9300,9300
"Birmingham",2022,"Birmingham_407000_291000",407000,291000,1,1,12250,12250
"Birmingham",2022,"Birmingham_407000_291250",407000,291250,2,0,NA,NA
"Birmingham",2022,"Birmingham_407000_291500",407000,291500,1,1,11250,11250
"Birmingham",2022,"Birmingham_407000_291750",407000,291750,1,1,11000,11000
"Birmingham",2022,"Birmingham_407000_292000",407000,292000,5,5,194700,4800
"Birmingham",2022,"Birmingham_407000_292500",407000,292500,1,1,60000,60000
"Birmingham",2022,"Birmingham_407000_292750",407000,292750,3,3,10210,3000
"Birmingham",2022,"Birmingham_407000_293250",407000,293250,11,10,54050,5900
"Birmingham",2022,"Birmingham_407000_293500",407000,293500,1,1,60000,60000
"Birmingham",2022,"Birmingham_407000_293750",407000,293750,4,4,20300,5050
"Birmingham",2022,"Birmingham_407000_294000",407000,294000,1,1,20250,20250
"Birmingham",2022,"Birmingham_407000_294500",407000,294500,3,3,11150,3500
"Birmingham",2022,"Birmingham_407000_294750",407000,294750,5,4,36930,4225
"Birmingham",2022,"Birmingham_407000_295750",407000,295750,6,6,61350,7500
"Birmingham",2022,"Birmingham_407250_278500",407250,278500,1,0,NA,NA
"Birmingham",2022,"Birmingham_407250_278750",407250,278750,2,1,4750,4750
"Birmingham",2022,"Birmingham_407250_280250",407250,280250,20,20,315350,6100
"Birmingham",2022,"Birmingham_407250_280500",407250,280500,7,7,43050,5200
"Birmingham",2022,"Birmingham_407250_281000",407250,281000,1,1,12750,12750
"Birmingham",2022,"Birmingham_407250_281250",407250,281250,15,15,713150,13750
"Birmingham",2022,"Birmingham_407250_281500",407250,281500,45,41,1081300,20000
"Birmingham",2022,"Birmingham_407250_281750",407250,281750,115,109,2727950,14000
"Birmingham",2022,"Birmingham_407250_282000",407250,282000,68,64,1084100,8700
"Birmingham",2022,"Birmingham_407250_283250",407250,283250,1,1,1750,1750
"Birmingham",2022,"Birmingham_407250_284000",407250,284000,7,7,39500,5800
"Birmingham",2022,"Birmingham_407250_284250",407250,284250,17,17,82685,3950
"Birmingham",2022,"Birmingham_407250_285250",407250,285250,18,18,168700,7600
"Birmingham",2022,"Birmingham_407250_285500",407250,285500,17,16,305825,7350
"Birmingham",2022,"Birmingham_407250_285750",407250,285750,20,18,107425,2825
"Birmingham",2022,"Birmingham_407250_286000",407250,286000,12,7,35790,1375
"Birmingham",2022,"Birmingham_407250_286250",407250,286250,192,171,1494838,4550
"Birmingham",2022,"Birmingham_407250_286500",407250,286500,48,41,10430700,103000
"Birmingham",2022,"Birmingham_407250_286750",407250,286750,77,37,6453900,21500
"Birmingham",2022,"Birmingham_407250_287000",407250,287000,88,82,2809760,17500
"Birmingham",2022,"Birmingham_407250_287250",407250,287250,39,33,448475,10250
"Birmingham",2022,"Birmingham_407250_287500",407250,287500,3,0,NA,NA
"Birmingham",2022,"Birmingham_407250_287750",407250,287750,5,4,155000,28625
"Birmingham",2022,"Birmingham_407250_288000",407250,288000,3,3,519975,8000
"Birmingham",2022,"Birmingham_407250_288250",407250,288250,1,0,NA,NA
"Birmingham",2022,"Birmingham_407250_288500",407250,288500,9,9,984800,31500
"Birmingham",2022,"Birmingham_407250_288750",407250,288750,2,2,56400,28200
"Birmingham",2022,"Birmingham_407250_289000",407250,289000,1,0,NA,NA
"Birmingham",2022,"Birmingham_407250_289250",407250,289250,1,1,10500,10500
"Birmingham",2022,"Birmingham_407250_289500",407250,289500,8,7,42750,4550
"Birmingham",2022,"Birmingham_407250_289750",407250,289750,26,24,133775,5200
"Birmingham",2022,"Birmingham_407250_290000",407250,290000,12,11,87250,7500
"Birmingham",2022,"Birmingham_407250_290250",407250,290250,9,8,39275,3800
"Birmingham",2022,"Birmingham_407250_290500",407250,290500,4,4,17250,3500
"Birmingham",2022,"Birmingham_407250_291250",407250,291250,1,0,NA,NA
"Birmingham",2022,"Birmingham_407250_292000",407250,292000,2,2,468000,234000
"Birmingham",2022,"Birmingham_407250_292250",407250,292250,2,2,7050,3525
"Birmingham",2022,"Birmingham_407250_292500",407250,292500,3,2,194500,97250
"Birmingham",2022,"Birmingham_407250_292750",407250,292750,3,3,11450,3750
"Birmingham",2022,"Birmingham_407250_293000",407250,293000,3,3,10690,4950
"Birmingham",2022,"Birmingham_407250_293250",407250,293250,3,3,18700,6200
"Birmingham",2022,"Birmingham_407250_293500",407250,293500,2,2,11650,5825
"Birmingham",2022,"Birmingham_407250_294000",407250,294000,1,1,24000,24000
"Birmingham",2022,"Birmingham_407250_295000",407250,295000,1,1,6500,6500
"Birmingham",2022,"Birmingham_407250_295500",407250,295500,11,10,47250,3850
"Birmingham",2022,"Birmingham_407250_295750",407250,295750,1,1,45000,45000
"Birmingham",2022,"Birmingham_407500_278500",407500,278500,1,1,55000,55000
"Birmingham",2022,"Birmingham_407500_278750",407500,278750,6,5,28400,3700
"Birmingham",2022,"Birmingham_407500_279500",407500,279500,1,1,1000,1000
"Birmingham",2022,"Birmingham_407500_280250",407500,280250,1,1,4000,4000
"Birmingham",2022,"Birmingham_407500_281000",407500,281000,3,3,21900,3800
"Birmingham",2022,"Birmingham_407500_281250",407500,281250,3,3,39750,9900
"Birmingham",2022,"Birmingham_407500_281500",407500,281500,6,4,28050,6675
"Birmingham",2022,"Birmingham_407500_281750",407500,281750,13,12,183625,8450
"Birmingham",2022,"Birmingham_407500_282000",407500,282000,10,9,53950,6300
"Birmingham",2022,"Birmingham_407500_282250",407500,282250,2,2,17500,8750
"Birmingham",2022,"Birmingham_407500_282750",407500,282750,3,3,144250,13000
"Birmingham",2022,"Birmingham_407500_283000",407500,283000,39,35,795850,16750
"Birmingham",2022,"Birmingham_407500_283250",407500,283250,19,18,482250,8900
"Birmingham",2022,"Birmingham_407500_283500",407500,283500,3,3,129650,10250
"Birmingham",2022,"Birmingham_407500_283750",407500,283750,1,1,2275,2275
"Birmingham",2022,"Birmingham_407500_284000",407500,284000,4,2,18400,9200
"Birmingham",2022,"Birmingham_407500_284250",407500,284250,4,3,17500,6200
"Birmingham",2022,"Birmingham_407500_284500",407500,284500,1,1,13750,13750
"Birmingham",2022,"Birmingham_407500_285000",407500,285000,5,3,41950,8000
"Birmingham",2022,"Birmingham_407500_285250",407500,285250,7,7,43000,7300
"Birmingham",2022,"Birmingham_407500_285500",407500,285500,9,7,62950,4250
"Birmingham",2022,"Birmingham_407500_285750",407500,285750,7,5,36800,6700
"Birmingham",2022,"Birmingham_407500_286000",407500,286000,7,7,110350,9400
"Birmingham",2022,"Birmingham_407500_286250",407500,286250,33,30,454650,12000
"Birmingham",2022,"Birmingham_407500_286500",407500,286500,16,15,279900,14500
"Birmingham",2022,"Birmingham_407500_286750",407500,286750,9,7,107100,17000
"Birmingham",2022,"Birmingham_407500_287000",407500,287000,12,10,269200,22750
"Birmingham",2022,"Birmingham_407500_287500",407500,287500,9,8,199850,14000
"Birmingham",2022,"Birmingham_407500_287750",407500,287750,2,2,126250,63125
"Birmingham",2022,"Birmingham_407500_288000",407500,288000,1,1,5400,5400
"Birmingham",2022,"Birmingham_407500_288500",407500,288500,26,26,94150,2437.5
"Birmingham",2022,"Birmingham_407500_288750",407500,288750,1,1,9300,9300
"Birmingham",2022,"Birmingham_407500_289250",407500,289250,3,3,22800,5700
"Birmingham",2022,"Birmingham_407500_289500",407500,289500,5,5,23175,3800
"Birmingham",2022,"Birmingham_407500_289750",407500,289750,2,2,22500,11250
"Birmingham",2022,"Birmingham_407500_290000",407500,290000,46,42,259925,4500
"Birmingham",2022,"Birmingham_407500_290250",407500,290250,12,11,60000,4900
"Birmingham",2022,"Birmingham_407500_290500",407500,290500,6,6,19235,2900
"Birmingham",2022,"Birmingham_407500_292500",407500,292500,1,1,11500,11500
"Birmingham",2022,"Birmingham_407500_293000",407500,293000,14,11,126150,6400
"Birmingham",2022,"Birmingham_407500_295000",407500,295000,5,5,23100,5000
"Birmingham",2022,"Birmingham_407500_295500",407500,295500,1,1,2150,2150
"Birmingham",2022,"Birmingham_407750_278250",407750,278250,2,1,1650000,1650000
"Birmingham",2022,"Birmingham_407750_278500",407750,278500,29,25,437050,7100
"Birmingham",2022,"Birmingham_407750_278750",407750,278750,1,1,10000,10000
"Birmingham",2022,"Birmingham_407750_279000",407750,279000,10,10,91000,7500
"Birmingham",2022,"Birmingham_407750_279250",407750,279250,11,9,68950,6900
"Birmingham",2022,"Birmingham_407750_279500",407750,279500,1,1,20000,20000
"Birmingham",2022,"Birmingham_407750_281250",407750,281250,2,2,6575,3287.5
"Birmingham",2022,"Birmingham_407750_281750",407750,281750,1,1,5100,5100
"Birmingham",2022,"Birmingham_407750_283000",407750,283000,47,45,941500,12000
"Birmingham",2022,"Birmingham_407750_283250",407750,283250,21,19,237400,9400
"Birmingham",2022,"Birmingham_407750_283750",407750,283750,2,2,13650,6825
"Birmingham",2022,"Birmingham_407750_284000",407750,284000,24,23,481360,6000
"Birmingham",2022,"Birmingham_407750_284250",407750,284250,25,21,166850,6600
"Birmingham",2022,"Birmingham_407750_284500",407750,284500,46,27,326725,4850
"Birmingham",2022,"Birmingham_407750_284750",407750,284750,4,4,118150,19625
"Birmingham",2022,"Birmingham_407750_285000",407750,285000,3,2,515500,257750
"Birmingham",2022,"Birmingham_407750_285250",407750,285250,6,5,195900,10000
"Birmingham",2022,"Birmingham_407750_285500",407750,285500,2,1,12000,12000
"Birmingham",2022,"Birmingham_407750_285750",407750,285750,4,4,31950,5700
"Birmingham",2022,"Birmingham_407750_286000",407750,286000,6,5,50450,8400
"Birmingham",2022,"Birmingham_407750_286250",407750,286250,71,45,551475,10250
"Birmingham",2022,"Birmingham_407750_286500",407750,286500,10,9,144250,9000
"Birmingham",2022,"Birmingham_407750_286750",407750,286750,5,4,80800,11650
"Birmingham",2022,"Birmingham_407750_287000",407750,287000,2,2,34750,17375
"Birmingham",2022,"Birmingham_407750_287500",407750,287500,1,1,12000,12000
"Birmingham",2022,"Birmingham_407750_287750",407750,287750,1,1,27000,27000
"Birmingham",2022,"Birmingham_407750_288250",407750,288250,16,16,24105,1100
"Birmingham",2022,"Birmingham_407750_288500",407750,288500,2,2,44250,22125
"Birmingham",2022,"Birmingham_407750_289250",407750,289250,1,1,16250,16250
"Birmingham",2022,"Birmingham_407750_290250",407750,290250,16,16,95425,4950
"Birmingham",2022,"Birmingham_407750_290500",407750,290500,15,12,1614800,6500
"Birmingham",2022,"Birmingham_407750_292000",407750,292000,1,1,5300,5300
"Birmingham",2022,"Birmingham_407750_293250",407750,293250,1,1,5400,5400
"Birmingham",2022,"Birmingham_407750_293500",407750,293500,40,36,392075,9950
"Birmingham",2022,"Birmingham_407750_293750",407750,293750,23,22,228350,9625
"Birmingham",2022,"Birmingham_407750_294000",407750,294000,10,10,50950,3975
"Birmingham",2022,"Birmingham_407750_294250",407750,294250,5,5,33525,4550
"Birmingham",2022,"Birmingham_407750_294500",407750,294500,1,1,6800,6800
"Birmingham",2022,"Birmingham_407750_294750",407750,294750,14,13,186200,10500
"Birmingham",2022,"Birmingham_407750_295000",407750,295000,38,36,443100,10500
"Birmingham",2022,"Birmingham_407750_295250",407750,295250,3,2,9300,4650
"Birmingham",2022,"Birmingham_407750_295500",407750,295500,5,4,24350,5300
"Birmingham",2022,"Birmingham_408000_279500",408000,279500,1,1,340000,340000
"Birmingham",2022,"Birmingham_408000_282000",408000,282000,3,3,22300,6600
"Birmingham",2022,"Birmingham_408000_282250",408000,282250,1,1,4000,4000
"Birmingham",2022,"Birmingham_408000_283000",408000,283000,1,1,12750,12750
"Birmingham",2022,"Birmingham_408000_283500",408000,283500,2,2,16600,8300
"Birmingham",2022,"Birmingham_408000_284000",408000,284000,6,6,43800,5650
"Birmingham",2022,"Birmingham_408000_284250",408000,284250,4,4,33950,8150
"Birmingham",2022,"Birmingham_408000_284500",408000,284500,3,3,13850,5200
"Birmingham",2022,"Birmingham_408000_284750",408000,284750,3,2,20200,10100
"Birmingham",2022,"Birmingham_408000_285000",408000,285000,8,6,57900,8600
"Birmingham",2022,"Birmingham_408000_285250",408000,285250,7,5,581200,1e+05
"Birmingham",2022,"Birmingham_408000_285500",408000,285500,3,2,15300,7650
"Birmingham",2022,"Birmingham_408000_285750",408000,285750,10,7,168150,30000
"Birmingham",2022,"Birmingham_408000_286000",408000,286000,7,5,32310,7500
"Birmingham",2022,"Birmingham_408000_286250",408000,286250,21,21,243925,5500
"Birmingham",2022,"Birmingham_408000_286500",408000,286500,25,25,224617,920
"Birmingham",2022,"Birmingham_408000_286750",408000,286750,1,1,3200,3200
"Birmingham",2022,"Birmingham_408000_287250",408000,287250,2,2,88500,44250
"Birmingham",2022,"Birmingham_408000_287500",408000,287500,2,0,NA,NA
"Birmingham",2022,"Birmingham_408000_287750",408000,287750,2,2,94600,47300
"Birmingham",2022,"Birmingham_408000_288000",408000,288000,2,2,14550,7275
"Birmingham",2022,"Birmingham_408000_288500",408000,288500,2,2,16750,8375
"Birmingham",2022,"Birmingham_408000_288750",408000,288750,10,8,412250,11100
"Birmingham",2022,"Birmingham_408000_289000",408000,289000,9,6,158500,7350
"Birmingham",2022,"Birmingham_408000_289750",408000,289750,2,2,60000,30000
"Birmingham",2022,"Birmingham_408000_290000",408000,290000,1,1,5000,5000
"Birmingham",2022,"Birmingham_408000_290500",408000,290500,14,13,62100,4400
"Birmingham",2022,"Birmingham_408000_290750",408000,290750,1,1,18000,18000
"Birmingham",2022,"Birmingham_408000_291750",408000,291750,1,1,15250,15250
"Birmingham",2022,"Birmingham_408000_293250",408000,293250,16,15,115850,7200
"Birmingham",2022,"Birmingham_408000_293500",408000,293500,1,1,8700,8700
"Birmingham",2022,"Birmingham_408000_295000",408000,295000,23,21,276100,10000
"Birmingham",2022,"Birmingham_408000_296000",408000,296000,7,7,54600,8200
"Birmingham",2022,"Birmingham_408250_278500",408250,278500,7,7,38950,5200
"Birmingham",2022,"Birmingham_408250_278750",408250,278750,5,4,26500,6600
"Birmingham",2022,"Birmingham_408250_279500",408250,279500,1,1,16750,16750
"Birmingham",2022,"Birmingham_408250_280250",408250,280250,13,13,91100,6600
"Birmingham",2022,"Birmingham_408250_280500",408250,280500,11,10,69100,5350
"Birmingham",2022,"Birmingham_408250_281500",408250,281500,1,1,127000,127000
"Birmingham",2022,"Birmingham_408250_283750",408250,283750,81,73,549635,6200
"Birmingham",2022,"Birmingham_408250_284000",408250,284000,15,13,184450,12250
"Birmingham",2022,"Birmingham_408250_284250",408250,284250,78,69,643570,7600
"Birmingham",2022,"Birmingham_408250_284500",408250,284500,18,16,161150,6800
"Birmingham",2022,"Birmingham_408250_284750",408250,284750,1,1,6000,6000
"Birmingham",2022,"Birmingham_408250_285000",408250,285000,52,46,291900,6050
"Birmingham",2022,"Birmingham_408250_285250",408250,285250,71,66,309775,2825
"Birmingham",2022,"Birmingham_408250_285750",408250,285750,3,2,37100,18550
"Birmingham",2022,"Birmingham_408250_286000",408250,286000,25,24,432350,4400
"Birmingham",2022,"Birmingham_408250_286250",408250,286250,2,2,17400,8700
"Birmingham",2022,"Birmingham_408250_286500",408250,286500,7,6,176100,25500
"Birmingham",2022,"Birmingham_408250_286750",408250,286750,3,3,721000,282500
"Birmingham",2022,"Birmingham_408250_287250",408250,287250,7,7,44600,8100
"Birmingham",2022,"Birmingham_408250_288250",408250,288250,6,6,59600,7350
"Birmingham",2022,"Birmingham_408250_288500",408250,288500,4,3,30700,9000
"Birmingham",2022,"Birmingham_408250_288750",408250,288750,1,1,30000,30000
"Birmingham",2022,"Birmingham_408250_289000",408250,289000,4,3,11700,3750
"Birmingham",2022,"Birmingham_408250_290250",408250,290250,5,5,15020,3300
"Birmingham",2022,"Birmingham_408250_290750",408250,290750,3,3,15550,5200
"Birmingham",2022,"Birmingham_408250_292750",408250,292750,7,7,145500,3300
"Birmingham",2022,"Birmingham_408250_293250",408250,293250,22,21,168190,4900
"Birmingham",2022,"Birmingham_408250_293750",408250,293750,11,11,107975,5400
"Birmingham",2022,"Birmingham_408250_296000",408250,296000,3,3,22700,7300
"Birmingham",2022,"Birmingham_408250_296250",408250,296250,3,3,305325,126000
"Birmingham",2022,"Birmingham_408500_280000",408500,280000,1,1,3000,3000
"Birmingham",2022,"Birmingham_408500_280250",408500,280250,4,4,26400,5550
"Birmingham",2022,"Birmingham_408500_281250",408500,281250,1,1,4300,4300
"Birmingham",2022,"Birmingham_408500_283500",408500,283500,1,0,NA,NA
"Birmingham",2022,"Birmingham_408500_283750",408500,283750,19,15,83925,5000
"Birmingham",2022,"Birmingham_408500_284000",408500,284000,17,17,119500,5200
"Birmingham",2022,"Birmingham_408500_284250",408500,284250,38,35,283925,5400
"Birmingham",2022,"Birmingham_408500_284500",408500,284500,35,30,396920,8100
"Birmingham",2022,"Birmingham_408500_284750",408500,284750,6,6,146300,9500
"Birmingham",2022,"Birmingham_408500_285000",408500,285000,13,11,69750,5200
"Birmingham",2022,"Birmingham_408500_285250",408500,285250,1,1,5700,5700
"Birmingham",2022,"Birmingham_408500_285750",408500,285750,11,10,48550,4100
"Birmingham",2022,"Birmingham_408500_286000",408500,286000,2,1,116000,116000
"Birmingham",2022,"Birmingham_408500_286250",408500,286250,7,5,96975,3800
"Birmingham",2022,"Birmingham_408500_286500",408500,286500,1,1,78000,78000
"Birmingham",2022,"Birmingham_408500_286750",408500,286750,8,7,148450,7000
"Birmingham",2022,"Birmingham_408500_287250",408500,287250,4,4,43250,10100
"Birmingham",2022,"Birmingham_408500_287500",408500,287500,21,20,106550,4475
"Birmingham",2022,"Birmingham_408500_289000",408500,289000,3,3,12000,1475
"Birmingham",2022,"Birmingham_408500_289250",408500,289250,9,6,41400,5900
"Birmingham",2022,"Birmingham_408500_289500",408500,289500,1,0,NA,NA
"Birmingham",2022,"Birmingham_408500_289750",408500,289750,3,2,69050,34525
"Birmingham",2022,"Birmingham_408500_290250",408500,290250,11,9,129450,7000
"Birmingham",2022,"Birmingham_408500_290500",408500,290500,1,1,4750,4750
"Birmingham",2022,"Birmingham_408500_290750",408500,290750,3,3,14250,4850
"Birmingham",2022,"Birmingham_408500_291500",408500,291500,6,6,55850,5700
"Birmingham",2022,"Birmingham_408500_292500",408500,292500,1,1,4000,4000
"Birmingham",2022,"Birmingham_408500_293000",408500,293000,20,20,414500,5500
"Birmingham",2022,"Birmingham_408500_294250",408500,294250,1,1,6500,6500
"Birmingham",2022,"Birmingham_408500_294500",408500,294500,2,2,10600,5300
"Birmingham",2022,"Birmingham_408500_294750",408500,294750,12,12,75050,6400
"Birmingham",2022,"Birmingham_408500_295500",408500,295500,4,4,32200,6450
"Birmingham",2022,"Birmingham_408750_279250",408750,279250,1,1,8600,8600
"Birmingham",2022,"Birmingham_408750_279500",408750,279500,25,25,351800,9600
"Birmingham",2022,"Birmingham_408750_279750",408750,279750,1,1,13250,13250
"Birmingham",2022,"Birmingham_408750_280250",408750,280250,1,1,9900,9900
"Birmingham",2022,"Birmingham_408750_280500",408750,280500,1,1,28250,28250
"Birmingham",2022,"Birmingham_408750_280750",408750,280750,10,10,62775,5500
"Birmingham",2022,"Birmingham_408750_281000",408750,281000,12,12,95175,6500
"Birmingham",2022,"Birmingham_408750_282250",408750,282250,2,2,45525,22762.5
"Birmingham",2022,"Birmingham_408750_283000",408750,283000,2,2,8900,4450
"Birmingham",2022,"Birmingham_408750_284000",408750,284000,11,7,45700,7100
"Birmingham",2022,"Birmingham_408750_284250",408750,284250,88,70,788000,10875
"Birmingham",2022,"Birmingham_408750_284500",408750,284500,44,36,372600,9700
"Birmingham",2022,"Birmingham_408750_284750",408750,284750,1,1,29250,29250
"Birmingham",2022,"Birmingham_408750_285250",408750,285250,1,1,4000,4000
"Birmingham",2022,"Birmingham_408750_285750",408750,285750,1,1,233000,233000
"Birmingham",2022,"Birmingham_408750_286500",408750,286500,3,3,22600,5800
"Birmingham",2022,"Birmingham_408750_286750",408750,286750,2,2,10550,5275
"Birmingham",2022,"Birmingham_408750_287500",408750,287500,1,1,245,245
"Birmingham",2022,"Birmingham_408750_287750",408750,287750,6,6,27400,4525
"Birmingham",2022,"Birmingham_408750_288000",408750,288000,1,1,2250,2250
"Birmingham",2022,"Birmingham_408750_288250",408750,288250,6,6,71500,5500
"Birmingham",2022,"Birmingham_408750_288500",408750,288500,4,3,25200,8200
"Birmingham",2022,"Birmingham_408750_288750",408750,288750,12,10,108200,8500
"Birmingham",2022,"Birmingham_408750_289500",408750,289500,7,7,40100,4050
"Birmingham",2022,"Birmingham_408750_289750",408750,289750,3,1,12250,12250
"Birmingham",2022,"Birmingham_408750_291500",408750,291500,5,5,29750,5600
"Birmingham",2022,"Birmingham_408750_291750",408750,291750,1,0,NA,NA
"Birmingham",2022,"Birmingham_408750_293500",408750,293500,13,13,89100,6200
"Birmingham",2022,"Birmingham_408750_293750",408750,293750,2,2,123250,61625
"Birmingham",2022,"Birmingham_409000_279000",409000,279000,9,8,32500,4375
"Birmingham",2022,"Birmingham_409000_279250",409000,279250,8,8,125900,5625
"Birmingham",2022,"Birmingham_409000_279500",409000,279500,1,1,21000,21000
"Birmingham",2022,"Birmingham_409000_281750",409000,281750,1,0,NA,NA
"Birmingham",2022,"Birmingham_409000_283500",409000,283500,13,12,55800,4475
"Birmingham",2022,"Birmingham_409000_283750",409000,283750,86,82,719850,8250
"Birmingham",2022,"Birmingham_409000_284000",409000,284000,58,55,721800,9800
"Birmingham",2022,"Birmingham_409000_284250",409000,284250,31,29,302075,9800
"Birmingham",2022,"Birmingham_409000_284500",409000,284500,24,22,105025,5075
"Birmingham",2022,"Birmingham_409000_284750",409000,284750,9,8,46525,5250
"Birmingham",2022,"Birmingham_409000_285250",409000,285250,1,0,NA,NA
"Birmingham",2022,"Birmingham_409000_285500",409000,285500,1,1,7200,7200
"Birmingham",2022,"Birmingham_409000_285750",409000,285750,28,27,115725,2850
"Birmingham",2022,"Birmingham_409000_286000",409000,286000,2,2,85250,42625
"Birmingham",2022,"Birmingham_409000_286250",409000,286250,11,10,2436500,106000
"Birmingham",2022,"Birmingham_409000_286500",409000,286500,1,1,21000,21000
"Birmingham",2022,"Birmingham_409000_287000",409000,287000,2,2,7300,3650
"Birmingham",2022,"Birmingham_409000_288250",409000,288250,4,4,29000,7300
"Birmingham",2022,"Birmingham_409000_288750",409000,288750,5,5,31700,5800
"Birmingham",2022,"Birmingham_409000_289000",409000,289000,3,3,23100,8000
"Birmingham",2022,"Birmingham_409000_289250",409000,289250,1,1,8900,8900
"Birmingham",2022,"Birmingham_409000_289500",409000,289500,11,7,38075,4300
"Birmingham",2022,"Birmingham_409000_289750",409000,289750,5,4,37050,6050
"Birmingham",2022,"Birmingham_409000_293000",409000,293000,16,14,113850,6250
"Birmingham",2022,"Birmingham_409000_293250",409000,293250,1,1,26250,26250
"Birmingham",2022,"Birmingham_409000_293750",409000,293750,9,7,38700,4550
"Birmingham",2022,"Birmingham_409000_294000",409000,294000,1,1,4950,4950
"Birmingham",2022,"Birmingham_409000_294500",409000,294500,1,1,7000,7000
"Birmingham",2022,"Birmingham_409250_279500",409250,279500,3,3,26300,7000
"Birmingham",2022,"Birmingham_409250_279750",409250,279750,4,2,10350,5175
"Birmingham",2022,"Birmingham_409250_280250",409250,280250,3,2,9800,4900
"Birmingham",2022,"Birmingham_409250_280500",409250,280500,7,6,46300,6250
"Birmingham",2022,"Birmingham_409250_282250",409250,282250,1,1,2175,2175
"Birmingham",2022,"Birmingham_409250_283000",409250,283000,6,6,25900,4200
"Birmingham",2022,"Birmingham_409250_283250",409250,283250,8,6,30350,2900
"Birmingham",2022,"Birmingham_409250_283500",409250,283500,9,8,74250,9950
"Birmingham",2022,"Birmingham_409250_283750",409250,283750,29,28,172910,4900
"Birmingham",2022,"Birmingham_409250_284000",409250,284000,2,2,10700,5350
"Birmingham",2022,"Birmingham_409250_284250",409250,284250,8,7,35375,3450
"Birmingham",2022,"Birmingham_409250_284500",409250,284500,7,5,19550,3600
"Birmingham",2022,"Birmingham_409250_284750",409250,284750,16,14,44550,2425
"Birmingham",2022,"Birmingham_409250_285000",409250,285000,4,4,8795,1412.5
"Birmingham",2022,"Birmingham_409250_285250",409250,285250,2,1,27750,27750
"Birmingham",2022,"Birmingham_409250_285500",409250,285500,18,15,107900,7500
"Birmingham",2022,"Birmingham_409250_285750",409250,285750,208,191,1216785,3550
"Birmingham",2022,"Birmingham_409250_286000",409250,286000,46,40,832800,12875
"Birmingham",2022,"Birmingham_409250_286250",409250,286250,1,1,7000,7000
"Birmingham",2022,"Birmingham_409250_286500",409250,286500,2,2,29885,14942.5
"Birmingham",2022,"Birmingham_409250_287250",409250,287250,2,2,22550,11275
"Birmingham",2022,"Birmingham_409250_287500",409250,287500,11,11,22755,1800
"Birmingham",2022,"Birmingham_409250_288000",409250,288000,1,0,NA,NA
"Birmingham",2022,"Birmingham_409250_288750",409250,288750,6,6,10675,1537.5
"Birmingham",2022,"Birmingham_409250_289000",409250,289000,1,1,9400,9400
"Birmingham",2022,"Birmingham_409250_289250",409250,289250,2,2,14800,7400
"Birmingham",2022,"Birmingham_409250_289500",409250,289500,1,1,2500,2500
"Birmingham",2022,"Birmingham_409250_289750",409250,289750,3,3,28100,11000
"Birmingham",2022,"Birmingham_409250_291250",409250,291250,1,1,2600,2600
"Birmingham",2022,"Birmingham_409250_291750",409250,291750,4,4,108400,7750
"Birmingham",2022,"Birmingham_409250_292750",409250,292750,2,2,15700,7850
"Birmingham",2022,"Birmingham_409250_293500",409250,293500,1,1,13250,13250
"Birmingham",2022,"Birmingham_409250_294000",409250,294000,7,7,42300,4750
"Birmingham",2022,"Birmingham_409250_294500",409250,294500,1,1,84500,84500
"Birmingham",2022,"Birmingham_409500_279500",409500,279500,2,2,10700,5350
"Birmingham",2022,"Birmingham_409500_281000",409500,281000,13,10,51125,4775
"Birmingham",2022,"Birmingham_409500_281500",409500,281500,2,2,10900,5450
"Birmingham",2022,"Birmingham_409500_281750",409500,281750,2,2,21450,10725
"Birmingham",2022,"Birmingham_409500_282750",409500,282750,24,23,265900,7300
"Birmingham",2022,"Birmingham_409500_283000",409500,283000,125,116,1578950,10125
"Birmingham",2022,"Birmingham_409500_283250",409500,283250,67,61,371925,5500
"Birmingham",2022,"Birmingham_409500_283500",409500,283500,1,1,3400,3400
"Birmingham",2022,"Birmingham_409500_283750",409500,283750,1,1,14000,14000
"Birmingham",2022,"Birmingham_409500_284000",409500,284000,22,21,350250,5700
"Birmingham",2022,"Birmingham_409500_284250",409500,284250,2,2,10900,5450
"Birmingham",2022,"Birmingham_409500_284500",409500,284500,11,9,55050,4450
"Birmingham",2022,"Birmingham_409500_285000",409500,285000,1,1,5500,5500
"Birmingham",2022,"Birmingham_409500_285250",409500,285250,3,3,26200,5200
"Birmingham",2022,"Birmingham_409500_285500",409500,285500,32,25,196050,8200
"Birmingham",2022,"Birmingham_409500_285750",409500,285750,98,64,704800,7100
"Birmingham",2022,"Birmingham_409500_286000",409500,286000,3,3,11950,3350
"Birmingham",2022,"Birmingham_409500_286250",409500,286250,1,1,12000,12000
"Birmingham",2022,"Birmingham_409500_286500",409500,286500,1,1,3900,3900
"Birmingham",2022,"Birmingham_409500_287250",409500,287250,1,1,7500,7500
"Birmingham",2022,"Birmingham_409500_287750",409500,287750,4,4,68250,16750
"Birmingham",2022,"Birmingham_409500_288000",409500,288000,58,46,701850,13375
"Birmingham",2022,"Birmingham_409500_288250",409500,288250,2,2,13500,6750
"Birmingham",2022,"Birmingham_409500_288500",409500,288500,1,1,8900,8900
"Birmingham",2022,"Birmingham_409500_288750",409500,288750,1,1,9100,9100
"Birmingham",2022,"Birmingham_409500_289000",409500,289000,1,1,5200,5200
"Birmingham",2022,"Birmingham_409500_289500",409500,289500,2,1,5300,5300
"Birmingham",2022,"Birmingham_409500_289750",409500,289750,1,1,15500,15500
"Birmingham",2022,"Birmingham_409500_290000",409500,290000,3,2,10450,5225
"Birmingham",2022,"Birmingham_409500_290500",409500,290500,2,1,3050,3050
"Birmingham",2022,"Birmingham_409500_290750",409500,290750,1,1,2200,2200
"Birmingham",2022,"Birmingham_409500_291000",409500,291000,2,2,7800,3900
"Birmingham",2022,"Birmingham_409500_291500",409500,291500,2,2,32200,16100
"Birmingham",2022,"Birmingham_409500_291750",409500,291750,34,27,270600,8300
"Birmingham",2022,"Birmingham_409500_292000",409500,292000,1,1,6100,6100
"Birmingham",2022,"Birmingham_409500_292500",409500,292500,15,15,116025,7300
"Birmingham",2022,"Birmingham_409500_292750",409500,292750,2,2,25600,12800
"Birmingham",2022,"Birmingham_409500_294250",409500,294250,20,17,533200,20500
"Birmingham",2022,"Birmingham_409500_294500",409500,294500,44,41,2680050,10250
"Birmingham",2022,"Birmingham_409500_294750",409500,294750,11,7,2697250,93500
"Birmingham",2022,"Birmingham_409500_295000",409500,295000,6,6,46200,7800
"Birmingham",2022,"Birmingham_409750_279500",409750,279500,9,7,36050,5500
"Birmingham",2022,"Birmingham_409750_280250",409750,280250,17,15,110300,5600
"Birmingham",2022,"Birmingham_409750_281000",409750,281000,5,5,26200,4250
"Birmingham",2022,"Birmingham_409750_281500",409750,281500,2,2,11800,5900
"Birmingham",2022,"Birmingham_409750_281750",409750,281750,1,1,6900,6900
"Birmingham",2022,"Birmingham_409750_282750",409750,282750,24,22,253750,7550
"Birmingham",2022,"Birmingham_409750_283250",409750,283250,4,4,25600,5900
"Birmingham",2022,"Birmingham_409750_284000",409750,284000,6,4,47075,7550
"Birmingham",2022,"Birmingham_409750_284500",409750,284500,1,1,6400,6400
"Birmingham",2022,"Birmingham_409750_285250",409750,285250,2,2,6400,3200
"Birmingham",2022,"Birmingham_409750_285500",409750,285500,72,63,774750,10000
"Birmingham",2022,"Birmingham_409750_285750",409750,285750,14,13,60175,4050
"Birmingham",2022,"Birmingham_409750_286000",409750,286000,4,4,26550,5800
"Birmingham",2022,"Birmingham_409750_286250",409750,286250,3,2,12400,6200
"Birmingham",2022,"Birmingham_409750_286500",409750,286500,43,40,234735,5000
"Birmingham",2022,"Birmingham_409750_286750",409750,286750,18,17,71055,4350
"Birmingham",2022,"Birmingham_409750_287000",409750,287000,1,1,7100,7100
"Birmingham",2022,"Birmingham_409750_287250",409750,287250,6,6,24625,3600
"Birmingham",2022,"Birmingham_409750_287500",409750,287500,2,2,5950,2975
"Birmingham",2022,"Birmingham_409750_287750",409750,287750,2,2,31000,15500
"Birmingham",2022,"Birmingham_409750_288000",409750,288000,103,93,1771450,16000
"Birmingham",2022,"Birmingham_409750_288250",409750,288250,4,4,83500,11100
"Birmingham",2022,"Birmingham_409750_288500",409750,288500,1,1,6000,6000
"Birmingham",2022,"Birmingham_409750_289250",409750,289250,27,23,1404600,66500
"Birmingham",2022,"Birmingham_409750_289500",409750,289500,4,4,1159750,92500
"Birmingham",2022,"Birmingham_409750_290000",409750,290000,1,1,8800,8800
"Birmingham",2022,"Birmingham_409750_290250",409750,290250,1,0,NA,NA
"Birmingham",2022,"Birmingham_409750_290500",409750,290500,15,11,60500,5300
"Birmingham",2022,"Birmingham_409750_290750",409750,290750,40,32,141725,4675
"Birmingham",2022,"Birmingham_409750_291000",409750,291000,34,28,195275,4600
"Birmingham",2022,"Birmingham_409750_291250",409750,291250,3,3,12700,5100
"Birmingham",2022,"Birmingham_409750_291750",409750,291750,13,11,130050,5200
"Birmingham",2022,"Birmingham_409750_292000",409750,292000,4,4,105700,10675
"Birmingham",2022,"Birmingham_409750_292500",409750,292500,4,4,13750,1750
"Birmingham",2022,"Birmingham_409750_293250",409750,293250,1,1,7600,7600
"Birmingham",2022,"Birmingham_409750_294250",409750,294250,10,10,813800,9100
"Birmingham",2022,"Birmingham_409750_294500",409750,294500,1,1,18000,18000
"Birmingham",2022,"Birmingham_410000_279250",410000,279250,3,3,24150,8400
"Birmingham",2022,"Birmingham_410000_280500",410000,280500,1,1,6600,6600
"Birmingham",2022,"Birmingham_410000_280750",410000,280750,1,1,8300,8300
"Birmingham",2022,"Birmingham_410000_282500",410000,282500,6,6,31600,4925
"Birmingham",2022,"Birmingham_410000_282750",410000,282750,8,5,37600,4950
"Birmingham",2022,"Birmingham_410000_283750",410000,283750,9,8,95500,6250
"Birmingham",2022,"Birmingham_410000_284000",410000,284000,2,2,16200,8100
"Birmingham",2022,"Birmingham_410000_285500",410000,285500,69,61,667400,9800
"Birmingham",2022,"Birmingham_410000_285750",410000,285750,3,2,15200,7600
"Birmingham",2022,"Birmingham_410000_286000",410000,286000,39,33,183100,4700
"Birmingham",2022,"Birmingham_410000_286250",410000,286250,11,11,52600,4250
"Birmingham",2022,"Birmingham_410000_286500",410000,286500,21,20,372900,6550
"Birmingham",2022,"Birmingham_410000_286750",410000,286750,6,6,25950,4075
"Birmingham",2022,"Birmingham_410000_287000",410000,287000,1,1,2450,2450
"Birmingham",2022,"Birmingham_410000_287250",410000,287250,1,1,1925,1925
"Birmingham",2022,"Birmingham_410000_287500",410000,287500,4,4,13800,2475
"Birmingham",2022,"Birmingham_410000_287750",410000,287750,114,99,1511425,12750
"Birmingham",2022,"Birmingham_410000_288000",410000,288000,9,9,141750,11500
"Birmingham",2022,"Birmingham_410000_288250",410000,288250,3,3,16250,4150
"Birmingham",2022,"Birmingham_410000_288500",410000,288500,28,27,181050,5400
"Birmingham",2022,"Birmingham_410000_289250",410000,289250,14,1,312500,312500
"Birmingham",2022,"Birmingham_410000_289750",410000,289750,4,4,4350,1065
"Birmingham",2022,"Birmingham_410000_291000",410000,291000,3,3,7150,2075
"Birmingham",2022,"Birmingham_410000_293000",410000,293000,3,1,15750,15750
"Birmingham",2022,"Birmingham_410000_293250",410000,293250,3,3,14900,4700
"Birmingham",2022,"Birmingham_410000_294000",410000,294000,1,1,59500,59500
"Birmingham",2022,"Birmingham_410000_297750",410000,297750,1,0,NA,NA
"Birmingham",2022,"Birmingham_410250_279500",410250,279500,1,1,34250,34250
"Birmingham",2022,"Birmingham_410250_279750",410250,279750,2,2,8000,4000
"Birmingham",2022,"Birmingham_410250_280500",410250,280500,10,9,129850,8000
"Birmingham",2022,"Birmingham_410250_280750",410250,280750,15,14,102025,6550
"Birmingham",2022,"Birmingham_410250_282000",410250,282000,21,17,550150,11000
"Birmingham",2022,"Birmingham_410250_282250",410250,282250,57,48,662250,11000
"Birmingham",2022,"Birmingham_410250_282500",410250,282500,3,3,13200,4650
"Birmingham",2022,"Birmingham_410250_282750",410250,282750,2,2,10250,5125
"Birmingham",2022,"Birmingham_410250_283250",410250,283250,1,1,5300,5300
"Birmingham",2022,"Birmingham_410250_283500",410250,283500,5,4,9500,2337.5
"Birmingham",2022,"Birmingham_410250_283750",410250,283750,10,9,38850,3950
"Birmingham",2022,"Birmingham_410250_284000",410250,284000,1,1,1825,1825
"Birmingham",2022,"Birmingham_410250_284750",410250,284750,3,3,187075,2150
"Birmingham",2022,"Birmingham_410250_285000",410250,285000,2,1,5900,5900
"Birmingham",2022,"Birmingham_410250_285250",410250,285250,34,26,269650,7250
"Birmingham",2022,"Birmingham_410250_285500",410250,285500,1,1,13250,13250
"Birmingham",2022,"Birmingham_410250_286000",410250,286000,2,1,11250,11250
"Birmingham",2022,"Birmingham_410250_286250",410250,286250,21,18,76590,4025
"Birmingham",2022,"Birmingham_410250_286500",410250,286500,7,7,351450,8100
"Birmingham",2022,"Birmingham_410250_287000",410250,287000,6,4,12700,2800
"Birmingham",2022,"Birmingham_410250_287250",410250,287250,9,9,32425,2750
"Birmingham",2022,"Birmingham_410250_287500",410250,287500,4,4,56950,9850
"Birmingham",2022,"Birmingham_410250_287750",410250,287750,101,88,721150,7000
"Birmingham",2022,"Birmingham_410250_288000",410250,288000,5,5,16650,2550
"Birmingham",2022,"Birmingham_410250_288500",410250,288500,1,1,450000,450000
"Birmingham",2022,"Birmingham_410250_291500",410250,291500,3,3,9725,3600
"Birmingham",2022,"Birmingham_410250_292250",410250,292250,1,1,2850,2850
"Birmingham",2022,"Birmingham_410250_293500",410250,293500,3,3,35250,12750
"Birmingham",2022,"Birmingham_410250_293750",410250,293750,7,7,35200,5000
"Birmingham",2022,"Birmingham_410250_294500",410250,294500,1,1,8300,8300
"Birmingham",2022,"Birmingham_410250_299000",410250,299000,15,15,373300,13500
"Birmingham",2022,"Birmingham_410250_300250",410250,300250,1,1,48250,48250
"Birmingham",2022,"Birmingham_410250_3e+05",410250,3e+05,10,10,91400,8900
"Birmingham",2022,"Birmingham_410500_279500",410500,279500,22,21,205650,7700
"Birmingham",2022,"Birmingham_410500_280500",410500,280500,1,1,1375,1375
"Birmingham",2022,"Birmingham_410500_280750",410500,280750,3,2,13950,6975
"Birmingham",2022,"Birmingham_410500_281250",410500,281250,5,5,91850,7400
"Birmingham",2022,"Birmingham_410500_281500",410500,281500,1,1,95000,95000
"Birmingham",2022,"Birmingham_410500_281750",410500,281750,16,13,143850,6600
"Birmingham",2022,"Birmingham_410500_282000",410500,282000,9,7,118750,10500
"Birmingham",2022,"Birmingham_410500_282250",410500,282250,1,1,2150,2150
"Birmingham",2022,"Birmingham_410500_282500",410500,282500,8,7,127350,10250
"Birmingham",2022,"Birmingham_410500_282750",410500,282750,3,3,32750,11250
"Birmingham",2022,"Birmingham_410500_283000",410500,283000,2,1,6700,6700
"Birmingham",2022,"Birmingham_410500_283750",410500,283750,11,11,85200,5500
"Birmingham",2022,"Birmingham_410500_284750",410500,284750,1,1,505000,505000
"Birmingham",2022,"Birmingham_410500_285250",410500,285250,10,10,89500,8550
"Birmingham",2022,"Birmingham_410500_285750",410500,285750,2,2,8850,4425
"Birmingham",2022,"Birmingham_410500_286000",410500,286000,2,2,9900,4950
"Birmingham",2022,"Birmingham_410500_286250",410500,286250,15,14,130325,5400
"Birmingham",2022,"Birmingham_410500_286500",410500,286500,33,31,178010,4700
"Birmingham",2022,"Birmingham_410500_287000",410500,287000,1,1,4850,4850
"Birmingham",2022,"Birmingham_410500_287500",410500,287500,2,2,6075,3037.5
"Birmingham",2022,"Birmingham_410500_287750",410500,287750,20,19,217750,11000
"Birmingham",2022,"Birmingham_410500_288250",410500,288250,2,2,15350,7675
"Birmingham",2022,"Birmingham_410500_288750",410500,288750,2,2,12675,6337.5
"Birmingham",2022,"Birmingham_410500_290000",410500,290000,6,6,34475,4775
"Birmingham",2022,"Birmingham_410500_291000",410500,291000,2,2,3900,1950
"Birmingham",2022,"Birmingham_410500_291250",410500,291250,15,14,199400,6000
"Birmingham",2022,"Birmingham_410500_291500",410500,291500,51,47,675725,11750
"Birmingham",2022,"Birmingham_410500_291750",410500,291750,4,4,13950,3775
"Birmingham",2022,"Birmingham_410500_292000",410500,292000,9,5,49050,4000
"Birmingham",2022,"Birmingham_410500_292250",410500,292250,5,4,26725,3850
"Birmingham",2022,"Birmingham_410500_292500",410500,292500,1,1,5700,5700
"Birmingham",2022,"Birmingham_410500_293500",410500,293500,2,2,12600,6300
"Birmingham",2022,"Birmingham_410500_294500",410500,294500,7,7,46900,6700
"Birmingham",2022,"Birmingham_410500_295250",410500,295250,1,1,270000,270000
"Birmingham",2022,"Birmingham_410500_299000",410500,299000,1,0,NA,NA
"Birmingham",2022,"Birmingham_410500_300500",410500,300500,1,1,85500,85500
"Birmingham",2022,"Birmingham_410750_279500",410750,279500,1,1,120000,120000
"Birmingham",2022,"Birmingham_410750_281000",410750,281000,49,40,960145,8500
"Birmingham",2022,"Birmingham_410750_282000",410750,282000,3,1,17250,17250
"Birmingham",2022,"Birmingham_410750_282500",410750,282500,5,5,18850,4000
"Birmingham",2022,"Birmingham_410750_283000",410750,283000,7,6,46550,5150
"Birmingham",2022,"Birmingham_410750_283750",410750,283750,13,11,65450,5100
"Birmingham",2022,"Birmingham_410750_284250",410750,284250,4,4,16575,2287.5
"Birmingham",2022,"Birmingham_410750_284500",410750,284500,25,25,119125,3700
"Birmingham",2022,"Birmingham_410750_285000",410750,285000,6,6,676300,126750
"Birmingham",2022,"Birmingham_410750_285250",410750,285250,3,2,1918000,959000
"Birmingham",2022,"Birmingham_410750_285500",410750,285500,1,1,7900,7900
"Birmingham",2022,"Birmingham_410750_285750",410750,285750,6,6,27900,4800
"Birmingham",2022,"Birmingham_410750_286000",410750,286000,1,1,2100,2100
"Birmingham",2022,"Birmingham_410750_286250",410750,286250,37,35,222250,5100
"Birmingham",2022,"Birmingham_410750_286500",410750,286500,5,4,12075,3050
"Birmingham",2022,"Birmingham_410750_286750",410750,286750,3,2,17900,8950
"Birmingham",2022,"Birmingham_410750_287250",410750,287250,2,2,16850,8425
"Birmingham",2022,"Birmingham_410750_287500",410750,287500,1,1,3100,3100
"Birmingham",2022,"Birmingham_410750_287750",410750,287750,35,28,240200,7200
"Birmingham",2022,"Birmingham_410750_288000",410750,288000,1,1,2400,2400
"Birmingham",2022,"Birmingham_410750_288500",410750,288500,8,8,53175,5900
"Birmingham",2022,"Birmingham_410750_288750",410750,288750,1,1,6500,6500
"Birmingham",2022,"Birmingham_410750_290000",410750,290000,5,4,59600,17000
"Birmingham",2022,"Birmingham_410750_291000",410750,291000,1,1,17500,17500
"Birmingham",2022,"Birmingham_410750_291250",410750,291250,8,8,63500,7950
"Birmingham",2022,"Birmingham_410750_291500",410750,291500,84,79,1235250,11500
"Birmingham",2022,"Birmingham_410750_291750",410750,291750,42,27,324000,5200
"Birmingham",2022,"Birmingham_410750_292000",410750,292000,29,29,171625,5100
"Birmingham",2022,"Birmingham_410750_292250",410750,292250,20,18,127400,5400
"Birmingham",2022,"Birmingham_410750_292500",410750,292500,20,20,100825,3625
"Birmingham",2022,"Birmingham_410750_292750",410750,292750,2,2,299800,149900
"Birmingham",2022,"Birmingham_410750_293500",410750,293500,1,0,NA,NA
"Birmingham",2022,"Birmingham_410750_294000",410750,294000,1,1,8800,8800
"Birmingham",2022,"Birmingham_410750_294250",410750,294250,23,20,356700,12125
"Birmingham",2022,"Birmingham_410750_294500",410750,294500,72,69,1079250,11000
"Birmingham",2022,"Birmingham_410750_294750",410750,294750,2,2,27750,13875
"Birmingham",2022,"Birmingham_410750_297000",410750,297000,1,1,8000,8000
"Birmingham",2022,"Birmingham_410750_299250",410750,299250,2,2,14400,7200
"Birmingham",2022,"Birmingham_410750_300500",410750,300500,3,3,24700,8400
"Birmingham",2022,"Birmingham_411000_280250",411000,280250,1,1,19750,19750
"Birmingham",2022,"Birmingham_411000_280500",411000,280500,1,1,157000,157000
"Birmingham",2022,"Birmingham_411000_281500",411000,281500,1,1,5500,5500
"Birmingham",2022,"Birmingham_411000_282250",411000,282250,9,9,77550,4750
"Birmingham",2022,"Birmingham_411000_283000",411000,283000,10,7,42375,3650
"Birmingham",2022,"Birmingham_411000_283500",411000,283500,1,1,160000,160000
"Birmingham",2022,"Birmingham_411000_283750",411000,283750,13,13,127450,6500
"Birmingham",2022,"Birmingham_411000_284000",411000,284000,3,3,11320,2800
"Birmingham",2022,"Birmingham_411000_284250",411000,284250,2,2,8150,4075
"Birmingham",2022,"Birmingham_411000_284500",411000,284500,1,1,4600,4600
"Birmingham",2022,"Birmingham_411000_285000",411000,285000,31,25,250300,7700
"Birmingham",2022,"Birmingham_411000_285250",411000,285250,3,3,17000,4750
"Birmingham",2022,"Birmingham_411000_286000",411000,286000,1,1,7700,7700
"Birmingham",2022,"Birmingham_411000_286250",411000,286250,9,9,76250,5900
"Birmingham",2022,"Birmingham_411000_286750",411000,286750,1,1,7500,7500
"Birmingham",2022,"Birmingham_411000_287500",411000,287500,10,8,61400,8650
"Birmingham",2022,"Birmingham_411000_288750",411000,288750,2,2,9400,4700
"Birmingham",2022,"Birmingham_411000_290000",411000,290000,10,10,97400,9000
"Birmingham",2022,"Birmingham_411000_290750",411000,290750,3,3,297250,11750
"Birmingham",2022,"Birmingham_411000_291250",411000,291250,6,4,18875,3875
"Birmingham",2022,"Birmingham_411000_291500",411000,291500,2,2,6900,3450
"Birmingham",2022,"Birmingham_411000_291750",411000,291750,160,129,2073578,5500
"Birmingham",2022,"Birmingham_411000_292000",411000,292000,57,49,428125,6700
"Birmingham",2022,"Birmingham_411000_293000",411000,293000,2,2,21000,10500
"Birmingham",2022,"Birmingham_411000_293250",411000,293250,19,17,127125,5200
"Birmingham",2022,"Birmingham_411000_294250",411000,294250,1,1,3900,3900
"Birmingham",2022,"Birmingham_411000_298750",411000,298750,6,5,100170,3850
"Birmingham",2022,"Birmingham_411250_280250",411250,280250,47,45,540530,11500
"Birmingham",2022,"Birmingham_411250_280500",411250,280500,12,12,129600,10750
"Birmingham",2022,"Birmingham_411250_281500",411250,281500,15,14,111850,6950
"Birmingham",2022,"Birmingham_411250_282500",411250,282500,11,11,63500,5400
"Birmingham",2022,"Birmingham_411250_282750",411250,282750,50,47,526750,6800
"Birmingham",2022,"Birmingham_411250_283250",411250,283250,1,1,4900,4900
"Birmingham",2022,"Birmingham_411250_283750",411250,283750,5,5,53650,4050
"Birmingham",2022,"Birmingham_411250_284000",411250,284000,4,2,17700,8850
"Birmingham",2022,"Birmingham_411250_284750",411250,284750,1,1,3200,3200
"Birmingham",2022,"Birmingham_411250_285000",411250,285000,23,20,226050,8550
"Birmingham",2022,"Birmingham_411250_286750",411250,286750,25,24,222900,7800
"Birmingham",2022,"Birmingham_411250_287500",411250,287500,22,22,263000,8800
"Birmingham",2022,"Birmingham_411250_287750",411250,287750,1,1,5300,5300
"Birmingham",2022,"Birmingham_411250_288000",411250,288000,5,5,21400,4250
"Birmingham",2022,"Birmingham_411250_288250",411250,288250,32,32,263050,6400
"Birmingham",2022,"Birmingham_411250_288500",411250,288500,5,4,13175,3325
"Birmingham",2022,"Birmingham_411250_289000",411250,289000,2,2,12050,6025
"Birmingham",2022,"Birmingham_411250_290000",411250,290000,1,1,13750,13750
"Birmingham",2022,"Birmingham_411250_290250",411250,290250,7,6,804950,34950
"Birmingham",2022,"Birmingham_411250_290500",411250,290500,8,7,35900,3750
"Birmingham",2022,"Birmingham_411250_291250",411250,291250,1,1,7500,7500
"Birmingham",2022,"Birmingham_411250_291500",411250,291500,1,1,5100,5100
"Birmingham",2022,"Birmingham_411250_291750",411250,291750,9,9,44500,4650
"Birmingham",2022,"Birmingham_411250_292000",411250,292000,1,0,NA,NA
"Birmingham",2022,"Birmingham_411250_292250",411250,292250,1,1,4600,4600
"Birmingham",2022,"Birmingham_411250_293000",411250,293000,7,7,26650,3800
"Birmingham",2022,"Birmingham_411250_293250",411250,293250,1,1,6600,6600
"Birmingham",2022,"Birmingham_411250_293500",411250,293500,1,1,36250,36250
"Birmingham",2022,"Birmingham_411250_295000",411250,295000,1,1,3050,3050
"Birmingham",2022,"Birmingham_411250_296250",411250,296250,3,3,110600,6600
"Birmingham",2022,"Birmingham_411250_299250",411250,299250,5,4,121500,16300
"Birmingham",2022,"Birmingham_411250_299500",411250,299500,1,1,26250,26250
"Birmingham",2022,"Birmingham_411500_280500",411500,280500,3,3,27400,8400
"Birmingham",2022,"Birmingham_411500_281750",411500,281750,4,4,6575,1612.5
"Birmingham",2022,"Birmingham_411500_282000",411500,282000,3,3,19700,5300
"Birmingham",2022,"Birmingham_411500_282500",411500,282500,3,3,13150,3750
"Birmingham",2022,"Birmingham_411500_282750",411500,282750,1,1,11750,11750
"Birmingham",2022,"Birmingham_411500_283500",411500,283500,4,4,25900,6450
"Birmingham",2022,"Birmingham_411500_283750",411500,283750,2,0,NA,NA
"Birmingham",2022,"Birmingham_411500_284500",411500,284500,1,1,15750,15750
"Birmingham",2022,"Birmingham_411500_284750",411500,284750,4,3,23350,6300
"Birmingham",2022,"Birmingham_411500_285000",411500,285000,23,19,164050,6500
"Birmingham",2022,"Birmingham_411500_285250",411500,285250,1,1,7700,7700
"Birmingham",2022,"Birmingham_411500_285750",411500,285750,13,13,112150,6600
"Birmingham",2022,"Birmingham_411500_287250",411500,287250,1,1,3950,3950
"Birmingham",2022,"Birmingham_411500_287500",411500,287500,7,7,20975,2200
"Birmingham",2022,"Birmingham_411500_287750",411500,287750,43,39,541475,8300
"Birmingham",2022,"Birmingham_411500_288000",411500,288000,7,5,38100,7700
"Birmingham",2022,"Birmingham_411500_288250",411500,288250,49,43,256535,5200
"Birmingham",2022,"Birmingham_411500_288750",411500,288750,7,5,31750,4750
"Birmingham",2022,"Birmingham_411500_289000",411500,289000,7,7,25800,3150
"Birmingham",2022,"Birmingham_411500_289250",411500,289250,5,4,27450,4850
"Birmingham",2022,"Birmingham_411500_289500",411500,289500,4,2,138750,69375
"Birmingham",2022,"Birmingham_411500_290250",411500,290250,6,3,111300,4850
"Birmingham",2022,"Birmingham_411500_290500",411500,290500,1,1,7100,7100
"Birmingham",2022,"Birmingham_411500_292750",411500,292750,7,7,64450,9200
"Birmingham",2022,"Birmingham_411500_293000",411500,293000,2,1,5200,5200
"Birmingham",2022,"Birmingham_411500_293250",411500,293250,1,1,3950,3950
"Birmingham",2022,"Birmingham_411500_295000",411500,295000,21,20,289125,15250
"Birmingham",2022,"Birmingham_411500_296000",411500,296000,1,1,19750,19750
"Birmingham",2022,"Birmingham_411500_296250",411500,296250,1,1,18750,18750
"Birmingham",2022,"Birmingham_411500_298250",411500,298250,6,6,194950,10625
"Birmingham",2022,"Birmingham_411500_298500",411500,298500,40,39,1078525,21250
"Birmingham",2022,"Birmingham_411500_298750",411500,298750,52,47,1376075,16500
"Birmingham",2022,"Birmingham_411500_299000",411500,299000,3,3,46750,14000
"Birmingham",2022,"Birmingham_411750_281000",411750,281000,3,1,0,0
"Birmingham",2022,"Birmingham_411750_281250",411750,281250,20,19,164400,5200
"Birmingham",2022,"Birmingham_411750_281750",411750,281750,3,3,8400,2700
"Birmingham",2022,"Birmingham_411750_282250",411750,282250,4,4,19400,4275
"Birmingham",2022,"Birmingham_411750_282500",411750,282500,2,2,22650,11325
"Birmingham",2022,"Birmingham_411750_283000",411750,283000,14,13,186050,12750
"Birmingham",2022,"Birmingham_411750_283250",411750,283250,10,9,110050,10500
"Birmingham",2022,"Birmingham_411750_283750",411750,283750,4,3,24720,3250
"Birmingham",2022,"Birmingham_411750_284250",411750,284250,5,3,13400,3200
"Birmingham",2022,"Birmingham_411750_285000",411750,285000,12,11,166300,6700
"Birmingham",2022,"Birmingham_411750_286000",411750,286000,1,1,6800,6800
"Birmingham",2022,"Birmingham_411750_286750",411750,286750,11,9,66050,6900
"Birmingham",2022,"Birmingham_411750_287250",411750,287250,4,3,21250,4400
"Birmingham",2022,"Birmingham_411750_287500",411750,287500,2,2,12150,6075
"Birmingham",2022,"Birmingham_411750_288000",411750,288000,24,20,238970,7550
"Birmingham",2022,"Birmingham_411750_288250",411750,288250,3,2,11600,5800
"Birmingham",2022,"Birmingham_411750_288750",411750,288750,1,1,1850,1850
"Birmingham",2022,"Birmingham_411750_289000",411750,289000,4,3,12150,3600
"Birmingham",2022,"Birmingham_411750_290250",411750,290250,27,27,161275,5800
"Birmingham",2022,"Birmingham_411750_291750",411750,291750,1,1,6100,6100
"Birmingham",2022,"Birmingham_411750_292750",411750,292750,17,14,288200,8450
"Birmingham",2022,"Birmingham_411750_293000",411750,293000,68,62,954025,12500
"Birmingham",2022,"Birmingham_411750_293250",411750,293250,23,20,262150,10875
"Birmingham",2022,"Birmingham_411750_293750",411750,293750,1,0,NA,NA
"Birmingham",2022,"Birmingham_411750_294750",411750,294750,1,1,147000,147000
"Birmingham",2022,"Birmingham_411750_295250",411750,295250,12,12,332250,18625
"Birmingham",2022,"Birmingham_411750_295500",411750,295500,35,34,607350,14625
"Birmingham",2022,"Birmingham_411750_295750",411750,295750,26,21,1189500,35000
"Birmingham",2022,"Birmingham_411750_296000",411750,296000,67,60,4376650,52000
"Birmingham",2022,"Birmingham_411750_296250",411750,296250,2,2,12700,6350
"Birmingham",2022,"Birmingham_411750_297250",411750,297250,1,1,95000,95000
"Birmingham",2022,"Birmingham_411750_298250",411750,298250,1,1,27000,27000
"Birmingham",2022,"Birmingham_411750_298750",411750,298750,18,15,2040600,14750
"Birmingham",2022,"Birmingham_411750_299000",411750,299000,1,1,7000,7000
"Birmingham",2022,"Birmingham_412000_283000",412000,283000,50,49,1927475,25750
"Birmingham",2022,"Birmingham_412000_283250",412000,283250,4,3,23350,6800
"Birmingham",2022,"Birmingham_412000_284250",412000,284250,11,10,39950,3425
"Birmingham",2022,"Birmingham_412000_284500",412000,284500,2,1,10500,10500
"Birmingham",2022,"Birmingham_412000_284750",412000,284750,3,3,501500,59000
"Birmingham",2022,"Birmingham_412000_286750",412000,286750,5,5,38750,6800
"Birmingham",2022,"Birmingham_412000_287500",412000,287500,4,3,7830,3250
"Birmingham",2022,"Birmingham_412000_288000",412000,288000,3,3,86800,9200
"Birmingham",2022,"Birmingham_412000_288250",412000,288250,20,17,156750,8500
"Birmingham",2022,"Birmingham_412000_289500",412000,289500,1,1,10750,10750
"Birmingham",2022,"Birmingham_412000_290000",412000,290000,56,45,11177400,148000
"Birmingham",2022,"Birmingham_412000_290500",412000,290500,9,5,1065400,2e+05
"Birmingham",2022,"Birmingham_412000_291000",412000,291000,30,25,187775,6900
"Birmingham",2022,"Birmingham_412000_291250",412000,291250,3,3,16575,6100
"Birmingham",2022,"Birmingham_412000_294500",412000,294500,1,1,9300,9300
"Birmingham",2022,"Birmingham_412000_295500",412000,295500,10,9,200950,9300
"Birmingham",2022,"Birmingham_412000_295750",412000,295750,68,59,1826275,4800
"Birmingham",2022,"Birmingham_412000_296000",412000,296000,51,49,3487050,43500
"Birmingham",2022,"Birmingham_412000_296250",412000,296250,30,29,554900,10250
"Birmingham",2022,"Birmingham_412000_296500",412000,296500,8,8,196450,11625
"Birmingham",2022,"Birmingham_412000_298500",412000,298500,1,1,16000,16000
"Birmingham",2022,"Birmingham_412000_298750",412000,298750,4,4,25750,6150
"Birmingham",2022,"Birmingham_412000_299250",412000,299250,4,4,20100,4875
"Birmingham",2022,"Birmingham_412250_282000",412250,282000,1,1,2850,2850
"Birmingham",2022,"Birmingham_412250_283000",412250,283000,61,58,989900,14000
"Birmingham",2022,"Birmingham_412250_283500",412250,283500,9,8,55000,5550
"Birmingham",2022,"Birmingham_412250_283750",412250,283750,27,27,155700,5300
"Birmingham",2022,"Birmingham_412250_284000",412250,284000,11,10,50050,5075
"Birmingham",2022,"Birmingham_412250_284250",412250,284250,2,2,6800,3400
"Birmingham",2022,"Birmingham_412250_284500",412250,284500,2,2,24850,12425
"Birmingham",2022,"Birmingham_412250_284750",412250,284750,8,7,172400,7500
"Birmingham",2022,"Birmingham_412250_285250",412250,285250,6,6,44050,4100
"Birmingham",2022,"Birmingham_412250_285500",412250,285500,1,1,3150,3150
"Birmingham",2022,"Birmingham_412250_288250",412250,288250,80,69,2173000,11750
"Birmingham",2022,"Birmingham_412250_288500",412250,288500,1,1,1775,1775
"Birmingham",2022,"Birmingham_412250_289750",412250,289750,10,10,79150,5900
"Birmingham",2022,"Birmingham_412250_290000",412250,290000,3,3,788000,275000
"Birmingham",2022,"Birmingham_412250_290750",412250,290750,2,2,52000,26000
"Birmingham",2022,"Birmingham_412250_291000",412250,291000,16,14,87750,5800
"Birmingham",2022,"Birmingham_412250_295250",412250,295250,3,3,10900,3700
"Birmingham",2022,"Birmingham_412250_296000",412250,296000,1,1,14000,14000
"Birmingham",2022,"Birmingham_412250_296250",412250,296250,5,5,74300,5600
"Birmingham",2022,"Birmingham_412250_298500",412250,298500,4,4,78050,10875
"Birmingham",2022,"Birmingham_412250_298750",412250,298750,2,2,10050,5025
"Birmingham",2022,"Birmingham_412500_282000",412500,282000,1,1,3550,3550
"Birmingham",2022,"Birmingham_412500_282750",412500,282750,5,5,342450,18750
"Birmingham",2022,"Birmingham_412500_283000",412500,283000,17,16,129725,8600
"Birmingham",2022,"Birmingham_412500_283750",412500,283750,1,1,2025,2025
"Birmingham",2022,"Birmingham_412500_284500",412500,284500,9,9,57500,4450
"Birmingham",2022,"Birmingham_412500_284750",412500,284750,1,1,0,0
"Birmingham",2022,"Birmingham_412500_286500",412500,286500,10,10,56550,5600
"Birmingham",2022,"Birmingham_412500_286750",412500,286750,6,6,34875,5950
"Birmingham",2022,"Birmingham_412500_287500",412500,287500,1,1,4650,4650
"Birmingham",2022,"Birmingham_412500_288000",412500,288000,21,17,337550,4800
"Birmingham",2022,"Birmingham_412500_288250",412500,288250,9,6,62950,11050
"Birmingham",2022,"Birmingham_412500_290000",412500,290000,10,8,178500,18875
"Birmingham",2022,"Birmingham_412500_290750",412500,290750,7,7,151600,10500
"Birmingham",2022,"Birmingham_412500_291000",412500,291000,12,12,119500,6750
"Birmingham",2022,"Birmingham_412500_291750",412500,291750,3,2,13850,6925
"Birmingham",2022,"Birmingham_412500_292250",412500,292250,1,1,47500,47500
"Birmingham",2022,"Birmingham_412500_292500",412500,292500,1,1,4600,4600
"Birmingham",2022,"Birmingham_412500_293250",412500,293250,1,1,12250,12250
"Birmingham",2022,"Birmingham_412500_295500",412500,295500,1,1,5900,5900
"Birmingham",2022,"Birmingham_412500_295750",412500,295750,1,1,154000,154000
"Birmingham",2022,"Birmingham_412500_296000",412500,296000,4,4,26550,5250
"Birmingham",2022,"Birmingham_412500_296250",412500,296250,1,0,NA,NA
"Birmingham",2022,"Birmingham_412750_282500",412750,282500,2,1,35000,35000
"Birmingham",2022,"Birmingham_412750_282750",412750,282750,6,5,74500,16250
"Birmingham",2022,"Birmingham_412750_283000",412750,283000,1,1,4100,4100
"Birmingham",2022,"Birmingham_412750_283250",412750,283250,2,2,4975,2487.5
"Birmingham",2022,"Birmingham_412750_283750",412750,283750,1,1,1550,1550
"Birmingham",2022,"Birmingham_412750_284750",412750,284750,49,43,2999725,19250
"Birmingham",2022,"Birmingham_412750_285000",412750,285000,4,2,6650,3325
"Birmingham",2022,"Birmingham_412750_285250",412750,285250,8,7,68650,9200
"Birmingham",2022,"Birmingham_412750_285500",412750,285500,26,23,514300,14500
"Birmingham",2022,"Birmingham_412750_286000",412750,286000,4,4,13050,2775
"Birmingham",2022,"Birmingham_412750_286500",412750,286500,5,5,28100,6200
"Birmingham",2022,"Birmingham_412750_286750",412750,286750,10,10,35275,3500
"Birmingham",2022,"Birmingham_412750_287250",412750,287250,12,12,96100,6400
"Birmingham",2022,"Birmingham_412750_288500",412750,288500,1,0,NA,NA
"Birmingham",2022,"Birmingham_412750_291250",412750,291250,1,1,17000,17000
"Birmingham",2022,"Birmingham_412750_291750",412750,291750,12,11,84950,7200
"Birmingham",2022,"Birmingham_412750_294250",412750,294250,1,1,7200,7200
"Birmingham",2022,"Birmingham_412750_295750",412750,295750,1,1,80500,80500
"Birmingham",2022,"Birmingham_412750_299750",412750,299750,1,1,5200,5200
"Birmingham",2022,"Birmingham_413000_283000",413000,283000,2,2,19400,9700
"Birmingham",2022,"Birmingham_413000_283250",413000,283250,2,2,48150,24075
"Birmingham",2022,"Birmingham_413000_283500",413000,283500,2,1,9200,9200
"Birmingham",2022,"Birmingham_413000_283750",413000,283750,8,8,33950,4575
"Birmingham",2022,"Birmingham_413000_284000",413000,284000,2,2,92250,46125
"Birmingham",2022,"Birmingham_413000_284750",413000,284750,12,11,167900,7800
"Birmingham",2022,"Birmingham_413000_285000",413000,285000,4,2,14500,7250
"Birmingham",2022,"Birmingham_413000_285250",413000,285250,15,14,202000,13375
"Birmingham",2022,"Birmingham_413000_285500",413000,285500,42,40,530400,10375
"Birmingham",2022,"Birmingham_413000_285750",413000,285750,1,1,4350,4350
"Birmingham",2022,"Birmingham_413000_286500",413000,286500,1,1,1025,1025
"Birmingham",2022,"Birmingham_413000_287000",413000,287000,15,14,171050,6650
"Birmingham",2022,"Birmingham_413000_287250",413000,287250,17,15,112875,5000
"Birmingham",2022,"Birmingham_413000_287500",413000,287500,21,19,1397100,13000
"Birmingham",2022,"Birmingham_413000_287750",413000,287750,6,6,42150,8250
"Birmingham",2022,"Birmingham_413000_289250",413000,289250,1,0,NA,NA
"Birmingham",2022,"Birmingham_413000_289500",413000,289500,5,3,23800,6300
"Birmingham",2022,"Birmingham_413000_289750",413000,289750,2,2,18050,9025
"Birmingham",2022,"Birmingham_413000_291000",413000,291000,6,4,12200,3125
"Birmingham",2022,"Birmingham_413000_291500",413000,291500,3,2,20800,10400
"Birmingham",2022,"Birmingham_413000_295750",413000,295750,5,5,48025,3850
"Birmingham",2022,"Birmingham_413000_296500",413000,296500,1,1,33000,33000
"Birmingham",2022,"Birmingham_413000_297500",413000,297500,1,1,26750,26750
"Birmingham",2022,"Birmingham_413000_298500",413000,298500,19,19,177900,8700
"Birmingham",2022,"Birmingham_413000_299000",413000,299000,2,2,120500,60250
"Birmingham",2022,"Birmingham_413250_284750",413250,284750,4,3,16710,6500
"Birmingham",2022,"Birmingham_413250_286000",413250,286000,1,1,2075,2075
"Birmingham",2022,"Birmingham_413250_287500",413250,287500,2,2,13600,6800
"Birmingham",2022,"Birmingham_413250_289000",413250,289000,8,8,238450,7300
"Birmingham",2022,"Birmingham_413250_289250",413250,289250,4,4,56600,9150
"Birmingham",2022,"Birmingham_413250_290000",413250,290000,2,0,NA,NA
"Birmingham",2022,"Birmingham_413250_291000",413250,291000,19,16,2747600,160000
"Birmingham",2022,"Birmingham_413250_291250",413250,291250,7,5,719500,121000
"Birmingham",2022,"Birmingham_413250_291500",413250,291500,11,10,79600,7100
"Birmingham",2022,"Birmingham_413250_291750",413250,291750,1,0,NA,NA
"Birmingham",2022,"Birmingham_413250_295750",413250,295750,8,8,107100,7650
"Birmingham",2022,"Birmingham_413250_297000",413250,297000,9,9,220750,12250
"Birmingham",2022,"Birmingham_413500_284250",413500,284250,3,3,91600,11750
"Birmingham",2022,"Birmingham_413500_284500",413500,284500,19,19,306450,11000
"Birmingham",2022,"Birmingham_413500_286750",413500,286750,1,1,44000,44000
"Birmingham",2022,"Birmingham_413500_288500",413500,288500,8,7,44250,4850
"Birmingham",2022,"Birmingham_413500_288750",413500,288750,3,3,22550,5700
"Birmingham",2022,"Birmingham_413500_289250",413500,289250,6,6,58100,8450
"Birmingham",2022,"Birmingham_413500_290250",413500,290250,7,2,1060000,530000
"Birmingham",2022,"Birmingham_413500_291250",413500,291250,4,4,77900,10425
"Birmingham",2022,"Birmingham_413500_291750",413500,291750,4,4,14000,3175
"Birmingham",2022,"Birmingham_413500_292000",413500,292000,2,2,14200,7100
"Birmingham",2022,"Birmingham_413500_292250",413500,292250,6,6,73270,10125
"Birmingham",2022,"Birmingham_413500_292500",413500,292500,1,1,5900,5900
"Birmingham",2022,"Birmingham_413500_293500",413500,293500,31,31,525875,12500
"Birmingham",2022,"Birmingham_413500_295500",413500,295500,1,1,65000,65000
"Birmingham",2022,"Birmingham_413500_295750",413500,295750,3,3,13000,4250
"Birmingham",2022,"Birmingham_413500_297000",413500,297000,1,1,9800,9800
"Birmingham",2022,"Birmingham_413500_299000",413500,299000,2,2,95000,47500
"Birmingham",2022,"Birmingham_413750_284250",413750,284250,1,1,26500,26500
"Birmingham",2022,"Birmingham_413750_285250",413750,285250,5,5,27500,4400
"Birmingham",2022,"Birmingham_413750_286250",413750,286250,1,1,8800,8800
"Birmingham",2022,"Birmingham_413750_287250",413750,287250,1,1,11000,11000
"Birmingham",2022,"Birmingham_413750_288500",413750,288500,1,1,82000,82000
"Birmingham",2022,"Birmingham_413750_291000",413750,291000,18,14,3182000,50500
"Birmingham",2022,"Birmingham_413750_291500",413750,291500,2,2,11420,5710
"Birmingham",2022,"Birmingham_413750_293250",413750,293250,1,1,337500,337500
"Birmingham",2022,"Birmingham_413750_293750",413750,293750,1,1,8100,8100
"Birmingham",2022,"Birmingham_413750_296500",413750,296500,2,2,9800,4900
"Birmingham",2022,"Birmingham_414000_284000",414000,284000,3,2,244500,122250
"Birmingham",2022,"Birmingham_414000_284500",414000,284500,4,4,20500,5250
"Birmingham",2022,"Birmingham_414000_284750",414000,284750,1,1,78000,78000
"Birmingham",2022,"Birmingham_414000_285250",414000,285250,4,4,19500,4625
"Birmingham",2022,"Birmingham_414000_285750",414000,285750,3,2,30750,15375
"Birmingham",2022,"Birmingham_414000_286000",414000,286000,1,1,7300,7300
"Birmingham",2022,"Birmingham_414000_286250",414000,286250,17,15,83800,5300
"Birmingham",2022,"Birmingham_414000_287000",414000,287000,1,1,10500,10500
"Birmingham",2022,"Birmingham_414000_287500",414000,287500,17,17,96850,5000
"Birmingham",2022,"Birmingham_414000_287750",414000,287750,21,21,181050,8700
"Birmingham",2022,"Birmingham_414000_288000",414000,288000,6,1,16000,16000
"Birmingham",2022,"Birmingham_414000_290250",414000,290250,1,1,3450,3450
"Birmingham",2022,"Birmingham_414000_290500",414000,290500,1,1,6800,6800
"Birmingham",2022,"Birmingham_414000_291000",414000,291000,2,0,NA,NA
"Birmingham",2022,"Birmingham_414000_291750",414000,291750,2,1,8000,8000
"Birmingham",2022,"Birmingham_414000_293500",414000,293500,2,2,61500,30750
"Birmingham",2022,"Birmingham_414250_284000",414250,284000,16,14,507375,7650
"Birmingham",2022,"Birmingham_414250_284500",414250,284500,1,1,32000,32000
"Birmingham",2022,"Birmingham_414250_285500",414250,285500,12,11,77450,6800
"Birmingham",2022,"Birmingham_414250_286500",414250,286500,29,3,129950,10000
"Birmingham",2022,"Birmingham_414250_287000",414250,287000,3,3,18500,4950
"Birmingham",2022,"Birmingham_414250_287500",414250,287500,2,2,10550,5275
"Birmingham",2022,"Birmingham_414250_288250",414250,288250,2,0,NA,NA
"Birmingham",2022,"Birmingham_414250_288750",414250,288750,16,13,77875,4700
"Birmingham",2022,"Birmingham_414250_289000",414250,289000,1,1,8000,8000
"Birmingham",2022,"Birmingham_414250_290500",414250,290500,1,1,8100,8100
"Birmingham",2022,"Birmingham_414250_290750",414250,290750,4,4,27750,5200
"Birmingham",2022,"Birmingham_414250_291000",414250,291000,1,1,5200,5200
"Birmingham",2022,"Birmingham_414250_291500",414250,291500,1,1,7400,7400
"Birmingham",2022,"Birmingham_414250_292000",414250,292000,1,1,2650,2650
"Birmingham",2022,"Birmingham_414250_294500",414250,294500,1,1,29500,29500
"Birmingham",2022,"Birmingham_414250_296000",414250,296000,12,12,65950,4475
"Birmingham",2022,"Birmingham_414500_283750",414500,283750,8,7,326500,38750
"Birmingham",2022,"Birmingham_414500_285750",414500,285750,1,1,14500,14500
"Birmingham",2022,"Birmingham_414500_291500",414500,291500,2,2,16400,8200
"Birmingham",2022,"Birmingham_414500_292000",414500,292000,3,3,122000,35000
"Birmingham",2022,"Birmingham_414500_292250",414500,292250,9,8,61640,2487.5
"Birmingham",2022,"Birmingham_414500_292750",414500,292750,8,4,2773600,189250
"Birmingham",2022,"Birmingham_414500_295500",414500,295500,1,1,20750,20750
"Birmingham",2022,"Birmingham_414500_295750",414500,295750,2,2,18900,9450
"Birmingham",2022,"Birmingham_414750_283500",414750,283500,16,15,458400,10000
"Birmingham",2022,"Birmingham_414750_283750",414750,283750,41,35,878800,21500
"Birmingham",2022,"Birmingham_414750_284500",414750,284500,2,2,15000,7500
"Birmingham",2022,"Birmingham_414750_284750",414750,284750,2,2,41250,20625
"Birmingham",2022,"Birmingham_414750_285500",414750,285500,1,1,10500,10500
"Birmingham",2022,"Birmingham_414750_285750",414750,285750,1,1,85500,85500
"Birmingham",2022,"Birmingham_414750_286500",414750,286500,1,1,106000,106000
"Birmingham",2022,"Birmingham_414750_287250",414750,287250,3,3,55000,22750
"Birmingham",2022,"Birmingham_414750_288250",414750,288250,1,1,9000,9000
"Birmingham",2022,"Birmingham_414750_291250",414750,291250,9,9,116450,8600
"Birmingham",2022,"Birmingham_415000_283500",415000,283500,6,6,1852750,27375
"Birmingham",2022,"Birmingham_415000_283750",415000,283750,51,47,641350,12250
"Birmingham",2022,"Birmingham_415000_284250",415000,284250,7,7,36000,5600
"Birmingham",2022,"Birmingham_415000_285000",415000,285000,22,18,137500,7700
"Birmingham",2022,"Birmingham_415000_286250",415000,286250,7,7,40270,5700
"Birmingham",2022,"Birmingham_415000_286750",415000,286750,1,1,5200,5200
"Birmingham",2022,"Birmingham_415000_287000",415000,287000,12,11,64300,5200
"Birmingham",2022,"Birmingham_415000_287250",415000,287250,24,24,195000,6050
"Birmingham",2022,"Birmingham_415000_288500",415000,288500,14,13,243100,13000
"Birmingham",2022,"Birmingham_415000_292750",415000,292750,1,1,8000,8000
"Birmingham",2022,"Birmingham_415250_283500",415250,283500,7,7,80100,11000
"Birmingham",2022,"Birmingham_415250_284250",415250,284250,1,1,72000,72000
"Birmingham",2022,"Birmingham_415250_285000",415250,285000,28,27,257870,8800
"Birmingham",2022,"Birmingham_415250_285250",415250,285250,10,7,122750,14000
"Birmingham",2022,"Birmingham_415250_286250",415250,286250,1,1,19750,19750
"Birmingham",2022,"Birmingham_415250_286750",415250,286750,2,1,7900,7900
"Birmingham",2022,"Birmingham_415250_287000",415250,287000,1,1,11750,11750
"Birmingham",2022,"Birmingham_415250_289250",415250,289250,2,2,23250,11625
"Birmingham",2022,"Birmingham_415250_291500",415250,291500,16,16,36825,2487.5
"Birmingham",2022,"Birmingham_415250_292250",415250,292250,1,1,16500,16500
"Birmingham",2022,"Birmingham_415500_283750",415500,283750,13,12,204450,6600
"Birmingham",2022,"Birmingham_415500_286750",415500,286750,3,3,321700,6400
"Birmingham",2022,"Birmingham_415500_287000",415500,287000,21,19,149800,7200
"Birmingham",2022,"Birmingham_415500_289000",415500,289000,1,1,9000,9000
"Birmingham",2022,"Birmingham_415500_289250",415500,289250,23,23,542500,15750
"Birmingham",2022,"Birmingham_415500_292250",415500,292250,1,1,8200,8200
"Birmingham",2022,"Birmingham_415500_294500",415500,294500,2,2,15300,7650
"Birmingham",2022,"Birmingham_415750_284250",415750,284250,4,4,28200,6200
"Birmingham",2022,"Birmingham_415750_284500",415750,284500,1,1,5800,5800
"Birmingham",2022,"Birmingham_415750_286750",415750,286750,1,1,12500,12500
"Birmingham",2022,"Birmingham_415750_292000",415750,292000,1,1,30000,30000
"Birmingham",2022,"Birmingham_415750_292250",415750,292250,1,1,3350,3350
"Birmingham",2022,"Birmingham_415750_292750",415750,292750,1,1,8300,8300
"Birmingham",2022,"Birmingham_416000_283750",416000,283750,1,0,NA,NA
"Birmingham",2022,"Birmingham_416000_286000",416000,286000,6,6,43600,5750
"Birmingham",2022,"Birmingham_416000_286500",416000,286500,1,1,1850,1850
"Birmingham",2022,"Birmingham_416000_287250",416000,287250,1,1,70000,70000
"Birmingham",2022,"Birmingham_416000_288750",416000,288750,5,5,31550,3550
"Birmingham",2022,"Birmingham_416000_289000",416000,289000,8,6,1029350,14000
"Birmingham",2022,"Birmingham_416000_292250",416000,292250,2,2,78250,39125
"Birmingham",2022,"Birmingham_416250_286000",416250,286000,9,9,54500,5600
"Birmingham",2022,"Birmingham_416250_286250",416250,286250,1,1,1200,1200
"Birmingham",2022,"Birmingham_416250_286750",416250,286750,9,9,59800,5800
"Birmingham",2022,"Birmingham_416250_287250",416250,287250,1,1,62000,62000
"Birmingham",2022,"Birmingham_416250_288000",416250,288000,1,1,760,760
"Birmingham",2022,"Birmingham_416500_286000",416500,286000,6,5,42800,5000
"Birmingham",2022,"Birmingham_4e+05_276250",4e+05,276250,1,1,23750,23750
"Birmingham",2022,"Birmingham_4e+05_276750",4e+05,276750,8,8,42400,4575
"Birmingham",2022,"Birmingham_4e+05_277250",4e+05,277250,2,2,18200,9100
"Birmingham",2022,"Birmingham_4e+05_277500",4e+05,277500,8,7,99650,10750
"Birmingham",2022,"Birmingham_4e+05_278250",4e+05,278250,1,1,11000,11000
"Birmingham",2022,"Birmingham_4e+05_283000",4e+05,283000,1,0,NA,NA
"Birmingham",2022,"Birmingham_4e+05_284500",4e+05,284500,1,1,2075,2075
"Birmingham",2025,"Birmingham_398250_278250",398250,278250,3,3,24300,6100
"Birmingham",2025,"Birmingham_398750_277500",398750,277500,1,1,16000,16000
"Birmingham",2025,"Birmingham_398750_278250",398750,278250,10,10,93300,6550
"Birmingham",2025,"Birmingham_399000_277250",399000,277250,1,1,146000,146000
"Birmingham",2025,"Birmingham_399000_282500",399000,282500,1,1,9300,9300
"Birmingham",2025,"Birmingham_399000_282750",399000,282750,1,1,4150,4150
"Birmingham",2025,"Birmingham_399000_283000",399000,283000,1,1,28000,28000
"Birmingham",2025,"Birmingham_399000_284750",399000,284750,2,2,21300,10650
"Birmingham",2025,"Birmingham_399250_276750",399250,276750,1,1,3100,3100
"Birmingham",2025,"Birmingham_399250_277250",399250,277250,4,4,34500,8650
"Birmingham",2025,"Birmingham_399250_277500",399250,277500,2,2,122500,61250
"Birmingham",2025,"Birmingham_399250_278750",399250,278750,1,1,11500,11500
"Birmingham",2025,"Birmingham_399250_281000",399250,281000,1,1,6400,6400
"Birmingham",2025,"Birmingham_399250_282000",399250,282000,6,6,38000,4475
"Birmingham",2025,"Birmingham_399250_282500",399250,282500,1,1,5200,5200
"Birmingham",2025,"Birmingham_399250_282750",399250,282750,7,7,56250,9200
"Birmingham",2025,"Birmingham_399250_283750",399250,283750,1,0,NA,NA
"Birmingham",2025,"Birmingham_399250_284750",399250,284750,9,9,78210,4000
"Birmingham",2025,"Birmingham_399500_277500",399500,277500,3,2,1530000,765000
"Birmingham",2025,"Birmingham_399500_277750",399500,277750,1,1,155000,155000
"Birmingham",2025,"Birmingham_399500_281500",399500,281500,22,22,127525,4650
"Birmingham",2025,"Birmingham_399500_281750",399500,281750,1,1,4800,4800
"Birmingham",2025,"Birmingham_399500_284750",399500,284750,3,3,25100,8700
"Birmingham",2025,"Birmingham_399750_276750",399750,276750,12,12,66700,4400
"Birmingham",2025,"Birmingham_399750_278250",399750,278250,1,1,10250,10250
"Birmingham",2025,"Birmingham_399750_278750",399750,278750,4,4,30750,6250
"Birmingham",2025,"Birmingham_399750_281250",399750,281250,1,1,4000,4000
"Birmingham",2025,"Birmingham_399750_281750",399750,281750,1,1,5100,5100
"Birmingham",2025,"Birmingham_399750_282000",399750,282000,2,2,7350,3675
"Birmingham",2025,"Birmingham_399750_284000",399750,284000,2,2,21550,10775
"Birmingham",2025,"Birmingham_399750_284250",399750,284250,3,3,22500,7500
"Birmingham",2025,"Birmingham_399750_284500",399750,284500,1,1,477500,477500
"Birmingham",2025,"Birmingham_400250_277500",400250,277500,19,19,294750,8100
"Birmingham",2025,"Birmingham_400250_278750",400250,278750,8,8,98600,5850
"Birmingham",2025,"Birmingham_400250_281750",400250,281750,5,5,56400,7300
"Birmingham",2025,"Birmingham_400250_282000",400250,282000,1,1,3100,3100
"Birmingham",2025,"Birmingham_400250_282750",400250,282750,1,1,5900,5900
"Birmingham",2025,"Birmingham_400250_283750",400250,283750,2,2,14250,7125
"Birmingham",2025,"Birmingham_400250_284500",400250,284500,6,6,34300,4925
"Birmingham",2025,"Birmingham_400250_284750",400250,284750,2,2,76750,38375
"Birmingham",2025,"Birmingham_400250_285000",400250,285000,1,1,149000,149000
"Birmingham",2025,"Birmingham_400500_276250",400500,276250,1,1,27250,27250
"Birmingham",2025,"Birmingham_400500_277000",400500,277000,1,1,5800,5800
"Birmingham",2025,"Birmingham_400500_277250",400500,277250,7,7,49950,7600
"Birmingham",2025,"Birmingham_400500_278500",400500,278500,3,3,16250,5800
"Birmingham",2025,"Birmingham_400500_279000",400500,279000,1,1,9900,9900
"Birmingham",2025,"Birmingham_400500_279250",400500,279250,2,2,8600,4300
"Birmingham",2025,"Birmingham_400500_282000",400500,282000,1,1,2500,2500
"Birmingham",2025,"Birmingham_400500_282250",400500,282250,2,2,15150,7575
"Birmingham",2025,"Birmingham_400500_282500",400500,282500,8,8,58900,4650
"Birmingham",2025,"Birmingham_400500_283750",400500,283750,3,3,19900,6900
"Birmingham",2025,"Birmingham_400500_284250",400500,284250,14,13,75775,5100
"Birmingham",2025,"Birmingham_400750_277250",400750,277250,4,4,26650,4625
"Birmingham",2025,"Birmingham_400750_277750",400750,277750,1,1,4850,4850
"Birmingham",2025,"Birmingham_400750_279250",400750,279250,1,1,6200,6200
"Birmingham",2025,"Birmingham_400750_282750",400750,282750,1,1,7400,7400
"Birmingham",2025,"Birmingham_400750_283750",400750,283750,9,9,77400,7900
"Birmingham",2025,"Birmingham_400750_284250",400750,284250,1,1,8700,8700
"Birmingham",2025,"Birmingham_400750_284750",400750,284750,1,1,1575,1575
"Birmingham",2025,"Birmingham_400750_285000",400750,285000,26,26,448750,8000
"Birmingham",2025,"Birmingham_401000_277250",401000,277250,26,26,3763000,31125
"Birmingham",2025,"Birmingham_401000_277750",401000,277750,4,4,21750,5025
"Birmingham",2025,"Birmingham_401000_279750",401000,279750,9,9,48800,4050
"Birmingham",2025,"Birmingham_401000_280500",401000,280500,2,2,19050,9525
"Birmingham",2025,"Birmingham_401000_281250",401000,281250,8,8,42800,4125
"Birmingham",2025,"Birmingham_401000_285000",401000,285000,1,1,18000,18000
"Birmingham",2025,"Birmingham_401000_285250",401000,285250,2,2,65000,32500
"Birmingham",2025,"Birmingham_401250_277250",401250,277250,10,10,128700,7650
"Birmingham",2025,"Birmingham_401250_277500",401250,277500,5,5,54000,9300
"Birmingham",2025,"Birmingham_401250_277750",401250,277750,1,1,12000,12000
"Birmingham",2025,"Birmingham_401250_278250",401250,278250,16,16,165200,8350
"Birmingham",2025,"Birmingham_401250_279500",401250,279500,1,1,3850,3850
"Birmingham",2025,"Birmingham_401250_280750",401250,280750,1,1,4200,4200
"Birmingham",2025,"Birmingham_401250_282500",401250,282500,9,9,65500,6800
"Birmingham",2025,"Birmingham_401250_283750",401250,283750,9,9,93800,6000
"Birmingham",2025,"Birmingham_401250_284500",401250,284500,6,6,76500,7150
"Birmingham",2025,"Birmingham_401250_284750",401250,284750,3,3,45650,6900
"Birmingham",2025,"Birmingham_401500_276750",401500,276750,5,4,13950,3700
"Birmingham",2025,"Birmingham_401500_277000",401500,277000,2,2,12600,6300
"Birmingham",2025,"Birmingham_401500_277250",401500,277250,3,3,19450,7400
"Birmingham",2025,"Birmingham_401500_278500",401500,278500,31,30,217700,6800
"Birmingham",2025,"Birmingham_401500_278750",401500,278750,3,3,22400,6500
"Birmingham",2025,"Birmingham_401500_280000",401500,280000,2,2,10000,5000
"Birmingham",2025,"Birmingham_401500_282500",401500,282500,4,4,96500,3825
"Birmingham",2025,"Birmingham_401500_282750",401500,282750,1,1,1430000,1430000
"Birmingham",2025,"Birmingham_401500_284000",401500,284000,1,1,10750,10750
"Birmingham",2025,"Birmingham_401500_284750",401500,284750,1,1,44500,44500
"Birmingham",2025,"Birmingham_401750_277250",401750,277250,1,1,5900,5900
"Birmingham",2025,"Birmingham_401750_278250",401750,278250,1,0,NA,NA
"Birmingham",2025,"Birmingham_401750_279000",401750,279000,12,12,207150,7900
"Birmingham",2025,"Birmingham_401750_279250",401750,279250,71,43,1514375,8200
"Birmingham",2025,"Birmingham_401750_279500",401750,279500,15,15,248350,11750
"Birmingham",2025,"Birmingham_401750_279750",401750,279750,1,1,55000,55000
"Birmingham",2025,"Birmingham_401750_280750",401750,280750,8,8,71300,7200
"Birmingham",2025,"Birmingham_401750_281000",401750,281000,1,1,1475,1475
"Birmingham",2025,"Birmingham_401750_281500",401750,281500,1,1,10800,10800
"Birmingham",2025,"Birmingham_401750_283750",401750,283750,3,3,32750,8400
"Birmingham",2025,"Birmingham_401750_284000",401750,284000,1,1,8700,8700
"Birmingham",2025,"Birmingham_401750_284500",401750,284500,10,10,86050,6750
"Birmingham",2025,"Birmingham_401750_284750",401750,284750,3,3,16150,5600
"Birmingham",2025,"Birmingham_402000_278000",402000,278000,1,1,7000,7000
"Birmingham",2025,"Birmingham_402000_278250",402000,278250,5,5,66350,7400
"Birmingham",2025,"Birmingham_402000_279250",402000,279250,3,3,79100,15000
"Birmingham",2025,"Birmingham_402000_279500",402000,279500,48,48,1253675,16125
"Birmingham",2025,"Birmingham_402000_279750",402000,279750,89,82,1674355,14250
"Birmingham",2025,"Birmingham_402000_281250",402000,281250,1,1,25500,25500
"Birmingham",2025,"Birmingham_402000_282000",402000,282000,48,47,744370,13500
"Birmingham",2025,"Birmingham_402000_282250",402000,282250,5,5,80500,12500
"Birmingham",2025,"Birmingham_402000_282500",402000,282500,1,1,39000,39000
"Birmingham",2025,"Birmingham_402000_284500",402000,284500,2,2,18200,9100
"Birmingham",2025,"Birmingham_402000_284750",402000,284750,4,4,30300,7250
"Birmingham",2025,"Birmingham_402000_285250",402000,285250,1,1,910,910
"Birmingham",2025,"Birmingham_402250_277000",402250,277000,3,3,13950,3300
"Birmingham",2025,"Birmingham_402250_277500",402250,277500,17,17,82200,3300
"Birmingham",2025,"Birmingham_402250_277750",402250,277750,2,2,6525,3262.5
"Birmingham",2025,"Birmingham_402250_278250",402250,278250,4,4,22200,5750
"Birmingham",2025,"Birmingham_402250_278750",402250,278750,5,5,19160,4700
"Birmingham",2025,"Birmingham_402250_279250",402250,279250,1,1,52500,52500
"Birmingham",2025,"Birmingham_402250_279500",402250,279500,1,0,NA,NA
"Birmingham",2025,"Birmingham_402250_280000",402250,280000,10,10,77000,7800
"Birmingham",2025,"Birmingham_402250_282000",402250,282000,9,8,132200,12875
"Birmingham",2025,"Birmingham_402250_282750",402250,282750,3,3,12725,2200
"Birmingham",2025,"Birmingham_402250_283250",402250,283250,6,6,75250,10275
"Birmingham",2025,"Birmingham_402250_283500",402250,283500,1,1,20000,20000
"Birmingham",2025,"Birmingham_402250_284000",402250,284000,9,8,60550,6000
"Birmingham",2025,"Birmingham_402250_285250",402250,285250,1,1,57500,57500
"Birmingham",2025,"Birmingham_402250_285500",402250,285500,1,1,2950,2950
"Birmingham",2025,"Birmingham_402250_286000",402250,286000,1,1,65000,65000
"Birmingham",2025,"Birmingham_402250_286250",402250,286250,2,2,35750,17875
"Birmingham",2025,"Birmingham_402500_277750",402500,277750,2,2,14500,7250
"Birmingham",2025,"Birmingham_402500_278750",402500,278750,15,15,216950,4900
"Birmingham",2025,"Birmingham_402500_279000",402500,279000,1,1,3900,3900
"Birmingham",2025,"Birmingham_402500_280000",402500,280000,1,1,8100,8100
"Birmingham",2025,"Birmingham_402500_283000",402500,283000,2,2,5375,2687.5
"Birmingham",2025,"Birmingham_402500_284000",402500,284000,2,2,8250,4125
"Birmingham",2025,"Birmingham_402500_284250",402500,284250,1,1,7700,7700
"Birmingham",2025,"Birmingham_402500_284500",402500,284500,1,1,34250,34250
"Birmingham",2025,"Birmingham_402500_286000",402500,286000,1,1,2125,2125
"Birmingham",2025,"Birmingham_402500_286250",402500,286250,1,0,NA,NA
"Birmingham",2025,"Birmingham_402500_287000",402500,287000,1,1,7200,7200
"Birmingham",2025,"Birmingham_402500_289750",402500,289750,6,6,92200,14625
"Birmingham",2025,"Birmingham_402750_276750",402750,276750,1,1,8700,8700
"Birmingham",2025,"Birmingham_402750_277500",402750,277500,1,1,4750,4750
"Birmingham",2025,"Birmingham_402750_277750",402750,277750,27,27,246625,6300
"Birmingham",2025,"Birmingham_402750_278750",402750,278750,1,1,9200,9200
"Birmingham",2025,"Birmingham_402750_281250",402750,281250,3,3,17400,5700
"Birmingham",2025,"Birmingham_402750_281750",402750,281750,3,3,43500,12500
"Birmingham",2025,"Birmingham_402750_283250",402750,283250,1,1,43500,43500
"Birmingham",2025,"Birmingham_402750_283750",402750,283750,1,1,41000,41000
"Birmingham",2025,"Birmingham_402750_284250",402750,284250,7,7,82650,8300
"Birmingham",2025,"Birmingham_402750_284500",402750,284500,12,8,85800,9375
"Birmingham",2025,"Birmingham_402750_286000",402750,286000,3,2,110500,55250
"Birmingham",2025,"Birmingham_402750_286750",402750,286750,2,2,20600,10300
"Birmingham",2025,"Birmingham_402750_287000",402750,287000,2,2,15400,7700
"Birmingham",2025,"Birmingham_402750_289500",402750,289500,2,2,7550,3775
"Birmingham",2025,"Birmingham_402750_290000",402750,290000,3,2,309000,154500
"Birmingham",2025,"Birmingham_403000_277250",403000,277250,1,1,46000,46000
"Birmingham",2025,"Birmingham_403000_280750",403000,280750,1,1,70500,70500
"Birmingham",2025,"Birmingham_403000_281000",403000,281000,4,4,19125,4250
"Birmingham",2025,"Birmingham_403000_282500",403000,282500,6,6,76750,7200
"Birmingham",2025,"Birmingham_403000_282750",403000,282750,1,1,22500,22500
"Birmingham",2025,"Birmingham_403000_283500",403000,283500,9,9,50475,4750
"Birmingham",2025,"Birmingham_403000_284250",403000,284250,35,34,465150,9100
"Birmingham",2025,"Birmingham_403000_284750",403000,284750,2,2,15200,7600
"Birmingham",2025,"Birmingham_403000_285500",403000,285500,7,7,65200,9600
"Birmingham",2025,"Birmingham_403000_286000",403000,286000,10,10,162300,13625
"Birmingham",2025,"Birmingham_403000_286750",403000,286750,1,1,940,940
"Birmingham",2025,"Birmingham_403000_289500",403000,289500,4,4,15600,4025
"Birmingham",2025,"Birmingham_403000_289750",403000,289750,1,1,7900,7900
"Birmingham",2025,"Birmingham_403000_290000",403000,290000,12,11,607200,6300
"Birmingham",2025,"Birmingham_403250_279250",403250,279250,1,1,14750,14750
"Birmingham",2025,"Birmingham_403250_280000",403250,280000,2,1,9000,9000
"Birmingham",2025,"Birmingham_403250_281000",403250,281000,3,3,15300,5700
"Birmingham",2025,"Birmingham_403250_282000",403250,282000,1,1,4850,4850
"Birmingham",2025,"Birmingham_403250_282250",403250,282250,6,6,73650,10900
"Birmingham",2025,"Birmingham_403250_284250",403250,284250,13,13,284400,10000
"Birmingham",2025,"Birmingham_403250_284500",403250,284500,2,2,22650,11325
"Birmingham",2025,"Birmingham_403250_286250",403250,286250,1,1,580,580
"Birmingham",2025,"Birmingham_403250_289250",403250,289250,1,1,4900,4900
"Birmingham",2025,"Birmingham_403250_289500",403250,289500,1,1,2900,2900
"Birmingham",2025,"Birmingham_403250_289750",403250,289750,40,40,406150,7750
"Birmingham",2025,"Birmingham_403500_277500",403500,277500,9,9,109350,7600
"Birmingham",2025,"Birmingham_403500_277750",403500,277750,3,3,10575,2700
"Birmingham",2025,"Birmingham_403500_278000",403500,278000,1,1,7800,7800
"Birmingham",2025,"Birmingham_403500_279000",403500,279000,15,15,101650,5600
"Birmingham",2025,"Birmingham_403500_280000",403500,280000,2,2,20950,10475
"Birmingham",2025,"Birmingham_403500_280750",403500,280750,1,1,6200,6200
"Birmingham",2025,"Birmingham_403500_283000",403500,283000,2,2,267000,133500
"Birmingham",2025,"Birmingham_403500_283250",403500,283250,12,12,73930,4650
"Birmingham",2025,"Birmingham_403500_284000",403500,284000,1,1,5000,5000
"Birmingham",2025,"Birmingham_403500_284250",403500,284250,3,3,20490,8400
"Birmingham",2025,"Birmingham_403500_284500",403500,284500,81,78,2503250,23125
"Birmingham",2025,"Birmingham_403500_284750",403500,284750,4,4,18850,4850
"Birmingham",2025,"Birmingham_403500_285000",403500,285000,2,2,22800,11400
"Birmingham",2025,"Birmingham_403500_287250",403500,287250,2,2,9150,4575
"Birmingham",2025,"Birmingham_403500_287500",403500,287500,16,16,148575,8850
"Birmingham",2025,"Birmingham_403500_289250",403500,289250,1,1,44250,44250
"Birmingham",2025,"Birmingham_403500_289500",403500,289500,2,2,12100,6050
"Birmingham",2025,"Birmingham_403500_289750",403500,289750,4,4,25600,5800
"Birmingham",2025,"Birmingham_403500_290500",403500,290500,6,6,35850,5800
"Birmingham",2025,"Birmingham_403750_277000",403750,277000,1,0,NA,NA
"Birmingham",2025,"Birmingham_403750_277250",403750,277250,1,1,5900,5900
"Birmingham",2025,"Birmingham_403750_277750",403750,277750,3,3,13775,5800
"Birmingham",2025,"Birmingham_403750_278500",403750,278500,4,4,46400,10700
"Birmingham",2025,"Birmingham_403750_282000",403750,282000,1,1,30000,30000
"Birmingham",2025,"Birmingham_403750_283250",403750,283250,1,1,7500,7500
"Birmingham",2025,"Birmingham_403750_284500",403750,284500,34,31,1440500,28000
"Birmingham",2025,"Birmingham_403750_284750",403750,284750,9,7,199500,13250
"Birmingham",2025,"Birmingham_403750_287500",403750,287500,55,52,806400,11625
"Birmingham",2025,"Birmingham_403750_289250",403750,289250,1,1,4200,4200
"Birmingham",2025,"Birmingham_403750_289500",403750,289500,10,10,155100,8100
"Birmingham",2025,"Birmingham_403750_290500",403750,290500,4,4,15450,3475
"Birmingham",2025,"Birmingham_403750_290750",403750,290750,1,1,3250,3250
"Birmingham",2025,"Birmingham_404000_282000",404000,282000,6,6,59200,8700
"Birmingham",2025,"Birmingham_404000_282250",404000,282250,26,25,249400,8700
"Birmingham",2025,"Birmingham_404000_282500",404000,282500,11,9,1845500,221000
"Birmingham",2025,"Birmingham_404000_282750",404000,282750,20,20,4113500,73000
"Birmingham",2025,"Birmingham_404000_285750",404000,285750,4,4,468750,131000
"Birmingham",2025,"Birmingham_404000_286000",404000,286000,3,3,154500,56500
"Birmingham",2025,"Birmingham_404000_287500",404000,287500,43,33,293550,6400
"Birmingham",2025,"Birmingham_404000_288250",404000,288250,11,11,51100,4100
"Birmingham",2025,"Birmingham_404000_288500",404000,288500,2,2,10550,5275
"Birmingham",2025,"Birmingham_404000_289000",404000,289000,3,2,5550,2775
"Birmingham",2025,"Birmingham_404000_289250",404000,289250,3,3,15050,4650
"Birmingham",2025,"Birmingham_404000_289500",404000,289500,65,63,1007700,9800
"Birmingham",2025,"Birmingham_404000_289750",404000,289750,14,14,106275,7750
"Birmingham",2025,"Birmingham_404000_290000",404000,290000,25,25,198650,6100
"Birmingham",2025,"Birmingham_404000_290250",404000,290250,30,30,220000,5800
"Birmingham",2025,"Birmingham_404000_290500",404000,290500,34,32,200720,5750
"Birmingham",2025,"Birmingham_404000_290750",404000,290750,4,4,25700,6100
"Birmingham",2025,"Birmingham_404250_277250",404250,277250,8,8,85250,6150
"Birmingham",2025,"Birmingham_404250_277750",404250,277750,1,1,250000,250000
"Birmingham",2025,"Birmingham_404250_279250",404250,279250,3,3,11975,3450
"Birmingham",2025,"Birmingham_404250_280500",404250,280500,6,6,64850,11250
"Birmingham",2025,"Birmingham_404250_281500",404250,281500,2,2,45750,22875
"Birmingham",2025,"Birmingham_404250_282250",404250,282250,22,20,308750,8850
"Birmingham",2025,"Birmingham_404250_282500",404250,282500,1,1,29250,29250
"Birmingham",2025,"Birmingham_404250_282750",404250,282750,18,17,432250,10500
"Birmingham",2025,"Birmingham_404250_283750",404250,283750,1,0,NA,NA
"Birmingham",2025,"Birmingham_404250_284500",404250,284500,1,1,490,490
"Birmingham",2025,"Birmingham_404250_285250",404250,285250,12,10,99500,8900
"Birmingham",2025,"Birmingham_404250_285750",404250,285750,1,1,79000,79000
"Birmingham",2025,"Birmingham_404250_286000",404250,286000,1,1,61500,61500
"Birmingham",2025,"Birmingham_404250_287250",404250,287250,3,3,47175,2225
"Birmingham",2025,"Birmingham_404250_287500",404250,287500,28,28,498900,5500
"Birmingham",2025,"Birmingham_404250_287750",404250,287750,1,1,18750,18750
"Birmingham",2025,"Birmingham_404250_288000",404250,288000,1,1,10250,10250
"Birmingham",2025,"Birmingham_404250_288500",404250,288500,2,2,14700,7350
"Birmingham",2025,"Birmingham_404250_289000",404250,289000,4,4,20400,5100
"Birmingham",2025,"Birmingham_404250_289250",404250,289250,1,1,3100,3100
"Birmingham",2025,"Birmingham_404250_289500",404250,289500,113,106,2010525,16000
"Birmingham",2025,"Birmingham_404250_289750",404250,289750,5,1,2800,2800
"Birmingham",2025,"Birmingham_404250_290000",404250,290000,5,5,49025,7300
"Birmingham",2025,"Birmingham_404250_290500",404250,290500,11,11,122550,4850
"Birmingham",2025,"Birmingham_404250_290750",404250,290750,3,2,11550,5775
"Birmingham",2025,"Birmingham_404250_292250",404250,292250,7,7,41950,5000
"Birmingham",2025,"Birmingham_404500_279250",404500,279250,2,2,1e+05,50000
"Birmingham",2025,"Birmingham_404500_279750",404500,279750,1,1,1875,1875
"Birmingham",2025,"Birmingham_404500_280000",404500,280000,2,2,18650,9325
"Birmingham",2025,"Birmingham_404500_280250",404500,280250,1,1,13750,13750
"Birmingham",2025,"Birmingham_404500_280500",404500,280500,10,10,67300,6600
"Birmingham",2025,"Birmingham_404500_281250",404500,281250,13,13,112550,9500
"Birmingham",2025,"Birmingham_404500_282750",404500,282750,18,18,225175,9850
"Birmingham",2025,"Birmingham_404500_283000",404500,283000,35,35,635350,12000
"Birmingham",2025,"Birmingham_404500_283750",404500,283750,1,1,415,415
"Birmingham",2025,"Birmingham_404500_284250",404500,284250,1,1,203000,203000
"Birmingham",2025,"Birmingham_404500_285250",404500,285250,1,1,120000,120000
"Birmingham",2025,"Birmingham_404500_286000",404500,286000,14,14,225850,12625
"Birmingham",2025,"Birmingham_404500_286250",404500,286250,1,1,33500,33500
"Birmingham",2025,"Birmingham_404500_286500",404500,286500,3,3,12000,3700
"Birmingham",2025,"Birmingham_404500_287000",404500,287000,3,3,19450,4950
"Birmingham",2025,"Birmingham_404500_287250",404500,287250,1,1,6000,6000
"Birmingham",2025,"Birmingham_404500_287500",404500,287500,2,2,14100,7050
"Birmingham",2025,"Birmingham_404500_288500",404500,288500,8,8,46350,4600
"Birmingham",2025,"Birmingham_404500_288750",404500,288750,2,2,4800,2400
"Birmingham",2025,"Birmingham_404500_289000",404500,289000,15,15,84275,3900
"Birmingham",2025,"Birmingham_404500_289250",404500,289250,131,126,2109950,13500
"Birmingham",2025,"Birmingham_404500_289500",404500,289500,25,25,154500,5800
"Birmingham",2025,"Birmingham_404500_289750",404500,289750,29,29,162550,5200
"Birmingham",2025,"Birmingham_404500_290000",404500,290000,2,2,5650,2825
"Birmingham",2025,"Birmingham_404500_290500",404500,290500,27,27,242550,6600
"Birmingham",2025,"Birmingham_404500_290750",404500,290750,8,8,52700,5050
"Birmingham",2025,"Birmingham_404500_294000",404500,294000,26,26,351475,10625
"Birmingham",2025,"Birmingham_404750_277500",404750,277500,1,1,8700,8700
"Birmingham",2025,"Birmingham_404750_278500",404750,278500,1,1,8400,8400
"Birmingham",2025,"Birmingham_404750_278750",404750,278750,40,38,287460,5750
"Birmingham",2025,"Birmingham_404750_279250",404750,279250,1,1,216000,216000
"Birmingham",2025,"Birmingham_404750_279500",404750,279500,24,24,477900,12750
"Birmingham",2025,"Birmingham_404750_279750",404750,279750,79,77,1060150,11500
"Birmingham",2025,"Birmingham_404750_280000",404750,280000,3,3,17650,5800
"Birmingham",2025,"Birmingham_404750_282000",404750,282000,30,29,382800,8500
"Birmingham",2025,"Birmingham_404750_282250",404750,282250,1,1,9500,9500
"Birmingham",2025,"Birmingham_404750_282500",404750,282500,1,1,4450,4450
"Birmingham",2025,"Birmingham_404750_282750",404750,282750,1,1,2275,2275
"Birmingham",2025,"Birmingham_404750_283000",404750,283000,18,18,326650,13500
"Birmingham",2025,"Birmingham_404750_283500",404750,283500,1,1,24500,24500
"Birmingham",2025,"Birmingham_404750_283750",404750,283750,15,14,344350,10875
"Birmingham",2025,"Birmingham_404750_285750",404750,285750,2,2,50500,25250
"Birmingham",2025,"Birmingham_404750_286000",404750,286000,29,27,273600,8900
"Birmingham",2025,"Birmingham_404750_287000",404750,287000,5,5,1e+05,19000
"Birmingham",2025,"Birmingham_404750_287500",404750,287500,1,1,2500,2500
"Birmingham",2025,"Birmingham_404750_288250",404750,288250,1,1,2500,2500
"Birmingham",2025,"Birmingham_404750_288750",404750,288750,5,5,38425,5000
"Birmingham",2025,"Birmingham_404750_289250",404750,289250,53,52,717850,12000
"Birmingham",2025,"Birmingham_404750_289750",404750,289750,1,1,13000,13000
"Birmingham",2025,"Birmingham_404750_290500",404750,290500,2,2,97750,48875
"Birmingham",2025,"Birmingham_404750_292000",404750,292000,6,6,64200,6100
"Birmingham",2025,"Birmingham_404750_292250",404750,292250,3,3,447300,23000
"Birmingham",2025,"Birmingham_404750_292500",404750,292500,13,13,154350,11000
"Birmingham",2025,"Birmingham_404750_292750",404750,292750,12,12,77550,6500
"Birmingham",2025,"Birmingham_404750_293000",404750,293000,3,3,28550,9900
"Birmingham",2025,"Birmingham_404750_294000",404750,294000,3,3,14950,4650
"Birmingham",2025,"Birmingham_405000_278000",405000,278000,13,13,104600,6100
"Birmingham",2025,"Birmingham_405000_278250",405000,278250,1,1,31250,31250
"Birmingham",2025,"Birmingham_405000_278750",405000,278750,1,1,85000,85000
"Birmingham",2025,"Birmingham_405000_279250",405000,279250,1,1,32250,32250
"Birmingham",2025,"Birmingham_405000_279500",405000,279500,1,1,81500,81500
"Birmingham",2025,"Birmingham_405000_279750",405000,279750,25,24,206500,5700
"Birmingham",2025,"Birmingham_405000_280000",405000,280000,6,6,33650,3700
"Birmingham",2025,"Birmingham_405000_280500",405000,280500,1,0,NA,NA
"Birmingham",2025,"Birmingham_405000_280750",405000,280750,1,1,5700,5700
"Birmingham",2025,"Birmingham_405000_281000",405000,281000,3,3,13725,5600
"Birmingham",2025,"Birmingham_405000_281250",405000,281250,2,1,2200,2200
"Birmingham",2025,"Birmingham_405000_282000",405000,282000,1,1,34500,34500
"Birmingham",2025,"Birmingham_405000_282250",405000,282250,1,1,12000,12000
"Birmingham",2025,"Birmingham_405000_284250",405000,284250,1,1,89000,89000
"Birmingham",2025,"Birmingham_405000_285750",405000,285750,2,2,148750,74375
"Birmingham",2025,"Birmingham_405000_286000",405000,286000,1,1,3950,3950
"Birmingham",2025,"Birmingham_405000_286500",405000,286500,1,1,5100,5100
"Birmingham",2025,"Birmingham_405000_287000",405000,287000,1,1,41500,41500
"Birmingham",2025,"Birmingham_405000_287250",405000,287250,4,4,23950,5850
"Birmingham",2025,"Birmingham_405000_287500",405000,287500,5,5,54475,4100
"Birmingham",2025,"Birmingham_405000_287750",405000,287750,4,4,8675,2337.5
"Birmingham",2025,"Birmingham_405000_288500",405000,288500,6,6,45525,4550
"Birmingham",2025,"Birmingham_405000_288750",405000,288750,5,5,11375,2400
"Birmingham",2025,"Birmingham_405000_289000",405000,289000,8,8,37975,3900
"Birmingham",2025,"Birmingham_405000_289250",405000,289250,6,5,80200,11500
"Birmingham",2025,"Birmingham_405000_289500",405000,289500,1,1,3950,3950
"Birmingham",2025,"Birmingham_405250_278750",405250,278750,1,1,8000,8000
"Birmingham",2025,"Birmingham_405250_280000",405250,280000,12,11,95250,6100
"Birmingham",2025,"Birmingham_405250_280250",405250,280250,3,3,7530,2050
"Birmingham",2025,"Birmingham_405250_280500",405250,280500,38,38,585930,8250
"Birmingham",2025,"Birmingham_405250_280750",405250,280750,82,80,921575,8150
"Birmingham",2025,"Birmingham_405250_281000",405250,281000,33,30,1207925,8300
"Birmingham",2025,"Birmingham_405250_281250",405250,281250,15,13,229800,7200
"Birmingham",2025,"Birmingham_405250_281500",405250,281500,3,3,61000,20000
"Birmingham",2025,"Birmingham_405250_285500",405250,285500,3,3,211250,80500
"Birmingham",2025,"Birmingham_405250_285750",405250,285750,22,22,1149450,16250
"Birmingham",2025,"Birmingham_405250_286000",405250,286000,4,4,69470,5450
"Birmingham",2025,"Birmingham_405250_286250",405250,286250,6,6,115000,18875
"Birmingham",2025,"Birmingham_405250_286500",405250,286500,16,16,143300,8150
"Birmingham",2025,"Birmingham_405250_286750",405250,286750,6,6,18835,3500
"Birmingham",2025,"Birmingham_405250_287000",405250,287000,1,1,15000,15000
"Birmingham",2025,"Birmingham_405250_287250",405250,287250,17,16,116000,6600
"Birmingham",2025,"Birmingham_405250_287500",405250,287500,6,6,1301550,13500
"Birmingham",2025,"Birmingham_405250_288000",405250,288000,10,10,59850,5700
"Birmingham",2025,"Birmingham_405250_289000",405250,289000,11,8,30225,2250
"Birmingham",2025,"Birmingham_405250_289250",405250,289250,1,1,5300,5300
"Birmingham",2025,"Birmingham_405250_289500",405250,289500,1,1,3550,3550
"Birmingham",2025,"Birmingham_405250_290500",405250,290500,1,1,5200,5200
"Birmingham",2025,"Birmingham_405250_291500",405250,291500,6,6,35550,5350
"Birmingham",2025,"Birmingham_405250_292500",405250,292500,8,8,63250,6550
"Birmingham",2025,"Birmingham_405250_293000",405250,293000,1,1,61500,61500
"Birmingham",2025,"Birmingham_405250_293250",405250,293250,3,3,19400,5600
"Birmingham",2025,"Birmingham_405250_293500",405250,293500,2,2,10600,5300
"Birmingham",2025,"Birmingham_405500_278250",405500,278250,1,1,6900,6900
"Birmingham",2025,"Birmingham_405500_278750",405500,278750,5,5,47700,9700
"Birmingham",2025,"Birmingham_405500_280250",405500,280250,2,2,9150,4575
"Birmingham",2025,"Birmingham_405500_281250",405500,281250,26,23,256800,6400
"Birmingham",2025,"Birmingham_405500_281750",405500,281750,17,16,488150,6800
"Birmingham",2025,"Birmingham_405500_285750",405500,285750,4,4,81525,1525
"Birmingham",2025,"Birmingham_405500_286000",405500,286000,29,26,491450,13250
"Birmingham",2025,"Birmingham_405500_286250",405500,286250,6,6,93200,13500
"Birmingham",2025,"Birmingham_405500_286500",405500,286500,10,10,123800,11250
"Birmingham",2025,"Birmingham_405500_286750",405500,286750,3,3,67900,13250
"Birmingham",2025,"Birmingham_405500_287250",405500,287250,3,2,19025,9512.5
"Birmingham",2025,"Birmingham_405500_287500",405500,287500,2,2,13700,6850
"Birmingham",2025,"Birmingham_405500_288250",405500,288250,23,23,134150,3600
"Birmingham",2025,"Birmingham_405500_288500",405500,288500,3,3,10375,2325
"Birmingham",2025,"Birmingham_405500_288750",405500,288750,3,3,8350,2425
"Birmingham",2025,"Birmingham_405500_289000",405500,289000,31,31,121400,2025
"Birmingham",2025,"Birmingham_405500_289250",405500,289250,46,46,351850,6450
"Birmingham",2025,"Birmingham_405500_289500",405500,289500,3,3,23630,8400
"Birmingham",2025,"Birmingham_405500_289750",405500,289750,1,1,6200,6200
"Birmingham",2025,"Birmingham_405500_290000",405500,290000,1,1,4200,4200
"Birmingham",2025,"Birmingham_405500_292750",405500,292750,13,13,180950,9800
"Birmingham",2025,"Birmingham_405500_293000",405500,293000,8,8,56100,6650
"Birmingham",2025,"Birmingham_405500_293500",405500,293500,1,1,30000,30000
"Birmingham",2025,"Birmingham_405500_293750",405500,293750,7,7,59050,7900
"Birmingham",2025,"Birmingham_405750_280000",405750,280000,1,1,8600,8600
"Birmingham",2025,"Birmingham_405750_280500",405750,280500,1,1,29250,29250
"Birmingham",2025,"Birmingham_405750_282000",405750,282000,6,3,22850,6600
"Birmingham",2025,"Birmingham_405750_282250",405750,282250,6,6,55650,9750
"Birmingham",2025,"Birmingham_405750_282500",405750,282500,2,2,22150,11075
"Birmingham",2025,"Birmingham_405750_282750",405750,282750,5,5,48550,8500
"Birmingham",2025,"Birmingham_405750_283000",405750,283000,12,12,151900,9550
"Birmingham",2025,"Birmingham_405750_285250",405750,285250,6,6,86900,8200
"Birmingham",2025,"Birmingham_405750_285750",405750,285750,2,2,126250,63125
"Birmingham",2025,"Birmingham_405750_286000",405750,286000,9,8,234550,27125
"Birmingham",2025,"Birmingham_405750_286250",405750,286250,12,11,888500,73000
"Birmingham",2025,"Birmingham_405750_286500",405750,286500,13,13,943350,62000
"Birmingham",2025,"Birmingham_405750_286750",405750,286750,2,2,188000,94000
"Birmingham",2025,"Birmingham_405750_287000",405750,287000,4,4,215750,16875
"Birmingham",2025,"Birmingham_405750_287250",405750,287250,7,7,91200,11500
"Birmingham",2025,"Birmingham_405750_287500",405750,287500,24,21,304985,11250
"Birmingham",2025,"Birmingham_405750_287750",405750,287750,4,4,15350,3925
"Birmingham",2025,"Birmingham_405750_288000",405750,288000,9,9,29260,1775
"Birmingham",2025,"Birmingham_405750_288250",405750,288250,2,2,28200,14100
"Birmingham",2025,"Birmingham_405750_288500",405750,288500,25,25,162300,5200
"Birmingham",2025,"Birmingham_405750_288750",405750,288750,1,1,3650,3650
"Birmingham",2025,"Birmingham_405750_289250",405750,289250,29,28,265975,6550
"Birmingham",2025,"Birmingham_405750_289500",405750,289500,4,4,17550,4375
"Birmingham",2025,"Birmingham_405750_290250",405750,290250,8,7,31550,4200
"Birmingham",2025,"Birmingham_405750_290500",405750,290500,1,1,4900,4900
"Birmingham",2025,"Birmingham_405750_293500",405750,293500,1,1,5900,5900
"Birmingham",2025,"Birmingham_405750_294000",405750,294000,1,1,3600,3600
"Birmingham",2025,"Birmingham_405750_294250",405750,294250,3,3,7550,2475
"Birmingham",2025,"Birmingham_405750_294500",405750,294500,1,1,33250,33250
"Birmingham",2025,"Birmingham_406000_279000",406000,279000,3,3,19800,5400
"Birmingham",2025,"Birmingham_406000_280500",406000,280500,2,2,23450,11725
"Birmingham",2025,"Birmingham_406000_280750",406000,280750,1,1,36500,36500
"Birmingham",2025,"Birmingham_406000_283000",406000,283000,1,1,3150,3150
"Birmingham",2025,"Birmingham_406000_283250",406000,283250,5,4,150000,30500
"Birmingham",2025,"Birmingham_406000_285750",406000,285750,1,1,1500,1500
"Birmingham",2025,"Birmingham_406000_286250",406000,286250,2,2,119050,59525
"Birmingham",2025,"Birmingham_406000_286500",406000,286500,41,41,4376725,93500
"Birmingham",2025,"Birmingham_406000_286750",406000,286750,7,6,204400,28125
"Birmingham",2025,"Birmingham_406000_287000",406000,287000,8,6,577400,11800
"Birmingham",2025,"Birmingham_406000_287250",406000,287250,15,12,273000,10600
"Birmingham",2025,"Birmingham_406000_287500",406000,287500,81,77,1220820,13500
"Birmingham",2025,"Birmingham_406000_287750",406000,287750,75,74,807165,7350
"Birmingham",2025,"Birmingham_406000_288000",406000,288000,62,61,471450,6100
"Birmingham",2025,"Birmingham_406000_288250",406000,288250,14,11,135300,8900
"Birmingham",2025,"Birmingham_406000_288750",406000,288750,9,9,44525,4400
"Birmingham",2025,"Birmingham_406000_289000",406000,289000,2,2,5000,2500
"Birmingham",2025,"Birmingham_406000_289250",406000,289250,19,19,155800,8300
"Birmingham",2025,"Birmingham_406000_289500",406000,289500,4,4,39200,7650
"Birmingham",2025,"Birmingham_406000_289750",406000,289750,4,4,20700,4850
"Birmingham",2025,"Birmingham_406000_290000",406000,290000,5,5,26925,3850
"Birmingham",2025,"Birmingham_406000_290250",406000,290250,6,6,26850,4450
"Birmingham",2025,"Birmingham_406000_290500",406000,290500,1,1,10500,10500
"Birmingham",2025,"Birmingham_406000_290750",406000,290750,3,3,21400,4350
"Birmingham",2025,"Birmingham_406000_292250",406000,292250,14,12,139600,8700
"Birmingham",2025,"Birmingham_406000_293250",406000,293250,8,8,37600,4200
"Birmingham",2025,"Birmingham_406000_294500",406000,294500,4,3,2041500,21500
"Birmingham",2025,"Birmingham_406250_278500",406250,278500,1,1,8100,8100
"Birmingham",2025,"Birmingham_406250_278750",406250,278750,1,1,9400,9400
"Birmingham",2025,"Birmingham_406250_279250",406250,279250,5,5,35150,6500
"Birmingham",2025,"Birmingham_406250_279750",406250,279750,9,9,37725,3950
"Birmingham",2025,"Birmingham_406250_280500",406250,280500,1,1,4800,4800
"Birmingham",2025,"Birmingham_406250_280750",406250,280750,8,8,73300,7900
"Birmingham",2025,"Birmingham_406250_281000",406250,281000,24,23,250450,7400
"Birmingham",2025,"Birmingham_406250_281250",406250,281250,1,0,NA,NA
"Birmingham",2025,"Birmingham_406250_282000",406250,282000,7,7,59550,5700
"Birmingham",2025,"Birmingham_406250_284000",406250,284000,1,1,229000,229000
"Birmingham",2025,"Birmingham_406250_284250",406250,284250,8,8,70750,8300
"Birmingham",2025,"Birmingham_406250_284750",406250,284750,1,1,9800,9800
"Birmingham",2025,"Birmingham_406250_285250",406250,285250,1,1,131000,131000
"Birmingham",2025,"Birmingham_406250_285750",406250,285750,1,1,27250,27250
"Birmingham",2025,"Birmingham_406250_286000",406250,286000,2,2,111250,55625
"Birmingham",2025,"Birmingham_406250_286250",406250,286250,36,36,2371700,58250
"Birmingham",2025,"Birmingham_406250_286500",406250,286500,3,3,110550,34250
"Birmingham",2025,"Birmingham_406250_286750",406250,286750,1,1,250000,250000
"Birmingham",2025,"Birmingham_406250_287000",406250,287000,10,10,386800,42625
"Birmingham",2025,"Birmingham_406250_287250",406250,287250,17,17,258250,13250
"Birmingham",2025,"Birmingham_406250_287500",406250,287500,33,28,215975,7200
"Birmingham",2025,"Birmingham_406250_287750",406250,287750,41,33,509425,8600
"Birmingham",2025,"Birmingham_406250_288000",406250,288000,17,14,249400,11875
"Birmingham",2025,"Birmingham_406250_289000",406250,289000,2,2,3400,1700
"Birmingham",2025,"Birmingham_406250_289250",406250,289250,50,48,517350,9700
"Birmingham",2025,"Birmingham_406250_289500",406250,289500,2,2,68400,34200
"Birmingham",2025,"Birmingham_406250_289750",406250,289750,3,3,14600,3500
"Birmingham",2025,"Birmingham_406250_290000",406250,290000,9,9,57100,4050
"Birmingham",2025,"Birmingham_406250_290250",406250,290250,1,1,3600,3600
"Birmingham",2025,"Birmingham_406250_290750",406250,290750,1,0,NA,NA
"Birmingham",2025,"Birmingham_406250_293000",406250,293000,9,9,80750,7800
"Birmingham",2025,"Birmingham_406250_294750",406250,294750,5,5,43200,8500
"Birmingham",2025,"Birmingham_406500_285000",406500,285000,3,3,43850,15250
"Birmingham",2025,"Birmingham_406500_285250",406500,285250,2,2,13600,6800
"Birmingham",2025,"Birmingham_406500_286000",406500,286000,16,16,198210,6250
"Birmingham",2025,"Birmingham_406500_286250",406500,286250,15,15,1291500,37250
"Birmingham",2025,"Birmingham_406500_286500",406500,286500,21,21,464500,11000
"Birmingham",2025,"Birmingham_406500_286750",406500,286750,18,17,1374800,68000
"Birmingham",2025,"Birmingham_406500_287000",406500,287000,50,50,601275,1937.5
"Birmingham",2025,"Birmingham_406500_287250",406500,287250,10,10,268100,24250
"Birmingham",2025,"Birmingham_406500_287500",406500,287500,22,18,217800,9850
"Birmingham",2025,"Birmingham_406500_287750",406500,287750,18,17,299600,6400
"Birmingham",2025,"Birmingham_406500_288000",406500,288000,11,11,67600,5300
"Birmingham",2025,"Birmingham_406500_288750",406500,288750,9,8,50250,4950
"Birmingham",2025,"Birmingham_406500_289000",406500,289000,2,2,29200,14600
"Birmingham",2025,"Birmingham_406500_289250",406500,289250,29,29,324050,8900
"Birmingham",2025,"Birmingham_406500_289500",406500,289500,4,4,46250,10450
"Birmingham",2025,"Birmingham_406500_289750",406500,289750,19,18,209500,9300
"Birmingham",2025,"Birmingham_406500_290750",406500,290750,33,31,219425,5700
"Birmingham",2025,"Birmingham_406500_291000",406500,291000,79,76,1158600,9100
"Birmingham",2025,"Birmingham_406500_291750",406500,291750,11,11,151100,10500
"Birmingham",2025,"Birmingham_406500_293000",406500,293000,9,9,159550,6000
"Birmingham",2025,"Birmingham_406500_293250",406500,293250,6,6,32900,5500
"Birmingham",2025,"Birmingham_406500_293750",406500,293750,8,6,58925,8500
"Birmingham",2025,"Birmingham_406500_294000",406500,294000,5,5,47100,9500
"Birmingham",2025,"Birmingham_406500_295000",406500,295000,4,4,20500,5050
"Birmingham",2025,"Birmingham_406750_278500",406750,278500,6,6,36650,4650
"Birmingham",2025,"Birmingham_406750_279500",406750,279500,3,3,29100,9700
"Birmingham",2025,"Birmingham_406750_280000",406750,280000,8,8,41550,5150
"Birmingham",2025,"Birmingham_406750_281000",406750,281000,2,2,79550,39775
"Birmingham",2025,"Birmingham_406750_281750",406750,281750,5,5,25900,4450
"Birmingham",2025,"Birmingham_406750_285000",406750,285000,4,4,42200,10050
"Birmingham",2025,"Birmingham_406750_285250",406750,285250,1,1,10750,10750
"Birmingham",2025,"Birmingham_406750_285500",406750,285500,3,3,393750,52000
"Birmingham",2025,"Birmingham_406750_285750",406750,285750,15,15,134100,7800
"Birmingham",2025,"Birmingham_406750_286000",406750,286000,26,23,498850,18750
"Birmingham",2025,"Birmingham_406750_286250",406750,286250,61,59,1973250,18250
"Birmingham",2025,"Birmingham_406750_286500",406750,286500,102,96,3816125,28875
"Birmingham",2025,"Birmingham_406750_286750",406750,286750,182,174,9884770,41875
"Birmingham",2025,"Birmingham_406750_287000",406750,287000,44,39,2179320,46000
"Birmingham",2025,"Birmingham_406750_287250",406750,287250,10,9,255800,21500
"Birmingham",2025,"Birmingham_406750_287500",406750,287500,17,17,172450,8000
"Birmingham",2025,"Birmingham_406750_287750",406750,287750,10,10,94050,7650
"Birmingham",2025,"Birmingham_406750_288000",406750,288000,8,7,41595,3500
"Birmingham",2025,"Birmingham_406750_288250",406750,288250,2,2,19850,9925
"Birmingham",2025,"Birmingham_406750_288500",406750,288500,3,2,11800,5900
"Birmingham",2025,"Birmingham_406750_289250",406750,289250,7,7,78562,8200
"Birmingham",2025,"Birmingham_406750_289500",406750,289500,22,22,171600,6500
"Birmingham",2025,"Birmingham_406750_289750",406750,289750,1,1,13000,13000
"Birmingham",2025,"Birmingham_406750_290500",406750,290500,18,18,219000,7400
"Birmingham",2025,"Birmingham_406750_290750",406750,290750,3,3,16500,6000
"Birmingham",2025,"Birmingham_406750_291250",406750,291250,50,49,4510150,47750
"Birmingham",2025,"Birmingham_406750_293500",406750,293500,1,1,28500,28500
"Birmingham",2025,"Birmingham_406750_294500",406750,294500,2,2,16400,8200
"Birmingham",2025,"Birmingham_406750_294750",406750,294750,1,1,3750,3750
"Birmingham",2025,"Birmingham_407000_278250",407000,278250,1,1,8100,8100
"Birmingham",2025,"Birmingham_407000_279000",407000,279000,1,1,10750,10750
"Birmingham",2025,"Birmingham_407000_281250",407000,281250,1,1,6800,6800
"Birmingham",2025,"Birmingham_407000_281500",407000,281500,4,4,50050,10500
"Birmingham",2025,"Birmingham_407000_281750",407000,281750,15,14,528550,8250
"Birmingham",2025,"Birmingham_407000_282000",407000,282000,2,2,16800,8400
"Birmingham",2025,"Birmingham_407000_284250",407000,284250,21,21,141225,5300
"Birmingham",2025,"Birmingham_407000_284500",407000,284500,5,5,36250,6200
"Birmingham",2025,"Birmingham_407000_285500",407000,285500,1,1,4000,4000
"Birmingham",2025,"Birmingham_407000_285750",407000,285750,5,4,24260,7200
"Birmingham",2025,"Birmingham_407000_286000",407000,286000,33,32,755900,19125
"Birmingham",2025,"Birmingham_407000_286250",407000,286250,94,90,2466475,16875
"Birmingham",2025,"Birmingham_407000_286500",407000,286500,232,218,25161925,70500
"Birmingham",2025,"Birmingham_407000_286750",407000,286750,138,130,13567401,53500
"Birmingham",2025,"Birmingham_407000_287000",407000,287000,102,86,2901605,20125
"Birmingham",2025,"Birmingham_407000_287250",407000,287250,12,9,145500,7400
"Birmingham",2025,"Birmingham_407000_287500",407000,287500,7,7,42610,5500
"Birmingham",2025,"Birmingham_407000_287750",407000,287750,9,8,90150,10500
"Birmingham",2025,"Birmingham_407000_288000",407000,288000,13,13,71585,3650
"Birmingham",2025,"Birmingham_407000_288250",407000,288250,3,3,134200,10500
"Birmingham",2025,"Birmingham_407000_288500",407000,288500,2,2,16000,8000
"Birmingham",2025,"Birmingham_407000_288750",407000,288750,20,20,380950,11125
"Birmingham",2025,"Birmingham_407000_289000",407000,289000,1,1,1725,1725
"Birmingham",2025,"Birmingham_407000_289250",407000,289250,6,6,49500,7850
"Birmingham",2025,"Birmingham_407000_289500",407000,289500,3,3,28650,6100
"Birmingham",2025,"Birmingham_407000_289750",407000,289750,3,2,34250,17125
"Birmingham",2025,"Birmingham_407000_290000",407000,290000,1,1,10250,10250
"Birmingham",2025,"Birmingham_407000_290500",407000,290500,1,1,6300,6300
"Birmingham",2025,"Birmingham_407000_290750",407000,290750,1,1,3500,3500
"Birmingham",2025,"Birmingham_407000_291000",407000,291000,1,1,13500,13500
"Birmingham",2025,"Birmingham_407000_291500",407000,291500,1,1,13500,13500
"Birmingham",2025,"Birmingham_407000_291750",407000,291750,1,1,13250,13250
"Birmingham",2025,"Birmingham_407000_292000",407000,292000,5,5,132150,5700
"Birmingham",2025,"Birmingham_407000_292500",407000,292500,1,1,53000,53000
"Birmingham",2025,"Birmingham_407000_292750",407000,292750,3,3,13175,3350
"Birmingham",2025,"Birmingham_407000_293250",407000,293250,10,10,70300,6800
"Birmingham",2025,"Birmingham_407000_293500",407000,293500,1,1,43750,43750
"Birmingham",2025,"Birmingham_407000_293750",407000,293750,4,4,24800,6250
"Birmingham",2025,"Birmingham_407000_294000",407000,294000,1,1,23750,23750
"Birmingham",2025,"Birmingham_407000_294500",407000,294500,3,3,13000,4100
"Birmingham",2025,"Birmingham_407000_294750",407000,294750,4,4,46900,7750
"Birmingham",2025,"Birmingham_407000_295750",407000,295750,6,6,85850,7500
"Birmingham",2025,"Birmingham_407250_278750",407250,278750,1,1,5700,5700
"Birmingham",2025,"Birmingham_407250_280250",407250,280250,20,20,347850,10275
"Birmingham",2025,"Birmingham_407250_280500",407250,280500,7,7,74650,9600
"Birmingham",2025,"Birmingham_407250_281000",407250,281000,1,1,14250,14250
"Birmingham",2025,"Birmingham_407250_281250",407250,281250,14,14,648000,15750
"Birmingham",2025,"Birmingham_407250_281500",407250,281500,41,41,1142000,22500
"Birmingham",2025,"Birmingham_407250_281750",407250,281750,117,108,2941525,16750
"Birmingham",2025,"Birmingham_407250_282000",407250,282000,65,63,1342950,10750
"Birmingham",2025,"Birmingham_407250_283250",407250,283250,1,1,2225,2225
"Birmingham",2025,"Birmingham_407250_284000",407250,284000,7,7,50150,7600
"Birmingham",2025,"Birmingham_407250_284250",407250,284250,17,15,96775,5200
"Birmingham",2025,"Birmingham_407250_285250",407250,285250,18,18,179000,8150
"Birmingham",2025,"Birmingham_407250_285500",407250,285500,16,15,217400,6700
"Birmingham",2025,"Birmingham_407250_285750",407250,285750,20,18,136150,6000
"Birmingham",2025,"Birmingham_407250_286000",407250,286000,10,9,108130,8200
"Birmingham",2025,"Birmingham_407250_286250",407250,286250,172,167,1315213,5000
"Birmingham",2025,"Birmingham_407250_286500",407250,286500,42,39,5601150,82500
"Birmingham",2025,"Birmingham_407250_286750",407250,286750,37,37,4056500,20250
"Birmingham",2025,"Birmingham_407250_287000",407250,287000,84,76,2129490,14625
"Birmingham",2025,"Birmingham_407250_287250",407250,287250,35,34,487715,13000
"Birmingham",2025,"Birmingham_407250_287500",407250,287500,1,1,13250,13250
"Birmingham",2025,"Birmingham_407250_287750",407250,287750,4,4,99750,17750
"Birmingham",2025,"Birmingham_407250_288000",407250,288000,3,2,413550,206775
"Birmingham",2025,"Birmingham_407250_288500",407250,288500,9,8,761800,30250
"Birmingham",2025,"Birmingham_407250_288750",407250,288750,2,2,44500,22250
"Birmingham",2025,"Birmingham_407250_289250",407250,289250,1,1,16500,16500
"Birmingham",2025,"Birmingham_407250_289500",407250,289500,7,7,58550,7000
"Birmingham",2025,"Birmingham_407250_289750",407250,289750,24,24,227525,9875
"Birmingham",2025,"Birmingham_407250_290000",407250,290000,11,11,156500,13500
"Birmingham",2025,"Birmingham_407250_290250",407250,290250,15,15,100950,5700
"Birmingham",2025,"Birmingham_407250_290500",407250,290500,4,4,26150,5250
"Birmingham",2025,"Birmingham_407250_292000",407250,292000,3,2,411000,205500
"Birmingham",2025,"Birmingham_407250_292250",407250,292250,2,2,12200,6100
"Birmingham",2025,"Birmingham_407250_292500",407250,292500,3,1,153000,153000
"Birmingham",2025,"Birmingham_407250_292750",407250,292750,3,3,13250,4350
"Birmingham",2025,"Birmingham_407250_293000",407250,293000,3,3,12530,5700
"Birmingham",2025,"Birmingham_407250_293250",407250,293250,3,3,23100,7700
"Birmingham",2025,"Birmingham_407250_293500",407250,293500,2,2,14400,7200
"Birmingham",2025,"Birmingham_407250_294000",407250,294000,1,1,7000,7000
"Birmingham",2025,"Birmingham_407250_295000",407250,295000,1,1,7500,7500
"Birmingham",2025,"Birmingham_407250_295500",407250,295500,10,10,82550,6750
"Birmingham",2025,"Birmingham_407250_295750",407250,295750,1,1,37000,37000
"Birmingham",2025,"Birmingham_407500_278500",407500,278500,1,1,62500,62500
"Birmingham",2025,"Birmingham_407500_278750",407500,278750,5,5,41550,5300
"Birmingham",2025,"Birmingham_407500_279500",407500,279500,1,1,2600,2600
"Birmingham",2025,"Birmingham_407500_280250",407500,280250,1,1,3850,3850
"Birmingham",2025,"Birmingham_407500_281000",407500,281000,1,1,16750,16750
"Birmingham",2025,"Birmingham_407500_281250",407500,281250,4,3,43000,11000
"Birmingham",2025,"Birmingham_407500_281500",407500,281500,4,3,28750,9900
"Birmingham",2025,"Birmingham_407500_281750",407500,281750,16,14,164275,7950
"Birmingham",2025,"Birmingham_407500_282000",407500,282000,9,8,75500,9650
"Birmingham",2025,"Birmingham_407500_282250",407500,282250,2,2,23250,11625
"Birmingham",2025,"Birmingham_407500_282750",407500,282750,3,3,77300,10000
"Birmingham",2025,"Birmingham_407500_283000",407500,283000,37,34,689700,15125
"Birmingham",2025,"Birmingham_407500_283250",407500,283250,18,17,481000,12250
"Birmingham",2025,"Birmingham_407500_283500",407500,283500,3,3,126000,15500
"Birmingham",2025,"Birmingham_407500_283750",407500,283750,1,1,7000,7000
"Birmingham",2025,"Birmingham_407500_284000",407500,284000,2,2,18150,9075
"Birmingham",2025,"Birmingham_407500_284250",407500,284250,3,3,19400,8200
"Birmingham",2025,"Birmingham_407500_284500",407500,284500,1,1,18000,18000
"Birmingham",2025,"Birmingham_407500_285000",407500,285000,3,3,43450,8500
"Birmingham",2025,"Birmingham_407500_285250",407500,285250,7,7,45900,7800
"Birmingham",2025,"Birmingham_407500_285500",407500,285500,11,10,60300,6000
"Birmingham",2025,"Birmingham_407500_285750",407500,285750,5,5,48600,8200
"Birmingham",2025,"Birmingham_407500_286000",407500,286000,7,7,105350,10000
"Birmingham",2025,"Birmingham_407500_286250",407500,286250,31,30,437750,12000
"Birmingham",2025,"Birmingham_407500_286500",407500,286500,15,15,302600,16750
"Birmingham",2025,"Birmingham_407500_286750",407500,286750,7,6,99450,13550
"Birmingham",2025,"Birmingham_407500_287000",407500,287000,15,15,407500,24250
"Birmingham",2025,"Birmingham_407500_287500",407500,287500,8,8,188500,18000
"Birmingham",2025,"Birmingham_407500_287750",407500,287750,2,2,144000,72000
"Birmingham",2025,"Birmingham_407500_288000",407500,288000,1,1,6800,6800
"Birmingham",2025,"Birmingham_407500_288500",407500,288500,32,28,120275,2775
"Birmingham",2025,"Birmingham_407500_288750",407500,288750,1,1,12000,12000
"Birmingham",2025,"Birmingham_407500_289250",407500,289250,3,3,35600,8900
"Birmingham",2025,"Birmingham_407500_289500",407500,289500,5,5,26850,4300
"Birmingham",2025,"Birmingham_407500_289750",407500,289750,2,2,24550,12275
"Birmingham",2025,"Birmingham_407500_290000",407500,290000,42,42,430925,8050
"Birmingham",2025,"Birmingham_407500_290250",407500,290250,11,11,105750,8900
"Birmingham",2025,"Birmingham_407500_290500",407500,290500,6,6,29475,4425
"Birmingham",2025,"Birmingham_407500_292500",407500,292500,1,1,12750,12750
"Birmingham",2025,"Birmingham_407500_293000",407500,293000,11,11,110000,8100
"Birmingham",2025,"Birmingham_407500_295000",407500,295000,5,5,23100,5000
"Birmingham",2025,"Birmingham_407500_295500",407500,295500,1,1,2400,2400
"Birmingham",2025,"Birmingham_407750_278250",407750,278250,1,1,1420000,1420000
"Birmingham",2025,"Birmingham_407750_278500",407750,278500,26,26,656550,14125
"Birmingham",2025,"Birmingham_407750_278750",407750,278750,1,1,14750,14750
"Birmingham",2025,"Birmingham_407750_279000",407750,279000,12,11,117200,8500
"Birmingham",2025,"Birmingham_407750_279250",407750,279250,9,9,83650,8300
"Birmingham",2025,"Birmingham_407750_279500",407750,279500,1,1,8800,8800
"Birmingham",2025,"Birmingham_407750_280250",407750,280250,1,1,3600,3600
"Birmingham",2025,"Birmingham_407750_281250",407750,281250,2,2,6300,3150
"Birmingham",2025,"Birmingham_407750_281750",407750,281750,1,1,5700,5700
"Birmingham",2025,"Birmingham_407750_283000",407750,283000,46,42,1003600,12250
"Birmingham",2025,"Birmingham_407750_283250",407750,283250,19,19,226950,10250
"Birmingham",2025,"Birmingham_407750_283750",407750,283750,2,2,18150,9075
"Birmingham",2025,"Birmingham_407750_284000",407750,284000,23,23,623650,10500
"Birmingham",2025,"Birmingham_407750_284250",407750,284250,25,23,310650,10000
"Birmingham",2025,"Birmingham_407750_284500",407750,284500,28,28,402000,8500
"Birmingham",2025,"Birmingham_407750_284750",407750,284750,4,4,148250,26625
"Birmingham",2025,"Birmingham_407750_285000",407750,285000,2,2,466500,233250
"Birmingham",2025,"Birmingham_407750_285250",407750,285250,5,5,184650,11000
"Birmingham",2025,"Birmingham_407750_285500",407750,285500,1,1,13250,13250
"Birmingham",2025,"Birmingham_407750_285750",407750,285750,4,4,34250,6000
"Birmingham",2025,"Birmingham_407750_286000",407750,286000,5,5,58300,9200
"Birmingham",2025,"Birmingham_407750_286250",407750,286250,45,44,668700,12500
"Birmingham",2025,"Birmingham_407750_286500",407750,286500,9,9,147850,9500
"Birmingham",2025,"Birmingham_407750_286750",407750,286750,4,4,74300,15875
"Birmingham",2025,"Birmingham_407750_287000",407750,287000,2,2,24000,12000
"Birmingham",2025,"Birmingham_407750_287500",407750,287500,1,0,NA,NA
"Birmingham",2025,"Birmingham_407750_287750",407750,287750,1,1,20500,20500
"Birmingham",2025,"Birmingham_407750_288250",407750,288250,16,16,31500,1175
"Birmingham",2025,"Birmingham_407750_288500",407750,288500,2,2,51500,25750
"Birmingham",2025,"Birmingham_407750_289250",407750,289250,1,1,18000,18000
"Birmingham",2025,"Birmingham_407750_290250",407750,290250,16,16,156950,8600
"Birmingham",2025,"Birmingham_407750_290500",407750,290500,12,12,1469750,11375
"Birmingham",2025,"Birmingham_407750_292000",407750,292000,1,1,5900,5900
"Birmingham",2025,"Birmingham_407750_293250",407750,293250,1,1,6300,6300
"Birmingham",2025,"Birmingham_407750_293500",407750,293500,36,35,494150,12500
"Birmingham",2025,"Birmingham_407750_293750",407750,293750,22,22,282300,12000
"Birmingham",2025,"Birmingham_407750_294000",407750,294000,10,9,58050,5100
"Birmingham",2025,"Birmingham_407750_294250",407750,294250,4,4,18800,5025
"Birmingham",2025,"Birmingham_407750_294500",407750,294500,1,1,7600,7600
"Birmingham",2025,"Birmingham_407750_294750",407750,294750,13,13,189950,10750
"Birmingham",2025,"Birmingham_407750_295000",407750,295000,36,12,98650,5700
"Birmingham",2025,"Birmingham_407750_295250",407750,295250,3,3,15300,4550
"Birmingham",2025,"Birmingham_407750_295500",407750,295500,4,4,21200,4850
"Birmingham",2025,"Birmingham_408000_279500",408000,279500,1,1,382500,382500
"Birmingham",2025,"Birmingham_408000_282000",408000,282000,3,3,44500,13250
"Birmingham",2025,"Birmingham_408000_282250",408000,282250,1,1,8000,8000
"Birmingham",2025,"Birmingham_408000_283000",408000,283000,1,1,13500,13500
"Birmingham",2025,"Birmingham_408000_283500",408000,283500,2,2,21300,10650
"Birmingham",2025,"Birmingham_408000_284000",408000,284000,6,5,47000,7500
"Birmingham",2025,"Birmingham_408000_284250",408000,284250,4,4,38900,7950
"Birmingham",2025,"Birmingham_408000_284500",408000,284500,3,3,17300,6600
"Birmingham",2025,"Birmingham_408000_284750",408000,284750,2,2,23100,11550
"Birmingham",2025,"Birmingham_408000_285000",408000,285000,6,6,65600,11250
"Birmingham",2025,"Birmingham_408000_285250",408000,285250,3,3,555300,260000
"Birmingham",2025,"Birmingham_408000_285500",408000,285500,2,2,23200,11600
"Birmingham",2025,"Birmingham_408000_285750",408000,285750,8,7,183650,25750
"Birmingham",2025,"Birmingham_408000_286000",408000,286000,5,5,32495,8200
"Birmingham",2025,"Birmingham_408000_286250",408000,286250,22,21,349500,11000
"Birmingham",2025,"Birmingham_408000_286500",408000,286500,7,6,290500,34500
"Birmingham",2025,"Birmingham_408000_286750",408000,286750,1,1,4300,4300
"Birmingham",2025,"Birmingham_408000_287250",408000,287250,2,2,54750,27375
"Birmingham",2025,"Birmingham_408000_287750",408000,287750,2,1,84000,84000
"Birmingham",2025,"Birmingham_408000_288000",408000,288000,2,2,13200,6600
"Birmingham",2025,"Birmingham_408000_288500",408000,288500,2,2,20400,10200
"Birmingham",2025,"Birmingham_408000_288750",408000,288750,7,7,261250,10000
"Birmingham",2025,"Birmingham_408000_289000",408000,289000,6,5,179600,10500
"Birmingham",2025,"Birmingham_408000_289750",408000,289750,1,1,27250,27250
"Birmingham",2025,"Birmingham_408000_290000",408000,290000,1,1,7500,7500
"Birmingham",2025,"Birmingham_408000_290500",408000,290500,13,13,75900,5500
"Birmingham",2025,"Birmingham_408000_290750",408000,290750,1,1,6000,6000
"Birmingham",2025,"Birmingham_408000_291750",408000,291750,1,1,8000,8000
"Birmingham",2025,"Birmingham_408000_293250",408000,293250,16,15,140650,8800
"Birmingham",2025,"Birmingham_408000_293500",408000,293500,1,1,10500,10500
"Birmingham",2025,"Birmingham_408000_295000",408000,295000,21,21,276650,10500
"Birmingham",2025,"Birmingham_408000_296000",408000,296000,7,7,54600,8200
"Birmingham",2025,"Birmingham_408250_278500",408250,278500,7,7,43300,5800
"Birmingham",2025,"Birmingham_408250_278750",408250,278750,4,4,29150,7250
"Birmingham",2025,"Birmingham_408250_279500",408250,279500,1,1,22000,22000
"Birmingham",2025,"Birmingham_408250_280250",408250,280250,14,13,85025,6300
"Birmingham",2025,"Birmingham_408250_280500",408250,280500,10,10,66650,5175
"Birmingham",2025,"Birmingham_408250_281500",408250,281500,1,1,67000,67000
"Birmingham",2025,"Birmingham_408250_283750",408250,283750,73,73,816500,8900
"Birmingham",2025,"Birmingham_408250_284000",408250,284000,15,14,220900,13500
"Birmingham",2025,"Birmingham_408250_284250",408250,284250,69,67,928875,10750
"Birmingham",2025,"Birmingham_408250_284500",408250,284500,16,15,178700,7400
"Birmingham",2025,"Birmingham_408250_284750",408250,284750,1,0,NA,NA
"Birmingham",2025,"Birmingham_408250_285000",408250,285000,55,53,461875,8800
"Birmingham",2025,"Birmingham_408250_285250",408250,285250,66,65,462700,4450
"Birmingham",2025,"Birmingham_408250_285750",408250,285750,2,2,32350,16175
"Birmingham",2025,"Birmingham_408250_286000",408250,286000,26,25,503500,5400
"Birmingham",2025,"Birmingham_408250_286250",408250,286250,3,2,58000,29000
"Birmingham",2025,"Birmingham_408250_286500",408250,286500,7,6,178250,26500
"Birmingham",2025,"Birmingham_408250_286750",408250,286750,3,3,836100,3e+05
"Birmingham",2025,"Birmingham_408250_287250",408250,287250,7,7,58225,10750
"Birmingham",2025,"Birmingham_408250_288250",408250,288250,6,6,69400,7900
"Birmingham",2025,"Birmingham_408250_288500",408250,288500,3,3,28700,8400
"Birmingham",2025,"Birmingham_408250_288750",408250,288750,1,1,34500,34500
"Birmingham",2025,"Birmingham_408250_289000",408250,289000,3,3,10450,4300
"Birmingham",2025,"Birmingham_408250_289750",408250,289750,1,1,32000,32000
"Birmingham",2025,"Birmingham_408250_290250",408250,290250,5,5,24125,5300
"Birmingham",2025,"Birmingham_408250_290750",408250,290750,3,3,19450,5900
"Birmingham",2025,"Birmingham_408250_292750",408250,292750,7,7,184700,6600
"Birmingham",2025,"Birmingham_408250_293250",408250,293250,21,21,199175,6000
"Birmingham",2025,"Birmingham_408250_293750",408250,293750,11,11,123375,6200
"Birmingham",2025,"Birmingham_408250_296000",408250,296000,3,3,22700,7300
"Birmingham",2025,"Birmingham_408250_296250",408250,296250,3,3,275550,134000
"Birmingham",2025,"Birmingham_408500_280000",408500,280000,1,1,2850,2850
"Birmingham",2025,"Birmingham_408500_280250",408500,280250,4,4,27400,6100
"Birmingham",2025,"Birmingham_408500_281250",408500,281250,1,1,4100,4100
"Birmingham",2025,"Birmingham_408500_283750",408500,283750,18,17,123375,7600
"Birmingham",2025,"Birmingham_408500_284000",408500,284000,17,17,186175,8200
"Birmingham",2025,"Birmingham_408500_284250",408500,284250,35,35,393400,7600
"Birmingham",2025,"Birmingham_408500_284500",408500,284500,30,30,430175,8800
"Birmingham",2025,"Birmingham_408500_284750",408500,284750,6,6,159000,16750
"Birmingham",2025,"Birmingham_408500_285000",408500,285000,12,12,127400,8600
"Birmingham",2025,"Birmingham_408500_285250",408500,285250,1,1,9000,9000
"Birmingham",2025,"Birmingham_408500_285500",408500,285500,1,1,51500,51500
"Birmingham",2025,"Birmingham_408500_285750",408500,285750,10,10,62050,4900
"Birmingham",2025,"Birmingham_408500_286000",408500,286000,1,1,120000,120000
"Birmingham",2025,"Birmingham_408500_286250",408500,286250,7,4,177500,33125
"Birmingham",2025,"Birmingham_408500_286500",408500,286500,1,1,78000,78000
"Birmingham",2025,"Birmingham_408500_286750",408500,286750,7,7,160800,9700
"Birmingham",2025,"Birmingham_408500_287250",408500,287250,4,3,35300,12500
"Birmingham",2025,"Birmingham_408500_287500",408500,287500,20,20,179700,7550
"Birmingham",2025,"Birmingham_408500_289000",408500,289000,3,3,15850,2600
"Birmingham",2025,"Birmingham_408500_289250",408500,289250,6,6,64800,9250
"Birmingham",2025,"Birmingham_408500_289750",408500,289750,1,1,56500,56500
"Birmingham",2025,"Birmingham_408500_290250",408500,290250,9,8,154425,10500
"Birmingham",2025,"Birmingham_408500_290500",408500,290500,1,1,7000,7000
"Birmingham",2025,"Birmingham_408500_290750",408500,290750,4,4,33150,8700
"Birmingham",2025,"Birmingham_408500_291500",408500,291500,6,6,55850,5700
"Birmingham",2025,"Birmingham_408500_292500",408500,292500,1,1,4000,4000
"Birmingham",2025,"Birmingham_408500_293000",408500,293000,20,20,517550,11000
"Birmingham",2025,"Birmingham_408500_294250",408500,294250,1,1,7500,7500
"Birmingham",2025,"Birmingham_408500_294500",408500,294500,2,2,12300,6150
"Birmingham",2025,"Birmingham_408500_294750",408500,294750,13,11,69900,6400
"Birmingham",2025,"Birmingham_408500_295500",408500,295500,4,4,32200,6450
"Birmingham",2025,"Birmingham_408750_279250",408750,279250,1,1,8900,8900
"Birmingham",2025,"Birmingham_408750_279500",408750,279500,25,24,412250,12000
"Birmingham",2025,"Birmingham_408750_279750",408750,279750,1,1,21000,21000
"Birmingham",2025,"Birmingham_408750_280250",408750,280250,1,1,10750,10750
"Birmingham",2025,"Birmingham_408750_280500",408750,280500,1,1,31000,31000
"Birmingham",2025,"Birmingham_408750_280750",408750,280750,10,10,69575,6050
"Birmingham",2025,"Birmingham_408750_281000",408750,281000,12,12,105175,7150
"Birmingham",2025,"Birmingham_408750_282250",408750,282250,2,2,56000,28000
"Birmingham",2025,"Birmingham_408750_283000",408750,283000,2,2,9750,4875
"Birmingham",2025,"Birmingham_408750_284000",408750,284000,7,7,56750,8700
"Birmingham",2025,"Birmingham_408750_284250",408750,284250,71,70,791125,10375
"Birmingham",2025,"Birmingham_408750_284500",408750,284500,38,37,399350,9900
"Birmingham",2025,"Birmingham_408750_284750",408750,284750,1,1,32250,32250
"Birmingham",2025,"Birmingham_408750_285250",408750,285250,1,1,4400,4400
"Birmingham",2025,"Birmingham_408750_285750",408750,285750,1,1,215000,215000
"Birmingham",2025,"Birmingham_408750_286500",408750,286500,3,3,22600,5800
"Birmingham",2025,"Birmingham_408750_286750",408750,286750,2,2,6250,3125
"Birmingham",2025,"Birmingham_408750_287500",408750,287500,1,1,335,335
"Birmingham",2025,"Birmingham_408750_287750",408750,287750,6,6,43500,7200
"Birmingham",2025,"Birmingham_408750_288000",408750,288000,1,1,2650,2650
"Birmingham",2025,"Birmingham_408750_288250",408750,288250,6,5,85200,9800
"Birmingham",2025,"Birmingham_408750_288500",408750,288500,3,3,23700,7200
"Birmingham",2025,"Birmingham_408750_288750",408750,288750,10,9,96100,7500
"Birmingham",2025,"Birmingham_408750_289500",408750,289500,7,7,46350,5300
"Birmingham",2025,"Birmingham_408750_289750",408750,289750,1,1,18250,18250
"Birmingham",2025,"Birmingham_408750_291500",408750,291500,5,5,29750,5600
"Birmingham",2025,"Birmingham_408750_293500",408750,293500,13,13,127600,8800
"Birmingham",2025,"Birmingham_408750_293750",408750,293750,2,2,145250,72625
"Birmingham",2025,"Birmingham_409000_279000",409000,279000,8,8,48150,6450
"Birmingham",2025,"Birmingham_409000_279250",409000,279250,7,6,95200,8300
"Birmingham",2025,"Birmingham_409000_279500",409000,279500,1,1,26250,26250
"Birmingham",2025,"Birmingham_409000_283500",409000,283500,12,12,61300,4925
"Birmingham",2025,"Birmingham_409000_283750",409000,283750,94,88,843980,8800
"Birmingham",2025,"Birmingham_409000_284000",409000,284000,57,57,980350,14000
"Birmingham",2025,"Birmingham_409000_284250",409000,284250,30,29,344875,10500
"Birmingham",2025,"Birmingham_409000_284500",409000,284500,22,22,114950,5550
"Birmingham",2025,"Birmingham_409000_284750",409000,284750,8,8,59975,6800
"Birmingham",2025,"Birmingham_409000_285500",409000,285500,1,1,9800,9800
"Birmingham",2025,"Birmingham_409000_285750",409000,285750,27,27,109750,2550
"Birmingham",2025,"Birmingham_409000_286000",409000,286000,2,2,102000,51000
"Birmingham",2025,"Birmingham_409000_286250",409000,286250,12,10,2034750,96500
"Birmingham",2025,"Birmingham_409000_286500",409000,286500,1,1,18250,18250
"Birmingham",2025,"Birmingham_409000_287000",409000,287000,2,2,8600,4300
"Birmingham",2025,"Birmingham_409000_288250",409000,288250,4,3,21600,6800
"Birmingham",2025,"Birmingham_409000_288750",409000,288750,5,5,59950,11750
"Birmingham",2025,"Birmingham_409000_289000",409000,289000,3,3,24900,8600
"Birmingham",2025,"Birmingham_409000_289250",409000,289250,2,1,12000,12000
"Birmingham",2025,"Birmingham_409000_289500",409000,289500,7,7,50500,6100
"Birmingham",2025,"Birmingham_409000_289750",409000,289750,4,4,44550,9450
"Birmingham",2025,"Birmingham_409000_293000",409000,293000,14,14,113850,6250
"Birmingham",2025,"Birmingham_409000_293250",409000,293250,1,1,28750,28750
"Birmingham",2025,"Birmingham_409000_293750",409000,293750,7,7,76900,9100
"Birmingham",2025,"Birmingham_409000_294000",409000,294000,1,1,5700,5700
"Birmingham",2025,"Birmingham_409000_294500",409000,294500,1,1,7500,7500
"Birmingham",2025,"Birmingham_409250_279500",409250,279500,3,3,38900,10250
"Birmingham",2025,"Birmingham_409250_279750",409250,279750,2,2,15300,7650
"Birmingham",2025,"Birmingham_409250_280250",409250,280250,2,2,9350,4675
"Birmingham",2025,"Birmingham_409250_280500",409250,280500,6,6,44600,6000
"Birmingham",2025,"Birmingham_409250_282250",409250,282250,1,1,2100,2100
"Birmingham",2025,"Birmingham_409250_283000",409250,283000,6,5,30400,5400
"Birmingham",2025,"Birmingham_409250_283250",409250,283250,6,6,36550,4650
"Birmingham",2025,"Birmingham_409250_283500",409250,283500,8,8,70550,9300
"Birmingham",2025,"Birmingham_409250_283750",409250,283750,28,28,201070,5900
"Birmingham",2025,"Birmingham_409250_284000",409250,284000,2,2,11500,5750
"Birmingham",2025,"Birmingham_409250_284250",409250,284250,7,7,40650,3600
"Birmingham",2025,"Birmingham_409250_284500",409250,284500,5,4,16350,3750
"Birmingham",2025,"Birmingham_409250_284750",409250,284750,14,14,49675,2600
"Birmingham",2025,"Birmingham_409250_285000",409250,285000,4,4,11425,1587.5
"Birmingham",2025,"Birmingham_409250_285250",409250,285250,1,1,30250,30250
"Birmingham",2025,"Birmingham_409250_285500",409250,285500,14,12,104950,9950
"Birmingham",2025,"Birmingham_409250_285750",409250,285750,192,175,1434680,4700
"Birmingham",2025,"Birmingham_409250_286000",409250,286000,40,40,993500,16750
"Birmingham",2025,"Birmingham_409250_286250",409250,286250,1,1,4400,4400
"Birmingham",2025,"Birmingham_409250_286500",409250,286500,2,2,34750,17375
"Birmingham",2025,"Birmingham_409250_287250",409250,287250,2,2,21400,10700
"Birmingham",2025,"Birmingham_409250_287500",409250,287500,10,10,18440,1737.5
"Birmingham",2025,"Birmingham_409250_288000",409250,288000,1,1,3200,3200
"Birmingham",2025,"Birmingham_409250_288750",409250,288750,6,6,14800,2125
"Birmingham",2025,"Birmingham_409250_289000",409250,289000,1,1,19000,19000
"Birmingham",2025,"Birmingham_409250_289250",409250,289250,2,2,11900,5950
"Birmingham",2025,"Birmingham_409250_289500",409250,289500,1,1,2700,2700
"Birmingham",2025,"Birmingham_409250_289750",409250,289750,4,4,35300,8500
"Birmingham",2025,"Birmingham_409250_291250",409250,291250,1,0,NA,NA
"Birmingham",2025,"Birmingham_409250_291750",409250,291750,4,4,78400,7750
"Birmingham",2025,"Birmingham_409250_292750",409250,292750,3,3,17400,5800
"Birmingham",2025,"Birmingham_409250_293500",409250,293500,1,1,13250,13250
"Birmingham",2025,"Birmingham_409250_294000",409250,294000,7,7,76650,9200
"Birmingham",2025,"Birmingham_409250_294500",409250,294500,1,1,94500,94500
"Birmingham",2025,"Birmingham_409500_279500",409500,279500,2,2,11900,5950
"Birmingham",2025,"Birmingham_409500_281000",409500,281000,10,10,49750,4625
"Birmingham",2025,"Birmingham_409500_281500",409500,281500,2,2,10500,5250
"Birmingham",2025,"Birmingham_409500_281750",409500,281750,2,2,20600,10300
"Birmingham",2025,"Birmingham_409500_282750",409500,282750,24,24,282100,7150
"Birmingham",2025,"Birmingham_409500_283000",409500,283000,120,118,1982850,13250
"Birmingham",2025,"Birmingham_409500_283250",409500,283250,66,64,479975,6400
"Birmingham",2025,"Birmingham_409500_283500",409500,283500,1,1,3650,3650
"Birmingham",2025,"Birmingham_409500_283750",409500,283750,1,1,15500,15500
"Birmingham",2025,"Birmingham_409500_284000",409500,284000,21,21,332500,6100
"Birmingham",2025,"Birmingham_409500_284250",409500,284250,2,2,14600,7300
"Birmingham",2025,"Birmingham_409500_284500",409500,284500,9,9,80400,6000
"Birmingham",2025,"Birmingham_409500_285000",409500,285000,2,2,18400,9200
"Birmingham",2025,"Birmingham_409500_285250",409500,285250,3,3,32275,6900
"Birmingham",2025,"Birmingham_409500_285500",409500,285500,25,24,245000,10875
"Birmingham",2025,"Birmingham_409500_285750",409500,285750,67,64,902450,8550
"Birmingham",2025,"Birmingham_409500_286000",409500,286000,3,3,15575,3850
"Birmingham",2025,"Birmingham_409500_286250",409500,286250,1,1,14250,14250
"Birmingham",2025,"Birmingham_409500_286500",409500,286500,1,1,3000,3000
"Birmingham",2025,"Birmingham_409500_287250",409500,287250,1,1,14000,14000
"Birmingham",2025,"Birmingham_409500_287750",409500,287750,4,4,59750,14625
"Birmingham",2025,"Birmingham_409500_288000",409500,288000,48,47,634450,11000
"Birmingham",2025,"Birmingham_409500_288250",409500,288250,2,2,10600,5300
"Birmingham",2025,"Birmingham_409500_288500",409500,288500,1,0,NA,NA
"Birmingham",2025,"Birmingham_409500_288750",409500,288750,1,1,10750,10750
"Birmingham",2025,"Birmingham_409500_289000",409500,289000,1,1,10750,10750
"Birmingham",2025,"Birmingham_409500_289500",409500,289500,1,1,5700,5700
"Birmingham",2025,"Birmingham_409500_289750",409500,289750,1,1,25000,25000
"Birmingham",2025,"Birmingham_409500_290000",409500,290000,2,2,10450,5225
"Birmingham",2025,"Birmingham_409500_290500",409500,290500,1,1,5200,5200
"Birmingham",2025,"Birmingham_409500_290750",409500,290750,1,1,2200,2200
"Birmingham",2025,"Birmingham_409500_291000",409500,291000,2,2,7800,3900
"Birmingham",2025,"Birmingham_409500_291500",409500,291500,2,2,32200,16100
"Birmingham",2025,"Birmingham_409500_291750",409500,291750,28,27,272750,8600
"Birmingham",2025,"Birmingham_409500_292000",409500,292000,1,1,6100,6100
"Birmingham",2025,"Birmingham_409500_292500",409500,292500,15,13,112000,7700
"Birmingham",2025,"Birmingham_409500_292750",409500,292750,2,2,25600,12800
"Birmingham",2025,"Birmingham_409500_294250",409500,294250,16,16,547300,17250
"Birmingham",2025,"Birmingham_409500_294500",409500,294500,43,42,2260250,9900
"Birmingham",2025,"Birmingham_409500_294750",409500,294750,11,9,2362250,61000
"Birmingham",2025,"Birmingham_409500_295000",409500,295000,6,6,46200,7800
"Birmingham",2025,"Birmingham_409750_279500",409750,279500,7,7,39650,6000
"Birmingham",2025,"Birmingham_409750_280250",409750,280250,15,15,100800,5600
"Birmingham",2025,"Birmingham_409750_281000",409750,281000,5,5,24500,4250
"Birmingham",2025,"Birmingham_409750_281500",409750,281500,2,2,11500,5750
"Birmingham",2025,"Birmingham_409750_281750",409750,281750,1,1,6700,6700
"Birmingham",2025,"Birmingham_409750_282750",409750,282750,25,24,292750,9400
"Birmingham",2025,"Birmingham_409750_283250",409750,283250,4,4,34400,7950
"Birmingham",2025,"Birmingham_409750_284000",409750,284000,5,5,59150,10250
"Birmingham",2025,"Birmingham_409750_284500",409750,284500,1,1,7700,7700
"Birmingham",2025,"Birmingham_409750_285250",409750,285250,2,2,8750,4375
"Birmingham",2025,"Birmingham_409750_285500",409750,285500,66,65,1016825,13250
"Birmingham",2025,"Birmingham_409750_285750",409750,285750,13,13,81700,5500
"Birmingham",2025,"Birmingham_409750_286000",409750,286000,5,5,40550,7000
"Birmingham",2025,"Birmingham_409750_286250",409750,286250,2,2,15200,7600
"Birmingham",2025,"Birmingham_409750_286500",409750,286500,40,40,266500,6000
"Birmingham",2025,"Birmingham_409750_286750",409750,286750,16,16,78095,4100
"Birmingham",2025,"Birmingham_409750_287000",409750,287000,1,0,NA,NA
"Birmingham",2025,"Birmingham_409750_287250",409750,287250,6,6,22500,2875
"Birmingham",2025,"Birmingham_409750_287500",409750,287500,2,2,5950,2975
"Birmingham",2025,"Birmingham_409750_287750",409750,287750,2,2,27000,13500
"Birmingham",2025,"Birmingham_409750_288000",409750,288000,95,94,1614150,14250
"Birmingham",2025,"Birmingham_409750_288250",409750,288250,4,4,100250,22625
"Birmingham",2025,"Birmingham_409750_288500",409750,288500,1,1,6000,6000
"Birmingham",2025,"Birmingham_409750_289250",409750,289250,22,22,924050,42500
"Birmingham",2025,"Birmingham_409750_289500",409750,289500,3,3,201750,36750
"Birmingham",2025,"Birmingham_409750_290000",409750,290000,1,1,12250,12250
"Birmingham",2025,"Birmingham_409750_290500",409750,290500,11,11,62600,6200
"Birmingham",2025,"Birmingham_409750_290750",409750,290750,32,32,148000,4775
"Birmingham",2025,"Birmingham_409750_291000",409750,291000,32,30,202025,4825
"Birmingham",2025,"Birmingham_409750_291250",409750,291250,3,3,14300,5100
"Birmingham",2025,"Birmingham_409750_291750",409750,291750,11,10,132050,6950
"Birmingham",2025,"Birmingham_409750_292000",409750,292000,4,4,112200,10675
"Birmingham",2025,"Birmingham_409750_292500",409750,292500,4,4,16175,2587.5
"Birmingham",2025,"Birmingham_409750_293250",409750,293250,1,1,7600,7600
"Birmingham",2025,"Birmingham_409750_294250",409750,294250,10,10,701500,9200
"Birmingham",2025,"Birmingham_409750_294500",409750,294500,1,1,21750,21750
"Birmingham",2025,"Birmingham_410000_279250",410000,279250,3,3,26450,9200
"Birmingham",2025,"Birmingham_410000_280500",410000,280500,1,1,6600,6600
"Birmingham",2025,"Birmingham_410000_280750",410000,280750,1,1,12250,12250
"Birmingham",2025,"Birmingham_410000_282500",410000,282500,6,6,36850,5700
"Birmingham",2025,"Birmingham_410000_282750",410000,282750,5,5,18625,3550
"Birmingham",2025,"Birmingham_410000_283750",410000,283750,8,8,86150,4875
"Birmingham",2025,"Birmingham_410000_284000",410000,284000,3,2,26000,13000
"Birmingham",2025,"Birmingham_410000_285500",410000,285500,62,61,894650,12500
"Birmingham",2025,"Birmingham_410000_285750",410000,285750,2,2,20450,10225
"Birmingham",2025,"Birmingham_410000_286000",410000,286000,33,32,207550,5800
"Birmingham",2025,"Birmingham_410000_286250",410000,286250,11,11,59350,4950
"Birmingham",2025,"Birmingham_410000_286500",410000,286500,20,20,406000,7000
"Birmingham",2025,"Birmingham_410000_286750",410000,286750,6,6,34550,6000
"Birmingham",2025,"Birmingham_410000_287000",410000,287000,1,1,4200,4200
"Birmingham",2025,"Birmingham_410000_287250",410000,287250,1,1,1925,1925
"Birmingham",2025,"Birmingham_410000_287500",410000,287500,4,4,17675,2825
"Birmingham",2025,"Birmingham_410000_287750",410000,287750,99,98,1428550,12375
"Birmingham",2025,"Birmingham_410000_288000",410000,288000,9,9,139750,13500
"Birmingham",2025,"Birmingham_410000_288250",410000,288250,3,3,16250,4150
"Birmingham",2025,"Birmingham_410000_288500",410000,288500,27,27,217250,6500
"Birmingham",2025,"Birmingham_410000_289250",410000,289250,1,1,332500,332500
"Birmingham",2025,"Birmingham_410000_289750",410000,289750,4,4,6250,1700
"Birmingham",2025,"Birmingham_410000_291000",410000,291000,3,1,2075,2075
"Birmingham",2025,"Birmingham_410000_293000",410000,293000,1,1,15750,15750
"Birmingham",2025,"Birmingham_410000_293250",410000,293250,3,3,14900,4700
"Birmingham",2025,"Birmingham_410000_294000",410000,294000,1,1,63000,63000
"Birmingham",2025,"Birmingham_410250_279500",410250,279500,1,1,31000,31000
"Birmingham",2025,"Birmingham_410250_279750",410250,279750,2,1,4200,4200
"Birmingham",2025,"Birmingham_410250_280500",410250,280500,12,10,137600,7600
"Birmingham",2025,"Birmingham_410250_280750",410250,280750,14,14,97625,6150
"Birmingham",2025,"Birmingham_410250_282000",410250,282000,17,17,551100,14000
"Birmingham",2025,"Birmingham_410250_282250",410250,282250,48,48,817950,14125
"Birmingham",2025,"Birmingham_410250_282500",410250,282500,3,3,14450,5100
"Birmingham",2025,"Birmingham_410250_282750",410250,282750,2,2,12200,6100
"Birmingham",2025,"Birmingham_410250_283250",410250,283250,1,1,7200,7200
"Birmingham",2025,"Birmingham_410250_283500",410250,283500,5,5,106600,3650
"Birmingham",2025,"Birmingham_410250_283750",410250,283750,9,8,42100,4725
"Birmingham",2025,"Birmingham_410250_284000",410250,284000,1,1,2475,2475
"Birmingham",2025,"Birmingham_410250_284750",410250,284750,3,3,218300,2800
"Birmingham",2025,"Birmingham_410250_285000",410250,285000,1,1,8700,8700
"Birmingham",2025,"Birmingham_410250_285250",410250,285250,26,26,358950,9725
"Birmingham",2025,"Birmingham_410250_285500",410250,285500,3,3,36150,10000
"Birmingham",2025,"Birmingham_410250_286000",410250,286000,1,1,15500,15500
"Birmingham",2025,"Birmingham_410250_286250",410250,286250,18,18,93875,4700
"Birmingham",2025,"Birmingham_410250_286500",410250,286500,7,7,400600,9300
"Birmingham",2025,"Birmingham_410250_287000",410250,287000,4,4,12700,2800
"Birmingham",2025,"Birmingham_410250_287250",410250,287250,9,9,32425,2750
"Birmingham",2025,"Birmingham_410250_287500",410250,287500,4,4,60850,9950
"Birmingham",2025,"Birmingham_410250_287750",410250,287750,91,86,837325,8550
"Birmingham",2025,"Birmingham_410250_288000",410250,288000,5,5,17425,2550
"Birmingham",2025,"Birmingham_410250_288500",410250,288500,1,1,427500,427500
"Birmingham",2025,"Birmingham_410250_291500",410250,291500,3,3,9725,3600
"Birmingham",2025,"Birmingham_410250_292250",410250,292250,1,1,2850,2850
"Birmingham",2025,"Birmingham_410250_293500",410250,293500,3,2,22350,11175
"Birmingham",2025,"Birmingham_410250_293750",410250,293750,7,7,35200,5000
"Birmingham",2025,"Birmingham_410250_294500",410250,294500,1,1,9400,9400
"Birmingham",2025,"Birmingham_410250_299000",410250,299000,15,15,331300,13500
"Birmingham",2025,"Birmingham_410250_300250",410250,300250,1,1,57500,57500
"Birmingham",2025,"Birmingham_410250_3e+05",410250,3e+05,10,10,91400,8900
"Birmingham",2025,"Birmingham_410500_279500",410500,279500,21,21,185600,6900
"Birmingham",2025,"Birmingham_410500_280500",410500,280500,1,1,2175,2175
"Birmingham",2025,"Birmingham_410500_280750",410500,280750,2,2,28225,14112.5
"Birmingham",2025,"Birmingham_410500_281250",410500,281250,5,5,111500,12500
"Birmingham",2025,"Birmingham_410500_281500",410500,281500,1,0,NA,NA
"Birmingham",2025,"Birmingham_410500_281750",410500,281750,13,13,145850,8000
"Birmingham",2025,"Birmingham_410500_282000",410500,282000,7,7,133700,13000
"Birmingham",2025,"Birmingham_410500_282250",410500,282250,1,1,2200,2200
"Birmingham",2025,"Birmingham_410500_282500",410500,282500,9,8,151400,8575
"Birmingham",2025,"Birmingham_410500_282750",410500,282750,3,3,40800,12250
"Birmingham",2025,"Birmingham_410500_283000",410500,283000,1,1,9400,9400
"Birmingham",2025,"Birmingham_410500_283750",410500,283750,12,11,111950,7000
"Birmingham",2025,"Birmingham_410500_284750",410500,284750,1,1,645000,645000
"Birmingham",2025,"Birmingham_410500_285250",410500,285250,10,10,116050,11250
"Birmingham",2025,"Birmingham_410500_285750",410500,285750,2,2,12050,6025
"Birmingham",2025,"Birmingham_410500_286000",410500,286000,2,2,13500,6750
"Birmingham",2025,"Birmingham_410500_286250",410500,286250,17,16,158300,6100
"Birmingham",2025,"Birmingham_410500_286500",410500,286500,31,31,215130,5500
"Birmingham",2025,"Birmingham_410500_287000",410500,287000,1,1,4850,4850
"Birmingham",2025,"Birmingham_410500_287500",410500,287500,2,2,6075,3037.5
"Birmingham",2025,"Birmingham_410500_287750",410500,287750,19,19,241950,12750
"Birmingham",2025,"Birmingham_410500_288250",410500,288250,2,2,15350,7675
"Birmingham",2025,"Birmingham_410500_288500",410500,288500,3,3,13400,4350
"Birmingham",2025,"Birmingham_410500_288750",410500,288750,1,1,2900,2900
"Birmingham",2025,"Birmingham_410500_290000",410500,290000,6,6,41975,5700
"Birmingham",2025,"Birmingham_410500_291000",410500,291000,2,2,3900,1950
"Birmingham",2025,"Birmingham_410500_291250",410500,291250,14,14,208900,6000
"Birmingham",2025,"Birmingham_410500_291500",410500,291500,47,47,630850,10500
"Birmingham",2025,"Birmingham_410500_291750",410500,291750,4,4,16950,3775
"Birmingham",2025,"Birmingham_410500_292000",410500,292000,5,5,49050,4000
"Birmingham",2025,"Birmingham_410500_292250",410500,292250,4,3,9725,2750
"Birmingham",2025,"Birmingham_410500_292500",410500,292500,1,1,5700,5700
"Birmingham",2025,"Birmingham_410500_293500",410500,293500,2,2,19750,9875
"Birmingham",2025,"Birmingham_410500_294500",410500,294500,7,7,54050,8000
"Birmingham",2025,"Birmingham_410500_295250",410500,295250,1,1,250000,250000
"Birmingham",2025,"Birmingham_410500_300500",410500,300500,1,1,34500,34500
"Birmingham",2025,"Birmingham_410750_279500",410750,279500,1,1,65000,65000
"Birmingham",2025,"Birmingham_410750_281000",410750,281000,43,42,1030950,8800
"Birmingham",2025,"Birmingham_410750_282000",410750,282000,1,1,15000,15000
"Birmingham",2025,"Birmingham_410750_282500",410750,282500,5,5,20900,4450
"Birmingham",2025,"Birmingham_410750_283000",410750,283000,6,6,62250,6900
"Birmingham",2025,"Birmingham_410750_283750",410750,283750,11,11,60400,6000
"Birmingham",2025,"Birmingham_410750_284250",410750,284250,4,3,19075,3100
"Birmingham",2025,"Birmingham_410750_284500",410750,284500,25,25,162375,5200
"Birmingham",2025,"Birmingham_410750_285000",410750,285000,6,6,594600,113750
"Birmingham",2025,"Birmingham_410750_285250",410750,285250,2,2,1490000,745000
"Birmingham",2025,"Birmingham_410750_285500",410750,285500,1,1,10750,10750
"Birmingham",2025,"Birmingham_410750_285750",410750,285750,6,6,37800,6500
"Birmingham",2025,"Birmingham_410750_286000",410750,286000,1,1,2850,2850
"Birmingham",2025,"Birmingham_410750_286250",410750,286250,35,35,267150,6100
"Birmingham",2025,"Birmingham_410750_286500",410750,286500,4,4,12975,3250
"Birmingham",2025,"Birmingham_410750_286750",410750,286750,2,2,20750,10375
"Birmingham",2025,"Birmingham_410750_287250",410750,287250,2,2,19450,9725
"Birmingham",2025,"Birmingham_410750_287500",410750,287500,1,1,3100,3100
"Birmingham",2025,"Birmingham_410750_287750",410750,287750,29,28,278150,8350
"Birmingham",2025,"Birmingham_410750_288000",410750,288000,1,1,4800,4800
"Birmingham",2025,"Birmingham_410750_288500",410750,288500,8,8,74700,7450
"Birmingham",2025,"Birmingham_410750_288750",410750,288750,1,1,7900,7900
"Birmingham",2025,"Birmingham_410750_290000",410750,290000,4,4,79450,22500
"Birmingham",2025,"Birmingham_410750_291000",410750,291000,1,1,20750,20750
"Birmingham",2025,"Birmingham_410750_291250",410750,291250,8,8,66250,7950
"Birmingham",2025,"Birmingham_410750_291500",410750,291500,80,79,1105600,10250
"Birmingham",2025,"Birmingham_410750_291750",410750,291750,27,27,334250,5200
"Birmingham",2025,"Birmingham_410750_292000",410750,292000,29,29,171775,5100
"Birmingham",2025,"Birmingham_410750_292250",410750,292250,18,17,129750,5400
"Birmingham",2025,"Birmingham_410750_292500",410750,292500,20,18,93775,3625
"Birmingham",2025,"Birmingham_410750_292750",410750,292750,2,2,230300,115150
"Birmingham",2025,"Birmingham_410750_294000",410750,294000,1,1,10250,10250
"Birmingham",2025,"Birmingham_410750_294250",410750,294250,21,20,355100,12125
"Birmingham",2025,"Birmingham_410750_294500",410750,294500,69,68,1101775,12750
"Birmingham",2025,"Birmingham_410750_294750",410750,294750,3,2,36000,18000
"Birmingham",2025,"Birmingham_410750_297000",410750,297000,1,1,8000,8000
"Birmingham",2025,"Birmingham_410750_299250",410750,299250,2,2,14400,7200
"Birmingham",2025,"Birmingham_410750_300500",410750,300500,3,3,24700,8400
"Birmingham",2025,"Birmingham_411000_280250",411000,280250,1,1,14000,14000
"Birmingham",2025,"Birmingham_411000_280500",411000,280500,1,1,138000,138000
"Birmingham",2025,"Birmingham_411000_281500",411000,281500,1,1,6600,6600
"Birmingham",2025,"Birmingham_411000_282250",411000,282250,9,9,65350,5200
"Birmingham",2025,"Birmingham_411000_283000",411000,283000,7,7,54875,5000
"Birmingham",2025,"Birmingham_411000_283500",411000,283500,1,1,139000,139000
"Birmingham",2025,"Birmingham_411000_283750",411000,283750,14,14,125150,5500
"Birmingham",2025,"Birmingham_411000_284000",411000,284000,3,2,9320,4660
"Birmingham",2025,"Birmingham_411000_284250",411000,284250,2,2,10350,5175
"Birmingham",2025,"Birmingham_411000_284500",411000,284500,1,1,6200,6200
"Birmingham",2025,"Birmingham_411000_285000",411000,285000,25,25,331150,10250
"Birmingham",2025,"Birmingham_411000_285250",411000,285250,3,3,22600,6300
"Birmingham",2025,"Birmingham_411000_286000",411000,286000,1,1,10250,10250
"Birmingham",2025,"Birmingham_411000_286250",411000,286250,9,8,78650,7500
"Birmingham",2025,"Birmingham_411000_286750",411000,286750,1,1,8700,8700
"Birmingham",2025,"Birmingham_411000_287500",411000,287500,8,8,69850,9850
"Birmingham",2025,"Birmingham_411000_288750",411000,288750,2,2,9400,4700
"Birmingham",2025,"Birmingham_411000_290000",411000,290000,10,10,97400,9000
"Birmingham",2025,"Birmingham_411000_290750",411000,290750,3,3,315300,7000
"Birmingham",2025,"Birmingham_411000_291250",411000,291250,4,4,18875,3875
"Birmingham",2025,"Birmingham_411000_291500",411000,291500,2,1,4100,4100
"Birmingham",2025,"Birmingham_411000_291750",411000,291750,136,124,1816978,4975
"Birmingham",2025,"Birmingham_411000_292000",411000,292000,50,48,377575,6450
"Birmingham",2025,"Birmingham_411000_293000",411000,293000,2,2,25500,12750
"Birmingham",2025,"Birmingham_411000_293250",411000,293250,17,17,117625,5200
"Birmingham",2025,"Birmingham_411000_294250",411000,294250,1,1,5800,5800
"Birmingham",2025,"Birmingham_411000_294500",411000,294500,1,1,1250,1250
"Birmingham",2025,"Birmingham_411000_298750",411000,298750,5,5,107540,3850
"Birmingham",2025,"Birmingham_411250_280250",411250,280250,46,44,635015,14125
"Birmingham",2025,"Birmingham_411250_280500",411250,280500,12,11,119850,11500
"Birmingham",2025,"Birmingham_411250_281500",411250,281500,14,14,139050,7550
"Birmingham",2025,"Birmingham_411250_282500",411250,282500,11,11,85600,7400
"Birmingham",2025,"Birmingham_411250_282750",411250,282750,49,48,642150,8750
"Birmingham",2025,"Birmingham_411250_283250",411250,283250,1,1,5400,5400
"Birmingham",2025,"Birmingham_411250_283750",411250,283750,6,5,283350,12750
"Birmingham",2025,"Birmingham_411250_284000",411250,284000,2,1,9400,9400
"Birmingham",2025,"Birmingham_411250_284750",411250,284750,1,1,3950,3950
"Birmingham",2025,"Birmingham_411250_285000",411250,285000,20,20,305200,11500
"Birmingham",2025,"Birmingham_411250_286750",411250,286750,24,23,256320,9200
"Birmingham",2025,"Birmingham_411250_287500",411250,287500,22,22,290750,10000
"Birmingham",2025,"Birmingham_411250_287750",411250,287750,1,1,5300,5300
"Birmingham",2025,"Birmingham_411250_288000",411250,288000,6,6,29200,4625
"Birmingham",2025,"Birmingham_411250_288250",411250,288250,32,32,351100,8900
"Birmingham",2025,"Birmingham_411250_288500",411250,288500,4,4,15500,4050
"Birmingham",2025,"Birmingham_411250_289000",411250,289000,2,2,12050,6025
"Birmingham",2025,"Birmingham_411250_290000",411250,290000,1,1,17000,17000
"Birmingham",2025,"Birmingham_411250_290250",411250,290250,6,6,849950,24775
"Birmingham",2025,"Birmingham_411250_290500",411250,290500,7,7,35900,3750
"Birmingham",2025,"Birmingham_411250_291250",411250,291250,1,1,7500,7500
"Birmingham",2025,"Birmingham_411250_291500",411250,291500,1,1,5100,5100
"Birmingham",2025,"Birmingham_411250_291750",411250,291750,9,9,44500,4650
"Birmingham",2025,"Birmingham_411250_292000",411250,292000,1,1,365000,365000
"Birmingham",2025,"Birmingham_411250_292250",411250,292250,1,1,5000,5000
"Birmingham",2025,"Birmingham_411250_293000",411250,293000,7,7,32575,3700
"Birmingham",2025,"Birmingham_411250_293250",411250,293250,1,1,8700,8700
"Birmingham",2025,"Birmingham_411250_293500",411250,293500,1,1,39750,39750
"Birmingham",2025,"Birmingham_411250_295000",411250,295000,1,1,3600,3600
"Birmingham",2025,"Birmingham_411250_296250",411250,296250,3,3,99600,6600
"Birmingham",2025,"Birmingham_411250_299250",411250,299250,4,4,86350,13600
"Birmingham",2025,"Birmingham_411250_299500",411250,299500,1,1,26250,26250
"Birmingham",2025,"Birmingham_411500_280500",411500,280500,4,3,26250,7900
"Birmingham",2025,"Birmingham_411500_281750",411500,281750,4,4,7525,1812.5
"Birmingham",2025,"Birmingham_411500_282000",411500,282000,3,3,21900,5900
"Birmingham",2025,"Birmingham_411500_282500",411500,282500,3,3,15800,5000
"Birmingham",2025,"Birmingham_411500_282750",411500,282750,1,1,35750,35750
"Birmingham",2025,"Birmingham_411500_283500",411500,283500,4,4,35500,8850
"Birmingham",2025,"Birmingham_411500_284500",411500,284500,1,1,19000,19000
"Birmingham",2025,"Birmingham_411500_284750",411500,284750,3,3,37000,11000
"Birmingham",2025,"Birmingham_411500_285000",411500,285000,20,20,227050,8750
"Birmingham",2025,"Birmingham_411500_285250",411500,285250,1,1,11750,11750
"Birmingham",2025,"Birmingham_411500_285750",411500,285750,14,13,135950,8700
"Birmingham",2025,"Birmingham_411500_287250",411500,287250,1,1,7200,7200
"Birmingham",2025,"Birmingham_411500_287500",411500,287500,6,6,22000,3925
"Birmingham",2025,"Birmingham_411500_287750",411500,287750,39,38,614575,9450
"Birmingham",2025,"Birmingham_411500_288000",411500,288000,5,5,42500,8800
"Birmingham",2025,"Birmingham_411500_288250",411500,288250,45,44,351925,7000
"Birmingham",2025,"Birmingham_411500_288750",411500,288750,5,5,33100,4400
"Birmingham",2025,"Birmingham_411500_289000",411500,289000,7,7,36700,4600
"Birmingham",2025,"Birmingham_411500_289250",411500,289250,4,3,12200,4100
"Birmingham",2025,"Birmingham_411500_289500",411500,289500,2,2,161000,80500
"Birmingham",2025,"Birmingham_411500_290250",411500,290250,3,3,125200,6200
"Birmingham",2025,"Birmingham_411500_290500",411500,290500,1,1,8600,8600
"Birmingham",2025,"Birmingham_411500_292750",411500,292750,7,7,64450,9200
"Birmingham",2025,"Birmingham_411500_293000",411500,293000,1,1,8400,8400
"Birmingham",2025,"Birmingham_411500_293250",411500,293250,1,1,3950,3950
"Birmingham",2025,"Birmingham_411500_295000",411500,295000,20,20,329725,17000
"Birmingham",2025,"Birmingham_411500_296000",411500,296000,1,1,19750,19750
"Birmingham",2025,"Birmingham_411500_296250",411500,296250,1,1,20500,20500
"Birmingham",2025,"Birmingham_411500_298250",411500,298250,6,6,167700,11625
"Birmingham",2025,"Birmingham_411500_298500",411500,298500,40,38,1101250,21000
"Birmingham",2025,"Birmingham_411500_298750",411500,298750,55,47,1432525,15750
"Birmingham",2025,"Birmingham_411500_299000",411500,299000,3,2,26750,13375
"Birmingham",2025,"Birmingham_411750_281000",411750,281000,1,0,NA,NA
"Birmingham",2025,"Birmingham_411750_281250",411750,281250,19,19,184850,5900
"Birmingham",2025,"Birmingham_411750_281750",411750,281750,3,3,9350,3000
"Birmingham",2025,"Birmingham_411750_282250",411750,282250,4,4,21600,4750
"Birmingham",2025,"Birmingham_411750_282500",411750,282500,2,2,25000,12500
"Birmingham",2025,"Birmingham_411750_283000",411750,283000,12,12,143050,12250
"Birmingham",2025,"Birmingham_411750_283250",411750,283250,9,9,111700,10500
"Birmingham",2025,"Birmingham_411750_283750",411750,283750,3,3,29525,5500
"Birmingham",2025,"Birmingham_411750_284250",411750,284250,3,3,18050,4350
"Birmingham",2025,"Birmingham_411750_285000",411750,285000,12,11,207600,9000
"Birmingham",2025,"Birmingham_411750_286000",411750,286000,1,1,6800,6800
"Birmingham",2025,"Birmingham_411750_286750",411750,286750,9,9,76100,8000
"Birmingham",2025,"Birmingham_411750_287250",411750,287250,3,3,21250,4400
"Birmingham",2025,"Birmingham_411750_287500",411750,287500,2,2,12150,6075
"Birmingham",2025,"Birmingham_411750_288000",411750,288000,22,19,211900,8600
"Birmingham",2025,"Birmingham_411750_288250",411750,288250,2,2,13800,6900
"Birmingham",2025,"Birmingham_411750_288750",411750,288750,1,1,2950,2950
"Birmingham",2025,"Birmingham_411750_289000",411750,289000,3,3,15600,5400
"Birmingham",2025,"Birmingham_411750_290250",411750,290250,27,25,194650,8000
"Birmingham",2025,"Birmingham_411750_291750",411750,291750,1,1,6100,6100
"Birmingham",2025,"Birmingham_411750_292750",411750,292750,14,14,263700,8450
"Birmingham",2025,"Birmingham_411750_293000",411750,293000,62,61,929425,12250
"Birmingham",2025,"Birmingham_411750_293250",411750,293250,20,20,341250,14375
"Birmingham",2025,"Birmingham_411750_294750",411750,294750,1,1,111000,111000
"Birmingham",2025,"Birmingham_411750_295250",411750,295250,12,12,315000,16875
"Birmingham",2025,"Birmingham_411750_295500",411750,295500,37,34,576200,13875
"Birmingham",2025,"Birmingham_411750_295750",411750,295750,21,21,1008500,30000
"Birmingham",2025,"Birmingham_411750_296000",411750,296000,61,59,3162500,36000
"Birmingham",2025,"Birmingham_411750_296250",411750,296250,2,2,12700,6350
"Birmingham",2025,"Birmingham_411750_297250",411750,297250,1,1,1e+05,1e+05
"Birmingham",2025,"Birmingham_411750_298250",411750,298250,1,1,29500,29500
"Birmingham",2025,"Birmingham_411750_298750",411750,298750,23,14,1894825,13875
"Birmingham",2025,"Birmingham_411750_299000",411750,299000,1,1,4000,4000
"Birmingham",2025,"Birmingham_412000_283000",412000,283000,51,49,1823000,24250
"Birmingham",2025,"Birmingham_412000_283250",412000,283250,3,3,26700,8300
"Birmingham",2025,"Birmingham_412000_284250",412000,284250,10,10,49600,4275
"Birmingham",2025,"Birmingham_412000_284500",412000,284500,1,1,13000,13000
"Birmingham",2025,"Birmingham_412000_284750",412000,284750,4,4,483450,19375
"Birmingham",2025,"Birmingham_412000_286750",412000,286750,5,5,42750,7800
"Birmingham",2025,"Birmingham_412000_287500",412000,287500,3,2,4790,2395
"Birmingham",2025,"Birmingham_412000_287750",412000,287750,1,1,6000,6000
"Birmingham",2025,"Birmingham_412000_288000",412000,288000,3,3,77300,10500
"Birmingham",2025,"Birmingham_412000_288250",412000,288250,18,17,195200,10500
"Birmingham",2025,"Birmingham_412000_289500",412000,289500,1,1,10750,10750
"Birmingham",2025,"Birmingham_412000_290000",412000,290000,46,38,5351750,61250
"Birmingham",2025,"Birmingham_412000_290500",412000,290500,5,5,1130350,212000
"Birmingham",2025,"Birmingham_412000_291000",412000,291000,27,25,187150,6900
"Birmingham",2025,"Birmingham_412000_291250",412000,291250,3,3,16575,6100
"Birmingham",2025,"Birmingham_412000_294500",412000,294500,1,1,9300,9300
"Birmingham",2025,"Birmingham_412000_295500",412000,295500,9,9,213950,9300
"Birmingham",2025,"Birmingham_412000_295750",412000,295750,61,59,1574500,6800
"Birmingham",2025,"Birmingham_412000_296000",412000,296000,49,48,2230275,30875
"Birmingham",2025,"Birmingham_412000_296250",412000,296250,30,29,535725,10250
"Birmingham",2025,"Birmingham_412000_296500",412000,296500,8,7,145950,10250
"Birmingham",2025,"Birmingham_412000_298500",412000,298500,1,1,15000,15000
"Birmingham",2025,"Birmingham_412000_298750",412000,298750,4,4,25750,6150
"Birmingham",2025,"Birmingham_412000_299250",412000,299250,4,4,20100,4875
"Birmingham",2025,"Birmingham_412250_282000",412250,282000,1,1,3150,3150
"Birmingham",2025,"Birmingham_412250_283000",412250,283000,60,56,925350,14750
"Birmingham",2025,"Birmingham_412250_283500",412250,283500,9,8,51550,5750
"Birmingham",2025,"Birmingham_412250_283750",412250,283750,27,27,173100,5800
"Birmingham",2025,"Birmingham_412250_284000",412250,284000,10,9,49750,5800
"Birmingham",2025,"Birmingham_412250_284250",412250,284250,2,2,8800,4400
"Birmingham",2025,"Birmingham_412250_284500",412250,284500,2,2,33000,16500
"Birmingham",2025,"Birmingham_412250_284750",412250,284750,7,7,198250,9800
"Birmingham",2025,"Birmingham_412250_285250",412250,285250,6,6,48350,5050
"Birmingham",2025,"Birmingham_412250_285500",412250,285500,1,1,3650,3650
"Birmingham",2025,"Birmingham_412250_288250",412250,288250,71,68,2171150,13750
"Birmingham",2025,"Birmingham_412250_288500",412250,288500,1,1,2150,2150
"Birmingham",2025,"Birmingham_412250_289750",412250,289750,10,9,77050,5900
"Birmingham",2025,"Birmingham_412250_290000",412250,290000,3,3,933000,322500
"Birmingham",2025,"Birmingham_412250_290750",412250,290750,2,2,48750,24375
"Birmingham",2025,"Birmingham_412250_291000",412250,291000,14,14,102150,6750
"Birmingham",2025,"Birmingham_412250_295250",412250,295250,3,3,15200,5600
"Birmingham",2025,"Birmingham_412250_296000",412250,296000,1,1,6300,6300
"Birmingham",2025,"Birmingham_412250_296250",412250,296250,4,4,28800,5150
"Birmingham",2025,"Birmingham_412250_298500",412250,298500,4,4,56550,10875
"Birmingham",2025,"Birmingham_412250_298750",412250,298750,2,2,10050,5025
"Birmingham",2025,"Birmingham_412500_282000",412500,282000,1,1,3850,3850
"Birmingham",2025,"Birmingham_412500_282750",412500,282750,5,5,347450,24000
"Birmingham",2025,"Birmingham_412500_283000",412500,283000,16,16,201925,13500
"Birmingham",2025,"Birmingham_412500_283750",412500,283750,1,1,2475,2475
"Birmingham",2025,"Birmingham_412500_284500",412500,284500,9,9,88400,5400
"Birmingham",2025,"Birmingham_412500_284750",412500,284750,1,0,NA,NA
"Birmingham",2025,"Birmingham_412500_286500",412500,286500,10,10,56550,5600
"Birmingham",2025,"Birmingham_412500_286750",412500,286750,6,6,34875,5950
"Birmingham",2025,"Birmingham_412500_287500",412500,287500,1,1,4650,4650
"Birmingham",2025,"Birmingham_412500_288000",412500,288000,18,16,396150,6800
"Birmingham",2025,"Birmingham_412500_288250",412500,288250,7,6,86850,14750
"Birmingham",2025,"Birmingham_412500_290000",412500,290000,8,6,136000,18875
"Birmingham",2025,"Birmingham_412500_290750",412500,290750,7,7,144600,10500
"Birmingham",2025,"Birmingham_412500_291000",412500,291000,12,12,129600,7850
"Birmingham",2025,"Birmingham_412500_291750",412500,291750,2,2,13850,6925
"Birmingham",2025,"Birmingham_412500_292250",412500,292250,1,1,44500,44500
"Birmingham",2025,"Birmingham_412500_292500",412500,292500,1,1,4600,4600
"Birmingham",2025,"Birmingham_412500_293250",412500,293250,1,1,12250,12250
"Birmingham",2025,"Birmingham_412500_295500",412500,295500,1,1,5900,5900
"Birmingham",2025,"Birmingham_412500_295750",412500,295750,1,1,170000,170000
"Birmingham",2025,"Birmingham_412500_296000",412500,296000,4,4,33550,6250
"Birmingham",2025,"Birmingham_412750_282500",412750,282500,1,1,18000,18000
"Birmingham",2025,"Birmingham_412750_282750",412750,282750,5,4,83950,24250
"Birmingham",2025,"Birmingham_412750_283000",412750,283000,1,1,4550,4550
"Birmingham",2025,"Birmingham_412750_283250",412750,283250,2,2,6200,3100
"Birmingham",2025,"Birmingham_412750_283750",412750,283750,1,1,1550,1550
"Birmingham",2025,"Birmingham_412750_284750",412750,284750,44,44,2653150,15625
"Birmingham",2025,"Birmingham_412750_285000",412750,285000,2,2,8500,4250
"Birmingham",2025,"Birmingham_412750_285250",412750,285250,7,7,102400,13750
"Birmingham",2025,"Birmingham_412750_285500",412750,285500,24,24,553900,14000
"Birmingham",2025,"Birmingham_412750_286000",412750,286000,4,4,16150,3425
"Birmingham",2025,"Birmingham_412750_286500",412750,286500,5,5,28100,6200
"Birmingham",2025,"Birmingham_412750_286750",412750,286750,10,10,34875,3325
"Birmingham",2025,"Birmingham_412750_287250",412750,287250,12,12,99850,6400
"Birmingham",2025,"Birmingham_412750_290500",412750,290500,1,1,2700,2700
"Birmingham",2025,"Birmingham_412750_291250",412750,291250,1,1,19000,19000
"Birmingham",2025,"Birmingham_412750_291750",412750,291750,11,11,86750,7100
"Birmingham",2025,"Birmingham_412750_294250",412750,294250,1,1,8500,8500
"Birmingham",2025,"Birmingham_412750_295750",412750,295750,1,1,88500,88500
"Birmingham",2025,"Birmingham_412750_299750",412750,299750,1,1,5200,5200
"Birmingham",2025,"Birmingham_413000_283000",413000,283000,2,2,22250,11125
"Birmingham",2025,"Birmingham_413000_283250",413000,283250,2,2,57600,28800
"Birmingham",2025,"Birmingham_413000_283500",413000,283500,4,4,22050,5025
"Birmingham",2025,"Birmingham_413000_283750",413000,283750,8,8,37150,4825
"Birmingham",2025,"Birmingham_413000_284000",413000,284000,2,2,60750,30375
"Birmingham",2025,"Birmingham_413000_284750",413000,284750,11,10,99125,7750
"Birmingham",2025,"Birmingham_413000_285000",413000,285000,2,2,14500,7250
"Birmingham",2025,"Birmingham_413000_285250",413000,285250,14,14,212800,13625
"Birmingham",2025,"Birmingham_413000_285500",413000,285500,40,40,601300,12000
"Birmingham",2025,"Birmingham_413000_285750",413000,285750,1,1,4950,4950
"Birmingham",2025,"Birmingham_413000_286500",413000,286500,1,1,1275,1275
"Birmingham",2025,"Birmingham_413000_287000",413000,287000,14,14,187750,6700
"Birmingham",2025,"Birmingham_413000_287250",413000,287250,14,14,113450,5150
"Birmingham",2025,"Birmingham_413000_287500",413000,287500,19,19,1163925,11250
"Birmingham",2025,"Birmingham_413000_287750",413000,287750,6,6,43650,8300
"Birmingham",2025,"Birmingham_413000_289500",413000,289500,3,3,23800,6300
"Birmingham",2025,"Birmingham_413000_289750",413000,289750,2,2,21800,10900
"Birmingham",2025,"Birmingham_413000_291000",413000,291000,4,4,20350,5250
"Birmingham",2025,"Birmingham_413000_291500",413000,291500,2,2,25000,12500
"Birmingham",2025,"Birmingham_413000_295750",413000,295750,5,5,57225,4750
"Birmingham",2025,"Birmingham_413000_296500",413000,296500,2,2,76500,38250
"Birmingham",2025,"Birmingham_413000_297500",413000,297500,1,1,29500,29500
"Birmingham",2025,"Birmingham_413000_298500",413000,298500,19,19,166300,8000
"Birmingham",2025,"Birmingham_413000_299000",413000,299000,2,2,130000,65000
"Birmingham",2025,"Birmingham_413250_284750",413250,284750,3,3,16850,6500
"Birmingham",2025,"Birmingham_413250_286000",413250,286000,1,1,2075,2075
"Birmingham",2025,"Birmingham_413250_287500",413250,287500,2,2,11875,5937.5
"Birmingham",2025,"Birmingham_413250_289000",413250,289000,8,8,195050,6900
"Birmingham",2025,"Birmingham_413250_289250",413250,289250,4,4,56650,9750
"Birmingham",2025,"Birmingham_413250_291000",413250,291000,17,17,2592600,103000
"Birmingham",2025,"Birmingham_413250_291250",413250,291250,5,5,788000,121000
"Birmingham",2025,"Birmingham_413250_291500",413250,291500,10,10,79600,7100
"Birmingham",2025,"Birmingham_413250_295750",413250,295750,8,8,107100,7650
"Birmingham",2025,"Birmingham_413250_297000",413250,297000,9,9,215750,12250
"Birmingham",2025,"Birmingham_413500_284250",413500,284250,3,3,82100,11750
"Birmingham",2025,"Birmingham_413500_284500",413500,284500,19,19,294100,10000
"Birmingham",2025,"Birmingham_413500_286750",413500,286750,1,1,34000,34000
"Birmingham",2025,"Birmingham_413500_288500",413500,288500,7,7,65100,7200
"Birmingham",2025,"Birmingham_413500_288750",413500,288750,3,3,33450,8500
"Birmingham",2025,"Birmingham_413500_289250",413500,289250,6,6,54100,7850
"Birmingham",2025,"Birmingham_413500_290250",413500,290250,3,3,864800,105000
"Birmingham",2025,"Birmingham_413500_291250",413500,291250,6,4,79150,18625
"Birmingham",2025,"Birmingham_413500_291750",413500,291750,4,4,19550,4425
"Birmingham",2025,"Birmingham_413500_292000",413500,292000,2,2,37400,18700
"Birmingham",2025,"Birmingham_413500_292250",413500,292250,6,6,79730,11000
"Birmingham",2025,"Birmingham_413500_292500",413500,292500,1,1,6800,6800
"Birmingham",2025,"Birmingham_413500_293500",413500,293500,31,30,510750,13750
"Birmingham",2025,"Birmingham_413500_295500",413500,295500,2,1,49500,49500
"Birmingham",2025,"Birmingham_413500_295750",413500,295750,3,3,13000,4250
"Birmingham",2025,"Birmingham_413500_297000",413500,297000,1,1,4900,4900
"Birmingham",2025,"Birmingham_413500_299000",413500,299000,2,2,29000,14500
"Birmingham",2025,"Birmingham_413750_284250",413750,284250,1,1,26500,26500
"Birmingham",2025,"Birmingham_413750_285250",413750,285250,6,6,35600,6200
"Birmingham",2025,"Birmingham_413750_286250",413750,286250,1,1,8800,8800
"Birmingham",2025,"Birmingham_413750_287250",413750,287250,1,1,4200,4200
"Birmingham",2025,"Birmingham_413750_288500",413750,288500,1,1,55000,55000
"Birmingham",2025,"Birmingham_413750_291000",413750,291000,14,13,2633250,50000
"Birmingham",2025,"Birmingham_413750_291500",413750,291500,2,2,13730,6865
"Birmingham",2025,"Birmingham_413750_293250",413750,293250,1,1,282500,282500
"Birmingham",2025,"Birmingham_413750_293750",413750,293750,1,1,8100,8100
"Birmingham",2025,"Birmingham_413750_296500",413750,296500,2,2,9800,4900
"Birmingham",2025,"Birmingham_414000_284000",414000,284000,2,2,263500,131750
"Birmingham",2025,"Birmingham_414000_284500",414000,284500,4,4,20500,5250
"Birmingham",2025,"Birmingham_414000_284750",414000,284750,1,1,55000,55000
"Birmingham",2025,"Birmingham_414000_285250",414000,285250,4,4,19500,4625
"Birmingham",2025,"Birmingham_414000_285750",414000,285750,2,2,30750,15375
"Birmingham",2025,"Birmingham_414000_286000",414000,286000,1,1,7300,7300
"Birmingham",2025,"Birmingham_414000_286250",414000,286250,15,15,83800,5300
"Birmingham",2025,"Birmingham_414000_287000",414000,287000,1,1,12750,12750
"Birmingham",2025,"Birmingham_414000_287500",414000,287500,17,17,96850,5000
"Birmingham",2025,"Birmingham_414000_287750",414000,287750,21,21,220400,10500
"Birmingham",2025,"Birmingham_414000_288000",414000,288000,1,1,29250,29250
"Birmingham",2025,"Birmingham_414000_290250",414000,290250,1,1,3100,3100
"Birmingham",2025,"Birmingham_414000_290500",414000,290500,1,1,8200,8200
"Birmingham",2025,"Birmingham_414000_291750",414000,291750,1,1,8000,8000
"Birmingham",2025,"Birmingham_414000_293500",414000,293500,3,2,41250,20625
"Birmingham",2025,"Birmingham_414000_296000",414000,296000,1,1,71000,71000
"Birmingham",2025,"Birmingham_414250_284000",414250,284000,14,14,497100,7650
"Birmingham",2025,"Birmingham_414250_284500",414250,284500,1,1,13500,13500
"Birmingham",2025,"Birmingham_414250_285500",414250,285500,11,11,77450,6800
"Birmingham",2025,"Birmingham_414250_286500",414250,286500,3,3,133950,10000
"Birmingham",2025,"Birmingham_414250_287000",414250,287000,3,3,18500,4950
"Birmingham",2025,"Birmingham_414250_287500",414250,287500,2,2,10550,5275
"Birmingham",2025,"Birmingham_414250_288750",414250,288750,13,13,114050,6900
"Birmingham",2025,"Birmingham_414250_289000",414250,289000,2,2,47000,23500
"Birmingham",2025,"Birmingham_414250_290500",414250,290500,1,1,9100,9100
"Birmingham",2025,"Birmingham_414250_290750",414250,290750,4,4,33100,6200
"Birmingham",2025,"Birmingham_414250_291000",414250,291000,1,1,6200,6200
"Birmingham",2025,"Birmingham_414250_291500",414250,291500,1,1,8900,8900
"Birmingham",2025,"Birmingham_414250_292000",414250,292000,1,1,2650,2650
"Birmingham",2025,"Birmingham_414250_294500",414250,294500,1,1,22000,22000
"Birmingham",2025,"Birmingham_414250_296000",414250,296000,12,12,65950,4475
"Birmingham",2025,"Birmingham_414500_283750",414500,283750,7,7,298250,40500
"Birmingham",2025,"Birmingham_414500_285750",414500,285750,1,1,14250,14250
"Birmingham",2025,"Birmingham_414500_291500",414500,291500,2,2,19500,9750
"Birmingham",2025,"Birmingham_414500_292000",414500,292000,3,3,155250,41750
"Birmingham",2025,"Birmingham_414500_292250",414500,292250,8,8,78985,3050
"Birmingham",2025,"Birmingham_414500_292750",414500,292750,4,4,1629450,152250
"Birmingham",2025,"Birmingham_414500_295500",414500,295500,1,1,20750,20750
"Birmingham",2025,"Birmingham_414500_295750",414500,295750,2,2,17400,8700
"Birmingham",2025,"Birmingham_414750_283500",414750,283500,15,15,388700,9700
"Birmingham",2025,"Birmingham_414750_283750",414750,283750,38,34,725325,17625
"Birmingham",2025,"Birmingham_414750_284500",414750,284500,2,2,15000,7500
"Birmingham",2025,"Birmingham_414750_284750",414750,284750,2,2,45500,22750
"Birmingham",2025,"Birmingham_414750_285500",414750,285500,1,1,10500,10500
"Birmingham",2025,"Birmingham_414750_285750",414750,285750,1,1,92000,92000
"Birmingham",2025,"Birmingham_414750_286500",414750,286500,1,1,110000,110000
"Birmingham",2025,"Birmingham_414750_287250",414750,287250,3,3,55000,22750
"Birmingham",2025,"Birmingham_414750_288250",414750,288250,1,0,NA,NA
"Birmingham",2025,"Birmingham_414750_291250",414750,291250,9,9,130500,10250
"Birmingham",2025,"Birmingham_415000_283500",415000,283500,6,6,1593000,28750
"Birmingham",2025,"Birmingham_415000_283750",415000,283750,47,47,576700,11000
"Birmingham",2025,"Birmingham_415000_284250",415000,284250,7,7,36000,5600
"Birmingham",2025,"Birmingham_415000_285000",415000,285000,18,18,137500,7700
"Birmingham",2025,"Birmingham_415000_286250",415000,286250,7,7,48610,6700
"Birmingham",2025,"Birmingham_415000_286750",415000,286750,1,1,10750,10750
"Birmingham",2025,"Birmingham_415000_287000",415000,287000,12,12,67750,5200
"Birmingham",2025,"Birmingham_415000_287250",415000,287250,24,24,188400,6050
"Birmingham",2025,"Birmingham_415000_288500",415000,288500,13,13,260850,13000
"Birmingham",2025,"Birmingham_415000_292500",415000,292500,1,1,70500,70500
"Birmingham",2025,"Birmingham_415000_292750",415000,292750,1,1,10000,10000
"Birmingham",2025,"Birmingham_415250_283500",415250,283500,7,7,76400,10500
"Birmingham",2025,"Birmingham_415250_284250",415250,284250,1,1,65000,65000
"Birmingham",2025,"Birmingham_415250_285000",415250,285000,27,27,261800,8800
"Birmingham",2025,"Birmingham_415250_285250",415250,285250,7,7,129250,14000
"Birmingham",2025,"Birmingham_415250_286250",415250,286250,1,1,27750,27750
"Birmingham",2025,"Birmingham_415250_286750",415250,286750,1,1,16000,16000
"Birmingham",2025,"Birmingham_415250_287000",415250,287000,1,1,11750,11750
"Birmingham",2025,"Birmingham_415250_289250",415250,289250,2,2,23250,11625
"Birmingham",2025,"Birmingham_415250_291500",415250,291500,16,16,53750,3600
"Birmingham",2025,"Birmingham_415250_292250",415250,292250,1,1,15500,15500
"Birmingham",2025,"Birmingham_415500_283750",415500,283750,12,12,151450,6600
"Birmingham",2025,"Birmingham_415500_286000",415500,286000,1,1,13500,13500
"Birmingham",2025,"Birmingham_415500_286750",415500,286750,3,3,366800,10750
"Birmingham",2025,"Birmingham_415500_287000",415500,287000,19,18,149250,7400
"Birmingham",2025,"Birmingham_415500_289000",415500,289000,1,1,3100,3100
"Birmingham",2025,"Birmingham_415500_289250",415500,289250,25,24,537250,16000
"Birmingham",2025,"Birmingham_415500_292250",415500,292250,1,1,8200,8200
"Birmingham",2025,"Birmingham_415500_294500",415500,294500,2,2,17200,8600
"Birmingham",2025,"Birmingham_415750_284250",415750,284250,4,4,23600,5150
"Birmingham",2025,"Birmingham_415750_284500",415750,284500,1,1,4850,4850
"Birmingham",2025,"Birmingham_415750_286750",415750,286750,1,1,19250,19250
"Birmingham",2025,"Birmingham_415750_292000",415750,292000,1,1,52000,52000
"Birmingham",2025,"Birmingham_415750_292250",415750,292250,1,1,3350,3350
"Birmingham",2025,"Birmingham_415750_292750",415750,292750,1,0,NA,NA
"Birmingham",2025,"Birmingham_416000_286000",416000,286000,6,6,58200,7750
"Birmingham",2025,"Birmingham_416000_286500",416000,286500,1,1,1850,1850
"Birmingham",2025,"Birmingham_416000_287250",416000,287250,1,1,42000,42000
"Birmingham",2025,"Birmingham_416000_288750",416000,288750,5,5,47150,5300
"Birmingham",2025,"Birmingham_416000_289000",416000,289000,7,6,892200,13000
"Birmingham",2025,"Birmingham_416000_292250",416000,292250,2,2,65750,32875
"Birmingham",2025,"Birmingham_416250_286000",416250,286000,9,9,71900,7500
"Birmingham",2025,"Birmingham_416250_286250",416250,286250,1,1,1400,1400
"Birmingham",2025,"Birmingham_416250_286750",416250,286750,10,8,59700,6250
"Birmingham",2025,"Birmingham_416250_287250",416250,287250,1,1,41000,41000
"Birmingham",2025,"Birmingham_416250_288000",416250,288000,1,0,NA,NA
"Birmingham",2025,"Birmingham_416500_286000",416500,286000,5,5,43250,5000
"Birmingham",2025,"Birmingham_4e+05_276250",4e+05,276250,1,1,19500,19500
"Birmingham",2025,"Birmingham_4e+05_276750",4e+05,276750,8,8,44150,4750
"Birmingham",2025,"Birmingham_4e+05_277250",4e+05,277250,2,2,19700,9850
"Birmingham",2025,"Birmingham_4e+05_277500",4e+05,277500,7,7,102500,11750
"Birmingham",2025,"Birmingham_4e+05_278250",4e+05,278250,1,1,12000,12000
"Birmingham",2025,"Birmingham_4e+05_284500",4e+05,284500,1,1,2350,2350
"Liverpool",2016,"Liverpool_333500_390500",333500,390500,1,0,NA,NA
"Liverpool",2016,"Liverpool_333500_390750",333500,390750,9,7,112375,6300
"Liverpool",2016,"Liverpool_333500_391000",333500,391000,3,2,292850,146425
"Liverpool",2016,"Liverpool_333500_391500",333500,391500,6,5,89000,10750
"Liverpool",2016,"Liverpool_333500_391750",333500,391750,4,3,38700,13750
"Liverpool",2016,"Liverpool_333500_392000",333500,392000,3,2,70000,35000
"Liverpool",2016,"Liverpool_333500_392250",333500,392250,2,1,4500,4500
"Liverpool",2016,"Liverpool_333500_392500",333500,392500,4,4,95750,26500
"Liverpool",2016,"Liverpool_333500_393000",333500,393000,1,1,1725,1725
"Liverpool",2016,"Liverpool_333500_394000",333500,394000,3,3,19000,5900
"Liverpool",2016,"Liverpool_333750_390000",333750,390000,16,14,212910,1412.5
"Liverpool",2016,"Liverpool_333750_390250",333750,390250,85,61,187400,1025
"Liverpool",2016,"Liverpool_333750_390500",333750,390500,5,3,84800,9800
"Liverpool",2016,"Liverpool_333750_390750",333750,390750,8,6,131450,17125
"Liverpool",2016,"Liverpool_333750_391000",333750,391000,1,1,166000,166000
"Liverpool",2016,"Liverpool_333750_391500",333750,391500,9,9,129750,4750
"Liverpool",2016,"Liverpool_333750_391750",333750,391750,13,12,65975,4000
"Liverpool",2016,"Liverpool_333750_392250",333750,392250,5,3,11050,3500
"Liverpool",2016,"Liverpool_333750_392500",333750,392500,8,6,219000,16625
"Liverpool",2016,"Liverpool_333750_392750",333750,392750,2,2,3975,1987.5
"Liverpool",2016,"Liverpool_333750_393000",333750,393000,4,4,284850,36950
"Liverpool",2016,"Liverpool_333750_393750",333750,393750,2,2,9150,4575
"Liverpool",2016,"Liverpool_333750_394000",333750,394000,13,10,332075,7200
"Liverpool",2016,"Liverpool_334000_389500",334000,389500,40,33,948670,19000
"Liverpool",2016,"Liverpool_334000_389750",334000,389750,7,5,367250,97000
"Liverpool",2016,"Liverpool_334000_390000",334000,390000,12,8,240150,23125
"Liverpool",2016,"Liverpool_334000_390250",334000,390250,188,162,2519425,2750
"Liverpool",2016,"Liverpool_334000_390500",334000,390500,125,99,1053955,2550
"Liverpool",2016,"Liverpool_334000_390750",334000,390750,17,14,261405,14750
"Liverpool",2016,"Liverpool_334000_391000",334000,391000,1,1,0,0
"Liverpool",2016,"Liverpool_334000_391250",334000,391250,2,2,88900,44450
"Liverpool",2016,"Liverpool_334000_391500",334000,391500,2,2,38250,19125
"Liverpool",2016,"Liverpool_334000_392500",334000,392500,3,2,95250,47625
"Liverpool",2016,"Liverpool_334000_393250",334000,393250,2,2,219000,109500
"Liverpool",2016,"Liverpool_334000_393500",334000,393500,4,3,18000,5500
"Liverpool",2016,"Liverpool_334000_393750",334000,393750,2,1,4050,4050
"Liverpool",2016,"Liverpool_334000_394000",334000,394000,7,5,38350,6600
"Liverpool",2016,"Liverpool_334250_389250",334250,389250,1,1,49500,49500
"Liverpool",2016,"Liverpool_334250_389500",334250,389500,1,1,14250,14250
"Liverpool",2016,"Liverpool_334250_389750",334250,389750,6,5,323800,28000
"Liverpool",2016,"Liverpool_334250_390000",334250,390000,88,72,19943800,204500
"Liverpool",2016,"Liverpool_334250_390250",334250,390250,182,152,7105475,27625
"Liverpool",2016,"Liverpool_334250_390500",334250,390500,119,104,1124005,5250
"Liverpool",2016,"Liverpool_334250_390750",334250,390750,22,15,481900,12750
"Liverpool",2016,"Liverpool_334250_391000",334250,391000,2,2,20800,10400
"Liverpool",2016,"Liverpool_334250_391250",334250,391250,12,11,84100,6200
"Liverpool",2016,"Liverpool_334250_391500",334250,391500,4,4,7675,1837.5
"Liverpool",2016,"Liverpool_334250_391750",334250,391750,2,1,1375,1375
"Liverpool",2016,"Liverpool_334250_392000",334250,392000,2,1,3250,3250
"Liverpool",2016,"Liverpool_334250_392250",334250,392250,2,2,28100,14050
"Liverpool",2016,"Liverpool_334250_392500",334250,392500,1,1,2050,2050
"Liverpool",2016,"Liverpool_334250_393000",334250,393000,1,1,3375,3375
"Liverpool",2016,"Liverpool_334250_393750",334250,393750,13,12,89200,4550
"Liverpool",2016,"Liverpool_334250_394000",334250,394000,1,1,4100,4100
"Liverpool",2016,"Liverpool_334500_388750",334500,388750,55,55,169475,1925
"Liverpool",2016,"Liverpool_334500_389000",334500,389000,5,2,97975,48987.5
"Liverpool",2016,"Liverpool_334500_389250",334500,389250,10,7,326100,23250
"Liverpool",2016,"Liverpool_334500_389500",334500,389500,7,5,41300,9300
"Liverpool",2016,"Liverpool_334500_389750",334500,389750,34,26,405000,10625
"Liverpool",2016,"Liverpool_334500_390000",334500,390000,172,130,19431495,94500
"Liverpool",2016,"Liverpool_334500_390250",334500,390250,199,158,16966050,43500
"Liverpool",2016,"Liverpool_334500_390500",334500,390500,52,37,1053095,17750
"Liverpool",2016,"Liverpool_334500_390750",334500,390750,10,6,89550,14125
"Liverpool",2016,"Liverpool_334500_391000",334500,391000,1,1,9200,9200
"Liverpool",2016,"Liverpool_334500_391500",334500,391500,1,0,NA,NA
"Liverpool",2016,"Liverpool_334500_392000",334500,392000,3,3,14700,3700
"Liverpool",2016,"Liverpool_334500_392250",334500,392250,5,4,12400,3075
"Liverpool",2016,"Liverpool_334500_393000",334500,393000,5,5,13175,2425
"Liverpool",2016,"Liverpool_334500_393250",334500,393250,28,24,62550,1937.5
"Liverpool",2016,"Liverpool_334500_393500",334500,393500,5,5,9100,1825
"Liverpool",2016,"Liverpool_334500_394000",334500,394000,1,1,1000,1000
"Liverpool",2016,"Liverpool_334750_388000",334750,388000,8,7,113850,13000
"Liverpool",2016,"Liverpool_334750_388250",334750,388250,4,2,20150,10075
"Liverpool",2016,"Liverpool_334750_388750",334750,388750,7,4,33200,6975
"Liverpool",2016,"Liverpool_334750_389000",334750,389000,7,5,91750,8800
"Liverpool",2016,"Liverpool_334750_389250",334750,389250,26,14,78100,4150
"Liverpool",2016,"Liverpool_334750_389500",334750,389500,1,1,55000,55000
"Liverpool",2016,"Liverpool_334750_389750",334750,389750,58,47,961179,13500
"Liverpool",2016,"Liverpool_334750_390000",334750,390000,148,110,11399750,63750
"Liverpool",2016,"Liverpool_334750_390250",334750,390250,608,313,14250466,5600
"Liverpool",2016,"Liverpool_334750_390500",334750,390500,18,14,553500,31625
"Liverpool",2016,"Liverpool_334750_390750",334750,390750,4,2,18250,9125
"Liverpool",2016,"Liverpool_334750_391250",334750,391250,2,2,2725,1362.5
"Liverpool",2016,"Liverpool_334750_391500",334750,391500,1,1,5900,5900
"Liverpool",2016,"Liverpool_334750_391750",334750,391750,1,1,104000,104000
"Liverpool",2016,"Liverpool_334750_392000",334750,392000,8,7,26240,2075
"Liverpool",2016,"Liverpool_334750_392250",334750,392250,13,10,17365,1337.5
"Liverpool",2016,"Liverpool_334750_392500",334750,392500,1,1,3000,3000
"Liverpool",2016,"Liverpool_334750_392750",334750,392750,5,0,NA,NA
"Liverpool",2016,"Liverpool_334750_393000",334750,393000,5,2,4525,2262.5
"Liverpool",2016,"Liverpool_334750_393250",334750,393250,3,2,2475,1237.5
"Liverpool",2016,"Liverpool_334750_393500",334750,393500,3,3,2400,850
"Liverpool",2016,"Liverpool_334750_394000",334750,394000,1,1,0,0
"Liverpool",2016,"Liverpool_334750_394250",334750,394250,5,5,13550,1300
"Liverpool",2016,"Liverpool_335000_387250",335000,387250,2,2,12490,6245
"Liverpool",2016,"Liverpool_335000_387750",335000,387750,10,5,438500,27750
"Liverpool",2016,"Liverpool_335000_388500",335000,388500,6,4,9400,2012.5
"Liverpool",2016,"Liverpool_335000_388750",335000,388750,8,6,234350,7950
"Liverpool",2016,"Liverpool_335000_389000",335000,389000,12,8,28735,2337.5
"Liverpool",2016,"Liverpool_335000_389500",335000,389500,31,30,294150,8200
"Liverpool",2016,"Liverpool_335000_389750",335000,389750,96,80,2323700,21875
"Liverpool",2016,"Liverpool_335000_390000",335000,390000,126,102,2729400,19375
"Liverpool",2016,"Liverpool_335000_390250",335000,390250,33,18,597801,20000
"Liverpool",2016,"Liverpool_335000_390500",335000,390500,68,51,1413745,8000
"Liverpool",2016,"Liverpool_335000_390750",335000,390750,12,7,78125,7500
"Liverpool",2016,"Liverpool_335000_391000",335000,391000,3,2,43250,21625
"Liverpool",2016,"Liverpool_335000_391250",335000,391250,2,1,7700,7700
"Liverpool",2016,"Liverpool_335000_391500",335000,391500,3,1,42000,42000
"Liverpool",2016,"Liverpool_335000_391750",335000,391750,7,6,30600,2050
"Liverpool",2016,"Liverpool_335000_392000",335000,392000,29,0,NA,NA
"Liverpool",2016,"Liverpool_335000_393000",335000,393000,15,7,50950,4900
"Liverpool",2016,"Liverpool_335000_393500",335000,393500,1,1,4500,4500
"Liverpool",2016,"Liverpool_335000_393750",335000,393750,1,1,4500,4500
"Liverpool",2016,"Liverpool_335000_394000",335000,394000,2,1,4250,4250
"Liverpool",2016,"Liverpool_335000_394250",335000,394250,11,9,68170,3400
"Liverpool",2016,"Liverpool_335250_387250",335250,387250,1,1,126000,126000
"Liverpool",2016,"Liverpool_335250_387500",335250,387500,2,2,83825,41912.5
"Liverpool",2016,"Liverpool_335250_387750",335250,387750,1,1,2950,2950
"Liverpool",2016,"Liverpool_335250_388250",335250,388250,1,1,2400,2400
"Liverpool",2016,"Liverpool_335250_388500",335250,388500,9,7,15500,2150
"Liverpool",2016,"Liverpool_335250_388750",335250,388750,1,1,0,0
"Liverpool",2016,"Liverpool_335250_389000",335250,389000,2,2,16250,8125
"Liverpool",2016,"Liverpool_335250_389500",335250,389500,5,5,65800,4400
"Liverpool",2016,"Liverpool_335250_389750",335250,389750,67,48,967550,13125
"Liverpool",2016,"Liverpool_335250_390000",335250,390000,27,21,299750,6100
"Liverpool",2016,"Liverpool_335250_390500",335250,390500,28,17,106475,5800
"Liverpool",2016,"Liverpool_335250_390750",335250,390750,39,30,505250,9100
"Liverpool",2016,"Liverpool_335250_391250",335250,391250,7,6,16750,2212.5
"Liverpool",2016,"Liverpool_335250_391500",335250,391500,3,2,10300,5150
"Liverpool",2016,"Liverpool_335250_392000",335250,392000,1,1,790,790
"Liverpool",2016,"Liverpool_335250_392500",335250,392500,1,0,NA,NA
"Liverpool",2016,"Liverpool_335250_392750",335250,392750,3,3,13825,4800
"Liverpool",2016,"Liverpool_335250_393000",335250,393000,2,2,9150,4575
"Liverpool",2016,"Liverpool_335250_393250",335250,393250,10,10,40225,2925
"Liverpool",2016,"Liverpool_335250_393500",335250,393500,12,11,75300,6100
"Liverpool",2016,"Liverpool_335250_393750",335250,393750,34,28,238290,3750
"Liverpool",2016,"Liverpool_335250_394000",335250,394000,6,6,26065,1775
"Liverpool",2016,"Liverpool_335250_394250",335250,394250,10,10,29150,2212.5
"Liverpool",2016,"Liverpool_335250_394750",335250,394750,1,1,1300,1300
"Liverpool",2016,"Liverpool_335250_396500",335250,396500,1,1,4200,4200
"Liverpool",2016,"Liverpool_335500_387250",335500,387250,1,1,147000,147000
"Liverpool",2016,"Liverpool_335500_387500",335500,387500,2,2,600,300
"Liverpool",2016,"Liverpool_335500_387750",335500,387750,3,3,7025,2325
"Liverpool",2016,"Liverpool_335500_388000",335500,388000,7,7,8790,1025
"Liverpool",2016,"Liverpool_335500_388250",335500,388250,4,4,13850,1462.5
"Liverpool",2016,"Liverpool_335500_388500",335500,388500,2,1,1950,1950
"Liverpool",2016,"Liverpool_335500_389000",335500,389000,10,8,54775,7100
"Liverpool",2016,"Liverpool_335500_389250",335500,389250,1,1,2300,2300
"Liverpool",2016,"Liverpool_335500_389500",335500,389500,13,10,172100,13025
"Liverpool",2016,"Liverpool_335500_389750",335500,389750,21,16,504650,33875
"Liverpool",2016,"Liverpool_335500_390000",335500,390000,3,2,25900,12950
"Liverpool",2016,"Liverpool_335500_390250",335500,390250,7,6,141850,19500
"Liverpool",2016,"Liverpool_335500_390500",335500,390500,26,17,131105,4050
"Liverpool",2016,"Liverpool_335500_390750",335500,390750,17,12,196050,7950
"Liverpool",2016,"Liverpool_335500_391000",335500,391000,1,1,11750,11750
"Liverpool",2016,"Liverpool_335500_391500",335500,391500,1,1,23500,23500
"Liverpool",2016,"Liverpool_335500_391750",335500,391750,4,1,9250,9250
"Liverpool",2016,"Liverpool_335500_392000",335500,392000,1,1,23000,23000
"Liverpool",2016,"Liverpool_335500_392250",335500,392250,1,1,6475,6475
"Liverpool",2016,"Liverpool_335500_392500",335500,392500,2,2,23230,11615
"Liverpool",2016,"Liverpool_335500_393000",335500,393000,1,1,16150,16150
"Liverpool",2016,"Liverpool_335500_393500",335500,393500,8,8,303075,15600
"Liverpool",2016,"Liverpool_335500_393750",335500,393750,50,45,464750,8000
"Liverpool",2016,"Liverpool_335500_394000",335500,394000,70,60,684550,8850
"Liverpool",2016,"Liverpool_335500_394250",335500,394250,35,32,349900,4550
"Liverpool",2016,"Liverpool_335500_394500",335500,394500,42,39,209550,4100
"Liverpool",2016,"Liverpool_335500_394750",335500,394750,6,6,21925,2125
"Liverpool",2016,"Liverpool_335500_395000",335500,395000,1,1,1325,1325
"Liverpool",2016,"Liverpool_335500_396500",335500,396500,27,24,94575,3100
"Liverpool",2016,"Liverpool_335750_386750",335750,386750,2,2,134600,67300
"Liverpool",2016,"Liverpool_335750_387250",335750,387250,5,5,17560,1325
"Liverpool",2016,"Liverpool_335750_387500",335750,387500,19,16,26095,1500
"Liverpool",2016,"Liverpool_335750_387750",335750,387750,36,30,2105700,4900
"Liverpool",2016,"Liverpool_335750_388000",335750,388000,25,18,278950,3350
"Liverpool",2016,"Liverpool_335750_388250",335750,388250,2,1,8820,8820
"Liverpool",2016,"Liverpool_335750_388500",335750,388500,18,16,29120,1450
"Liverpool",2016,"Liverpool_335750_389000",335750,389000,5,5,14575,2425
"Liverpool",2016,"Liverpool_335750_389250",335750,389250,1,1,19500,19500
"Liverpool",2016,"Liverpool_335750_389500",335750,389500,12,1,19000,19000
"Liverpool",2016,"Liverpool_335750_389750",335750,389750,12,11,202325,10500
"Liverpool",2016,"Liverpool_335750_390000",335750,390000,5,5,104400,19500
"Liverpool",2016,"Liverpool_335750_390250",335750,390250,12,4,97450,22750
"Liverpool",2016,"Liverpool_335750_390750",335750,390750,20,16,167225,9825
"Liverpool",2016,"Liverpool_335750_391000",335750,391000,1,1,111000,111000
"Liverpool",2016,"Liverpool_335750_391250",335750,391250,2,1,16750,16750
"Liverpool",2016,"Liverpool_335750_392250",335750,392250,1,1,8300,8300
"Liverpool",2016,"Liverpool_335750_392750",335750,392750,10,5,12525,2100
"Liverpool",2016,"Liverpool_335750_393000",335750,393000,17,12,49630,1800
"Liverpool",2016,"Liverpool_335750_393250",335750,393250,1,1,24000,24000
"Liverpool",2016,"Liverpool_335750_393500",335750,393500,2,2,68750,34375
"Liverpool",2016,"Liverpool_335750_393750",335750,393750,7,6,20595,1020
"Liverpool",2016,"Liverpool_335750_394000",335750,394000,25,22,65245,2150
"Liverpool",2016,"Liverpool_335750_394250",335750,394250,5,5,10230,1775
"Liverpool",2016,"Liverpool_335750_394500",335750,394500,51,46,291025,3300
"Liverpool",2016,"Liverpool_335750_394750",335750,394750,11,11,35175,2800
"Liverpool",2016,"Liverpool_335750_395000",335750,395000,21,20,161075,6000
"Liverpool",2016,"Liverpool_335750_395500",335750,395500,1,1,230000,230000
"Liverpool",2016,"Liverpool_335750_396500",335750,396500,31,30,87375,2825
"Liverpool",2016,"Liverpool_335750_396750",335750,396750,9,9,89775,3300
"Liverpool",2016,"Liverpool_336000_387500",336000,387500,1,0,NA,NA
"Liverpool",2016,"Liverpool_336000_387750",336000,387750,13,12,34800,2525
"Liverpool",2016,"Liverpool_336000_388000",336000,388000,5,5,5750,1350
"Liverpool",2016,"Liverpool_336000_388250",336000,388250,23,18,41530,1625
"Liverpool",2016,"Liverpool_336000_389000",336000,389000,1,1,1325,1325
"Liverpool",2016,"Liverpool_336000_389250",336000,389250,2,2,3450,1725
"Liverpool",2016,"Liverpool_336000_389750",336000,389750,3,3,15800,4200
"Liverpool",2016,"Liverpool_336000_390000",336000,390000,1,1,1850,1850
"Liverpool",2016,"Liverpool_336000_390250",336000,390250,2,2,15400,7700
"Liverpool",2016,"Liverpool_336000_390750",336000,390750,15,11,104350,6000
"Liverpool",2016,"Liverpool_336000_391250",336000,391250,2,1,28250,28250
"Liverpool",2016,"Liverpool_336000_392000",336000,392000,4,3,13900,4250
"Liverpool",2016,"Liverpool_336000_392250",336000,392250,27,16,42675,2062.5
"Liverpool",2016,"Liverpool_336000_392500",336000,392500,2,1,1900,1900
"Liverpool",2016,"Liverpool_336000_392750",336000,392750,10,6,22380,2875
"Liverpool",2016,"Liverpool_336000_393000",336000,393000,22,10,37350,2012.5
"Liverpool",2016,"Liverpool_336000_393750",336000,393750,2,2,29850,14925
"Liverpool",2016,"Liverpool_336000_394000",336000,394000,1,1,900,900
"Liverpool",2016,"Liverpool_336000_394250",336000,394250,1,1,1375,1375
"Liverpool",2016,"Liverpool_336000_394500",336000,394500,6,4,14575,2150
"Liverpool",2016,"Liverpool_336000_394750",336000,394750,1,1,0,0
"Liverpool",2016,"Liverpool_336000_395250",336000,395250,6,3,2335500,28000
"Liverpool",2016,"Liverpool_336000_395500",336000,395500,43,29,189350,4350
"Liverpool",2016,"Liverpool_336000_395750",336000,395750,20,16,192620,7350
"Liverpool",2016,"Liverpool_336000_396000",336000,396000,2,2,77100,38550
"Liverpool",2016,"Liverpool_336000_396250",336000,396250,28,21,157550,6200
"Liverpool",2016,"Liverpool_336000_396500",336000,396500,19,18,56350,3150
"Liverpool",2016,"Liverpool_336000_396750",336000,396750,6,3,8130,1500
"Liverpool",2016,"Liverpool_336000_397000",336000,397000,1,0,NA,NA
"Liverpool",2016,"Liverpool_336250_387250",336250,387250,5,5,6450,1200
"Liverpool",2016,"Liverpool_336250_387500",336250,387500,1,1,16250,16250
"Liverpool",2016,"Liverpool_336250_388000",336250,388000,1,1,9850,9850
"Liverpool",2016,"Liverpool_336250_388250",336250,388250,5,5,8680,1450
"Liverpool",2016,"Liverpool_336250_388750",336250,388750,10,8,15825,1637.5
"Liverpool",2016,"Liverpool_336250_389000",336250,389000,24,10,19700,1675
"Liverpool",2016,"Liverpool_336250_390250",336250,390250,2,1,2000,2000
"Liverpool",2016,"Liverpool_336250_390500",336250,390500,3,2,1650,825
"Liverpool",2016,"Liverpool_336250_390750",336250,390750,18,13,25775,2175
"Liverpool",2016,"Liverpool_336250_391000",336250,391000,3,3,19300,6800
"Liverpool",2016,"Liverpool_336250_391250",336250,391250,2,2,10075,5037.5
"Liverpool",2016,"Liverpool_336250_391500",336250,391500,1,1,4400,4400
"Liverpool",2016,"Liverpool_336250_392000",336250,392000,68,65,1550325,6525
"Liverpool",2016,"Liverpool_336250_392250",336250,392250,5,4,15150,4025
"Liverpool",2016,"Liverpool_336250_392500",336250,392500,29,28,54375,1712.5
"Liverpool",2016,"Liverpool_336250_392750",336250,392750,27,12,165425,3800
"Liverpool",2016,"Liverpool_336250_394250",336250,394250,2,1,1500,1500
"Liverpool",2016,"Liverpool_336250_394500",336250,394500,29,26,102000,3500
"Liverpool",2016,"Liverpool_336250_395500",336250,395500,4,2,3850,1925
"Liverpool",2016,"Liverpool_336250_395750",336250,395750,1,0,NA,NA
"Liverpool",2016,"Liverpool_336250_396250",336250,396250,6,5,38050,7200
"Liverpool",2016,"Liverpool_336250_396500",336250,396500,61,56,921500,12375
"Liverpool",2016,"Liverpool_336250_396750",336250,396750,35,33,532875,16000
"Liverpool",2016,"Liverpool_336500_387250",336500,387250,23,20,79050,3350
"Liverpool",2016,"Liverpool_336500_387500",336500,387500,4,2,85400,42700
"Liverpool",2016,"Liverpool_336500_389000",336500,389000,1,1,1525,1525
"Liverpool",2016,"Liverpool_336500_389250",336500,389250,6,4,26550,5950
"Liverpool",2016,"Liverpool_336500_390000",336500,390000,13,5,250800,4150
"Liverpool",2016,"Liverpool_336500_390250",336500,390250,25,13,917725,4900
"Liverpool",2016,"Liverpool_336500_390750",336500,390750,16,6,17750,2375
"Liverpool",2016,"Liverpool_336500_391250",336500,391250,6,2,8725,4362.5
"Liverpool",2016,"Liverpool_336500_391500",336500,391500,5,5,48250,10250
"Liverpool",2016,"Liverpool_336500_391750",336500,391750,1,0,NA,NA
"Liverpool",2016,"Liverpool_336500_392000",336500,392000,3,2,9200,4600
"Liverpool",2016,"Liverpool_336500_392250",336500,392250,61,56,223625,3100
"Liverpool",2016,"Liverpool_336500_392500",336500,392500,2,2,5525,2762.5
"Liverpool",2016,"Liverpool_336500_392750",336500,392750,9,6,28675,3000
"Liverpool",2016,"Liverpool_336500_394250",336500,394250,7,7,83500,6000
"Liverpool",2016,"Liverpool_336500_394500",336500,394500,2,1,2850,2850
"Liverpool",2016,"Liverpool_336500_395500",336500,395500,2,1,1375,1375
"Liverpool",2016,"Liverpool_336500_396750",336500,396750,42,39,354250,6000
"Liverpool",2016,"Liverpool_336500_397000",336500,397000,2,2,10700,5350
"Liverpool",2016,"Liverpool_336500_397250",336500,397250,16,15,52300,3350
"Liverpool",2016,"Liverpool_336500_397500",336500,397500,20,20,101725,3250
"Liverpool",2016,"Liverpool_336750_387000",336750,387000,1,1,9500,9500
"Liverpool",2016,"Liverpool_336750_387250",336750,387250,39,38,223950,5500
"Liverpool",2016,"Liverpool_336750_388750",336750,388750,16,16,44550,2575
"Liverpool",2016,"Liverpool_336750_389000",336750,389000,49,45,181550,2950
"Liverpool",2016,"Liverpool_336750_389250",336750,389250,11,9,48700,4500
"Liverpool",2016,"Liverpool_336750_389500",336750,389500,6,6,22450,3650
"Liverpool",2016,"Liverpool_336750_390000",336750,390000,49,7,27725,2475
"Liverpool",2016,"Liverpool_336750_390250",336750,390250,1,0,NA,NA
"Liverpool",2016,"Liverpool_336750_390500",336750,390500,5,2,25475,12737.5
"Liverpool",2016,"Liverpool_336750_390750",336750,390750,6,5,20275,3250
"Liverpool",2016,"Liverpool_336750_391000",336750,391000,34,33,97050,2550
"Liverpool",2016,"Liverpool_336750_391250",336750,391250,14,10,47775,2975
"Liverpool",2016,"Liverpool_336750_391500",336750,391500,4,2,1950,975
"Liverpool",2016,"Liverpool_336750_392000",336750,392000,4,2,13800,6900
"Liverpool",2016,"Liverpool_336750_392250",336750,392250,2,1,3150,3150
"Liverpool",2016,"Liverpool_336750_392500",336750,392500,39,30,141250,2900
"Liverpool",2016,"Liverpool_336750_392750",336750,392750,28,24,139725,3925
"Liverpool",2016,"Liverpool_336750_393000",336750,393000,27,26,129050,4150
"Liverpool",2016,"Liverpool_336750_393500",336750,393500,26,25,113250,3150
"Liverpool",2016,"Liverpool_336750_394000",336750,394000,3,3,6475,1150
"Liverpool",2016,"Liverpool_336750_394250",336750,394250,17,17,75700,4100
"Liverpool",2016,"Liverpool_336750_394500",336750,394500,7,6,22450,4100
"Liverpool",2016,"Liverpool_336750_396250",336750,396250,7,5,84800,15500
"Liverpool",2016,"Liverpool_336750_396750",336750,396750,15,15,66175,3250
"Liverpool",2016,"Liverpool_336750_397000",336750,397000,1,1,4250,4250
"Liverpool",2016,"Liverpool_336750_397250",336750,397250,1,1,1700,1700
"Liverpool",2016,"Liverpool_337000_387000",337000,387000,18,14,175300,6500
"Liverpool",2016,"Liverpool_337000_387250",337000,387250,16,15,179975,8000
"Liverpool",2016,"Liverpool_337000_387500",337000,387500,28,28,229000,5700
"Liverpool",2016,"Liverpool_337000_388500",337000,388500,1,1,2700,2700
"Liverpool",2016,"Liverpool_337000_388750",337000,388750,3,2,21550,10775
"Liverpool",2016,"Liverpool_337000_389250",337000,389250,21,19,60150,1925
"Liverpool",2016,"Liverpool_337000_389500",337000,389500,1,1,13000,13000
"Liverpool",2016,"Liverpool_337000_389750",337000,389750,2,2,20750,10375
"Liverpool",2016,"Liverpool_337000_390000",337000,390000,7,4,52525,7900
"Liverpool",2016,"Liverpool_337000_390250",337000,390250,8,4,7100,1850
"Liverpool",2016,"Liverpool_337000_390500",337000,390500,28,21,31670,1300
"Liverpool",2016,"Liverpool_337000_390750",337000,390750,28,12,378075,6400
"Liverpool",2016,"Liverpool_337000_391000",337000,391000,22,19,106200,4100
"Liverpool",2016,"Liverpool_337000_391250",337000,391250,3,3,13675,2700
"Liverpool",2016,"Liverpool_337000_391500",337000,391500,7,6,17075,2162.5
"Liverpool",2016,"Liverpool_337000_392000",337000,392000,10,9,140965,7500
"Liverpool",2016,"Liverpool_337000_392500",337000,392500,3,1,1275,1275
"Liverpool",2016,"Liverpool_337000_392750",337000,392750,32,27,193025,5300
"Liverpool",2016,"Liverpool_337000_396250",337000,396250,7,3,91500,32250
"Liverpool",2016,"Liverpool_337000_396750",337000,396750,3,1,4600,4600
"Liverpool",2016,"Liverpool_337000_397000",337000,397000,24,22,154425,3650
"Liverpool",2016,"Liverpool_337000_397500",337000,397500,3,2,7600,3800
"Liverpool",2016,"Liverpool_337250_387500",337250,387500,16,16,234850,9200
"Liverpool",2016,"Liverpool_337250_389000",337250,389000,17,11,25500,2000
"Liverpool",2016,"Liverpool_337250_389250",337250,389250,24,14,33125,1975
"Liverpool",2016,"Liverpool_337250_389500",337250,389500,2,2,16950,8475
"Liverpool",2016,"Liverpool_337250_390500",337250,390500,1,1,2025,2025
"Liverpool",2016,"Liverpool_337250_391000",337250,391000,35,29,209475,4550
"Liverpool",2016,"Liverpool_337250_392000",337250,392000,24,22,69150,3100
"Liverpool",2016,"Liverpool_337250_392250",337250,392250,14,12,26045,1487.5
"Liverpool",2016,"Liverpool_337250_392750",337250,392750,6,6,38075,3325
"Liverpool",2016,"Liverpool_337250_393000",337250,393000,4,3,22975,2250
"Liverpool",2016,"Liverpool_337250_393750",337250,393750,11,11,68875,3850
"Liverpool",2016,"Liverpool_337250_394750",337250,394750,1,1,930,930
"Liverpool",2016,"Liverpool_337250_395250",337250,395250,5,5,456650,24250
"Liverpool",2016,"Liverpool_337250_395750",337250,395750,3,3,19950,8100
"Liverpool",2016,"Liverpool_337250_396000",337250,396000,3,2,47900,23950
"Liverpool",2016,"Liverpool_337250_396500",337250,396500,2,2,81500,40750
"Liverpool",2016,"Liverpool_337250_397000",337250,397000,7,7,22200,3200
"Liverpool",2016,"Liverpool_337500_386250",337500,386250,1,1,8300,8300
"Liverpool",2016,"Liverpool_337500_386750",337500,386750,15,15,41350,2800
"Liverpool",2016,"Liverpool_337500_389000",337500,389000,14,10,35500,2237.5
"Liverpool",2016,"Liverpool_337500_389250",337500,389250,11,6,17800,2750
"Liverpool",2016,"Liverpool_337500_389500",337500,389500,2,1,1100,1100
"Liverpool",2016,"Liverpool_337500_390250",337500,390250,1,1,28500,28500
"Liverpool",2016,"Liverpool_337500_390500",337500,390500,1,0,NA,NA
"Liverpool",2016,"Liverpool_337500_391000",337500,391000,48,37,134850,3000
"Liverpool",2016,"Liverpool_337500_392000",337500,392000,9,9,41100,3400
"Liverpool",2016,"Liverpool_337500_392250",337500,392250,7,7,29225,2950
"Liverpool",2016,"Liverpool_337500_393250",337500,393250,1,1,930,930
"Liverpool",2016,"Liverpool_337500_393750",337500,393750,2,1,3600,3600
"Liverpool",2016,"Liverpool_337500_394250",337500,394250,4,2,2360000,1180000
"Liverpool",2016,"Liverpool_337500_394750",337500,394750,1,1,8800,8800
"Liverpool",2016,"Liverpool_337500_395250",337500,395250,7,7,46860,4500
"Liverpool",2016,"Liverpool_337500_396250",337500,396250,3,1,8300,8300
"Liverpool",2016,"Liverpool_337500_397250",337500,397250,16,15,245050,3550
"Liverpool",2016,"Liverpool_337750_386500",337750,386500,12,11,57750,3650
"Liverpool",2016,"Liverpool_337750_386750",337750,386750,14,13,56025,3150
"Liverpool",2016,"Liverpool_337750_388750",337750,388750,11,7,119000,12000
"Liverpool",2016,"Liverpool_337750_389000",337750,389000,7,4,146550,9150
"Liverpool",2016,"Liverpool_337750_389250",337750,389250,56,48,163255,2675
"Liverpool",2016,"Liverpool_337750_389500",337750,389500,4,3,11125,4150
"Liverpool",2016,"Liverpool_337750_389750",337750,389750,13,6,17875,2037.5
"Liverpool",2016,"Liverpool_337750_390500",337750,390500,2,2,24500,12250
"Liverpool",2016,"Liverpool_337750_391000",337750,391000,22,15,167000,4100
"Liverpool",2016,"Liverpool_337750_392250",337750,392250,22,18,127625,4525
"Liverpool",2016,"Liverpool_337750_392500",337750,392500,1,1,6500,6500
"Liverpool",2016,"Liverpool_337750_393250",337750,393250,12,12,63625,3050
"Liverpool",2016,"Liverpool_337750_393500",337750,393500,7,7,29400,2225
"Liverpool",2016,"Liverpool_337750_393750",337750,393750,5,3,101600,10500
"Liverpool",2016,"Liverpool_337750_394250",337750,394250,1,1,2400,2400
"Liverpool",2016,"Liverpool_337750_395000",337750,395000,9,8,46875,5250
"Liverpool",2016,"Liverpool_337750_395250",337750,395250,4,1,4150,4150
"Liverpool",2016,"Liverpool_337750_395500",337750,395500,1,1,1950,1950
"Liverpool",2016,"Liverpool_337750_397250",337750,397250,12,12,84600,5225
"Liverpool",2016,"Liverpool_338000_385500",338000,385500,2,2,123000,61500
"Liverpool",2016,"Liverpool_338000_386250",338000,386250,10,9,36300,3750
"Liverpool",2016,"Liverpool_338000_386500",338000,386500,15,14,49300,3650
"Liverpool",2016,"Liverpool_338000_386750",338000,386750,6,6,19795,3525
"Liverpool",2016,"Liverpool_338000_387000",338000,387000,1,1,23750,23750
"Liverpool",2016,"Liverpool_338000_388500",338000,388500,74,68,2311050,5050
"Liverpool",2016,"Liverpool_338000_389000",338000,389000,6,4,14950,4225
"Liverpool",2016,"Liverpool_338000_389250",338000,389250,8,6,27975,2950
"Liverpool",2016,"Liverpool_338000_389500",338000,389500,9,9,31100,2000
"Liverpool",2016,"Liverpool_338000_389750",338000,389750,6,3,11200,2800
"Liverpool",2016,"Liverpool_338000_390250",338000,390250,2,1,14500,14500
"Liverpool",2016,"Liverpool_338000_390500",338000,390500,5,1,3450,3450
"Liverpool",2016,"Liverpool_338000_390750",338000,390750,4,4,92750,22725
"Liverpool",2016,"Liverpool_338000_391000",338000,391000,3,3,9025,2750
"Liverpool",2016,"Liverpool_338000_392250",338000,392250,56,48,454200,7050
"Liverpool",2016,"Liverpool_338000_392500",338000,392500,8,5,10400,2100
"Liverpool",2016,"Liverpool_338000_392750",338000,392750,2,2,4350,2175
"Liverpool",2016,"Liverpool_338000_393000",338000,393000,9,6,12225,1250
"Liverpool",2016,"Liverpool_338000_393250",338000,393250,11,10,87125,1600
"Liverpool",2016,"Liverpool_338000_394000",338000,394000,4,4,47050,9750
"Liverpool",2016,"Liverpool_338000_394250",338000,394250,6,3,34800,7800
"Liverpool",2016,"Liverpool_338000_395250",338000,395250,2,2,76500,38250
"Liverpool",2016,"Liverpool_338250_386000",338250,386000,9,7,31035,3350
"Liverpool",2016,"Liverpool_338250_388250",338250,388250,9,8,25900,2950
"Liverpool",2016,"Liverpool_338250_388500",338250,388500,28,23,159050,5900
"Liverpool",2016,"Liverpool_338250_389000",338250,389000,8,1,2050,2050
"Liverpool",2016,"Liverpool_338250_389250",338250,389250,17,13,57885,5600
"Liverpool",2016,"Liverpool_338250_389500",338250,389500,36,35,131525,2800
"Liverpool",2016,"Liverpool_338250_390500",338250,390500,3,2,30700,15350
"Liverpool",2016,"Liverpool_338250_390750",338250,390750,17,14,177900,5250
"Liverpool",2016,"Liverpool_338250_392000",338250,392000,5,5,19700,3100
"Liverpool",2016,"Liverpool_338250_392250",338250,392250,25,20,322550,7300
"Liverpool",2016,"Liverpool_338250_392500",338250,392500,10,9,44950,2475
"Liverpool",2016,"Liverpool_338250_392750",338250,392750,8,7,17450,2200
"Liverpool",2016,"Liverpool_338250_393250",338250,393250,9,8,46400,4950
"Liverpool",2016,"Liverpool_338250_394000",338250,394000,41,36,774600,14625
"Liverpool",2016,"Liverpool_338250_394250",338250,394250,34,30,544800,14500
"Liverpool",2016,"Liverpool_338250_395500",338250,395500,22,5,25100,3400
"Liverpool",2016,"Liverpool_338250_397250",338250,397250,20,20,143725,5450
"Liverpool",2016,"Liverpool_338500_385750",338500,385750,10,6,34950,4775
"Liverpool",2016,"Liverpool_338500_388250",338500,388250,27,24,213850,5600
"Liverpool",2016,"Liverpool_338500_388500",338500,388500,21,20,236825,4225
"Liverpool",2016,"Liverpool_338500_389500",338500,389500,32,31,208800,3900
"Liverpool",2016,"Liverpool_338500_390000",338500,390000,8,7,32775,3350
"Liverpool",2016,"Liverpool_338500_390500",338500,390500,9,4,259950,68125
"Liverpool",2016,"Liverpool_338500_390750",338500,390750,6,1,285000,285000
"Liverpool",2016,"Liverpool_338500_391000",338500,391000,6,6,26125,3675
"Liverpool",2016,"Liverpool_338500_391250",338500,391250,71,45,139800,2375
"Liverpool",2016,"Liverpool_338500_391750",338500,391750,13,13,85900,3350
"Liverpool",2016,"Liverpool_338500_392000",338500,392000,5,3,10950,3400
"Liverpool",2016,"Liverpool_338500_393250",338500,393250,15,13,70500,4750
"Liverpool",2016,"Liverpool_338500_394000",338500,394000,52,9,243250,23750
"Liverpool",2016,"Liverpool_338500_394250",338500,394250,12,7,417250,24750
"Liverpool",2016,"Liverpool_338750_385500",338750,385500,1,1,5500,5500
"Liverpool",2016,"Liverpool_338750_388000",338750,388000,18,16,79000,2650
"Liverpool",2016,"Liverpool_338750_388250",338750,388250,24,24,177550,4675
"Liverpool",2016,"Liverpool_338750_388500",338750,388500,9,9,103150,6400
"Liverpool",2016,"Liverpool_338750_389500",338750,389500,38,30,211050,4125
"Liverpool",2016,"Liverpool_338750_390250",338750,390250,15,4,6750,1512.5
"Liverpool",2016,"Liverpool_338750_390500",338750,390500,7,3,7750,2900
"Liverpool",2016,"Liverpool_338750_390750",338750,390750,1,1,82500,82500
"Liverpool",2016,"Liverpool_338750_391000",338750,391000,1,1,1025,1025
"Liverpool",2016,"Liverpool_338750_391250",338750,391250,40,31,127525,2700
"Liverpool",2016,"Liverpool_338750_391500",338750,391500,18,18,121575,6100
"Liverpool",2016,"Liverpool_338750_392000",338750,392000,2,1,2375,2375
"Liverpool",2016,"Liverpool_338750_393250",338750,393250,8,8,25550,2475
"Liverpool",2016,"Liverpool_338750_394750",338750,394750,3,3,12100,3700
"Liverpool",2016,"Liverpool_338750_395750",338750,395750,1,1,2475,2475
"Liverpool",2016,"Liverpool_338750_397250",338750,397250,8,8,37500,4675
"Liverpool",2016,"Liverpool_339000_385500",339000,385500,13,12,184850,4875
"Liverpool",2016,"Liverpool_339000_385750",339000,385750,1,1,15750,15750
"Liverpool",2016,"Liverpool_339000_387250",339000,387250,17,15,71700,4150
"Liverpool",2016,"Liverpool_339000_388250",339000,388250,38,32,396625,8250
"Liverpool",2016,"Liverpool_339000_388500",339000,388500,16,8,384500,31500
"Liverpool",2016,"Liverpool_339000_389250",339000,389250,28,25,203675,4900
"Liverpool",2016,"Liverpool_339000_389500",339000,389500,1,1,8300,8300
"Liverpool",2016,"Liverpool_339000_390250",339000,390250,3,2,4650,2325
"Liverpool",2016,"Liverpool_339000_390500",339000,390500,4,3,606000,210000
"Liverpool",2016,"Liverpool_339000_390750",339000,390750,2,1,46000,46000
"Liverpool",2016,"Liverpool_339000_391000",339000,391000,8,7,1560850,4650
"Liverpool",2016,"Liverpool_339000_391250",339000,391250,43,35,188675,3600
"Liverpool",2016,"Liverpool_339000_391500",339000,391500,6,4,33200,4875
"Liverpool",2016,"Liverpool_339000_392250",339000,392250,2,2,10550,5275
"Liverpool",2016,"Liverpool_339000_392500",339000,392500,2,2,410000,205000
"Liverpool",2016,"Liverpool_339000_393250",339000,393250,4,4,18500,4775
"Liverpool",2016,"Liverpool_339000_393500",339000,393500,3,2,23450,11725
"Liverpool",2016,"Liverpool_339000_394500",339000,394500,1,1,11250,11250
"Liverpool",2016,"Liverpool_339000_394750",339000,394750,28,20,87350,3450
"Liverpool",2016,"Liverpool_339000_395750",339000,395750,3,3,44500,14750
"Liverpool",2016,"Liverpool_339250_384500",339250,384500,1,1,2500,2500
"Liverpool",2016,"Liverpool_339250_385000",339250,385000,14,14,63325,4325
"Liverpool",2016,"Liverpool_339250_386000",339250,386000,15,13,92850,5900
"Liverpool",2016,"Liverpool_339250_387250",339250,387250,32,25,223800,5600
"Liverpool",2016,"Liverpool_339250_387500",339250,387500,1,1,6700,6700
"Liverpool",2016,"Liverpool_339250_387750",339250,387750,8,8,23400,2775
"Liverpool",2016,"Liverpool_339250_388250",339250,388250,66,55,1154400,16750
"Liverpool",2016,"Liverpool_339250_389250",339250,389250,2,1,86000,86000
"Liverpool",2016,"Liverpool_339250_390250",339250,390250,20,15,57525,2850
"Liverpool",2016,"Liverpool_339250_390500",339250,390500,1,1,123000,123000
"Liverpool",2016,"Liverpool_339250_390750",339250,390750,2,2,130000,65000
"Liverpool",2016,"Liverpool_339250_391000",339250,391000,55,54,939875,6550
"Liverpool",2016,"Liverpool_339250_391250",339250,391250,21,20,124250,2950
"Liverpool",2016,"Liverpool_339250_391500",339250,391500,26,23,94500,3700
"Liverpool",2016,"Liverpool_339250_391750",339250,391750,13,13,58750,4300
"Liverpool",2016,"Liverpool_339250_392000",339250,392000,11,10,182200,4300
"Liverpool",2016,"Liverpool_339250_392500",339250,392500,1,1,3150,3150
"Liverpool",2016,"Liverpool_339250_393250",339250,393250,3,2,3850,1925
"Liverpool",2016,"Liverpool_339250_393500",339250,393500,7,7,60650,5200
"Liverpool",2016,"Liverpool_339250_393750",339250,393750,29,26,151925,5500
"Liverpool",2016,"Liverpool_339250_395000",339250,395000,2,2,24350,12175
"Liverpool",2016,"Liverpool_339250_396000",339250,396000,1,1,70500,70500
"Liverpool",2016,"Liverpool_339500_384750",339500,384750,9,8,31400,3350
"Liverpool",2016,"Liverpool_339500_385000",339500,385000,12,12,45400,3750
"Liverpool",2016,"Liverpool_339500_385250",339500,385250,10,10,42800,3300
"Liverpool",2016,"Liverpool_339500_386000",339500,386000,1,1,1925,1925
"Liverpool",2016,"Liverpool_339500_386250",339500,386250,12,11,90650,7300
"Liverpool",2016,"Liverpool_339500_387500",339500,387500,5,5,20650,4000
"Liverpool",2016,"Liverpool_339500_387750",339500,387750,9,9,283500,26000
"Liverpool",2016,"Liverpool_339500_388000",339500,388000,68,66,1227390,14625
"Liverpool",2016,"Liverpool_339500_388750",339500,388750,19,12,103750,7050
"Liverpool",2016,"Liverpool_339500_389000",339500,389000,1,1,2900,2900
"Liverpool",2016,"Liverpool_339500_390000",339500,390000,7,5,20050,3450
"Liverpool",2016,"Liverpool_339500_390750",339500,390750,2,2,6650,3325
"Liverpool",2016,"Liverpool_339500_391000",339500,391000,57,52,1441505,23000
"Liverpool",2016,"Liverpool_339500_391250",339500,391250,19,13,437700,17500
"Liverpool",2016,"Liverpool_339500_392750",339500,392750,11,7,44300,5100
"Liverpool",2016,"Liverpool_339500_393000",339500,393000,24,21,349075,6900
"Liverpool",2016,"Liverpool_339500_393250",339500,393250,23,20,296350,7900
"Liverpool",2016,"Liverpool_339500_394000",339500,394000,7,5,26200,4100
"Liverpool",2016,"Liverpool_339500_394750",339500,394750,15,11,141750,4450
"Liverpool",2016,"Liverpool_339500_395000",339500,395000,2,1,139000,139000
"Liverpool",2016,"Liverpool_339500_395750",339500,395750,8,6,358000,51000
"Liverpool",2016,"Liverpool_339750_384750",339750,384750,5,4,114675,2900
"Liverpool",2016,"Liverpool_339750_385000",339750,385000,1,1,1400,1400
"Liverpool",2016,"Liverpool_339750_385250",339750,385250,4,4,7975,2050
"Liverpool",2016,"Liverpool_339750_386250",339750,386250,1,1,29500,29500
"Liverpool",2016,"Liverpool_339750_386500",339750,386500,5,2,139750,69875
"Liverpool",2016,"Liverpool_339750_387000",339750,387000,8,7,37950,2350
"Liverpool",2016,"Liverpool_339750_387750",339750,387750,9,9,172500,14750
"Liverpool",2016,"Liverpool_339750_388000",339750,388000,4,3,26900,9200
"Liverpool",2016,"Liverpool_339750_390500",339750,390500,3,1,5000,5000
"Liverpool",2016,"Liverpool_339750_391000",339750,391000,9,9,86775,1925
"Liverpool",2016,"Liverpool_339750_391250",339750,391250,1,1,89000,89000
"Liverpool",2016,"Liverpool_339750_392750",339750,392750,8,7,25900,3800
"Liverpool",2016,"Liverpool_339750_394000",339750,394000,1,0,NA,NA
"Liverpool",2016,"Liverpool_339750_395000",339750,395000,1,1,17500,17500
"Liverpool",2016,"Liverpool_339750_396000",339750,396000,5,0,NA,NA
"Liverpool",2016,"Liverpool_339750_396750",339750,396750,1,0,NA,NA
"Liverpool",2016,"Liverpool_340000_383500",340000,383500,15,13,58131,4500
"Liverpool",2016,"Liverpool_340000_384000",340000,384000,2,1,5975,5975
"Liverpool",2016,"Liverpool_340000_384250",340000,384250,1,1,2425,2425
"Liverpool",2016,"Liverpool_340000_384500",340000,384500,33,30,127600,3000
"Liverpool",2016,"Liverpool_340000_385000",340000,385000,2,2,11450,5725
"Liverpool",2016,"Liverpool_340000_385500",340000,385500,10,10,43150,4175
"Liverpool",2016,"Liverpool_340000_385750",340000,385750,2,2,2335,1167.5
"Liverpool",2016,"Liverpool_340000_386250",340000,386250,4,4,16600,4175
"Liverpool",2016,"Liverpool_340000_386500",340000,386500,8,5,1835500,8500
"Liverpool",2016,"Liverpool_340000_388500",340000,388500,9,7,139350,9100
"Liverpool",2016,"Liverpool_340000_389750",340000,389750,4,2,4050,2025
"Liverpool",2016,"Liverpool_340000_390000",340000,390000,2,1,1675,1675
"Liverpool",2016,"Liverpool_340000_390250",340000,390250,15,12,121400,6250
"Liverpool",2016,"Liverpool_340000_390500",340000,390500,1,1,4900,4900
"Liverpool",2016,"Liverpool_340000_391250",340000,391250,15,11,69550,5900
"Liverpool",2016,"Liverpool_340000_392500",340000,392500,19,17,57500,2750
"Liverpool",2016,"Liverpool_340000_392750",340000,392750,14,13,46350,3350
"Liverpool",2016,"Liverpool_340000_395000",340000,395000,11,9,29060,3100
"Liverpool",2016,"Liverpool_340000_395250",340000,395250,20,8,28725,2300
"Liverpool",2016,"Liverpool_340250_383750",340250,383750,4,4,7040,1170
"Liverpool",2016,"Liverpool_340250_384000",340250,384000,4,1,2450,2450
"Liverpool",2016,"Liverpool_340250_384250",340250,384250,35,32,489050,3475
"Liverpool",2016,"Liverpool_340250_384500",340250,384500,43,37,157950,3850
"Liverpool",2016,"Liverpool_340250_384750",340250,384750,2,2,14450,7225
"Liverpool",2016,"Liverpool_340250_385750",340250,385750,9,7,25650,3600
"Liverpool",2016,"Liverpool_340250_388500",340250,388500,15,13,68725,5200
"Liverpool",2016,"Liverpool_340250_388750",340250,388750,2,2,8300,4150
"Liverpool",2016,"Liverpool_340250_389000",340250,389000,5,5,51050,8600
"Liverpool",2016,"Liverpool_340250_389250",340250,389250,18,18,295800,8050
"Liverpool",2016,"Liverpool_340250_390000",340250,390000,7,6,24650,4025
"Liverpool",2016,"Liverpool_340250_390250",340250,390250,7,7,56450,5500
"Liverpool",2016,"Liverpool_340250_391250",340250,391250,3,2,1756500,878250
"Liverpool",2016,"Liverpool_340250_391500",340250,391500,4,2,25700,12850
"Liverpool",2016,"Liverpool_340250_392000",340250,392000,15,12,99850,7250
"Liverpool",2016,"Liverpool_340250_392250",340250,392250,1,1,19750,19750
"Liverpool",2016,"Liverpool_340250_392500",340250,392500,2,2,157500,78750
"Liverpool",2016,"Liverpool_340250_392750",340250,392750,9,9,42975,4950
"Liverpool",2016,"Liverpool_340250_395250",340250,395250,1,0,NA,NA
"Liverpool",2016,"Liverpool_340250_395750",340250,395750,1,1,13250,13250
"Liverpool",2016,"Liverpool_340500_383500",340500,383500,1,1,740,740
"Liverpool",2016,"Liverpool_340500_383750",340500,383750,1,1,1000,1000
"Liverpool",2016,"Liverpool_340500_384250",340500,384250,19,18,238300,9750
"Liverpool",2016,"Liverpool_340500_384500",340500,384500,4,2,343250,171625
"Liverpool",2016,"Liverpool_340500_384750",340500,384750,13,12,41150,3350
"Liverpool",2016,"Liverpool_340500_385000",340500,385000,3,3,9800,3450
"Liverpool",2016,"Liverpool_340500_385750",340500,385750,9,7,38700,5500
"Liverpool",2016,"Liverpool_340500_387500",340500,387500,1,1,5600,5600
"Liverpool",2016,"Liverpool_340500_388750",340500,388750,6,5,29950,6500
"Liverpool",2016,"Liverpool_340500_389000",340500,389000,4,4,23200,4975
"Liverpool",2016,"Liverpool_340500_389250",340500,389250,8,7,45650,4950
"Liverpool",2016,"Liverpool_340500_390250",340500,390250,8,5,20125,2000
"Liverpool",2016,"Liverpool_340500_391500",340500,391500,14,12,80050,3925
"Liverpool",2016,"Liverpool_340500_391750",340500,391750,5,5,31900,8000
"Liverpool",2016,"Liverpool_340500_392000",340500,392000,7,4,26900,6700
"Liverpool",2016,"Liverpool_340500_393000",340500,393000,1,1,16250,16250
"Liverpool",2016,"Liverpool_340500_395750",340500,395750,14,14,72510,4550
"Liverpool",2016,"Liverpool_340500_396750",340500,396750,2,1,0,0
"Liverpool",2016,"Liverpool_340750_383500",340750,383500,2,2,2975,1487.5
"Liverpool",2016,"Liverpool_340750_388750",340750,388750,16,14,120150,8050
"Liverpool",2016,"Liverpool_340750_389000",340750,389000,7,7,43700,6400
"Liverpool",2016,"Liverpool_340750_389750",340750,389750,3,2,10850,5425
"Liverpool",2016,"Liverpool_340750_390000",340750,390000,1,1,54250,54250
"Liverpool",2016,"Liverpool_340750_391000",340750,391000,6,3,13450,2800
"Liverpool",2016,"Liverpool_340750_391500",340750,391500,29,24,162050,4525
"Liverpool",2016,"Liverpool_340750_392250",340750,392250,11,6,71800,6800
"Liverpool",2016,"Liverpool_340750_396250",340750,396250,3,3,10100,3100
"Liverpool",2016,"Liverpool_341000_385000",341000,385000,1,1,3600,3600
"Liverpool",2016,"Liverpool_341000_389000",341000,389000,3,2,26350,13175
"Liverpool",2016,"Liverpool_341000_389500",341000,389500,10,9,38275,3300
"Liverpool",2016,"Liverpool_341000_390250",341000,390250,2,2,5200,2600
"Liverpool",2016,"Liverpool_341000_391750",341000,391750,3,3,323000,68000
"Liverpool",2016,"Liverpool_341000_393500",341000,393500,11,10,1142575,7350
"Liverpool",2016,"Liverpool_341250_383750",341250,383750,2,2,157700,78850
"Liverpool",2016,"Liverpool_341250_384000",341250,384000,3,3,5825,2025
"Liverpool",2016,"Liverpool_341250_389750",341250,389750,2,2,6250,3125
"Liverpool",2016,"Liverpool_341250_390000",341250,390000,3,2,8600,4300
"Liverpool",2016,"Liverpool_341250_390250",341250,390250,1,1,3800,3800
"Liverpool",2016,"Liverpool_341250_393250",341250,393250,1,0,NA,NA
"Liverpool",2016,"Liverpool_341500_384000",341500,384000,41,37,13781700,345000
"Liverpool",2016,"Liverpool_341500_386750",341500,386750,1,1,22500,22500
"Liverpool",2016,"Liverpool_341500_389000",341500,389000,1,1,103000,103000
"Liverpool",2016,"Liverpool_341500_391500",341500,391500,2,2,11600,5800
"Liverpool",2016,"Liverpool_341500_391750",341500,391750,2,2,50050,25025
"Liverpool",2016,"Liverpool_341500_393250",341500,393250,10,10,21100,2100
"Liverpool",2016,"Liverpool_341500_395000",341500,395000,8,7,65700,5300
"Liverpool",2016,"Liverpool_341750_384250",341750,384250,1,0,NA,NA
"Liverpool",2016,"Liverpool_341750_386250",341750,386250,1,1,21500,21500
"Liverpool",2016,"Liverpool_341750_386750",341750,386750,5,5,30725,2850
"Liverpool",2016,"Liverpool_341750_387000",341750,387000,4,4,8450,2725
"Liverpool",2016,"Liverpool_341750_391250",341750,391250,2,1,8100,8100
"Liverpool",2016,"Liverpool_341750_391500",341750,391500,17,13,68450,5100
"Liverpool",2016,"Liverpool_341750_391750",341750,391750,13,13,76000,5000
"Liverpool",2016,"Liverpool_341750_392500",341750,392500,9,9,43400,4000
"Liverpool",2016,"Liverpool_341750_392750",341750,392750,3,2,26100,13050
"Liverpool",2016,"Liverpool_341750_393500",341750,393500,2,2,14575,7287.5
"Liverpool",2016,"Liverpool_342000_382500",342000,382500,1,1,3250,3250
"Liverpool",2016,"Liverpool_342000_383500",342000,383500,459,459,56089,93
"Liverpool",2016,"Liverpool_342000_384250",342000,384250,1,1,7000,7000
"Liverpool",2016,"Liverpool_342000_384500",342000,384500,3,3,75500,9200
"Liverpool",2016,"Liverpool_342000_385250",342000,385250,1,1,78500,78500
"Liverpool",2016,"Liverpool_342000_386250",342000,386250,1,1,20750,20750
"Liverpool",2016,"Liverpool_342000_386500",342000,386500,8,4,660600,24000
"Liverpool",2016,"Liverpool_342000_386750",342000,386750,2,0,NA,NA
"Liverpool",2016,"Liverpool_342000_388250",342000,388250,2,1,19750,19750
"Liverpool",2016,"Liverpool_342000_388500",342000,388500,29,7,283750,13500
"Liverpool",2016,"Liverpool_342000_389000",342000,389000,7,5,23400,4350
"Liverpool",2016,"Liverpool_342000_389250",342000,389250,1,0,NA,NA
"Liverpool",2016,"Liverpool_342000_389500",342000,389500,2,0,NA,NA
"Liverpool",2016,"Liverpool_342000_391000",342000,391000,8,8,61900,6550
"Liverpool",2016,"Liverpool_342000_391750",342000,391750,1,1,14250,14250
"Liverpool",2016,"Liverpool_342000_392500",342000,392500,11,8,86450,3975
"Liverpool",2016,"Liverpool_342250_384250",342250,384250,1,1,3850,3850
"Liverpool",2016,"Liverpool_342250_384500",342250,384500,1,1,107000,107000
"Liverpool",2016,"Liverpool_342250_384750",342250,384750,42,31,3697250,16500
"Liverpool",2016,"Liverpool_342250_386500",342250,386500,42,34,362150,9450
"Liverpool",2016,"Liverpool_342250_386750",342250,386750,45,37,1357100,9400
"Liverpool",2016,"Liverpool_342250_387500",342250,387500,1,0,NA,NA
"Liverpool",2016,"Liverpool_342250_391500",342250,391500,3,2,15800,7900
"Liverpool",2016,"Liverpool_342500_383000",342500,383000,33,30,122700,2900
"Liverpool",2016,"Liverpool_342500_383750",342500,383750,2,2,434500,217250
"Liverpool",2016,"Liverpool_342500_384000",342500,384000,2,2,206500,103250
"Liverpool",2016,"Liverpool_342500_384250",342500,384250,1,1,19000,19000
"Liverpool",2016,"Liverpool_342500_385000",342500,385000,1,1,91500,91500
"Liverpool",2016,"Liverpool_342500_386000",342500,386000,1,1,7800,7800
"Liverpool",2016,"Liverpool_342500_386250",342500,386250,1,1,2025,2025
"Liverpool",2016,"Liverpool_342500_386500",342500,386500,3,2,17950,8975
"Liverpool",2016,"Liverpool_342500_387500",342500,387500,8,6,167650,7700
"Liverpool",2016,"Liverpool_342500_387750",342500,387750,10,8,69100,8600
"Liverpool",2016,"Liverpool_342500_388500",342500,388500,1,0,NA,NA
"Liverpool",2016,"Liverpool_342500_388750",342500,388750,1,1,280,280
"Liverpool",2016,"Liverpool_342750_382750",342750,382750,3,3,13400,4600
"Liverpool",2016,"Liverpool_342750_384250",342750,384250,5,5,487350,6600
"Liverpool",2016,"Liverpool_342750_385000",342750,385000,1,1,18250,18250
"Liverpool",2016,"Liverpool_342750_386750",342750,386750,9,9,45100,4750
"Liverpool",2016,"Liverpool_342750_387500",342750,387500,5,5,26650,3300
"Liverpool",2016,"Liverpool_342750_388250",342750,388250,1,1,1500000,1500000
"Liverpool",2016,"Liverpool_342750_388500",342750,388500,64,59,1670150,20250
"Liverpool",2016,"Liverpool_343000_383500",343000,383500,10,7,26975,2325
"Liverpool",2016,"Liverpool_343000_384000",343000,384000,1,1,1e+05,1e+05
"Liverpool",2016,"Liverpool_343000_384750",343000,384750,12,11,86100,7200
"Liverpool",2016,"Liverpool_343000_385000",343000,385000,14,12,141150,8350
"Liverpool",2016,"Liverpool_343000_385500",343000,385500,1,1,11000,11000
"Liverpool",2016,"Liverpool_343000_386250",343000,386250,10,8,44500,3850
"Liverpool",2016,"Liverpool_343000_387750",343000,387750,8,1,9100,9100
"Liverpool",2016,"Liverpool_343000_388250",343000,388250,6,6,67250,11250
"Liverpool",2016,"Liverpool_343000_388500",343000,388500,1,1,76000,76000
"Liverpool",2016,"Liverpool_343250_382500",343250,382500,1,0,NA,NA
"Liverpool",2016,"Liverpool_343250_382750",343250,382750,6,6,9175,1675
"Liverpool",2016,"Liverpool_343250_383000",343250,383000,5,3,7850,1925
"Liverpool",2016,"Liverpool_343250_384000",343250,384000,3,2,10000,5000
"Liverpool",2016,"Liverpool_343250_385000",343250,385000,5,4,49300,10450
"Liverpool",2016,"Liverpool_343250_385250",343250,385250,1,1,14250,14250
"Liverpool",2016,"Liverpool_343250_386500",343250,386500,2,2,37650,18825
"Liverpool",2016,"Liverpool_343250_388250",343250,388250,2,2,31100,15550
"Liverpool",2016,"Liverpool_343250_388750",343250,388750,3,2,6450,3225
"Liverpool",2016,"Liverpool_343500_382750",343500,382750,1,1,21250,21250
"Liverpool",2016,"Liverpool_343500_384000",343500,384000,27,25,171560,4000
"Liverpool",2016,"Liverpool_344000_382750",344000,382750,7,6,43800,5600
"Liverpool",2016,"Liverpool_344000_383250",344000,383250,17,15,2549250,15500
"Liverpool",2016,"Liverpool_344000_388000",344000,388000,6,6,18075,2637.5
"Liverpool",2016,"Liverpool_344000_388500",344000,388500,12,10,34625,4100
"Liverpool",2016,"Liverpool_344250_383250",344250,383250,1,0,NA,NA
"Liverpool",2016,"Liverpool_344250_388500",344250,388500,1,1,5300,5300
"Liverpool",2016,"Liverpool_344750_382750",344750,382750,1,1,3150,3150
"Liverpool",2016,"Liverpool_344750_383250",344750,383250,5,4,26650,2550
"Liverpool",2016,"Liverpool_345000_383000",345000,383000,16,14,37625,2275
"Liverpool",2016,"Liverpool_345000_387500",345000,387500,8,5,11400,2325
"Liverpool",2016,"Liverpool_345250_383500",345250,383500,1,1,14500,14500
"Liverpool",2019,"Liverpool_333500_390750",333500,390750,7,7,97375,5800
"Liverpool",2019,"Liverpool_333500_391000",333500,391000,2,2,294300,147150
"Liverpool",2019,"Liverpool_333500_391500",333500,391500,6,4,68250,18875
"Liverpool",2019,"Liverpool_333500_391750",333500,391750,3,3,33850,13250
"Liverpool",2019,"Liverpool_333500_392000",333500,392000,2,2,70000,35000
"Liverpool",2019,"Liverpool_333500_392250",333500,392250,1,1,5300,5300
"Liverpool",2019,"Liverpool_333500_392500",333500,392500,4,4,84500,20875
"Liverpool",2019,"Liverpool_333500_393000",333500,393000,1,1,2750,2750
"Liverpool",2019,"Liverpool_333500_394000",333500,394000,3,3,25600,8500
"Liverpool",2019,"Liverpool_333750_390000",333750,390000,14,14,259660,1412.5
"Liverpool",2019,"Liverpool_333750_390250",333750,390250,64,61,194300,1025
"Liverpool",2019,"Liverpool_333750_390500",333750,390500,4,3,87300,9800
"Liverpool",2019,"Liverpool_333750_390750",333750,390750,6,5,103650,14500
"Liverpool",2019,"Liverpool_333750_391000",333750,391000,1,1,280000,280000
"Liverpool",2019,"Liverpool_333750_391500",333750,391500,10,9,106300,5400
"Liverpool",2019,"Liverpool_333750_391750",333750,391750,14,14,131300,5100
"Liverpool",2019,"Liverpool_333750_392250",333750,392250,3,3,13300,2850
"Liverpool",2019,"Liverpool_333750_392500",333750,392500,6,6,220850,17375
"Liverpool",2019,"Liverpool_333750_392750",333750,392750,3,2,4350,2175
"Liverpool",2019,"Liverpool_333750_393000",333750,393000,5,5,433350,84000
"Liverpool",2019,"Liverpool_333750_393750",333750,393750,2,2,9100,4550
"Liverpool",2019,"Liverpool_333750_394000",333750,394000,10,10,372275,7000
"Liverpool",2019,"Liverpool_334000_389500",334000,389500,44,36,1550675,21875
"Liverpool",2019,"Liverpool_334000_389750",334000,389750,5,5,503500,108000
"Liverpool",2019,"Liverpool_334000_390000",334000,390000,8,7,264900,26750
"Liverpool",2019,"Liverpool_334000_390250",334000,390250,171,164,2776375,2625
"Liverpool",2019,"Liverpool_334000_390500",334000,390500,108,103,1316635,3300
"Liverpool",2019,"Liverpool_334000_390750",334000,390750,15,11,276690,15500
"Liverpool",2019,"Liverpool_334000_391000",334000,391000,1,1,0,0
"Liverpool",2019,"Liverpool_334000_391250",334000,391250,2,1,108000,108000
"Liverpool",2019,"Liverpool_334000_391500",334000,391500,5,3,48300,12250
"Liverpool",2019,"Liverpool_334000_392500",334000,392500,2,2,66250,33125
"Liverpool",2019,"Liverpool_334000_393250",334000,393250,2,2,238000,119000
"Liverpool",2019,"Liverpool_334000_393500",334000,393500,6,3,17700,5500
"Liverpool",2019,"Liverpool_334000_393750",334000,393750,1,1,6700,6700
"Liverpool",2019,"Liverpool_334000_394000",334000,394000,5,5,34300,5900
"Liverpool",2019,"Liverpool_334250_389250",334250,389250,1,1,75000,75000
"Liverpool",2019,"Liverpool_334250_389500",334250,389500,2,2,98000,49000
"Liverpool",2019,"Liverpool_334250_389750",334250,389750,5,5,356000,28000
"Liverpool",2019,"Liverpool_334250_390000",334250,390000,78,73,21540600,212000
"Liverpool",2019,"Liverpool_334250_390250",334250,390250,166,152,7354650,27750
"Liverpool",2019,"Liverpool_334250_390500",334250,390500,112,104,1215085,6000
"Liverpool",2019,"Liverpool_334250_390750",334250,390750,18,15,583900,11750
"Liverpool",2019,"Liverpool_334250_391000",334250,391000,2,1,46750,46750
"Liverpool",2019,"Liverpool_334250_391250",334250,391250,12,12,119825,4950
"Liverpool",2019,"Liverpool_334250_391500",334250,391500,4,4,10525,2487.5
"Liverpool",2019,"Liverpool_334250_391750",334250,391750,1,1,2600,2600
"Liverpool",2019,"Liverpool_334250_392000",334250,392000,1,1,7400,7400
"Liverpool",2019,"Liverpool_334250_392250",334250,392250,2,2,28750,14375
"Liverpool",2019,"Liverpool_334250_392500",334250,392500,1,1,4550,4550
"Liverpool",2019,"Liverpool_334250_393000",334250,393000,1,1,2600,2600
"Liverpool",2019,"Liverpool_334250_393750",334250,393750,12,12,85800,3300
"Liverpool",2019,"Liverpool_334250_394000",334250,394000,1,1,3500,3500
"Liverpool",2019,"Liverpool_334500_388500",334500,388500,1,1,28750,28750
"Liverpool",2019,"Liverpool_334500_388750",334500,388750,55,55,167975,1925
"Liverpool",2019,"Liverpool_334500_389000",334500,389000,2,2,98725,49362.5
"Liverpool",2019,"Liverpool_334500_389250",334500,389250,8,8,336860,16500
"Liverpool",2019,"Liverpool_334500_389500",334500,389500,7,5,38000,7400
"Liverpool",2019,"Liverpool_334500_389750",334500,389750,31,29,737600,11250
"Liverpool",2019,"Liverpool_334500_390000",334500,390000,137,129,21594525,117000
"Liverpool",2019,"Liverpool_334500_390250",334500,390250,165,150,15672000,37875
"Liverpool",2019,"Liverpool_334500_390500",334500,390500,46,36,1138845,19125
"Liverpool",2019,"Liverpool_334500_390750",334500,390750,6,5,118200,16750
"Liverpool",2019,"Liverpool_334500_391000",334500,391000,1,1,9900,9900
"Liverpool",2019,"Liverpool_334500_392000",334500,392000,3,3,15300,5100
"Liverpool",2019,"Liverpool_334500_392250",334500,392250,4,4,17650,4375
"Liverpool",2019,"Liverpool_334500_393000",334500,393000,5,5,19600,3400
"Liverpool",2019,"Liverpool_334500_393250",334500,393250,25,24,104200,3350
"Liverpool",2019,"Liverpool_334500_393500",334500,393500,5,5,12450,1925
"Liverpool",2019,"Liverpool_334500_394000",334500,394000,2,2,56500,28250
"Liverpool",2019,"Liverpool_334750_388000",334750,388000,7,7,85400,9800
"Liverpool",2019,"Liverpool_334750_388250",334750,388250,4,1,20250,20250
"Liverpool",2019,"Liverpool_334750_388750",334750,388750,28,27,547400,9700
"Liverpool",2019,"Liverpool_334750_389000",334750,389000,5,5,109200,10500
"Liverpool",2019,"Liverpool_334750_389250",334750,389250,19,17,93660,3350
"Liverpool",2019,"Liverpool_334750_389500",334750,389500,1,1,92500,92500
"Liverpool",2019,"Liverpool_334750_389750",334750,389750,54,53,1483575,17500
"Liverpool",2019,"Liverpool_334750_390000",334750,390000,131,112,9056100,42250
"Liverpool",2019,"Liverpool_334750_390250",334750,390250,332,309,11400680,7400
"Liverpool",2019,"Liverpool_334750_390500",334750,390500,13,13,705250,32500
"Liverpool",2019,"Liverpool_334750_390750",334750,390750,4,3,55550,19250
"Liverpool",2019,"Liverpool_334750_391500",334750,391500,1,1,6100,6100
"Liverpool",2019,"Liverpool_334750_391750",334750,391750,1,1,95000,95000
"Liverpool",2019,"Liverpool_334750_392000",334750,392000,7,7,29275,3250
"Liverpool",2019,"Liverpool_334750_392250",334750,392250,27,26,1805375,24500
"Liverpool",2019,"Liverpool_334750_392500",334750,392500,1,1,2400,2400
"Liverpool",2019,"Liverpool_334750_393000",334750,393000,2,2,7050,3525
"Liverpool",2019,"Liverpool_334750_393250",334750,393250,2,2,4125,2062.5
"Liverpool",2019,"Liverpool_334750_393500",334750,393500,3,3,3525,1400
"Liverpool",2019,"Liverpool_334750_394000",334750,394000,1,1,0,0
"Liverpool",2019,"Liverpool_334750_394250",334750,394250,5,5,14500,1900
"Liverpool",2019,"Liverpool_335000_387250",335000,387250,2,2,9600,4800
"Liverpool",2019,"Liverpool_335000_387750",335000,387750,9,6,462500,27750
"Liverpool",2019,"Liverpool_335000_388500",335000,388500,4,4,18550,3700
"Liverpool",2019,"Liverpool_335000_388750",335000,388750,29,28,293350,2700
"Liverpool",2019,"Liverpool_335000_389000",335000,389000,10,10,127035,3250
"Liverpool",2019,"Liverpool_335000_389500",335000,389500,32,32,392750,9750
"Liverpool",2019,"Liverpool_335000_389750",335000,389750,87,84,3167150,26500
"Liverpool",2019,"Liverpool_335000_390000",335000,390000,111,102,2787800,20375
"Liverpool",2019,"Liverpool_335000_390250",335000,390250,21,18,797350,22875
"Liverpool",2019,"Liverpool_335000_390500",335000,390500,55,48,2245185,14875
"Liverpool",2019,"Liverpool_335000_390750",335000,390750,8,6,114550,11750
"Liverpool",2019,"Liverpool_335000_391000",335000,391000,2,2,53500,26750
"Liverpool",2019,"Liverpool_335000_391250",335000,391250,1,1,7200,7200
"Liverpool",2019,"Liverpool_335000_391500",335000,391500,1,0,NA,NA
"Liverpool",2019,"Liverpool_335000_391750",335000,391750,8,7,41450,3650
"Liverpool",2019,"Liverpool_335000_392000",335000,392000,2,2,406000,203000
"Liverpool",2019,"Liverpool_335000_392250",335000,392250,1,0,NA,NA
"Liverpool",2019,"Liverpool_335000_393000",335000,393000,8,8,55050,4925
"Liverpool",2019,"Liverpool_335000_393500",335000,393500,1,1,4100,4100
"Liverpool",2019,"Liverpool_335000_393750",335000,393750,1,1,3500,3500
"Liverpool",2019,"Liverpool_335000_394000",335000,394000,2,1,6200,6200
"Liverpool",2019,"Liverpool_335000_394250",335000,394250,10,8,61725,4175
"Liverpool",2019,"Liverpool_335250_387250",335250,387250,1,1,132000,132000
"Liverpool",2019,"Liverpool_335250_387500",335250,387500,3,2,85150,42575
"Liverpool",2019,"Liverpool_335250_387750",335250,387750,1,1,5900,5900
"Liverpool",2019,"Liverpool_335250_388250",335250,388250,1,1,1900,1900
"Liverpool",2019,"Liverpool_335250_388500",335250,388500,7,7,42400,5900
"Liverpool",2019,"Liverpool_335250_388750",335250,388750,1,1,0,0
"Liverpool",2019,"Liverpool_335250_389000",335250,389000,2,2,30500,15250
"Liverpool",2019,"Liverpool_335250_389500",335250,389500,5,5,68200,11500
"Liverpool",2019,"Liverpool_335250_389750",335250,389750,54,48,1144250,14225
"Liverpool",2019,"Liverpool_335250_390000",335250,390000,25,21,340200,10250
"Liverpool",2019,"Liverpool_335250_390500",335250,390500,25,20,218910,8350
"Liverpool",2019,"Liverpool_335250_390750",335250,390750,34,31,662700,9300
"Liverpool",2019,"Liverpool_335250_391250",335250,391250,4,4,10925,2675
"Liverpool",2019,"Liverpool_335250_391500",335250,391500,2,2,13150,6575
"Liverpool",2019,"Liverpool_335250_392000",335250,392000,1,1,1475,1475
"Liverpool",2019,"Liverpool_335250_392750",335250,392750,3,3,13275,5100
"Liverpool",2019,"Liverpool_335250_393000",335250,393000,2,2,7250,3625
"Liverpool",2019,"Liverpool_335250_393250",335250,393250,10,10,39525,2925
"Liverpool",2019,"Liverpool_335250_393500",335250,393500,11,11,76900,6100
"Liverpool",2019,"Liverpool_335250_393750",335250,393750,29,28,266300,3800
"Liverpool",2019,"Liverpool_335250_394000",335250,394000,6,6,25325,2037.5
"Liverpool",2019,"Liverpool_335250_394250",335250,394250,9,9,35725,2850
"Liverpool",2019,"Liverpool_335250_394750",335250,394750,1,1,1625,1625
"Liverpool",2019,"Liverpool_335250_396500",335250,396500,1,1,4200,4200
"Liverpool",2019,"Liverpool_335500_387250",335500,387250,1,1,150000,150000
"Liverpool",2019,"Liverpool_335500_387500",335500,387500,2,2,1200,600
"Liverpool",2019,"Liverpool_335500_387750",335500,387750,3,2,15050,7525
"Liverpool",2019,"Liverpool_335500_388000",335500,388000,7,7,28250,3300
"Liverpool",2019,"Liverpool_335500_388250",335500,388250,4,4,16075,2925
"Liverpool",2019,"Liverpool_335500_388500",335500,388500,1,1,4300,4300
"Liverpool",2019,"Liverpool_335500_389000",335500,389000,7,7,39100,4800
"Liverpool",2019,"Liverpool_335500_389250",335500,389250,1,1,6100,6100
"Liverpool",2019,"Liverpool_335500_389500",335500,389500,11,10,294750,20000
"Liverpool",2019,"Liverpool_335500_389750",335500,389750,19,18,692400,42875
"Liverpool",2019,"Liverpool_335500_390000",335500,390000,4,3,67100,18250
"Liverpool",2019,"Liverpool_335500_390250",335500,390250,5,5,171250,24000
"Liverpool",2019,"Liverpool_335500_390500",335500,390500,24,21,221850,6800
"Liverpool",2019,"Liverpool_335500_390750",335500,390750,19,16,321300,13250
"Liverpool",2019,"Liverpool_335500_391000",335500,391000,1,1,19750,19750
"Liverpool",2019,"Liverpool_335500_391500",335500,391500,1,1,25750,25750
"Liverpool",2019,"Liverpool_335500_391750",335500,391750,1,1,19500,19500
"Liverpool",2019,"Liverpool_335500_392000",335500,392000,2,1,29750,29750
"Liverpool",2019,"Liverpool_335500_392250",335500,392250,1,1,5975,5975
"Liverpool",2019,"Liverpool_335500_392500",335500,392500,2,1,66000,66000
"Liverpool",2019,"Liverpool_335500_393000",335500,393000,2,2,15450,7725
"Liverpool",2019,"Liverpool_335500_393500",335500,393500,8,8,371100,20125
"Liverpool",2019,"Liverpool_335500_393750",335500,393750,45,45,447375,6700
"Liverpool",2019,"Liverpool_335500_394000",335500,394000,61,60,718125,7700
"Liverpool",2019,"Liverpool_335500_394250",335500,394250,32,31,378875,4950
"Liverpool",2019,"Liverpool_335500_394500",335500,394500,40,38,166450,3100
"Liverpool",2019,"Liverpool_335500_394750",335500,394750,6,6,25550,3850
"Liverpool",2019,"Liverpool_335500_395000",335500,395000,1,1,2400,2400
"Liverpool",2019,"Liverpool_335500_396500",335500,396500,24,24,101200,3325
"Liverpool",2019,"Liverpool_335750_386750",335750,386750,2,2,149000,74500
"Liverpool",2019,"Liverpool_335750_387250",335750,387250,5,5,12725,2425
"Liverpool",2019,"Liverpool_335750_387500",335750,387500,16,15,79650,4850
"Liverpool",2019,"Liverpool_335750_387750",335750,387750,33,29,1743075,7400
"Liverpool",2019,"Liverpool_335750_388000",335750,388000,19,17,381800,6200
"Liverpool",2019,"Liverpool_335750_388250",335750,388250,1,1,3500,3500
"Liverpool",2019,"Liverpool_335750_388500",335750,388500,16,16,60375,3225
"Liverpool",2019,"Liverpool_335750_389000",335750,389000,5,5,28650,4850
"Liverpool",2019,"Liverpool_335750_389250",335750,389250,1,1,20250,20250
"Liverpool",2019,"Liverpool_335750_389500",335750,389500,4,3,108750,42750
"Liverpool",2019,"Liverpool_335750_389750",335750,389750,13,10,345500,28500
"Liverpool",2019,"Liverpool_335750_390000",335750,390000,5,5,108150,23250
"Liverpool",2019,"Liverpool_335750_390250",335750,390250,5,4,103500,25250
"Liverpool",2019,"Liverpool_335750_390750",335750,390750,16,16,253900,12125
"Liverpool",2019,"Liverpool_335750_391000",335750,391000,1,1,111000,111000
"Liverpool",2019,"Liverpool_335750_391250",335750,391250,1,1,45000,45000
"Liverpool",2019,"Liverpool_335750_392250",335750,392250,1,1,7500,7500
"Liverpool",2019,"Liverpool_335750_392750",335750,392750,5,5,16925,2600
"Liverpool",2019,"Liverpool_335750_393000",335750,393000,13,10,46500,2925
"Liverpool",2019,"Liverpool_335750_393250",335750,393250,1,1,24000,24000
"Liverpool",2019,"Liverpool_335750_393500",335750,393500,2,2,81500,40750
"Liverpool",2019,"Liverpool_335750_393750",335750,393750,6,6,20675,2037.5
"Liverpool",2019,"Liverpool_335750_394000",335750,394000,22,20,83950,3200
"Liverpool",2019,"Liverpool_335750_394250",335750,394250,5,5,13900,2425
"Liverpool",2019,"Liverpool_335750_394500",335750,394500,47,46,291275,3250
"Liverpool",2019,"Liverpool_335750_394750",335750,394750,11,11,37050,2950
"Liverpool",2019,"Liverpool_335750_395000",335750,395000,26,20,160550,4925
"Liverpool",2019,"Liverpool_335750_395500",335750,395500,1,1,312500,312500
"Liverpool",2019,"Liverpool_335750_396500",335750,396500,30,30,106300,3400
"Liverpool",2019,"Liverpool_335750_396750",335750,396750,9,9,55075,3300
"Liverpool",2019,"Liverpool_336000_387500",336000,387500,1,0,NA,NA
"Liverpool",2019,"Liverpool_336000_387750",336000,387750,12,12,55400,3950
"Liverpool",2019,"Liverpool_336000_388000",336000,388000,5,5,11300,2700
"Liverpool",2019,"Liverpool_336000_388250",336000,388250,18,18,68300,2950
"Liverpool",2019,"Liverpool_336000_389000",336000,389000,1,1,2650,2650
"Liverpool",2019,"Liverpool_336000_389250",336000,389250,2,2,5525,2762.5
"Liverpool",2019,"Liverpool_336000_389500",336000,389500,1,1,20250,20250
"Liverpool",2019,"Liverpool_336000_389750",336000,389750,4,3,58250,16250
"Liverpool",2019,"Liverpool_336000_390000",336000,390000,1,1,1500,1500
"Liverpool",2019,"Liverpool_336000_390250",336000,390250,2,2,15400,7700
"Liverpool",2019,"Liverpool_336000_390750",336000,390750,11,2,50850,25425
"Liverpool",2019,"Liverpool_336000_391250",336000,391250,1,1,23750,23750
"Liverpool",2019,"Liverpool_336000_392000",336000,392000,3,3,13250,3650
"Liverpool",2019,"Liverpool_336000_392250",336000,392250,17,17,53600,2750
"Liverpool",2019,"Liverpool_336000_392500",336000,392500,1,1,2475,2475
"Liverpool",2019,"Liverpool_336000_392750",336000,392750,6,6,25650,3775
"Liverpool",2019,"Liverpool_336000_393000",336000,393000,11,8,29075,2650
"Liverpool",2019,"Liverpool_336000_393250",336000,393250,1,1,27500,27500
"Liverpool",2019,"Liverpool_336000_393750",336000,393750,2,2,42800,21400
"Liverpool",2019,"Liverpool_336000_394000",336000,394000,1,1,1500,1500
"Liverpool",2019,"Liverpool_336000_394250",336000,394250,1,1,1875,1875
"Liverpool",2019,"Liverpool_336000_394500",336000,394500,4,4,13125,2275
"Liverpool",2019,"Liverpool_336000_394750",336000,394750,1,1,0,0
"Liverpool",2019,"Liverpool_336000_395250",336000,395250,5,3,1965400,28000
"Liverpool",2019,"Liverpool_336000_395500",336000,395500,30,28,97975,3600
"Liverpool",2019,"Liverpool_336000_395750",336000,395750,16,16,198320,10300
"Liverpool",2019,"Liverpool_336000_396000",336000,396000,2,2,79600,39800
"Liverpool",2019,"Liverpool_336000_396250",336000,396250,21,21,122150,5400
"Liverpool",2019,"Liverpool_336000_396500",336000,396500,19,19,78100,3200
"Liverpool",2019,"Liverpool_336000_396750",336000,396750,3,2,6470,3235
"Liverpool",2019,"Liverpool_336250_387250",336250,387250,5,5,12950,2425
"Liverpool",2019,"Liverpool_336250_387500",336250,387500,1,1,26250,26250
"Liverpool",2019,"Liverpool_336250_388000",336250,388000,1,1,6250,6250
"Liverpool",2019,"Liverpool_336250_388250",336250,388250,6,5,15050,2900
"Liverpool",2019,"Liverpool_336250_388750",336250,388750,8,8,31650,3275
"Liverpool",2019,"Liverpool_336250_389000",336250,389000,10,10,39700,3350
"Liverpool",2019,"Liverpool_336250_390250",336250,390250,1,0,NA,NA
"Liverpool",2019,"Liverpool_336250_390500",336250,390500,2,2,4750,2375
"Liverpool",2019,"Liverpool_336250_390750",336250,390750,14,14,38875,2412.5
"Liverpool",2019,"Liverpool_336250_391000",336250,391000,3,3,14450,5100
"Liverpool",2019,"Liverpool_336250_391250",336250,391250,2,2,22350,11175
"Liverpool",2019,"Liverpool_336250_391500",336250,391500,1,1,4200,4200
"Liverpool",2019,"Liverpool_336250_392000",336250,392000,65,65,1642075,6375
"Liverpool",2019,"Liverpool_336250_392250",336250,392250,4,4,14975,3325
"Liverpool",2019,"Liverpool_336250_392500",336250,392500,30,29,90150,2300
"Liverpool",2019,"Liverpool_336250_392750",336250,392750,12,12,202000,5000
"Liverpool",2019,"Liverpool_336250_394250",336250,394250,1,1,1750,1750
"Liverpool",2019,"Liverpool_336250_394500",336250,394500,27,26,109225,3775
"Liverpool",2019,"Liverpool_336250_395500",336250,395500,2,2,7000,3500
"Liverpool",2019,"Liverpool_336250_396250",336250,396250,6,5,33200,5900
"Liverpool",2019,"Liverpool_336250_396500",336250,396500,58,55,703200,8100
"Liverpool",2019,"Liverpool_336250_396750",336250,396750,37,35,319000,7300
"Liverpool",2019,"Liverpool_336500_387250",336500,387250,22,20,125900,5150
"Liverpool",2019,"Liverpool_336500_387500",336500,387500,2,2,113500,56750
"Liverpool",2019,"Liverpool_336500_389000",336500,389000,1,1,3050,3050
"Liverpool",2019,"Liverpool_336500_389250",336500,389250,5,4,23300,5950
"Liverpool",2019,"Liverpool_336500_390000",336500,390000,5,5,257550,7000
"Liverpool",2019,"Liverpool_336500_390250",336500,390250,13,13,1024250,9800
"Liverpool",2019,"Liverpool_336500_390750",336500,390750,6,6,28100,4525
"Liverpool",2019,"Liverpool_336500_391250",336500,391250,2,2,8300,4150
"Liverpool",2019,"Liverpool_336500_391500",336500,391500,5,4,35100,9500
"Liverpool",2019,"Liverpool_336500_392000",336500,392000,2,2,9250,4625
"Liverpool",2019,"Liverpool_336500_392250",336500,392250,58,57,270985,3750
"Liverpool",2019,"Liverpool_336500_392500",336500,392500,2,2,4875,2437.5
"Liverpool",2019,"Liverpool_336500_392750",336500,392750,6,6,19450,3050
"Liverpool",2019,"Liverpool_336500_394250",336500,394250,7,6,35850,5250
"Liverpool",2019,"Liverpool_336500_394500",336500,394500,1,1,3150,3150
"Liverpool",2019,"Liverpool_336500_395500",336500,395500,1,1,2250,2250
"Liverpool",2019,"Liverpool_336500_396750",336500,396750,39,39,324450,4950
"Liverpool",2019,"Liverpool_336500_397000",336500,397000,2,2,13150,6575
"Liverpool",2019,"Liverpool_336500_397250",336500,397250,15,15,57500,3850
"Liverpool",2019,"Liverpool_336500_397500",336500,397500,20,20,114125,3750
"Liverpool",2019,"Liverpool_336750_387000",336750,387000,1,1,6750,6750
"Liverpool",2019,"Liverpool_336750_387250",336750,387250,40,38,234500,5700
"Liverpool",2019,"Liverpool_336750_388750",336750,388750,16,16,53500,3100
"Liverpool",2019,"Liverpool_336750_389000",336750,389000,46,46,211300,3350
"Liverpool",2019,"Liverpool_336750_389250",336750,389250,10,9,62450,5300
"Liverpool",2019,"Liverpool_336750_389500",336750,389500,6,6,33550,5700
"Liverpool",2019,"Liverpool_336750_390000",336750,390000,8,6,40600,6725
"Liverpool",2019,"Liverpool_336750_390500",336750,390500,2,2,62050,31025
"Liverpool",2019,"Liverpool_336750_390750",336750,390750,5,5,29100,6500
"Liverpool",2019,"Liverpool_336750_391000",336750,391000,33,32,119125,3375
"Liverpool",2019,"Liverpool_336750_391250",336750,391250,10,9,38150,4900
"Liverpool",2019,"Liverpool_336750_391500",336750,391500,3,1,2100,2100
"Liverpool",2019,"Liverpool_336750_392000",336750,392000,2,2,13800,6900
"Liverpool",2019,"Liverpool_336750_392250",336750,392250,1,1,3350,3350
"Liverpool",2019,"Liverpool_336750_392500",336750,392500,30,30,161700,3550
"Liverpool",2019,"Liverpool_336750_392750",336750,392750,27,24,148375,4400
"Liverpool",2019,"Liverpool_336750_393000",336750,393000,26,25,132250,4500
"Liverpool",2019,"Liverpool_336750_393500",336750,393500,25,25,138875,3900
"Liverpool",2019,"Liverpool_336750_394000",336750,394000,3,3,9725,1725
"Liverpool",2019,"Liverpool_336750_394250",336750,394250,19,18,83000,3875
"Liverpool",2019,"Liverpool_336750_394500",336750,394500,6,6,23950,4300
"Liverpool",2019,"Liverpool_336750_396250",336750,396250,5,5,80750,13500
"Liverpool",2019,"Liverpool_336750_396750",336750,396750,16,16,74200,3400
"Liverpool",2019,"Liverpool_336750_397000",336750,397000,1,1,4850,4850
"Liverpool",2019,"Liverpool_336750_397250",336750,397250,1,1,1800,1800
"Liverpool",2019,"Liverpool_336750_397500",336750,397500,1,1,14750,14750
"Liverpool",2019,"Liverpool_337000_387000",337000,387000,16,14,249400,7650
"Liverpool",2019,"Liverpool_337000_387250",337000,387250,15,15,247700,13500
"Liverpool",2019,"Liverpool_337000_387500",337000,387500,29,28,345900,8700
"Liverpool",2019,"Liverpool_337000_388500",337000,388500,1,1,2800,2800
"Liverpool",2019,"Liverpool_337000_388750",337000,388750,2,2,19350,9675
"Liverpool",2019,"Liverpool_337000_389250",337000,389250,19,19,110700,4150
"Liverpool",2019,"Liverpool_337000_389500",337000,389500,1,1,15000,15000
"Liverpool",2019,"Liverpool_337000_389750",337000,389750,2,2,18100,9050
"Liverpool",2019,"Liverpool_337000_390000",337000,390000,4,4,65550,9550
"Liverpool",2019,"Liverpool_337000_390250",337000,390250,4,4,14200,3700
"Liverpool",2019,"Liverpool_337000_390500",337000,390500,22,20,81500,3675
"Liverpool",2019,"Liverpool_337000_390750",337000,390750,12,11,428200,6100
"Liverpool",2019,"Liverpool_337000_391000",337000,391000,22,19,129550,5000
"Liverpool",2019,"Liverpool_337000_391250",337000,391250,3,3,14650,2900
"Liverpool",2019,"Liverpool_337000_391500",337000,391500,7,7,21425,2800
"Liverpool",2019,"Liverpool_337000_392000",337000,392000,9,9,220750,6300
"Liverpool",2019,"Liverpool_337000_392500",337000,392500,1,1,1800,1800
"Liverpool",2019,"Liverpool_337000_392750",337000,392750,27,26,279200,7725
"Liverpool",2019,"Liverpool_337000_396250",337000,396250,6,3,51500,18500
"Liverpool",2019,"Liverpool_337000_396750",337000,396750,1,0,NA,NA
"Liverpool",2019,"Liverpool_337000_397000",337000,397000,22,22,112950,3950
"Liverpool",2019,"Liverpool_337000_397500",337000,397500,2,2,8350,4175
"Liverpool",2019,"Liverpool_337250_387500",337250,387500,16,16,271000,14500
"Liverpool",2019,"Liverpool_337250_389000",337250,389000,12,11,35850,2800
"Liverpool",2019,"Liverpool_337250_389250",337250,389250,14,14,69600,4250
"Liverpool",2019,"Liverpool_337250_389500",337250,389500,2,2,22150,11075
"Liverpool",2019,"Liverpool_337250_390500",337250,390500,1,1,3750,3750
"Liverpool",2019,"Liverpool_337250_391000",337250,391000,33,29,325700,7000
"Liverpool",2019,"Liverpool_337250_392000",337250,392000,24,21,81050,3850
"Liverpool",2019,"Liverpool_337250_392250",337250,392250,12,11,28375,2100
"Liverpool",2019,"Liverpool_337250_392750",337250,392750,6,6,49350,5550
"Liverpool",2019,"Liverpool_337250_393000",337250,393000,3,3,20900,4350
"Liverpool",2019,"Liverpool_337250_393750",337250,393750,11,11,77125,4850
"Liverpool",2019,"Liverpool_337250_394750",337250,394750,1,1,850,850
"Liverpool",2019,"Liverpool_337250_395250",337250,395250,4,4,448750,40125
"Liverpool",2019,"Liverpool_337250_395750",337250,395750,3,3,20050,7700
"Liverpool",2019,"Liverpool_337250_396000",337250,396000,2,2,39050,19525
"Liverpool",2019,"Liverpool_337250_396500",337250,396500,4,3,113500,30500
"Liverpool",2019,"Liverpool_337250_397000",337250,397000,7,7,23150,3350
"Liverpool",2019,"Liverpool_337500_386250",337500,386250,1,1,10250,10250
"Liverpool",2019,"Liverpool_337500_386750",337500,386750,15,15,91850,6200
"Liverpool",2019,"Liverpool_337500_389000",337500,389000,10,10,60250,3550
"Liverpool",2019,"Liverpool_337500_389250",337500,389250,6,6,30900,4425
"Liverpool",2019,"Liverpool_337500_389500",337500,389500,1,1,2200,2200
"Liverpool",2019,"Liverpool_337500_390250",337500,390250,12,11,65450,5700
"Liverpool",2019,"Liverpool_337500_391000",337500,391000,39,36,154075,3425
"Liverpool",2019,"Liverpool_337500_392000",337500,392000,9,9,53650,4650
"Liverpool",2019,"Liverpool_337500_392250",337500,392250,11,9,38500,4100
"Liverpool",2019,"Liverpool_337500_393250",337500,393250,1,1,850,850
"Liverpool",2019,"Liverpool_337500_393750",337500,393750,2,1,4700,4700
"Liverpool",2019,"Liverpool_337500_394250",337500,394250,2,2,2183000,1091500
"Liverpool",2019,"Liverpool_337500_394750",337500,394750,1,1,11000,11000
"Liverpool",2019,"Liverpool_337500_395250",337500,395250,7,7,38510,4100
"Liverpool",2019,"Liverpool_337500_396250",337500,396250,1,1,5500,5500
"Liverpool",2019,"Liverpool_337500_397250",337500,397250,15,15,296425,4000
"Liverpool",2019,"Liverpool_337750_386500",337750,386500,11,11,81950,6400
"Liverpool",2019,"Liverpool_337750_386750",337750,386750,13,13,104550,7000
"Liverpool",2019,"Liverpool_337750_388750",337750,388750,7,7,129900,14250
"Liverpool",2019,"Liverpool_337750_389000",337750,389000,5,4,206550,21575
"Liverpool",2019,"Liverpool_337750_389250",337750,389250,48,48,187325,3200
"Liverpool",2019,"Liverpool_337750_389500",337750,389500,3,3,12200,4150
"Liverpool",2019,"Liverpool_337750_389750",337750,389750,6,6,31350,4075
"Liverpool",2019,"Liverpool_337750_390500",337750,390500,3,3,93750,15750
"Liverpool",2019,"Liverpool_337750_391000",337750,391000,16,14,203425,5350
"Liverpool",2019,"Liverpool_337750_392250",337750,392250,19,18,152075,5900
"Liverpool",2019,"Liverpool_337750_392500",337750,392500,1,1,5550,5550
"Liverpool",2019,"Liverpool_337750_393250",337750,393250,11,11,56775,4500
"Liverpool",2019,"Liverpool_337750_393500",337750,393500,7,7,38225,3650
"Liverpool",2019,"Liverpool_337750_393750",337750,393750,4,3,105150,10250
"Liverpool",2019,"Liverpool_337750_394250",337750,394250,1,1,2850,2850
"Liverpool",2019,"Liverpool_337750_395000",337750,395000,8,8,52050,5850
"Liverpool",2019,"Liverpool_337750_395250",337750,395250,1,1,7500,7500
"Liverpool",2019,"Liverpool_337750_395500",337750,395500,1,1,2050,2050
"Liverpool",2019,"Liverpool_337750_397250",337750,397250,13,12,407750,5725
"Liverpool",2019,"Liverpool_338000_385500",338000,385500,2,2,121100,60550
"Liverpool",2019,"Liverpool_338000_386250",338000,386250,9,9,61500,6300
"Liverpool",2019,"Liverpool_338000_386500",338000,386500,14,14,82400,6150
"Liverpool",2019,"Liverpool_338000_386750",338000,386750,6,6,32945,5900
"Liverpool",2019,"Liverpool_338000_387000",338000,387000,1,1,21250,21250
"Liverpool",2019,"Liverpool_338000_388500",338000,388500,68,68,2106200,6200
"Liverpool",2019,"Liverpool_338000_389000",338000,389000,5,5,21550,4950
"Liverpool",2019,"Liverpool_338000_389250",338000,389250,6,6,32700,3375
"Liverpool",2019,"Liverpool_338000_389500",338000,389500,9,9,38650,3700
"Liverpool",2019,"Liverpool_338000_389750",338000,389750,3,3,15950,3450
"Liverpool",2019,"Liverpool_338000_390250",338000,390250,1,1,15750,15750
"Liverpool",2019,"Liverpool_338000_390500",338000,390500,2,2,467100,233550
"Liverpool",2019,"Liverpool_338000_390750",338000,390750,4,4,93100,22825
"Liverpool",2019,"Liverpool_338000_391000",338000,391000,3,3,12050,3650
"Liverpool",2019,"Liverpool_338000_392250",338000,392250,55,49,475050,7800
"Liverpool",2019,"Liverpool_338000_392500",338000,392500,5,5,24300,4900
"Liverpool",2019,"Liverpool_338000_392750",338000,392750,2,2,8500,4250
"Liverpool",2019,"Liverpool_338000_393000",338000,393000,6,6,24025,2425
"Liverpool",2019,"Liverpool_338000_393250",338000,393250,11,10,117825,3200
"Liverpool",2019,"Liverpool_338000_394000",338000,394000,4,4,36250,8850
"Liverpool",2019,"Liverpool_338000_394250",338000,394250,3,3,34800,7800
"Liverpool",2019,"Liverpool_338000_395250",338000,395250,2,2,79000,39500
"Liverpool",2019,"Liverpool_338250_386000",338250,386000,7,7,72750,9100
"Liverpool",2019,"Liverpool_338250_388250",338250,388250,8,8,50600,5750
"Liverpool",2019,"Liverpool_338250_388500",338250,388500,24,23,250250,9300
"Liverpool",2019,"Liverpool_338250_389000",338250,389000,1,1,2275,2275
"Liverpool",2019,"Liverpool_338250_389250",338250,389250,13,13,66340,5800
"Liverpool",2019,"Liverpool_338250_389500",338250,389500,35,34,205750,4650
"Liverpool",2019,"Liverpool_338250_390500",338250,390500,3,3,132600,58000
"Liverpool",2019,"Liverpool_338250_390750",338250,390750,14,13,85350,5100
"Liverpool",2019,"Liverpool_338250_391750",338250,391750,2,1,6400,6400
"Liverpool",2019,"Liverpool_338250_392000",338250,392000,6,6,24875,3300
"Liverpool",2019,"Liverpool_338250_392250",338250,392250,23,20,386350,8150
"Liverpool",2019,"Liverpool_338250_392500",338250,392500,9,8,28600,3125
"Liverpool",2019,"Liverpool_338250_392750",338250,392750,7,7,24425,2850
"Liverpool",2019,"Liverpool_338250_393250",338250,393250,9,8,62400,6950
"Liverpool",2019,"Liverpool_338250_394000",338250,394000,36,35,778200,12000
"Liverpool",2019,"Liverpool_338250_394250",338250,394250,31,30,551350,15250
"Liverpool",2019,"Liverpool_338250_395500",338250,395500,9,5,27900,3800
"Liverpool",2019,"Liverpool_338250_397250",338250,397250,23,21,233575,10750
"Liverpool",2019,"Liverpool_338500_385750",338500,385750,8,7,56450,7400
"Liverpool",2019,"Liverpool_338500_388250",338500,388250,25,24,311750,7750
"Liverpool",2019,"Liverpool_338500_388500",338500,388500,20,20,313200,6600
"Liverpool",2019,"Liverpool_338500_389500",338500,389500,33,30,218975,5050
"Liverpool",2019,"Liverpool_338500_390000",338500,390000,7,7,42425,5200
"Liverpool",2019,"Liverpool_338500_390500",338500,390500,28,25,6228000,232000
"Liverpool",2019,"Liverpool_338500_390750",338500,390750,2,2,344500,172250
"Liverpool",2019,"Liverpool_338500_391000",338500,391000,6,0,NA,NA
"Liverpool",2019,"Liverpool_338500_391250",338500,391250,45,42,158900,2412.5
"Liverpool",2019,"Liverpool_338500_391750",338500,391750,14,12,64450,3550
"Liverpool",2019,"Liverpool_338500_392000",338500,392000,3,3,10800,3250
"Liverpool",2019,"Liverpool_338500_393250",338500,393250,13,13,99700,6700
"Liverpool",2019,"Liverpool_338500_394000",338500,394000,9,9,185050,14750
"Liverpool",2019,"Liverpool_338500_394250",338500,394250,8,7,464500,24750
"Liverpool",2019,"Liverpool_338750_385500",338750,385500,1,1,5500,5500
"Liverpool",2019,"Liverpool_338750_388000",338750,388000,16,15,108850,5200
"Liverpool",2019,"Liverpool_338750_388250",338750,388250,24,24,197250,5550
"Liverpool",2019,"Liverpool_338750_388500",338750,388500,10,9,117700,5600
"Liverpool",2019,"Liverpool_338750_389500",338750,389500,32,31,325850,8300
"Liverpool",2019,"Liverpool_338750_390250",338750,390250,14,4,6750,1512.5
"Liverpool",2019,"Liverpool_338750_390500",338750,390500,3,3,7600,2900
"Liverpool",2019,"Liverpool_338750_390750",338750,390750,1,1,82500,82500
"Liverpool",2019,"Liverpool_338750_391000",338750,391000,1,1,1875,1875
"Liverpool",2019,"Liverpool_338750_391250",338750,391250,33,30,202750,5200
"Liverpool",2019,"Liverpool_338750_391500",338750,391500,16,16,102525,6700
"Liverpool",2019,"Liverpool_338750_392000",338750,392000,1,1,4300,4300
"Liverpool",2019,"Liverpool_338750_393250",338750,393250,8,8,55200,5325
"Liverpool",2019,"Liverpool_338750_394750",338750,394750,3,3,13100,3900
"Liverpool",2019,"Liverpool_338750_395750",338750,395750,1,1,3950,3950
"Liverpool",2019,"Liverpool_338750_397250",338750,397250,8,8,45500,5650
"Liverpool",2019,"Liverpool_339000_385500",339000,385500,12,12,180550,4325
"Liverpool",2019,"Liverpool_339000_385750",339000,385750,1,1,13500,13500
"Liverpool",2019,"Liverpool_339000_387250",339000,387250,15,15,82150,4800
"Liverpool",2019,"Liverpool_339000_388250",339000,388250,40,34,521425,12625
"Liverpool",2019,"Liverpool_339000_388500",339000,388500,8,8,401250,36500
"Liverpool",2019,"Liverpool_339000_389250",339000,389250,25,25,246100,8150
"Liverpool",2019,"Liverpool_339000_389500",339000,389500,1,1,7100,7100
"Liverpool",2019,"Liverpool_339000_390250",339000,390250,2,2,4875,2437.5
"Liverpool",2019,"Liverpool_339000_390500",339000,390500,5,4,1152000,239000
"Liverpool",2019,"Liverpool_339000_390750",339000,390750,1,1,40750,40750
"Liverpool",2019,"Liverpool_339000_391000",339000,391000,7,7,1473100,6700
"Liverpool",2019,"Liverpool_339000_391250",339000,391250,35,35,241600,5100
"Liverpool",2019,"Liverpool_339000_391500",339000,391500,4,4,30850,6800
"Liverpool",2019,"Liverpool_339000_392250",339000,392250,2,2,12050,6025
"Liverpool",2019,"Liverpool_339000_392500",339000,392500,2,2,464000,232000
"Liverpool",2019,"Liverpool_339000_393250",339000,393250,4,4,22150,5700
"Liverpool",2019,"Liverpool_339000_393500",339000,393500,2,2,24950,12475
"Liverpool",2019,"Liverpool_339000_394500",339000,394500,1,1,41250,41250
"Liverpool",2019,"Liverpool_339000_394750",339000,394750,20,20,110050,4400
"Liverpool",2019,"Liverpool_339000_395750",339000,395750,4,4,72000,17000
"Liverpool",2019,"Liverpool_339250_384500",339250,384500,1,1,2750,2750
"Liverpool",2019,"Liverpool_339250_385000",339250,385000,14,14,56075,3825
"Liverpool",2019,"Liverpool_339250_386000",339250,386000,14,14,129950,7650
"Liverpool",2019,"Liverpool_339250_387250",339250,387250,25,25,216150,5800
"Liverpool",2019,"Liverpool_339250_387500",339250,387500,1,1,7400,7400
"Liverpool",2019,"Liverpool_339250_387750",339250,387750,8,8,36150,4175
"Liverpool",2019,"Liverpool_339250_388250",339250,388250,55,54,1356850,19750
"Liverpool",2019,"Liverpool_339250_389250",339250,389250,1,1,205000,205000
"Liverpool",2019,"Liverpool_339250_390250",339250,390250,15,15,63400,3700
"Liverpool",2019,"Liverpool_339250_390500",339250,390500,1,1,131000,131000
"Liverpool",2019,"Liverpool_339250_390750",339250,390750,2,2,125000,62500
"Liverpool",2019,"Liverpool_339250_391000",339250,391000,55,54,1108800,9150
"Liverpool",2019,"Liverpool_339250_391250",339250,391250,20,19,112100,4050
"Liverpool",2019,"Liverpool_339250_391500",339250,391500,23,23,131850,5200
"Liverpool",2019,"Liverpool_339250_391750",339250,391750,13,13,81750,6000
"Liverpool",2019,"Liverpool_339250_392000",339250,392000,10,10,209475,8550
"Liverpool",2019,"Liverpool_339250_392500",339250,392500,1,1,7900,7900
"Liverpool",2019,"Liverpool_339250_393250",339250,393250,2,1,5200,5200
"Liverpool",2019,"Liverpool_339250_393500",339250,393500,7,7,76700,5800
"Liverpool",2019,"Liverpool_339250_393750",339250,393750,27,26,169325,6100
"Liverpool",2019,"Liverpool_339250_395000",339250,395000,2,2,27150,13575
"Liverpool",2019,"Liverpool_339250_396000",339250,396000,1,1,105250,105250
"Liverpool",2019,"Liverpool_339500_384750",339500,384750,8,8,32950,3500
"Liverpool",2019,"Liverpool_339500_385000",339500,385000,13,13,358800,3500
"Liverpool",2019,"Liverpool_339500_385250",339500,385250,10,10,60950,4725
"Liverpool",2019,"Liverpool_339500_386000",339500,386000,1,1,2150,2150
"Liverpool",2019,"Liverpool_339500_386250",339500,386250,14,12,103200,8550
"Liverpool",2019,"Liverpool_339500_387500",339500,387500,5,5,22500,4350
"Liverpool",2019,"Liverpool_339500_387750",339500,387750,11,10,271500,20125
"Liverpool",2019,"Liverpool_339500_388000",339500,388000,66,66,1391110,16375
"Liverpool",2019,"Liverpool_339500_388750",339500,388750,13,13,108650,6300
"Liverpool",2019,"Liverpool_339500_389000",339500,389000,1,1,2900,2900
"Liverpool",2019,"Liverpool_339500_390000",339500,390000,5,5,26700,4600
"Liverpool",2019,"Liverpool_339500_390750",339500,390750,2,2,9950,4975
"Liverpool",2019,"Liverpool_339500_391000",339500,391000,51,51,1290150,20000
"Liverpool",2019,"Liverpool_339500_391250",339500,391250,14,13,376850,12500
"Liverpool",2019,"Liverpool_339500_392750",339500,392750,8,7,54250,6500
"Liverpool",2019,"Liverpool_339500_393000",339500,393000,21,21,452600,9400
"Liverpool",2019,"Liverpool_339500_393250",339500,393250,20,20,293000,7950
"Liverpool",2019,"Liverpool_339500_394000",339500,394000,5,5,26850,4500
"Liverpool",2019,"Liverpool_339500_394750",339500,394750,11,11,133350,5100
"Liverpool",2019,"Liverpool_339500_395000",339500,395000,1,1,209000,209000
"Liverpool",2019,"Liverpool_339500_395750",339500,395750,6,6,391250,63625
"Liverpool",2019,"Liverpool_339750_384750",339750,384750,4,4,140675,2900
"Liverpool",2019,"Liverpool_339750_385000",339750,385000,1,1,1750,1750
"Liverpool",2019,"Liverpool_339750_385250",339750,385250,4,4,9975,2550
"Liverpool",2019,"Liverpool_339750_386250",339750,386250,1,1,55500,55500
"Liverpool",2019,"Liverpool_339750_386500",339750,386500,4,3,122100,15000
"Liverpool",2019,"Liverpool_339750_387000",339750,387000,7,7,46500,5000
"Liverpool",2019,"Liverpool_339750_387750",339750,387750,10,10,190600,15625
"Liverpool",2019,"Liverpool_339750_388000",339750,388000,3,3,23300,7600
"Liverpool",2019,"Liverpool_339750_390500",339750,390500,1,1,4150,4150
"Liverpool",2019,"Liverpool_339750_391000",339750,391000,10,9,132450,3850
"Liverpool",2019,"Liverpool_339750_391250",339750,391250,1,1,92000,92000
"Liverpool",2019,"Liverpool_339750_392750",339750,392750,7,7,47750,7000
"Liverpool",2019,"Liverpool_339750_395000",339750,395000,1,1,11150,11150
"Liverpool",2019,"Liverpool_340000_383500",340000,383500,13,13,55655,3750
"Liverpool",2019,"Liverpool_340000_384000",340000,384000,1,1,3500,3500
"Liverpool",2019,"Liverpool_340000_384250",340000,384250,1,1,2425,2425
"Liverpool",2019,"Liverpool_340000_384500",340000,384500,31,30,176425,4975
"Liverpool",2019,"Liverpool_340000_385000",340000,385000,3,2,20200,10100
"Liverpool",2019,"Liverpool_340000_385500",340000,385500,11,10,54400,5300
"Liverpool",2019,"Liverpool_340000_385750",340000,385750,2,2,5550,2775
"Liverpool",2019,"Liverpool_340000_386250",340000,386250,4,4,33300,8150
"Liverpool",2019,"Liverpool_340000_386500",340000,386500,7,5,1773400,10750
"Liverpool",2019,"Liverpool_340000_388500",340000,388500,8,7,145300,14000
"Liverpool",2019,"Liverpool_340000_389750",340000,389750,2,2,6250,3125
"Liverpool",2019,"Liverpool_340000_390000",340000,390000,1,1,2250,2250
"Liverpool",2019,"Liverpool_340000_390250",340000,390250,17,14,138700,7450
"Liverpool",2019,"Liverpool_340000_390500",340000,390500,2,2,14600,7300
"Liverpool",2019,"Liverpool_340000_391250",340000,391250,11,11,86400,7200
"Liverpool",2019,"Liverpool_340000_392500",340000,392500,17,17,103300,5100
"Liverpool",2019,"Liverpool_340000_392750",340000,392750,13,13,81200,5900
"Liverpool",2019,"Liverpool_340000_395000",340000,395000,9,9,44175,4150
"Liverpool",2019,"Liverpool_340000_395250",340000,395250,11,6,53250,7550
"Liverpool",2019,"Liverpool_340250_383750",340250,383750,4,4,14075,2337.5
"Liverpool",2019,"Liverpool_340250_384000",340250,384000,1,1,4900,4900
"Liverpool",2019,"Liverpool_340250_384250",340250,384250,34,33,413200,4600
"Liverpool",2019,"Liverpool_340250_384500",340250,384500,39,37,174725,4050
"Liverpool",2019,"Liverpool_340250_384750",340250,384750,2,2,13750,6875
"Liverpool",2019,"Liverpool_340250_385750",340250,385750,7,7,49300,6300
"Liverpool",2019,"Liverpool_340250_388500",340250,388500,13,13,107900,7700
"Liverpool",2019,"Liverpool_340250_388750",340250,388750,2,2,8300,4150
"Liverpool",2019,"Liverpool_340250_389000",340250,389000,6,6,55200,7700
"Liverpool",2019,"Liverpool_340250_389250",340250,389250,20,19,339000,9100
"Liverpool",2019,"Liverpool_340250_390000",340250,390000,6,6,31400,5350
"Liverpool",2019,"Liverpool_340250_390250",340250,390250,7,6,68175,8200
"Liverpool",2019,"Liverpool_340250_391250",340250,391250,2,2,1658000,829000
"Liverpool",2019,"Liverpool_340250_391500",340250,391500,2,2,22600,11300
"Liverpool",2019,"Liverpool_340250_391750",340250,391750,3,3,170000,74500
"Liverpool",2019,"Liverpool_340250_392000",340250,392000,14,13,122400,8900
"Liverpool",2019,"Liverpool_340250_392250",340250,392250,1,1,21250,21250
"Liverpool",2019,"Liverpool_340250_392500",340250,392500,2,2,113000,56500
"Liverpool",2019,"Liverpool_340250_392750",340250,392750,9,9,72800,8300
"Liverpool",2019,"Liverpool_340250_395750",340250,395750,1,1,8800,8800
"Liverpool",2019,"Liverpool_340500_383500",340500,383500,1,1,1475,1475
"Liverpool",2019,"Liverpool_340500_383750",340500,383750,1,1,1000,1000
"Liverpool",2019,"Liverpool_340500_384250",340500,384250,20,19,330100,10000
"Liverpool",2019,"Liverpool_340500_384500",340500,384500,2,2,304300,152150
"Liverpool",2019,"Liverpool_340500_384750",340500,384750,12,11,58050,5100
"Liverpool",2019,"Liverpool_340500_385000",340500,385000,3,3,14700,5200
"Liverpool",2019,"Liverpool_340500_385750",340500,385750,7,7,43150,6200
"Liverpool",2019,"Liverpool_340500_387500",340500,387500,1,1,9000,9000
"Liverpool",2019,"Liverpool_340500_388750",340500,388750,5,5,34550,7500
"Liverpool",2019,"Liverpool_340500_389000",340500,389000,5,4,39950,8650
"Liverpool",2019,"Liverpool_340500_389250",340500,389250,8,7,66000,7800
"Liverpool",2019,"Liverpool_340500_390250",340500,390250,5,5,28000,4200
"Liverpool",2019,"Liverpool_340500_391500",340500,391500,13,12,77050,4075
"Liverpool",2019,"Liverpool_340500_391750",340500,391750,6,6,55575,9600
"Liverpool",2019,"Liverpool_340500_392000",340500,392000,4,4,29300,7250
"Liverpool",2019,"Liverpool_340500_393000",340500,393000,1,1,19750,19750
"Liverpool",2019,"Liverpool_340500_395750",340500,395750,14,14,72450,4550
"Liverpool",2019,"Liverpool_340500_396750",340500,396750,4,3,910000,193000
"Liverpool",2019,"Liverpool_340750_383500",340750,383500,2,2,4650,2325
"Liverpool",2019,"Liverpool_340750_388750",340750,388750,14,14,125200,8400
"Liverpool",2019,"Liverpool_340750_389000",340750,389000,7,7,52000,7400
"Liverpool",2019,"Liverpool_340750_389750",340750,389750,2,2,14600,7300
"Liverpool",2019,"Liverpool_340750_390000",340750,390000,1,1,90000,90000
"Liverpool",2019,"Liverpool_340750_391000",340750,391000,3,3,19500,4050
"Liverpool",2019,"Liverpool_340750_391500",340750,391500,27,25,178100,5400
"Liverpool",2019,"Liverpool_340750_392250",340750,392250,6,6,93050,11250
"Liverpool",2019,"Liverpool_340750_396250",340750,396250,3,3,15550,4800
"Liverpool",2019,"Liverpool_341000_385000",341000,385000,1,1,3600,3600
"Liverpool",2019,"Liverpool_341000_389000",341000,389000,2,2,29000,14500
"Liverpool",2019,"Liverpool_341000_389500",341000,389500,12,10,58275,4050
"Liverpool",2019,"Liverpool_341000_390250",341000,390250,2,2,7850,3925
"Liverpool",2019,"Liverpool_341000_391750",341000,391750,3,3,386500,71000
"Liverpool",2019,"Liverpool_341000_393500",341000,393500,10,9,1125400,12000
"Liverpool",2019,"Liverpool_341250_383750",341250,383750,3,2,198000,99000
"Liverpool",2019,"Liverpool_341250_384000",341250,384000,3,3,7300,2550
"Liverpool",2019,"Liverpool_341250_389750",341250,389750,2,2,10150,5075
"Liverpool",2019,"Liverpool_341250_390000",341250,390000,2,2,12900,6450
"Liverpool",2019,"Liverpool_341250_390250",341250,390250,1,1,5700,5700
"Liverpool",2019,"Liverpool_341250_393250",341250,393250,1,0,NA,NA
"Liverpool",2019,"Liverpool_341500_384000",341500,384000,45,41,14276200,262500
"Liverpool",2019,"Liverpool_341500_386750",341500,386750,1,1,19500,19500
"Liverpool",2019,"Liverpool_341500_389000",341500,389000,1,1,1e+05,1e+05
"Liverpool",2019,"Liverpool_341500_391500",341500,391500,2,2,18500,9250
"Liverpool",2019,"Liverpool_341500_391750",341500,391750,2,2,47650,23825
"Liverpool",2019,"Liverpool_341500_393250",341500,393250,10,10,38600,3850
"Liverpool",2019,"Liverpool_341500_395000",341500,395000,8,7,76550,8800
"Liverpool",2019,"Liverpool_341750_386250",341750,386250,4,1,11750,11750
"Liverpool",2019,"Liverpool_341750_386750",341750,386750,5,5,39950,4200
"Liverpool",2019,"Liverpool_341750_387000",341750,387000,4,4,13250,4275
"Liverpool",2019,"Liverpool_341750_391250",341750,391250,1,1,5500,5500
"Liverpool",2019,"Liverpool_341750_391500",341750,391500,13,13,108350,8100
"Liverpool",2019,"Liverpool_341750_391750",341750,391750,15,14,120300,7900
"Liverpool",2019,"Liverpool_341750_392500",341750,392500,9,9,51150,4750
"Liverpool",2019,"Liverpool_341750_392750",341750,392750,3,2,38250,19125
"Liverpool",2019,"Liverpool_341750_393500",341750,393500,2,1,1450,1450
"Liverpool",2019,"Liverpool_342000_382500",342000,382500,1,1,3250,3250
"Liverpool",2019,"Liverpool_342000_383500",342000,383500,459,459,111617,186
"Liverpool",2019,"Liverpool_342000_384250",342000,384250,1,1,9300,9300
"Liverpool",2019,"Liverpool_342000_384500",342000,384500,3,2,72700,36350
"Liverpool",2019,"Liverpool_342000_385250",342000,385250,1,1,89500,89500
"Liverpool",2019,"Liverpool_342000_386250",342000,386250,1,1,13750,13750
"Liverpool",2019,"Liverpool_342000_386500",342000,386500,5,4,664250,23875
"Liverpool",2019,"Liverpool_342000_388250",342000,388250,1,1,18000,18000
"Liverpool",2019,"Liverpool_342000_388500",342000,388500,7,7,396250,21500
"Liverpool",2019,"Liverpool_342000_389000",342000,389000,5,5,32600,6100
"Liverpool",2019,"Liverpool_342000_389500",342000,389500,1,0,NA,NA
"Liverpool",2019,"Liverpool_342000_391000",342000,391000,9,8,63250,6750
"Liverpool",2019,"Liverpool_342000_391750",342000,391750,1,1,18000,18000
"Liverpool",2019,"Liverpool_342000_392500",342000,392500,8,8,82150,5150
"Liverpool",2019,"Liverpool_342250_384250",342250,384250,1,1,4350,4350
"Liverpool",2019,"Liverpool_342250_384500",342250,384500,1,1,125000,125000
"Liverpool",2019,"Liverpool_342250_384750",342250,384750,32,31,3628000,18000
"Liverpool",2019,"Liverpool_342250_386500",342250,386500,40,34,365250,9450
"Liverpool",2019,"Liverpool_342250_386750",342250,386750,38,37,1464350,9400
"Liverpool",2019,"Liverpool_342250_391500",342250,391500,2,2,24500,12250
"Liverpool",2019,"Liverpool_342500_383000",342500,383000,30,29,117400,2900
"Liverpool",2019,"Liverpool_342500_383750",342500,383750,2,2,432000,216000
"Liverpool",2019,"Liverpool_342500_384000",342500,384000,2,2,211300,105650
"Liverpool",2019,"Liverpool_342500_384250",342500,384250,1,1,14250,14250
"Liverpool",2019,"Liverpool_342500_385000",342500,385000,1,1,85250,85250
"Liverpool",2019,"Liverpool_342500_386000",342500,386000,1,1,16750,16750
"Liverpool",2019,"Liverpool_342500_386250",342500,386250,1,1,2025,2025
"Liverpool",2019,"Liverpool_342500_386500",342500,386500,2,2,19200,9600
"Liverpool",2019,"Liverpool_342500_387500",342500,387500,6,5,195650,8400
"Liverpool",2019,"Liverpool_342500_387750",342500,387750,9,8,69600,8600
"Liverpool",2019,"Liverpool_342500_388750",342500,388750,1,1,700,700
"Liverpool",2019,"Liverpool_342750_382750",342750,382750,3,3,15950,5300
"Liverpool",2019,"Liverpool_342750_384250",342750,384250,4,4,522100,5125
"Liverpool",2019,"Liverpool_342750_385000",342750,385000,1,1,18250,18250
"Liverpool",2019,"Liverpool_342750_386750",342750,386750,9,9,48850,5300
"Liverpool",2019,"Liverpool_342750_387500",342750,387500,5,5,23150,3300
"Liverpool",2019,"Liverpool_342750_388250",342750,388250,4,2,1465000,732500
"Liverpool",2019,"Liverpool_342750_388500",342750,388500,60,59,1671550,23250
"Liverpool",2019,"Liverpool_343000_383500",343000,383500,10,2,21550,10775
"Liverpool",2019,"Liverpool_343000_384000",343000,384000,1,1,113000,113000
"Liverpool",2019,"Liverpool_343000_384750",343000,384750,11,11,96250,8000
"Liverpool",2019,"Liverpool_343000_385000",343000,385000,12,12,148000,9100
"Liverpool",2019,"Liverpool_343000_385500",343000,385500,1,1,12000,12000
"Liverpool",2019,"Liverpool_343000_386250",343000,386250,9,8,62550,5450
"Liverpool",2019,"Liverpool_343000_387750",343000,387750,1,1,9500,9500
"Liverpool",2019,"Liverpool_343000_388250",343000,388250,7,6,56250,9450
"Liverpool",2019,"Liverpool_343000_388500",343000,388500,1,1,81500,81500
"Liverpool",2019,"Liverpool_343250_382750",343250,382750,6,6,16050,2925
"Liverpool",2019,"Liverpool_343250_383000",343250,383000,3,3,13800,3400
"Liverpool",2019,"Liverpool_343250_384000",343250,384000,2,2,8300,4150
"Liverpool",2019,"Liverpool_343250_385000",343250,385000,5,4,68550,15475
"Liverpool",2019,"Liverpool_343250_385250",343250,385250,1,1,15250,15250
"Liverpool",2019,"Liverpool_343250_386500",343250,386500,3,2,62350,31175
"Liverpool",2019,"Liverpool_343250_388250",343250,388250,2,2,27100,13550
"Liverpool",2019,"Liverpool_343250_388750",343250,388750,2,2,14300,7150
"Liverpool",2019,"Liverpool_343500_382750",343500,382750,1,1,22500,22500
"Liverpool",2019,"Liverpool_343500_384000",343500,384000,25,25,153250,3500
"Liverpool",2019,"Liverpool_344000_382750",344000,382750,6,6,56250,7900
"Liverpool",2019,"Liverpool_344000_383000",344000,383000,1,1,26500,26500
"Liverpool",2019,"Liverpool_344000_383250",344000,383250,16,15,2570500,24750
"Liverpool",2019,"Liverpool_344000_388000",344000,388000,7,6,36050,5275
"Liverpool",2019,"Liverpool_344000_388500",344000,388500,10,10,41400,4575
"Liverpool",2019,"Liverpool_344250_388500",344250,388500,1,0,NA,NA
"Liverpool",2019,"Liverpool_344750_382750",344750,382750,1,1,7800,7800
"Liverpool",2019,"Liverpool_344750_383250",344750,383250,4,4,20950,4675
"Liverpool",2019,"Liverpool_345000_383000",345000,383000,14,14,75850,4550
"Liverpool",2019,"Liverpool_345000_387500",345000,387500,5,5,22600,4650
"Liverpool",2019,"Liverpool_345250_383500",345250,383500,1,1,14500,14500
"Liverpool",2022,"Liverpool_333500_390750",333500,390750,8,8,114875,7900
"Liverpool",2022,"Liverpool_333500_391000",333500,391000,3,2,329300,164650
"Liverpool",2022,"Liverpool_333500_391500",333500,391500,6,4,68250,18875
"Liverpool",2022,"Liverpool_333500_391750",333500,391750,4,4,56850,15875
"Liverpool",2022,"Liverpool_333500_392000",333500,392000,2,2,70000,35000
"Liverpool",2022,"Liverpool_333500_392250",333500,392250,1,1,5300,5300
"Liverpool",2022,"Liverpool_333500_392500",333500,392500,4,4,84500,20875
"Liverpool",2022,"Liverpool_333500_393000",333500,393000,1,1,2750,2750
"Liverpool",2022,"Liverpool_333500_394000",333500,394000,3,3,25600,8500
"Liverpool",2022,"Liverpool_333750_390000",333750,390000,14,14,259660,1412.5
"Liverpool",2022,"Liverpool_333750_390250",333750,390250,65,62,216300,1050
"Liverpool",2022,"Liverpool_333750_390500",333750,390500,4,2,80300,40150
"Liverpool",2022,"Liverpool_333750_390750",333750,390750,6,5,102500,13750
"Liverpool",2022,"Liverpool_333750_391000",333750,391000,1,1,280000,280000
"Liverpool",2022,"Liverpool_333750_391500",333750,391500,11,10,110650,5400
"Liverpool",2022,"Liverpool_333750_391750",333750,391750,15,15,154150,5400
"Liverpool",2022,"Liverpool_333750_392250",333750,392250,3,3,13300,2850
"Liverpool",2022,"Liverpool_333750_392500",333750,392500,6,6,220850,17375
"Liverpool",2022,"Liverpool_333750_392750",333750,392750,3,2,4350,2175
"Liverpool",2022,"Liverpool_333750_393000",333750,393000,5,4,430950,84250
"Liverpool",2022,"Liverpool_333750_393750",333750,393750,2,2,9100,4550
"Liverpool",2022,"Liverpool_333750_394000",333750,394000,10,10,302175,5125
"Liverpool",2022,"Liverpool_334000_389500",334000,389500,49,37,1363325,22500
"Liverpool",2022,"Liverpool_334000_389750",334000,389750,6,5,503250,108000
"Liverpool",2022,"Liverpool_334000_390000",334000,390000,13,10,598400,47250
"Liverpool",2022,"Liverpool_334000_390250",334000,390250,180,112,2748975,4475
"Liverpool",2022,"Liverpool_334000_390500",334000,390500,112,101,1301085,3650
"Liverpool",2022,"Liverpool_334000_390750",334000,390750,16,11,260640,15500
"Liverpool",2022,"Liverpool_334000_391000",334000,391000,1,1,0,0
"Liverpool",2022,"Liverpool_334000_391250",334000,391250,2,1,108000,108000
"Liverpool",2022,"Liverpool_334000_391500",334000,391500,6,4,53800,10275
"Liverpool",2022,"Liverpool_334000_392500",334000,392500,2,2,66250,33125
"Liverpool",2022,"Liverpool_334000_393250",334000,393250,2,2,238000,119000
"Liverpool",2022,"Liverpool_334000_393500",334000,393500,6,3,17700,5500
"Liverpool",2022,"Liverpool_334000_393750",334000,393750,1,1,6700,6700
"Liverpool",2022,"Liverpool_334000_394000",334000,394000,5,5,34300,5900
"Liverpool",2022,"Liverpool_334250_389250",334250,389250,1,1,75000,75000
"Liverpool",2022,"Liverpool_334250_389500",334250,389500,2,2,98000,49000
"Liverpool",2022,"Liverpool_334250_389750",334250,389750,5,5,356000,28000
"Liverpool",2022,"Liverpool_334250_390000",334250,390000,84,72,18311350,201000
"Liverpool",2022,"Liverpool_334250_390250",334250,390250,174,151,7256250,28000
"Liverpool",2022,"Liverpool_334250_390500",334250,390500,117,107,1236685,6200
"Liverpool",2022,"Liverpool_334250_390750",334250,390750,18,15,588900,11750
"Liverpool",2022,"Liverpool_334250_391000",334250,391000,4,3,81250,19000
"Liverpool",2022,"Liverpool_334250_391250",334250,391250,13,11,122825,4950
"Liverpool",2022,"Liverpool_334250_391500",334250,391500,5,4,10525,2487.5
"Liverpool",2022,"Liverpool_334250_391750",334250,391750,1,1,2600,2600
"Liverpool",2022,"Liverpool_334250_392000",334250,392000,1,1,7400,7400
"Liverpool",2022,"Liverpool_334250_392250",334250,392250,2,2,28750,14375
"Liverpool",2022,"Liverpool_334250_392500",334250,392500,1,1,4550,4550
"Liverpool",2022,"Liverpool_334250_393000",334250,393000,1,0,NA,NA
"Liverpool",2022,"Liverpool_334250_393750",334250,393750,12,12,85800,3300
"Liverpool",2022,"Liverpool_334250_394000",334250,394000,1,1,3500,3500
"Liverpool",2022,"Liverpool_334500_388500",334500,388500,1,1,28750,28750
"Liverpool",2022,"Liverpool_334500_388750",334500,388750,55,55,167975,1925
"Liverpool",2022,"Liverpool_334500_389000",334500,389000,2,2,98725,49362.5
"Liverpool",2022,"Liverpool_334500_389250",334500,389250,8,8,336860,16500
"Liverpool",2022,"Liverpool_334500_389500",334500,389500,7,5,38000,7400
"Liverpool",2022,"Liverpool_334500_389750",334500,389750,63,40,889850,8400
"Liverpool",2022,"Liverpool_334500_390000",334500,390000,147,116,18955775,124000
"Liverpool",2022,"Liverpool_334500_390250",334500,390250,174,146,15171150,37875
"Liverpool",2022,"Liverpool_334500_390500",334500,390500,51,39,1285645,19750
"Liverpool",2022,"Liverpool_334500_390750",334500,390750,7,6,130950,14750
"Liverpool",2022,"Liverpool_334500_391000",334500,391000,1,1,9900,9900
"Liverpool",2022,"Liverpool_334500_392000",334500,392000,3,3,15300,5100
"Liverpool",2022,"Liverpool_334500_392250",334500,392250,4,4,17650,4375
"Liverpool",2022,"Liverpool_334500_393000",334500,393000,5,5,19600,3400
"Liverpool",2022,"Liverpool_334500_393250",334500,393250,25,22,95250,3350
"Liverpool",2022,"Liverpool_334500_393500",334500,393500,5,4,10525,2237.5
"Liverpool",2022,"Liverpool_334500_394000",334500,394000,3,2,56500,28250
"Liverpool",2022,"Liverpool_334750_388000",334750,388000,7,7,110900,9800
"Liverpool",2022,"Liverpool_334750_388250",334750,388250,4,1,20250,20250
"Liverpool",2022,"Liverpool_334750_388750",334750,388750,31,30,622000,9700
"Liverpool",2022,"Liverpool_334750_389000",334750,389000,7,6,122500,13000
"Liverpool",2022,"Liverpool_334750_389250",334750,389250,21,18,97460,3400
"Liverpool",2022,"Liverpool_334750_389500",334750,389500,1,1,92500,92500
"Liverpool",2022,"Liverpool_334750_389750",334750,389750,65,59,1656475,17500
"Liverpool",2022,"Liverpool_334750_390000",334750,390000,148,119,9212600,38000
"Liverpool",2022,"Liverpool_334750_390250",334750,390250,346,301,10405960,7400
"Liverpool",2022,"Liverpool_334750_390500",334750,390500,14,13,690250,32500
"Liverpool",2022,"Liverpool_334750_390750",334750,390750,4,3,55550,19250
"Liverpool",2022,"Liverpool_334750_391250",334750,391250,2,0,NA,NA
"Liverpool",2022,"Liverpool_334750_391500",334750,391500,1,1,6100,6100
"Liverpool",2022,"Liverpool_334750_391750",334750,391750,1,1,95000,95000
"Liverpool",2022,"Liverpool_334750_392000",334750,392000,7,5,24375,4400
"Liverpool",2022,"Liverpool_334750_392250",334750,392250,27,25,1802025,25000
"Liverpool",2022,"Liverpool_334750_392500",334750,392500,1,1,2400,2400
"Liverpool",2022,"Liverpool_334750_392750",334750,392750,1,1,4300,4300
"Liverpool",2022,"Liverpool_334750_393000",334750,393000,2,2,7050,3525
"Liverpool",2022,"Liverpool_334750_393250",334750,393250,2,2,4125,2062.5
"Liverpool",2022,"Liverpool_334750_393500",334750,393500,3,3,3525,1400
"Liverpool",2022,"Liverpool_334750_394250",334750,394250,5,5,14500,1900
"Liverpool",2022,"Liverpool_335000_387250",335000,387250,2,0,NA,NA
"Liverpool",2022,"Liverpool_335000_387750",335000,387750,9,6,461750,27375
"Liverpool",2022,"Liverpool_335000_388500",335000,388500,4,4,18550,3700
"Liverpool",2022,"Liverpool_335000_388750",335000,388750,79,55,495525,1875
"Liverpool",2022,"Liverpool_335000_389000",335000,389000,10,9,43035,3000
"Liverpool",2022,"Liverpool_335000_389500",335000,389500,35,35,454650,10000
"Liverpool",2022,"Liverpool_335000_389750",335000,389750,90,84,3016900,26375
"Liverpool",2022,"Liverpool_335000_390000",335000,390000,115,104,2708550,19250
"Liverpool",2022,"Liverpool_335000_390250",335000,390250,24,19,1068350,27500
"Liverpool",2022,"Liverpool_335000_390500",335000,390500,60,50,2121335,11375
"Liverpool",2022,"Liverpool_335000_390750",335000,390750,8,5,91550,13500
"Liverpool",2022,"Liverpool_335000_391000",335000,391000,2,2,53500,26750
"Liverpool",2022,"Liverpool_335000_391500",335000,391500,1,0,NA,NA
"Liverpool",2022,"Liverpool_335000_391750",335000,391750,9,6,39350,3600
"Liverpool",2022,"Liverpool_335000_392000",335000,392000,2,2,406000,203000
"Liverpool",2022,"Liverpool_335000_392250",335000,392250,1,0,NA,NA
"Liverpool",2022,"Liverpool_335000_393000",335000,393000,10,9,56975,3350
"Liverpool",2022,"Liverpool_335000_393500",335000,393500,1,1,4100,4100
"Liverpool",2022,"Liverpool_335000_393750",335000,393750,1,1,3500,3500
"Liverpool",2022,"Liverpool_335000_394000",335000,394000,2,1,6200,6200
"Liverpool",2022,"Liverpool_335000_394250",335000,394250,11,8,61875,4250
"Liverpool",2022,"Liverpool_335250_387250",335250,387250,1,1,132000,132000
"Liverpool",2022,"Liverpool_335250_387500",335250,387500,3,2,85150,42575
"Liverpool",2022,"Liverpool_335250_387750",335250,387750,1,1,5900,5900
"Liverpool",2022,"Liverpool_335250_388250",335250,388250,1,1,1900,1900
"Liverpool",2022,"Liverpool_335250_388500",335250,388500,7,7,42400,5900
"Liverpool",2022,"Liverpool_335250_388750",335250,388750,1,1,0,0
"Liverpool",2022,"Liverpool_335250_389000",335250,389000,2,2,30500,15250
"Liverpool",2022,"Liverpool_335250_389500",335250,389500,6,6,75000,9150
"Liverpool",2022,"Liverpool_335250_389750",335250,389750,61,53,1149950,13000
"Liverpool",2022,"Liverpool_335250_390000",335250,390000,27,22,354150,9925
"Liverpool",2022,"Liverpool_335250_390500",335250,390500,29,23,222760,8000
"Liverpool",2022,"Liverpool_335250_390750",335250,390750,39,32,694550,9650
"Liverpool",2022,"Liverpool_335250_391250",335250,391250,6,3,7525,2600
"Liverpool",2022,"Liverpool_335250_391500",335250,391500,2,2,13550,6775
"Liverpool",2022,"Liverpool_335250_392000",335250,392000,1,1,1475,1475
"Liverpool",2022,"Liverpool_335250_392750",335250,392750,3,3,13275,5100
"Liverpool",2022,"Liverpool_335250_393000",335250,393000,2,2,7250,3625
"Liverpool",2022,"Liverpool_335250_393250",335250,393250,11,10,36825,2925
"Liverpool",2022,"Liverpool_335250_393500",335250,393500,12,11,81400,6100
"Liverpool",2022,"Liverpool_335250_393750",335250,393750,31,28,258475,3725
"Liverpool",2022,"Liverpool_335250_394000",335250,394000,6,5,24150,2075
"Liverpool",2022,"Liverpool_335250_394250",335250,394250,10,9,35725,2850
"Liverpool",2022,"Liverpool_335250_394750",335250,394750,1,1,1625,1625
"Liverpool",2022,"Liverpool_335250_396500",335250,396500,1,1,4200,4200
"Liverpool",2022,"Liverpool_335500_387250",335500,387250,1,1,146000,146000
"Liverpool",2022,"Liverpool_335500_387500",335500,387500,2,1,1200,1200
"Liverpool",2022,"Liverpool_335500_387750",335500,387750,3,2,15050,7525
"Liverpool",2022,"Liverpool_335500_388000",335500,388000,7,7,28250,3300
"Liverpool",2022,"Liverpool_335500_388250",335500,388250,4,4,16075,2925
"Liverpool",2022,"Liverpool_335500_388500",335500,388500,1,1,4300,4300
"Liverpool",2022,"Liverpool_335500_389000",335500,389000,8,7,39100,4800
"Liverpool",2022,"Liverpool_335500_389250",335500,389250,1,1,6100,6100
"Liverpool",2022,"Liverpool_335500_389500",335500,389500,12,11,323000,26000
"Liverpool",2022,"Liverpool_335500_389750",335500,389750,22,20,712900,32625
"Liverpool",2022,"Liverpool_335500_390000",335500,390000,6,4,71700,11425
"Liverpool",2022,"Liverpool_335500_390250",335500,390250,6,5,170000,23000
"Liverpool",2022,"Liverpool_335500_390500",335500,390500,27,22,231050,7150
"Liverpool",2022,"Liverpool_335500_390750",335500,390750,23,18,311300,13000
"Liverpool",2022,"Liverpool_335500_391000",335500,391000,1,0,NA,NA
"Liverpool",2022,"Liverpool_335500_391500",335500,391500,1,1,25750,25750
"Liverpool",2022,"Liverpool_335500_391750",335500,391750,1,1,19500,19500
"Liverpool",2022,"Liverpool_335500_392000",335500,392000,2,1,29750,29750
"Liverpool",2022,"Liverpool_335500_392250",335500,392250,1,1,5975,5975
"Liverpool",2022,"Liverpool_335500_392500",335500,392500,2,1,66000,66000
"Liverpool",2022,"Liverpool_335500_393000",335500,393000,2,2,15450,7725
"Liverpool",2022,"Liverpool_335500_393500",335500,393500,9,8,352700,20125
"Liverpool",2022,"Liverpool_335500_393750",335500,393750,52,45,461575,6700
"Liverpool",2022,"Liverpool_335500_394000",335500,394000,61,60,712625,7700
"Liverpool",2022,"Liverpool_335500_394250",335500,394250,32,31,378875,4950
"Liverpool",2022,"Liverpool_335500_394500",335500,394500,40,38,166450,3100
"Liverpool",2022,"Liverpool_335500_394750",335500,394750,6,6,25550,3850
"Liverpool",2022,"Liverpool_335500_395000",335500,395000,1,1,2400,2400
"Liverpool",2022,"Liverpool_335500_396500",335500,396500,25,24,101400,3325
"Liverpool",2022,"Liverpool_335750_386750",335750,386750,2,2,149000,74500
"Liverpool",2022,"Liverpool_335750_387250",335750,387250,5,5,12725,2425
"Liverpool",2022,"Liverpool_335750_387500",335750,387500,16,14,76000,4875
"Liverpool",2022,"Liverpool_335750_387750",335750,387750,36,32,2037175,7300
"Liverpool",2022,"Liverpool_335750_388000",335750,388000,22,16,101250,5225
"Liverpool",2022,"Liverpool_335750_388250",335750,388250,1,1,3500,3500
"Liverpool",2022,"Liverpool_335750_388500",335750,388500,16,16,60375,3225
"Liverpool",2022,"Liverpool_335750_389000",335750,389000,5,5,28650,4850
"Liverpool",2022,"Liverpool_335750_389250",335750,389250,1,1,20250,20250
"Liverpool",2022,"Liverpool_335750_389500",335750,389500,16,15,269450,8000
"Liverpool",2022,"Liverpool_335750_389750",335750,389750,13,10,345500,28500
"Liverpool",2022,"Liverpool_335750_390000",335750,390000,5,5,107150,22250
"Liverpool",2022,"Liverpool_335750_390250",335750,390250,5,4,103500,25250
"Liverpool",2022,"Liverpool_335750_390750",335750,390750,18,17,263000,11500
"Liverpool",2022,"Liverpool_335750_391000",335750,391000,2,1,111000,111000
"Liverpool",2022,"Liverpool_335750_391250",335750,391250,1,1,45000,45000
"Liverpool",2022,"Liverpool_335750_392250",335750,392250,1,1,7500,7500
"Liverpool",2022,"Liverpool_335750_392750",335750,392750,5,5,16925,2600
"Liverpool",2022,"Liverpool_335750_393000",335750,393000,13,9,45100,3300
"Liverpool",2022,"Liverpool_335750_393250",335750,393250,1,1,24000,24000
"Liverpool",2022,"Liverpool_335750_393500",335750,393500,2,2,81500,40750
"Liverpool",2022,"Liverpool_335750_393750",335750,393750,6,6,20675,2037.5
"Liverpool",2022,"Liverpool_335750_394000",335750,394000,23,21,90050,3300
"Liverpool",2022,"Liverpool_335750_394250",335750,394250,5,5,13900,2425
"Liverpool",2022,"Liverpool_335750_394500",335750,394500,52,48,292275,3100
"Liverpool",2022,"Liverpool_335750_394750",335750,394750,11,11,37050,2950
"Liverpool",2022,"Liverpool_335750_395000",335750,395000,26,20,160550,4925
"Liverpool",2022,"Liverpool_335750_395500",335750,395500,1,1,252500,252500
"Liverpool",2022,"Liverpool_335750_396500",335750,396500,31,30,106150,3525
"Liverpool",2022,"Liverpool_335750_396750",335750,396750,10,10,56700,3075
"Liverpool",2022,"Liverpool_336000_387500",336000,387500,1,0,NA,NA
"Liverpool",2022,"Liverpool_336000_387750",336000,387750,12,11,51700,4150
"Liverpool",2022,"Liverpool_336000_388000",336000,388000,5,5,11300,2700
"Liverpool",2022,"Liverpool_336000_388250",336000,388250,19,18,68500,2950
"Liverpool",2022,"Liverpool_336000_389000",336000,389000,1,1,2650,2650
"Liverpool",2022,"Liverpool_336000_389250",336000,389250,2,2,5525,2762.5
"Liverpool",2022,"Liverpool_336000_389500",336000,389500,1,1,20250,20250
"Liverpool",2022,"Liverpool_336000_389750",336000,389750,5,3,58500,16250
"Liverpool",2022,"Liverpool_336000_390000",336000,390000,1,1,1500,1500
"Liverpool",2022,"Liverpool_336000_390250",336000,390250,2,2,15400,7700
"Liverpool",2022,"Liverpool_336000_390750",336000,390750,12,3,67100,16250
"Liverpool",2022,"Liverpool_336000_391250",336000,391250,1,1,23750,23750
"Liverpool",2022,"Liverpool_336000_392000",336000,392000,3,3,13250,3650
"Liverpool",2022,"Liverpool_336000_392250",336000,392250,19,17,66600,2750
"Liverpool",2022,"Liverpool_336000_392500",336000,392500,1,1,2475,2475
"Liverpool",2022,"Liverpool_336000_392750",336000,392750,7,6,25850,3775
"Liverpool",2022,"Liverpool_336000_393000",336000,393000,11,3,14900,2950
"Liverpool",2022,"Liverpool_336000_393250",336000,393250,1,1,27500,27500
"Liverpool",2022,"Liverpool_336000_393750",336000,393750,1,1,3050,3050
"Liverpool",2022,"Liverpool_336000_394000",336000,394000,1,0,NA,NA
"Liverpool",2022,"Liverpool_336000_394250",336000,394250,1,1,1875,1875
"Liverpool",2022,"Liverpool_336000_394500",336000,394500,4,4,13125,2275
"Liverpool",2022,"Liverpool_336000_394750",336000,394750,1,1,0,0
"Liverpool",2022,"Liverpool_336000_395250",336000,395250,5,3,1955400,28000
"Liverpool",2022,"Liverpool_336000_395500",336000,395500,32,27,107125,3900
"Liverpool",2022,"Liverpool_336000_395750",336000,395750,16,16,198320,10300
"Liverpool",2022,"Liverpool_336000_396000",336000,396000,2,2,79600,39800
"Liverpool",2022,"Liverpool_336000_396250",336000,396250,22,22,130700,5550
"Liverpool",2022,"Liverpool_336000_396500",336000,396500,19,19,76850,3200
"Liverpool",2022,"Liverpool_336000_396750",336000,396750,3,2,6470,3235
"Liverpool",2022,"Liverpool_336250_387250",336250,387250,5,5,12950,2425
"Liverpool",2022,"Liverpool_336250_387500",336250,387500,1,1,26250,26250
"Liverpool",2022,"Liverpool_336250_388000",336250,388000,1,1,6250,6250
"Liverpool",2022,"Liverpool_336250_388250",336250,388250,6,4,12550,3200
"Liverpool",2022,"Liverpool_336250_388750",336250,388750,12,11,33750,2750
"Liverpool",2022,"Liverpool_336250_389000",336250,389000,12,12,48600,3900
"Liverpool",2022,"Liverpool_336250_390250",336250,390250,1,0,NA,NA
"Liverpool",2022,"Liverpool_336250_390500",336250,390500,2,2,4750,2375
"Liverpool",2022,"Liverpool_336250_390750",336250,390750,16,15,46300,2550
"Liverpool",2022,"Liverpool_336250_391000",336250,391000,4,4,28200,5200
"Liverpool",2022,"Liverpool_336250_391250",336250,391250,2,2,22350,11175
"Liverpool",2022,"Liverpool_336250_391500",336250,391500,1,1,4200,4200
"Liverpool",2022,"Liverpool_336250_392000",336250,392000,68,65,1639875,6375
"Liverpool",2022,"Liverpool_336250_392250",336250,392250,4,4,14975,3325
"Liverpool",2022,"Liverpool_336250_392500",336250,392500,32,30,92875,2350
"Liverpool",2022,"Liverpool_336250_392750",336250,392750,12,12,202000,5000
"Liverpool",2022,"Liverpool_336250_394250",336250,394250,1,1,1750,1750
"Liverpool",2022,"Liverpool_336250_394500",336250,394500,28,27,117925,3850
"Liverpool",2022,"Liverpool_336250_395500",336250,395500,3,3,9950,2950
"Liverpool",2022,"Liverpool_336250_396250",336250,396250,6,5,33200,5900
"Liverpool",2022,"Liverpool_336250_396500",336250,396500,59,55,697350,8100
"Liverpool",2022,"Liverpool_336250_396750",336250,396750,37,35,318400,7300
"Liverpool",2022,"Liverpool_336500_387250",336500,387250,23,20,125750,5100
"Liverpool",2022,"Liverpool_336500_387500",336500,387500,2,2,113500,56750
"Liverpool",2022,"Liverpool_336500_389000",336500,389000,1,1,3050,3050
"Liverpool",2022,"Liverpool_336500_389250",336500,389250,7,4,23600,6000
"Liverpool",2022,"Liverpool_336500_390000",336500,390000,5,5,257550,7000
"Liverpool",2022,"Liverpool_336500_390250",336500,390250,15,15,1040950,9800
"Liverpool",2022,"Liverpool_336500_390750",336500,390750,6,6,28100,4525
"Liverpool",2022,"Liverpool_336500_391250",336500,391250,3,2,8500,4250
"Liverpool",2022,"Liverpool_336500_391500",336500,391500,5,4,35100,9500
"Liverpool",2022,"Liverpool_336500_392000",336500,392000,2,2,9250,4625
"Liverpool",2022,"Liverpool_336500_392250",336500,392250,61,57,256385,3750
"Liverpool",2022,"Liverpool_336500_392500",336500,392500,1,1,2400,2400
"Liverpool",2022,"Liverpool_336500_392750",336500,392750,6,6,19450,3050
"Liverpool",2022,"Liverpool_336500_394250",336500,394250,7,6,35850,5250
"Liverpool",2022,"Liverpool_336500_394500",336500,394500,1,1,3150,3150
"Liverpool",2022,"Liverpool_336500_395500",336500,395500,1,1,2250,2250
"Liverpool",2022,"Liverpool_336500_396750",336500,396750,40,37,308000,5000
"Liverpool",2022,"Liverpool_336500_397000",336500,397000,2,2,13150,6575
"Liverpool",2022,"Liverpool_336500_397250",336500,397250,15,15,57250,3600
"Liverpool",2022,"Liverpool_336500_397500",336500,397500,20,20,114125,3750
"Liverpool",2022,"Liverpool_336750_387000",336750,387000,1,1,6750,6750
"Liverpool",2022,"Liverpool_336750_387250",336750,387250,40,37,229900,5800
"Liverpool",2022,"Liverpool_336750_388750",336750,388750,16,16,53500,3100
"Liverpool",2022,"Liverpool_336750_389000",336750,389000,53,52,242600,3500
"Liverpool",2022,"Liverpool_336750_389250",336750,389250,12,10,80000,5350
"Liverpool",2022,"Liverpool_336750_389500",336750,389500,6,6,33550,5700
"Liverpool",2022,"Liverpool_336750_390000",336750,390000,8,1,9200,9200
"Liverpool",2022,"Liverpool_336750_390500",336750,390500,2,2,62050,31025
"Liverpool",2022,"Liverpool_336750_390750",336750,390750,5,5,29100,6500
"Liverpool",2022,"Liverpool_336750_391000",336750,391000,32,30,112875,3400
"Liverpool",2022,"Liverpool_336750_391250",336750,391250,11,8,38750,3200
"Liverpool",2022,"Liverpool_336750_391500",336750,391500,3,1,2100,2100
"Liverpool",2022,"Liverpool_336750_392000",336750,392000,2,2,13800,6900
"Liverpool",2022,"Liverpool_336750_392250",336750,392250,1,1,3350,3350
"Liverpool",2022,"Liverpool_336750_392500",336750,392500,31,31,168400,3550
"Liverpool",2022,"Liverpool_336750_392750",336750,392750,29,25,152375,4200
"Liverpool",2022,"Liverpool_336750_393000",336750,393000,26,25,132250,4500
"Liverpool",2022,"Liverpool_336750_393500",336750,393500,25,25,138875,3900
"Liverpool",2022,"Liverpool_336750_394000",336750,394000,3,3,9725,1725
"Liverpool",2022,"Liverpool_336750_394250",336750,394250,19,18,83000,3875
"Liverpool",2022,"Liverpool_336750_394500",336750,394500,6,6,23950,4300
"Liverpool",2022,"Liverpool_336750_396250",336750,396250,7,6,83950,11100
"Liverpool",2022,"Liverpool_336750_396750",336750,396750,19,17,78700,3400
"Liverpool",2022,"Liverpool_336750_397000",336750,397000,1,1,4850,4850
"Liverpool",2022,"Liverpool_336750_397250",336750,397250,1,1,1800,1800
"Liverpool",2022,"Liverpool_336750_397500",336750,397500,1,1,14750,14750
"Liverpool",2022,"Liverpool_337000_387000",337000,387000,16,14,249400,7650
"Liverpool",2022,"Liverpool_337000_387250",337000,387250,15,15,247700,13500
"Liverpool",2022,"Liverpool_337000_387500",337000,387500,30,28,347650,8700
"Liverpool",2022,"Liverpool_337000_388500",337000,388500,1,1,2800,2800
"Liverpool",2022,"Liverpool_337000_388750",337000,388750,4,2,8350,4175
"Liverpool",2022,"Liverpool_337000_389250",337000,389250,19,18,107300,4325
"Liverpool",2022,"Liverpool_337000_389500",337000,389500,1,1,15000,15000
"Liverpool",2022,"Liverpool_337000_389750",337000,389750,2,2,18100,9050
"Liverpool",2022,"Liverpool_337000_390000",337000,390000,4,4,65550,9550
"Liverpool",2022,"Liverpool_337000_390250",337000,390250,4,4,14200,3700
"Liverpool",2022,"Liverpool_337000_390500",337000,390500,22,20,81500,3675
"Liverpool",2022,"Liverpool_337000_390750",337000,390750,13,12,385000,6200
"Liverpool",2022,"Liverpool_337000_391000",337000,391000,22,19,129550,5000
"Liverpool",2022,"Liverpool_337000_391250",337000,391250,3,2,12100,6050
"Liverpool",2022,"Liverpool_337000_391500",337000,391500,8,8,29125,2975
"Liverpool",2022,"Liverpool_337000_392000",337000,392000,9,8,214450,7125
"Liverpool",2022,"Liverpool_337000_392500",337000,392500,1,1,1800,1800
"Liverpool",2022,"Liverpool_337000_392750",337000,392750,30,27,280450,6800
"Liverpool",2022,"Liverpool_337000_396250",337000,396250,6,2,51500,25750
"Liverpool",2022,"Liverpool_337000_396750",337000,396750,1,0,NA,NA
"Liverpool",2022,"Liverpool_337000_397000",337000,397000,24,22,122750,3950
"Liverpool",2022,"Liverpool_337000_397500",337000,397500,2,2,8350,4175
"Liverpool",2022,"Liverpool_337250_387500",337250,387500,19,16,303550,13750
"Liverpool",2022,"Liverpool_337250_389000",337250,389000,12,11,35850,2800
"Liverpool",2022,"Liverpool_337250_389250",337250,389250,16,15,90850,4300
"Liverpool",2022,"Liverpool_337250_389500",337250,389500,2,2,22150,11075
"Liverpool",2022,"Liverpool_337250_390500",337250,390500,1,1,3750,3750
"Liverpool",2022,"Liverpool_337250_391000",337250,391000,33,28,310800,6900
"Liverpool",2022,"Liverpool_337250_392000",337250,392000,25,22,91200,4050
"Liverpool",2022,"Liverpool_337250_392250",337250,392250,12,10,27350,2112.5
"Liverpool",2022,"Liverpool_337250_392750",337250,392750,6,6,49350,5550
"Liverpool",2022,"Liverpool_337250_393000",337250,393000,3,3,20900,4350
"Liverpool",2022,"Liverpool_337250_393750",337250,393750,11,11,77225,4850
"Liverpool",2022,"Liverpool_337250_394750",337250,394750,1,1,850,850
"Liverpool",2022,"Liverpool_337250_395250",337250,395250,6,6,495500,23375
"Liverpool",2022,"Liverpool_337250_395750",337250,395750,5,5,28200,4250
"Liverpool",2022,"Liverpool_337250_396000",337250,396000,2,2,39050,19525
"Liverpool",2022,"Liverpool_337250_396500",337250,396500,3,2,87000,43500
"Liverpool",2022,"Liverpool_337250_397000",337250,397000,7,6,20400,3250
"Liverpool",2022,"Liverpool_337500_386250",337500,386250,1,1,10250,10250
"Liverpool",2022,"Liverpool_337500_386750",337500,386750,15,15,91850,6200
"Liverpool",2022,"Liverpool_337500_389000",337500,389000,10,10,60250,3550
"Liverpool",2022,"Liverpool_337500_389250",337500,389250,8,8,42300,5600
"Liverpool",2022,"Liverpool_337500_389500",337500,389500,1,1,2200,2200
"Liverpool",2022,"Liverpool_337500_390250",337500,390250,12,11,65450,5700
"Liverpool",2022,"Liverpool_337500_391000",337500,391000,39,36,154075,3425
"Liverpool",2022,"Liverpool_337500_391250",337500,391250,1,1,3050,3050
"Liverpool",2022,"Liverpool_337500_392000",337500,392000,9,9,53650,4650
"Liverpool",2022,"Liverpool_337500_392250",337500,392250,13,8,36250,3925
"Liverpool",2022,"Liverpool_337500_393250",337500,393250,1,1,850,850
"Liverpool",2022,"Liverpool_337500_393750",337500,393750,2,1,4700,4700
"Liverpool",2022,"Liverpool_337500_394250",337500,394250,2,2,2183000,1091500
"Liverpool",2022,"Liverpool_337500_394750",337500,394750,1,1,11000,11000
"Liverpool",2022,"Liverpool_337500_395250",337500,395250,7,7,38510,4100
"Liverpool",2022,"Liverpool_337500_396250",337500,396250,1,1,5500,5500
"Liverpool",2022,"Liverpool_337500_397250",337500,397250,16,15,297725,4000
"Liverpool",2022,"Liverpool_337750_386500",337750,386500,11,11,81950,6400
"Liverpool",2022,"Liverpool_337750_386750",337750,386750,13,13,104550,7000
"Liverpool",2022,"Liverpool_337750_388750",337750,388750,7,7,129900,14250
"Liverpool",2022,"Liverpool_337750_389000",337750,389000,5,4,191550,21575
"Liverpool",2022,"Liverpool_337750_389250",337750,389250,49,48,202100,3225
"Liverpool",2022,"Liverpool_337750_389500",337750,389500,3,3,12200,4150
"Liverpool",2022,"Liverpool_337750_389750",337750,389750,6,6,31350,4075
"Liverpool",2022,"Liverpool_337750_390500",337750,390500,3,3,93750,15750
"Liverpool",2022,"Liverpool_337750_391000",337750,391000,16,14,203425,5350
"Liverpool",2022,"Liverpool_337750_392250",337750,392250,21,19,159675,6000
"Liverpool",2022,"Liverpool_337750_392500",337750,392500,1,1,5550,5550
"Liverpool",2022,"Liverpool_337750_393250",337750,393250,13,12,59125,4450
"Liverpool",2022,"Liverpool_337750_393500",337750,393500,7,7,38225,3650
"Liverpool",2022,"Liverpool_337750_393750",337750,393750,4,3,105150,10250
"Liverpool",2022,"Liverpool_337750_394250",337750,394250,2,2,72850,36425
"Liverpool",2022,"Liverpool_337750_395000",337750,395000,8,8,52050,5850
"Liverpool",2022,"Liverpool_337750_395250",337750,395250,1,1,7500,7500
"Liverpool",2022,"Liverpool_337750_395500",337750,395500,1,1,2050,2050
"Liverpool",2022,"Liverpool_337750_397250",337750,397250,13,12,347750,5725
"Liverpool",2022,"Liverpool_338000_385500",338000,385500,2,2,121100,60550
"Liverpool",2022,"Liverpool_338000_386250",338000,386250,10,10,69900,6550
"Liverpool",2022,"Liverpool_338000_386500",338000,386500,14,14,82400,6150
"Liverpool",2022,"Liverpool_338000_386750",338000,386750,7,7,42670,6100
"Liverpool",2022,"Liverpool_338000_387000",338000,387000,1,1,21250,21250
"Liverpool",2022,"Liverpool_338000_388500",338000,388500,70,68,2109900,6300
"Liverpool",2022,"Liverpool_338000_389000",338000,389000,5,5,21550,4950
"Liverpool",2022,"Liverpool_338000_389250",338000,389250,6,6,32850,3450
"Liverpool",2022,"Liverpool_338000_389500",338000,389500,9,7,28650,3700
"Liverpool",2022,"Liverpool_338000_389750",338000,389750,3,3,15950,3450
"Liverpool",2022,"Liverpool_338000_390250",338000,390250,1,1,15750,15750
"Liverpool",2022,"Liverpool_338000_390500",338000,390500,2,2,467100,233550
"Liverpool",2022,"Liverpool_338000_390750",338000,390750,4,4,93100,22825
"Liverpool",2022,"Liverpool_338000_391000",338000,391000,3,3,12050,3650
"Liverpool",2022,"Liverpool_338000_392250",338000,392250,55,49,463550,7800
"Liverpool",2022,"Liverpool_338000_392500",338000,392500,5,5,24300,4900
"Liverpool",2022,"Liverpool_338000_392750",338000,392750,2,1,5400,5400
"Liverpool",2022,"Liverpool_338000_393000",338000,393000,7,7,26625,2550
"Liverpool",2022,"Liverpool_338000_393250",338000,393250,12,11,119775,3150
"Liverpool",2022,"Liverpool_338000_394000",338000,394000,4,4,36250,8850
"Liverpool",2022,"Liverpool_338000_394250",338000,394250,5,4,34500,8500
"Liverpool",2022,"Liverpool_338000_395250",338000,395250,2,2,79000,39500
"Liverpool",2022,"Liverpool_338250_386000",338250,386000,7,7,72250,8600
"Liverpool",2022,"Liverpool_338250_388250",338250,388250,9,9,65850,5800
"Liverpool",2022,"Liverpool_338250_388500",338250,388500,27,25,249260,8800
"Liverpool",2022,"Liverpool_338250_389000",338250,389000,1,1,2275,2275
"Liverpool",2022,"Liverpool_338250_389250",338250,389250,13,13,66340,5800
"Liverpool",2022,"Liverpool_338250_389500",338250,389500,36,34,205450,4650
"Liverpool",2022,"Liverpool_338250_390500",338250,390500,6,5,714100,66000
"Liverpool",2022,"Liverpool_338250_390750",338250,390750,15,13,94850,5100
"Liverpool",2022,"Liverpool_338250_391750",338250,391750,2,1,6400,6400
"Liverpool",2022,"Liverpool_338250_392000",338250,392000,6,6,24875,3300
"Liverpool",2022,"Liverpool_338250_392250",338250,392250,23,20,386350,8150
"Liverpool",2022,"Liverpool_338250_392500",338250,392500,9,8,28600,3125
"Liverpool",2022,"Liverpool_338250_392750",338250,392750,7,7,24425,2850
"Liverpool",2022,"Liverpool_338250_393250",338250,393250,9,8,62400,6950
"Liverpool",2022,"Liverpool_338250_394000",338250,394000,39,34,630175,12000
"Liverpool",2022,"Liverpool_338250_394250",338250,394250,32,30,551100,15250
"Liverpool",2022,"Liverpool_338250_395500",338250,395500,9,5,27900,3800
"Liverpool",2022,"Liverpool_338250_397250",338250,397250,23,21,233575,10750
"Liverpool",2022,"Liverpool_338500_385750",338500,385750,9,7,56850,7400
"Liverpool",2022,"Liverpool_338500_388250",338500,388250,25,24,311750,7750
"Liverpool",2022,"Liverpool_338500_388500",338500,388500,25,21,307900,6500
"Liverpool",2022,"Liverpool_338500_389500",338500,389500,34,29,217075,5100
"Liverpool",2022,"Liverpool_338500_390000",338500,390000,7,7,42425,5200
"Liverpool",2022,"Liverpool_338500_390500",338500,390500,29,26,3689500,145000
"Liverpool",2022,"Liverpool_338500_390750",338500,390750,2,2,344500,172250
"Liverpool",2022,"Liverpool_338500_391000",338500,391000,6,0,NA,NA
"Liverpool",2022,"Liverpool_338500_391250",338500,391250,45,42,158900,2412.5
"Liverpool",2022,"Liverpool_338500_391750",338500,391750,15,13,68250,3650
"Liverpool",2022,"Liverpool_338500_392000",338500,392000,3,3,10800,3250
"Liverpool",2022,"Liverpool_338500_393250",338500,393250,13,13,99700,6700
"Liverpool",2022,"Liverpool_338500_394000",338500,394000,13,9,173550,14000
"Liverpool",2022,"Liverpool_338500_394250",338500,394250,8,7,453000,24000
"Liverpool",2022,"Liverpool_338750_385500",338750,385500,1,1,5500,5500
"Liverpool",2022,"Liverpool_338750_388000",338750,388000,16,15,137600,5200
"Liverpool",2022,"Liverpool_338750_388250",338750,388250,24,24,197250,5550
"Liverpool",2022,"Liverpool_338750_388500",338750,388500,10,9,117450,5600
"Liverpool",2022,"Liverpool_338750_389500",338750,389500,32,29,272600,8200
"Liverpool",2022,"Liverpool_338750_390250",338750,390250,14,4,6750,1512.5
"Liverpool",2022,"Liverpool_338750_390500",338750,390500,4,3,7750,2900
"Liverpool",2022,"Liverpool_338750_390750",338750,390750,1,1,82500,82500
"Liverpool",2022,"Liverpool_338750_391000",338750,391000,1,1,1875,1875
"Liverpool",2022,"Liverpool_338750_391250",338750,391250,34,30,203300,5200
"Liverpool",2022,"Liverpool_338750_391500",338750,391500,15,15,84025,6600
"Liverpool",2022,"Liverpool_338750_392000",338750,392000,1,1,4300,4300
"Liverpool",2022,"Liverpool_338750_393250",338750,393250,8,8,55200,5325
"Liverpool",2022,"Liverpool_338750_394750",338750,394750,3,3,13100,3900
"Liverpool",2022,"Liverpool_338750_395750",338750,395750,1,1,3950,3950
"Liverpool",2022,"Liverpool_338750_397250",338750,397250,8,8,45500,5650
"Liverpool",2022,"Liverpool_338750_397500",338750,397500,2,1,11000,11000
"Liverpool",2022,"Liverpool_339000_385500",339000,385500,12,12,181200,4325
"Liverpool",2022,"Liverpool_339000_385750",339000,385750,1,1,13500,13500
"Liverpool",2022,"Liverpool_339000_387250",339000,387250,15,15,82150,4800
"Liverpool",2022,"Liverpool_339000_388250",339000,388250,42,36,527975,11125
"Liverpool",2022,"Liverpool_339000_388500",339000,388500,8,8,389250,36500
"Liverpool",2022,"Liverpool_339000_389250",339000,389250,25,25,246100,8150
"Liverpool",2022,"Liverpool_339000_389500",339000,389500,1,1,7100,7100
"Liverpool",2022,"Liverpool_339000_390250",339000,390250,2,2,4875,2437.5
"Liverpool",2022,"Liverpool_339000_390500",339000,390500,8,6,1304500,183000
"Liverpool",2022,"Liverpool_339000_390750",339000,390750,1,1,40750,40750
"Liverpool",2022,"Liverpool_339000_391000",339000,391000,9,8,1473350,6700
"Liverpool",2022,"Liverpool_339000_391250",339000,391250,38,37,244380,4950
"Liverpool",2022,"Liverpool_339000_391500",339000,391500,4,4,30850,6800
"Liverpool",2022,"Liverpool_339000_392250",339000,392250,2,2,12050,6025
"Liverpool",2022,"Liverpool_339000_392500",339000,392500,2,2,464000,232000
"Liverpool",2022,"Liverpool_339000_393250",339000,393250,4,4,22150,5700
"Liverpool",2022,"Liverpool_339000_393500",339000,393500,2,2,24950,12475
"Liverpool",2022,"Liverpool_339000_394500",339000,394500,1,1,41250,41250
"Liverpool",2022,"Liverpool_339000_394750",339000,394750,20,20,110050,4400
"Liverpool",2022,"Liverpool_339000_395750",339000,395750,5,5,87250,15250
"Liverpool",2022,"Liverpool_339250_384500",339250,384500,1,1,2750,2750
"Liverpool",2022,"Liverpool_339250_385000",339250,385000,14,14,56625,3875
"Liverpool",2022,"Liverpool_339250_386000",339250,386000,14,14,129950,7650
"Liverpool",2022,"Liverpool_339250_387250",339250,387250,27,25,216550,5800
"Liverpool",2022,"Liverpool_339250_387500",339250,387500,1,1,7400,7400
"Liverpool",2022,"Liverpool_339250_387750",339250,387750,8,8,39750,4475
"Liverpool",2022,"Liverpool_339250_388250",339250,388250,58,56,1369400,19625
"Liverpool",2022,"Liverpool_339250_389000",339250,389000,1,1,16250,16250
"Liverpool",2022,"Liverpool_339250_389250",339250,389250,1,1,205000,205000
"Liverpool",2022,"Liverpool_339250_390250",339250,390250,16,15,63150,3700
"Liverpool",2022,"Liverpool_339250_390500",339250,390500,1,1,131000,131000
"Liverpool",2022,"Liverpool_339250_390750",339250,390750,1,1,14000,14000
"Liverpool",2022,"Liverpool_339250_391000",339250,391000,55,54,1037800,9150
"Liverpool",2022,"Liverpool_339250_391250",339250,391250,20,19,112100,4050
"Liverpool",2022,"Liverpool_339250_391500",339250,391500,25,24,150150,5700
"Liverpool",2022,"Liverpool_339250_391750",339250,391750,14,12,82200,5900
"Liverpool",2022,"Liverpool_339250_392000",339250,392000,10,10,210875,9050
"Liverpool",2022,"Liverpool_339250_392500",339250,392500,1,1,7900,7900
"Liverpool",2022,"Liverpool_339250_393250",339250,393250,2,1,5200,5200
"Liverpool",2022,"Liverpool_339250_393500",339250,393500,7,7,76700,5800
"Liverpool",2022,"Liverpool_339250_393750",339250,393750,30,27,169265,6100
"Liverpool",2022,"Liverpool_339250_395000",339250,395000,2,2,27150,13575
"Liverpool",2022,"Liverpool_339250_396000",339250,396000,1,1,105250,105250
"Liverpool",2022,"Liverpool_339500_384750",339500,384750,8,8,32950,3500
"Liverpool",2022,"Liverpool_339500_385000",339500,385000,13,13,306300,3500
"Liverpool",2022,"Liverpool_339500_385250",339500,385250,10,9,49700,4650
"Liverpool",2022,"Liverpool_339500_386000",339500,386000,1,1,2150,2150
"Liverpool",2022,"Liverpool_339500_386250",339500,386250,16,12,101800,8550
"Liverpool",2022,"Liverpool_339500_387500",339500,387500,5,5,22500,4350
"Liverpool",2022,"Liverpool_339500_387750",339500,387750,13,10,271500,20125
"Liverpool",2022,"Liverpool_339500_388000",339500,388000,67,66,1390110,16375
"Liverpool",2022,"Liverpool_339500_388750",339500,388750,13,13,108650,6300
"Liverpool",2022,"Liverpool_339500_389000",339500,389000,1,1,2900,2900
"Liverpool",2022,"Liverpool_339500_390000",339500,390000,5,5,26700,4600
"Liverpool",2022,"Liverpool_339500_390750",339500,390750,2,2,9950,4975
"Liverpool",2022,"Liverpool_339500_391000",339500,391000,53,52,1303400,20000
"Liverpool",2022,"Liverpool_339500_391250",339500,391250,14,13,376100,11750
"Liverpool",2022,"Liverpool_339500_392750",339500,392750,7,6,54200,8700
"Liverpool",2022,"Liverpool_339500_393000",339500,393000,22,20,454200,10875
"Liverpool",2022,"Liverpool_339500_393250",339500,393250,22,22,329500,8300
"Liverpool",2022,"Liverpool_339500_394000",339500,394000,5,5,26850,4500
"Liverpool",2022,"Liverpool_339500_394750",339500,394750,11,11,133350,5100
"Liverpool",2022,"Liverpool_339500_395000",339500,395000,1,1,110000,110000
"Liverpool",2022,"Liverpool_339500_395750",339500,395750,7,6,381750,61625
"Liverpool",2022,"Liverpool_339750_384750",339750,384750,4,4,140675,2900
"Liverpool",2022,"Liverpool_339750_385000",339750,385000,1,1,1750,1750
"Liverpool",2022,"Liverpool_339750_385250",339750,385250,4,4,9975,2550
"Liverpool",2022,"Liverpool_339750_386250",339750,386250,1,1,55500,55500
"Liverpool",2022,"Liverpool_339750_386500",339750,386500,4,3,122100,15000
"Liverpool",2022,"Liverpool_339750_387000",339750,387000,7,7,46500,5000
"Liverpool",2022,"Liverpool_339750_387750",339750,387750,10,10,190600,15625
"Liverpool",2022,"Liverpool_339750_388000",339750,388000,3,3,23300,7600
"Liverpool",2022,"Liverpool_339750_390500",339750,390500,1,1,4150,4150
"Liverpool",2022,"Liverpool_339750_391000",339750,391000,10,9,132450,3850
"Liverpool",2022,"Liverpool_339750_391250",339750,391250,1,1,92000,92000
"Liverpool",2022,"Liverpool_339750_392750",339750,392750,7,7,47750,7000
"Liverpool",2022,"Liverpool_339750_395000",339750,395000,1,1,11150,11150
"Liverpool",2022,"Liverpool_340000_383500",340000,383500,13,12,50905,3750
"Liverpool",2022,"Liverpool_340000_384000",340000,384000,1,1,3500,3500
"Liverpool",2022,"Liverpool_340000_384250",340000,384250,1,1,2425,2425
"Liverpool",2022,"Liverpool_340000_384500",340000,384500,36,32,178625,4850
"Liverpool",2022,"Liverpool_340000_385000",340000,385000,4,2,20200,10100
"Liverpool",2022,"Liverpool_340000_385500",340000,385500,11,10,54400,5300
"Liverpool",2022,"Liverpool_340000_385750",340000,385750,2,2,5550,2775
"Liverpool",2022,"Liverpool_340000_386250",340000,386250,4,4,33300,8150
"Liverpool",2022,"Liverpool_340000_386500",340000,386500,7,4,1765650,13875
"Liverpool",2022,"Liverpool_340000_388500",340000,388500,8,7,152300,14750
"Liverpool",2022,"Liverpool_340000_389750",340000,389750,2,2,6250,3125
"Liverpool",2022,"Liverpool_340000_390000",340000,390000,1,1,2250,2250
"Liverpool",2022,"Liverpool_340000_390250",340000,390250,17,14,138700,7450
"Liverpool",2022,"Liverpool_340000_390500",340000,390500,2,2,14600,7300
"Liverpool",2022,"Liverpool_340000_391250",340000,391250,11,11,86400,7200
"Liverpool",2022,"Liverpool_340000_392500",340000,392500,17,17,103300,5100
"Liverpool",2022,"Liverpool_340000_392750",340000,392750,13,13,81200,5900
"Liverpool",2022,"Liverpool_340000_395000",340000,395000,10,9,44175,4150
"Liverpool",2022,"Liverpool_340000_395250",340000,395250,11,6,49100,7550
"Liverpool",2022,"Liverpool_340250_383750",340250,383750,4,4,14075,2337.5
"Liverpool",2022,"Liverpool_340250_384000",340250,384000,1,1,4900,4900
"Liverpool",2022,"Liverpool_340250_384250",340250,384250,41,35,471000,4550
"Liverpool",2022,"Liverpool_340250_384500",340250,384500,46,43,200525,4200
"Liverpool",2022,"Liverpool_340250_384750",340250,384750,2,2,13750,6875
"Liverpool",2022,"Liverpool_340250_385750",340250,385750,10,7,50200,6300
"Liverpool",2022,"Liverpool_340250_388500",340250,388500,14,13,107900,7700
"Liverpool",2022,"Liverpool_340250_388750",340250,388750,3,2,8300,4150
"Liverpool",2022,"Liverpool_340250_389000",340250,389000,6,6,55200,7700
"Liverpool",2022,"Liverpool_340250_389250",340250,389250,20,19,339000,9100
"Liverpool",2022,"Liverpool_340250_390000",340250,390000,6,6,31400,5350
"Liverpool",2022,"Liverpool_340250_390250",340250,390250,8,5,72225,8200
"Liverpool",2022,"Liverpool_340250_391250",340250,391250,6,4,1641550,16775
"Liverpool",2022,"Liverpool_340250_391500",340250,391500,2,2,22600,11300
"Liverpool",2022,"Liverpool_340250_391750",340250,391750,3,3,151000,56500
"Liverpool",2022,"Liverpool_340250_392000",340250,392000,14,13,122400,8900
"Liverpool",2022,"Liverpool_340250_392250",340250,392250,1,1,21250,21250
"Liverpool",2022,"Liverpool_340250_392500",340250,392500,2,2,113000,56500
"Liverpool",2022,"Liverpool_340250_392750",340250,392750,9,9,72800,8300
"Liverpool",2022,"Liverpool_340250_395750",340250,395750,1,1,8800,8800
"Liverpool",2022,"Liverpool_340500_383500",340500,383500,1,1,1475,1475
"Liverpool",2022,"Liverpool_340500_383750",340500,383750,1,1,1000,1000
"Liverpool",2022,"Liverpool_340500_384250",340500,384250,22,20,334100,10000
"Liverpool",2022,"Liverpool_340500_384500",340500,384500,2,2,304300,152150
"Liverpool",2022,"Liverpool_340500_384750",340500,384750,16,14,66400,4750
"Liverpool",2022,"Liverpool_340500_385000",340500,385000,3,3,14700,5200
"Liverpool",2022,"Liverpool_340500_385750",340500,385750,9,8,53975,6100
"Liverpool",2022,"Liverpool_340500_387500",340500,387500,1,1,9000,9000
"Liverpool",2022,"Liverpool_340500_388750",340500,388750,5,5,34550,7500
"Liverpool",2022,"Liverpool_340500_389000",340500,389000,5,4,39950,8650
"Liverpool",2022,"Liverpool_340500_389250",340500,389250,8,7,66000,7800
"Liverpool",2022,"Liverpool_340500_390250",340500,390250,5,5,26750,4200
"Liverpool",2022,"Liverpool_340500_391500",340500,391500,14,12,76650,3975
"Liverpool",2022,"Liverpool_340500_391750",340500,391750,6,6,59325,9600
"Liverpool",2022,"Liverpool_340500_392000",340500,392000,4,4,29300,7250
"Liverpool",2022,"Liverpool_340500_393000",340500,393000,1,1,19750,19750
"Liverpool",2022,"Liverpool_340500_395750",340500,395750,14,14,72450,4550
"Liverpool",2022,"Liverpool_340500_396750",340500,396750,5,4,1093000,188000
"Liverpool",2022,"Liverpool_340750_383500",340750,383500,2,2,4650,2325
"Liverpool",2022,"Liverpool_340750_388750",340750,388750,16,13,124900,9000
"Liverpool",2022,"Liverpool_340750_389000",340750,389000,7,7,52900,7400
"Liverpool",2022,"Liverpool_340750_389750",340750,389750,2,2,15400,7700
"Liverpool",2022,"Liverpool_340750_390000",340750,390000,1,1,90000,90000
"Liverpool",2022,"Liverpool_340750_391000",340750,391000,3,3,19500,4050
"Liverpool",2022,"Liverpool_340750_391500",340750,391500,31,27,205900,6300
"Liverpool",2022,"Liverpool_340750_392250",340750,392250,7,5,93000,16000
"Liverpool",2022,"Liverpool_340750_396250",340750,396250,3,3,15550,4800
"Liverpool",2022,"Liverpool_341000_385000",341000,385000,1,1,3600,3600
"Liverpool",2022,"Liverpool_341000_389000",341000,389000,2,2,29000,14500
"Liverpool",2022,"Liverpool_341000_389500",341000,389500,14,9,68725,4450
"Liverpool",2022,"Liverpool_341000_390250",341000,390250,2,2,7850,3925
"Liverpool",2022,"Liverpool_341000_391750",341000,391750,3,3,351000,71000
"Liverpool",2022,"Liverpool_341000_393500",341000,393500,10,9,1103500,9500
"Liverpool",2022,"Liverpool_341250_383750",341250,383750,3,2,198000,99000
"Liverpool",2022,"Liverpool_341250_384000",341250,384000,3,3,7300,2550
"Liverpool",2022,"Liverpool_341250_389750",341250,389750,2,2,12150,6075
"Liverpool",2022,"Liverpool_341250_390000",341250,390000,3,3,18700,5900
"Liverpool",2022,"Liverpool_341250_390250",341250,390250,1,1,5700,5700
"Liverpool",2022,"Liverpool_341250_393250",341250,393250,1,0,NA,NA
"Liverpool",2022,"Liverpool_341500_384000",341500,384000,49,39,13599700,252500
"Liverpool",2022,"Liverpool_341500_386750",341500,386750,3,2,22050,11025
"Liverpool",2022,"Liverpool_341500_389000",341500,389000,1,1,1e+05,1e+05
"Liverpool",2022,"Liverpool_341500_391500",341500,391500,2,2,18500,9250
"Liverpool",2022,"Liverpool_341500_391750",341500,391750,2,2,47650,23825
"Liverpool",2022,"Liverpool_341500_393250",341500,393250,10,10,38600,3850
"Liverpool",2022,"Liverpool_341500_395000",341500,395000,8,7,76550,8800
"Liverpool",2022,"Liverpool_341750_386250",341750,386250,4,1,11750,11750
"Liverpool",2022,"Liverpool_341750_386750",341750,386750,5,5,39950,4200
"Liverpool",2022,"Liverpool_341750_387000",341750,387000,4,4,13250,4275
"Liverpool",2022,"Liverpool_341750_391250",341750,391250,1,1,5500,5500
"Liverpool",2022,"Liverpool_341750_391500",341750,391500,13,13,108350,8100
"Liverpool",2022,"Liverpool_341750_391750",341750,391750,17,14,120300,7900
"Liverpool",2022,"Liverpool_341750_392500",341750,392500,9,9,51150,4750
"Liverpool",2022,"Liverpool_341750_392750",341750,392750,3,2,37800,18900
"Liverpool",2022,"Liverpool_341750_393500",341750,393500,2,1,1450,1450
"Liverpool",2022,"Liverpool_342000_382500",342000,382500,1,0,NA,NA
"Liverpool",2022,"Liverpool_342000_383500",342000,383500,921,921,225572,186
"Liverpool",2022,"Liverpool_342000_384250",342000,384250,1,1,9300,9300
"Liverpool",2022,"Liverpool_342000_384500",342000,384500,3,2,72700,36350
"Liverpool",2022,"Liverpool_342000_385250",342000,385250,1,1,89500,89500
"Liverpool",2022,"Liverpool_342000_386250",342000,386250,2,1,13750,13750
"Liverpool",2022,"Liverpool_342000_386500",342000,386500,5,4,664250,23875
"Liverpool",2022,"Liverpool_342000_388250",342000,388250,1,1,18000,18000
"Liverpool",2022,"Liverpool_342000_388500",342000,388500,7,7,362250,21500
"Liverpool",2022,"Liverpool_342000_389000",342000,389000,5,5,32600,6100
"Liverpool",2022,"Liverpool_342000_389500",342000,389500,2,1,310000,310000
"Liverpool",2022,"Liverpool_342000_391000",342000,391000,9,8,63650,6950
"Liverpool",2022,"Liverpool_342000_391750",342000,391750,1,1,18000,18000
"Liverpool",2022,"Liverpool_342000_392500",342000,392500,8,8,75400,5150
"Liverpool",2022,"Liverpool_342250_384250",342250,384250,2,1,4350,4350
"Liverpool",2022,"Liverpool_342250_384500",342250,384500,1,1,125000,125000
"Liverpool",2022,"Liverpool_342250_384750",342250,384750,34,31,3656250,18000
"Liverpool",2022,"Liverpool_342250_386500",342250,386500,41,35,373550,9400
"Liverpool",2022,"Liverpool_342250_386750",342250,386750,42,40,1472550,10275
"Liverpool",2022,"Liverpool_342250_391500",342250,391500,2,2,24500,12250
"Liverpool",2022,"Liverpool_342500_383000",342500,383000,34,27,111600,5200
"Liverpool",2022,"Liverpool_342500_383750",342500,383750,4,3,447000,77000
"Liverpool",2022,"Liverpool_342500_384000",342500,384000,3,2,477500,238750
"Liverpool",2022,"Liverpool_342500_384250",342500,384250,1,1,14250,14250
"Liverpool",2022,"Liverpool_342500_385000",342500,385000,1,1,85250,85250
"Liverpool",2022,"Liverpool_342500_386000",342500,386000,1,1,16750,16750
"Liverpool",2022,"Liverpool_342500_386250",342500,386250,1,1,2025,2025
"Liverpool",2022,"Liverpool_342500_386500",342500,386500,2,2,19200,9600
"Liverpool",2022,"Liverpool_342500_387500",342500,387500,7,6,201650,7200
"Liverpool",2022,"Liverpool_342500_387750",342500,387750,9,8,69600,8600
"Liverpool",2022,"Liverpool_342500_388750",342500,388750,1,1,700,700
"Liverpool",2022,"Liverpool_342500_389000",342500,389000,1,1,1825,1825
"Liverpool",2022,"Liverpool_342750_382750",342750,382750,3,3,15950,5300
"Liverpool",2022,"Liverpool_342750_383750",342750,383750,3,3,553000,155000
"Liverpool",2022,"Liverpool_342750_384250",342750,384250,6,5,543100,5400
"Liverpool",2022,"Liverpool_342750_385000",342750,385000,1,1,18250,18250
"Liverpool",2022,"Liverpool_342750_386750",342750,386750,9,9,48850,5300
"Liverpool",2022,"Liverpool_342750_387500",342750,387500,5,5,32900,3300
"Liverpool",2022,"Liverpool_342750_388250",342750,388250,4,2,1465000,732500
"Liverpool",2022,"Liverpool_342750_388500",342750,388500,64,62,1703200,22250
"Liverpool",2022,"Liverpool_343000_383500",343000,383500,10,2,21550,10775
"Liverpool",2022,"Liverpool_343000_384000",343000,384000,1,1,113000,113000
"Liverpool",2022,"Liverpool_343000_384500",343000,384500,1,1,12000,12000
"Liverpool",2022,"Liverpool_343000_384750",343000,384750,13,12,96450,7850
"Liverpool",2022,"Liverpool_343000_385000",343000,385000,12,12,148000,9100
"Liverpool",2022,"Liverpool_343000_385500",343000,385500,2,1,12000,12000
"Liverpool",2022,"Liverpool_343000_386250",343000,386250,11,9,67250,5500
"Liverpool",2022,"Liverpool_343000_387750",343000,387750,3,2,16900,8450
"Liverpool",2022,"Liverpool_343000_388250",343000,388250,7,6,56250,9450
"Liverpool",2022,"Liverpool_343000_388500",343000,388500,1,1,81500,81500
"Liverpool",2022,"Liverpool_343250_382750",343250,382750,6,6,16050,2925
"Liverpool",2022,"Liverpool_343250_383000",343250,383000,3,3,13800,3400
"Liverpool",2022,"Liverpool_343250_384000",343250,384000,2,2,8300,4150
"Liverpool",2022,"Liverpool_343250_385000",343250,385000,5,4,68550,15475
"Liverpool",2022,"Liverpool_343250_385250",343250,385250,1,1,15250,15250
"Liverpool",2022,"Liverpool_343250_386500",343250,386500,3,2,62350,31175
"Liverpool",2022,"Liverpool_343250_388250",343250,388250,2,0,NA,NA
"Liverpool",2022,"Liverpool_343250_388750",343250,388750,2,2,14300,7150
"Liverpool",2022,"Liverpool_343500_382750",343500,382750,1,1,22500,22500
"Liverpool",2022,"Liverpool_343500_384000",343500,384000,25,25,153250,3500
"Liverpool",2022,"Liverpool_344000_382750",344000,382750,6,6,56250,7900
"Liverpool",2022,"Liverpool_344000_383000",344000,383000,1,1,26500,26500
"Liverpool",2022,"Liverpool_344000_383250",344000,383250,17,15,2570500,24750
"Liverpool",2022,"Liverpool_344000_388000",344000,388000,8,6,36600,5500
"Liverpool",2022,"Liverpool_344000_388500",344000,388500,10,10,41400,4575
"Liverpool",2022,"Liverpool_344250_388500",344250,388500,1,0,NA,NA
"Liverpool",2022,"Liverpool_344750_382750",344750,382750,1,1,7800,7800
"Liverpool",2022,"Liverpool_344750_383250",344750,383250,4,4,20950,4675
"Liverpool",2022,"Liverpool_345000_383000",345000,383000,14,14,75850,4550
"Liverpool",2022,"Liverpool_345000_387500",345000,387500,6,5,22800,4650
"Liverpool",2022,"Liverpool_345250_383500",345250,383500,1,1,14500,14500
"Liverpool",2025,"Liverpool_333500_390500",333500,390500,2,2,40750,20375
"Liverpool",2025,"Liverpool_333500_390750",333500,390750,10,7,100100,8500
"Liverpool",2025,"Liverpool_333500_391000",333500,391000,2,2,289600,144800
"Liverpool",2025,"Liverpool_333500_391500",333500,391500,3,3,52000,13250
"Liverpool",2025,"Liverpool_333500_391750",333500,391750,5,5,70500,14500
"Liverpool",2025,"Liverpool_333500_392000",333500,392000,2,2,70000,35000
"Liverpool",2025,"Liverpool_333500_392250",333500,392250,1,1,3250,3250
"Liverpool",2025,"Liverpool_333500_392500",333500,392500,4,4,86000,23375
"Liverpool",2025,"Liverpool_333500_393000",333500,393000,1,1,4000,4000
"Liverpool",2025,"Liverpool_333500_394000",333500,394000,3,2,18200,9100
"Liverpool",2025,"Liverpool_333750_390000",333750,390000,14,14,225680,2037.5
"Liverpool",2025,"Liverpool_333750_390250",333750,390250,64,60,265155,1387.5
"Liverpool",2025,"Liverpool_333750_390500",333750,390500,3,3,110300,27500
"Liverpool",2025,"Liverpool_333750_390750",333750,390750,5,5,112450,21000
"Liverpool",2025,"Liverpool_333750_391000",333750,391000,1,1,280000,280000
"Liverpool",2025,"Liverpool_333750_391500",333750,391500,10,10,130700,6800
"Liverpool",2025,"Liverpool_333750_391750",333750,391750,15,15,198300,7400
"Liverpool",2025,"Liverpool_333750_392250",333750,392250,3,3,14325,3150
"Liverpool",2025,"Liverpool_333750_392500",333750,392500,6,6,224750,17375
"Liverpool",2025,"Liverpool_333750_392750",333750,392750,3,3,10650,4050
"Liverpool",2025,"Liverpool_333750_393000",333750,393000,4,4,431400,84250
"Liverpool",2025,"Liverpool_333750_393750",333750,393750,2,2,12750,6375
"Liverpool",2025,"Liverpool_333750_394000",333750,394000,10,9,384000,6200
"Liverpool",2025,"Liverpool_334000_389500",334000,389500,37,37,1472325,34000
"Liverpool",2025,"Liverpool_334000_389750",334000,389750,5,5,480000,93000
"Liverpool",2025,"Liverpool_334000_390000",334000,390000,11,9,409900,26750
"Liverpool",2025,"Liverpool_334000_390250",334000,390250,119,114,2666425,6150
"Liverpool",2025,"Liverpool_334000_390500",334000,390500,97,94,977360,4800
"Liverpool",2025,"Liverpool_334000_390750",334000,390750,12,9,259270,18250
"Liverpool",2025,"Liverpool_334000_391000",334000,391000,1,1,0,0
"Liverpool",2025,"Liverpool_334000_391250",334000,391250,1,1,119000,119000
"Liverpool",2025,"Liverpool_334000_391500",334000,391500,5,5,61900,8300
"Liverpool",2025,"Liverpool_334000_392500",334000,392500,2,2,99750,49875
"Liverpool",2025,"Liverpool_334000_393250",334000,393250,2,2,275000,137500
"Liverpool",2025,"Liverpool_334000_393500",334000,393500,3,3,21200,6600
"Liverpool",2025,"Liverpool_334000_393750",334000,393750,1,1,5000,5000
"Liverpool",2025,"Liverpool_334000_394000",334000,394000,5,5,46500,7900
"Liverpool",2025,"Liverpool_334250_389250",334250,389250,1,1,66000,66000
"Liverpool",2025,"Liverpool_334250_389500",334250,389500,2,2,91000,45500
"Liverpool",2025,"Liverpool_334250_389750",334250,389750,5,3,244000,91000
"Liverpool",2025,"Liverpool_334250_390000",334250,390000,77,68,11542900,131500
"Liverpool",2025,"Liverpool_334250_390250",334250,390250,152,148,6518750,26750
"Liverpool",2025,"Liverpool_334250_390500",334250,390500,102,99,1292375,9200
"Liverpool",2025,"Liverpool_334250_390750",334250,390750,16,15,656300,13750
"Liverpool",2025,"Liverpool_334250_391000",334250,391000,3,3,66500,15250
"Liverpool",2025,"Liverpool_334250_391250",334250,391250,13,12,127700,5400
"Liverpool",2025,"Liverpool_334250_391500",334250,391500,5,5,22475,4950
"Liverpool",2025,"Liverpool_334250_391750",334250,391750,1,1,2750,2750
"Liverpool",2025,"Liverpool_334250_392000",334250,392000,1,1,6900,6900
"Liverpool",2025,"Liverpool_334250_392250",334250,392250,2,0,NA,NA
"Liverpool",2025,"Liverpool_334250_392500",334250,392500,1,1,3400,3400
"Liverpool",2025,"Liverpool_334250_393000",334250,393000,1,1,4150,4150
"Liverpool",2025,"Liverpool_334250_393750",334250,393750,12,12,105200,4525
"Liverpool",2025,"Liverpool_334250_394000",334250,394000,1,1,2750,2750
"Liverpool",2025,"Liverpool_334500_388500",334500,388500,1,1,41500,41500
"Liverpool",2025,"Liverpool_334500_388750",334500,388750,55,55,210300,2750
"Liverpool",2025,"Liverpool_334500_389000",334500,389000,2,2,108825,54412.5
"Liverpool",2025,"Liverpool_334500_389250",334500,389250,10,10,400425,18875
"Liverpool",2025,"Liverpool_334500_389500",334500,389500,5,5,37750,7900
"Liverpool",2025,"Liverpool_334500_389750",334500,389750,40,40,810550,11375
"Liverpool",2025,"Liverpool_334500_390000",334500,390000,123,116,12944025,73750
"Liverpool",2025,"Liverpool_334500_390250",334500,390250,153,143,10177750,30500
"Liverpool",2025,"Liverpool_334500_390500",334500,390500,41,38,1066670,19750
"Liverpool",2025,"Liverpool_334500_390750",334500,390750,7,7,163000,19750
"Liverpool",2025,"Liverpool_334500_391000",334500,391000,1,1,9200,9200
"Liverpool",2025,"Liverpool_334500_392000",334500,392000,3,3,19800,5900
"Liverpool",2025,"Liverpool_334500_392250",334500,392250,4,4,17650,4375
"Liverpool",2025,"Liverpool_334500_393000",334500,393000,5,4,11400,2875
"Liverpool",2025,"Liverpool_334500_393250",334500,393250,22,22,86550,2900
"Liverpool",2025,"Liverpool_334500_393500",334500,393500,4,4,10725,2237.5
"Liverpool",2025,"Liverpool_334500_394000",334500,394000,2,2,51450,25725
"Liverpool",2025,"Liverpool_334750_388000",334750,388000,7,6,109650,11475
"Liverpool",2025,"Liverpool_334750_388250",334750,388250,2,2,27800,13900
"Liverpool",2025,"Liverpool_334750_388750",334750,388750,33,32,993200,7500
"Liverpool",2025,"Liverpool_334750_389000",334750,389000,7,7,240750,18750
"Liverpool",2025,"Liverpool_334750_389250",334750,389250,22,21,194040,5600
"Liverpool",2025,"Liverpool_334750_389500",334750,389500,1,1,104000,104000
"Liverpool",2025,"Liverpool_334750_389750",334750,389750,62,61,1860620,22000
"Liverpool",2025,"Liverpool_334750_390000",334750,390000,124,118,8906150,47875
"Liverpool",2025,"Liverpool_334750_390250",334750,390250,306,305,9645350,7500
"Liverpool",2025,"Liverpool_334750_390500",334750,390500,13,12,561850,32125
"Liverpool",2025,"Liverpool_334750_390750",334750,390750,3,3,45850,17000
"Liverpool",2025,"Liverpool_334750_391500",334750,391500,1,1,9900,9900
"Liverpool",2025,"Liverpool_334750_391750",334750,391750,1,1,86000,86000
"Liverpool",2025,"Liverpool_334750_392000",334750,392000,5,5,21150,3850
"Liverpool",2025,"Liverpool_334750_392250",334750,392250,28,27,2106050,22250
"Liverpool",2025,"Liverpool_334750_392500",334750,392500,1,1,1750,1750
"Liverpool",2025,"Liverpool_334750_392750",334750,392750,1,1,4900,4900
"Liverpool",2025,"Liverpool_334750_393000",334750,393000,2,2,6750,3375
"Liverpool",2025,"Liverpool_334750_393250",334750,393250,2,2,4700,2350
"Liverpool",2025,"Liverpool_334750_393500",334750,393500,3,3,4000,1600
"Liverpool",2025,"Liverpool_334750_394250",334750,394250,5,5,14900,1750
"Liverpool",2025,"Liverpool_335000_387750",335000,387750,6,6,444250,24625
"Liverpool",2025,"Liverpool_335000_388500",335000,388500,4,4,21050,4300
"Liverpool",2025,"Liverpool_335000_388750",335000,388750,55,8,347850,7000
"Liverpool",2025,"Liverpool_335000_389000",335000,389000,11,10,77625,6100
"Liverpool",2025,"Liverpool_335000_389500",335000,389500,37,35,477650,12250
"Liverpool",2025,"Liverpool_335000_389750",335000,389750,107,100,3320250,29625
"Liverpool",2025,"Liverpool_335000_390000",335000,390000,108,103,3127400,23750
"Liverpool",2025,"Liverpool_335000_390250",335000,390250,23,21,974950,21500
"Liverpool",2025,"Liverpool_335000_390500",335000,390500,57,50,1432100,9650
"Liverpool",2025,"Liverpool_335000_390750",335000,390750,5,5,91800,12000
"Liverpool",2025,"Liverpool_335000_391000",335000,391000,3,3,73750,28250
"Liverpool",2025,"Liverpool_335000_391750",335000,391750,6,6,47800,4375
"Liverpool",2025,"Liverpool_335000_392000",335000,392000,2,2,385000,192500
"Liverpool",2025,"Liverpool_335000_393000",335000,393000,9,9,55700,3350
"Liverpool",2025,"Liverpool_335000_393500",335000,393500,1,1,2750,2750
"Liverpool",2025,"Liverpool_335000_393750",335000,393750,1,1,2000,2000
"Liverpool",2025,"Liverpool_335000_394000",335000,394000,1,1,6600,6600
"Liverpool",2025,"Liverpool_335000_394250",335000,394250,7,7,52375,3700
"Liverpool",2025,"Liverpool_335250_387250",335250,387250,1,1,132000,132000
"Liverpool",2025,"Liverpool_335250_387500",335250,387500,7,6,122750,14000
"Liverpool",2025,"Liverpool_335250_387750",335250,387750,1,1,6500,6500
"Liverpool",2025,"Liverpool_335250_388250",335250,388250,1,1,1700,1700
"Liverpool",2025,"Liverpool_335250_388500",335250,388500,7,7,46200,6400
"Liverpool",2025,"Liverpool_335250_388750",335250,388750,1,1,0,0
"Liverpool",2025,"Liverpool_335250_389000",335250,389000,2,2,30500,15250
"Liverpool",2025,"Liverpool_335250_389500",335250,389500,6,6,77250,9775
"Liverpool",2025,"Liverpool_335250_389750",335250,389750,51,50,1083250,13875
"Liverpool",2025,"Liverpool_335250_390000",335250,390000,22,22,351700,13000
"Liverpool",2025,"Liverpool_335250_390500",335250,390500,23,23,258250,9700
"Liverpool",2025,"Liverpool_335250_390750",335250,390750,35,33,743450,13250
"Liverpool",2025,"Liverpool_335250_391250",335250,391250,3,3,10050,3500
"Liverpool",2025,"Liverpool_335250_391500",335250,391500,3,3,22400,7700
"Liverpool",2025,"Liverpool_335250_392000",335250,392000,1,1,1475,1475
"Liverpool",2025,"Liverpool_335250_392750",335250,392750,3,3,10725,2250
"Liverpool",2025,"Liverpool_335250_393000",335250,393000,2,2,10600,5300
"Liverpool",2025,"Liverpool_335250_393250",335250,393250,10,10,34825,2925
"Liverpool",2025,"Liverpool_335250_393500",335250,393500,11,11,79200,6000
"Liverpool",2025,"Liverpool_335250_393750",335250,393750,28,28,211375,3525
"Liverpool",2025,"Liverpool_335250_394000",335250,394000,5,5,21750,2750
"Liverpool",2025,"Liverpool_335250_394250",335250,394250,8,8,34175,3100
"Liverpool",2025,"Liverpool_335250_394750",335250,394750,1,1,1850,1850
"Liverpool",2025,"Liverpool_335250_396500",335250,396500,1,1,4200,4200
"Liverpool",2025,"Liverpool_335500_387250",335500,387250,1,1,146000,146000
"Liverpool",2025,"Liverpool_335500_387500",335500,387500,1,1,1325,1325
"Liverpool",2025,"Liverpool_335500_387750",335500,387750,2,2,14200,7100
"Liverpool",2025,"Liverpool_335500_388000",335500,388000,7,7,26450,3100
"Liverpool",2025,"Liverpool_335500_388250",335500,388250,4,4,17050,3450
"Liverpool",2025,"Liverpool_335500_388500",335500,388500,1,1,4700,4700
"Liverpool",2025,"Liverpool_335500_389000",335500,389000,7,7,43650,5400
"Liverpool",2025,"Liverpool_335500_389250",335500,389250,1,1,4600,4600
"Liverpool",2025,"Liverpool_335500_389500",335500,389500,11,11,280050,32000
"Liverpool",2025,"Liverpool_335500_389750",335500,389750,22,22,651550,24750
"Liverpool",2025,"Liverpool_335500_390000",335500,390000,5,4,52050,13400
"Liverpool",2025,"Liverpool_335500_390250",335500,390250,5,5,141000,19000
"Liverpool",2025,"Liverpool_335500_390500",335500,390500,22,22,221200,7800
"Liverpool",2025,"Liverpool_335500_390750",335500,390750,25,22,386350,11000
"Liverpool",2025,"Liverpool_335500_391500",335500,391500,1,1,22000,22000
"Liverpool",2025,"Liverpool_335500_391750",335500,391750,1,1,12500,12500
"Liverpool",2025,"Liverpool_335500_392000",335500,392000,1,1,29750,29750
"Liverpool",2025,"Liverpool_335500_392250",335500,392250,1,1,4500,4500
"Liverpool",2025,"Liverpool_335500_392500",335500,392500,1,1,66000,66000
"Liverpool",2025,"Liverpool_335500_393000",335500,393000,2,2,11850,5925
"Liverpool",2025,"Liverpool_335500_393500",335500,393500,8,8,349650,16625
"Liverpool",2025,"Liverpool_335500_393750",335500,393750,45,44,388500,5050
"Liverpool",2025,"Liverpool_335500_394000",335500,394000,60,60,598250,6050
"Liverpool",2025,"Liverpool_335500_394250",335500,394250,32,31,496850,4400
"Liverpool",2025,"Liverpool_335500_394500",335500,394500,39,37,216100,3900
"Liverpool",2025,"Liverpool_335500_394750",335500,394750,6,6,22350,3475
"Liverpool",2025,"Liverpool_335500_395000",335500,395000,1,1,2150,2150
"Liverpool",2025,"Liverpool_335500_396500",335500,396500,24,24,96675,3025
"Liverpool",2025,"Liverpool_335750_386750",335750,386750,2,2,138750,69375
"Liverpool",2025,"Liverpool_335750_387250",335750,387250,5,5,11800,2650
"Liverpool",2025,"Liverpool_335750_387500",335750,387500,14,14,71300,4575
"Liverpool",2025,"Liverpool_335750_387750",335750,387750,33,32,1740525,6800
"Liverpool",2025,"Liverpool_335750_388000",335750,388000,15,15,84400,5600
"Liverpool",2025,"Liverpool_335750_388250",335750,388250,1,1,2000,2000
"Liverpool",2025,"Liverpool_335750_388500",335750,388500,17,16,66825,3825
"Liverpool",2025,"Liverpool_335750_389000",335750,389000,5,5,34150,5800
"Liverpool",2025,"Liverpool_335750_389250",335750,389250,1,1,19250,19250
"Liverpool",2025,"Liverpool_335750_389500",335750,389500,16,16,337850,15375
"Liverpool",2025,"Liverpool_335750_389750",335750,389750,10,10,319000,33875
"Liverpool",2025,"Liverpool_335750_390000",335750,390000,5,3,40650,9600
"Liverpool",2025,"Liverpool_335750_390250",335750,390250,4,3,70750,17750
"Liverpool",2025,"Liverpool_335750_390750",335750,390750,17,17,219200,8700
"Liverpool",2025,"Liverpool_335750_391000",335750,391000,1,1,74500,74500
"Liverpool",2025,"Liverpool_335750_391250",335750,391250,1,1,45000,45000
"Liverpool",2025,"Liverpool_335750_392250",335750,392250,1,1,7000,7000
"Liverpool",2025,"Liverpool_335750_392750",335750,392750,5,5,16900,2650
"Liverpool",2025,"Liverpool_335750_393000",335750,393000,9,9,38450,3300
"Liverpool",2025,"Liverpool_335750_393250",335750,393250,1,1,28750,28750
"Liverpool",2025,"Liverpool_335750_393500",335750,393500,3,2,68000,34000
"Liverpool",2025,"Liverpool_335750_393750",335750,393750,6,6,18725,1737.5
"Liverpool",2025,"Liverpool_335750_394000",335750,394000,21,21,81925,2850
"Liverpool",2025,"Liverpool_335750_394250",335750,394250,5,4,13425,2450
"Liverpool",2025,"Liverpool_335750_394500",335750,394500,48,47,302525,4150
"Liverpool",2025,"Liverpool_335750_394750",335750,394750,11,11,49675,3900
"Liverpool",2025,"Liverpool_335750_395000",335750,395000,21,20,166900,4250
"Liverpool",2025,"Liverpool_335750_395500",335750,395500,1,1,312500,312500
"Liverpool",2025,"Liverpool_335750_396500",335750,396500,31,31,118400,3550
"Liverpool",2025,"Liverpool_335750_396750",335750,396750,10,10,53450,3500
"Liverpool",2025,"Liverpool_336000_387750",336000,387750,11,11,53700,4850
"Liverpool",2025,"Liverpool_336000_388000",336000,388000,5,5,12475,3000
"Liverpool",2025,"Liverpool_336000_388250",336000,388250,20,16,73800,4025
"Liverpool",2025,"Liverpool_336000_389000",336000,389000,1,0,NA,NA
"Liverpool",2025,"Liverpool_336000_389250",336000,389250,2,1,1500,1500
"Liverpool",2025,"Liverpool_336000_389500",336000,389500,1,1,27750,27750
"Liverpool",2025,"Liverpool_336000_389750",336000,389750,3,3,72750,20250
"Liverpool",2025,"Liverpool_336000_390000",336000,390000,1,1,1250,1250
"Liverpool",2025,"Liverpool_336000_390250",336000,390250,2,1,11000,11000
"Liverpool",2025,"Liverpool_336000_390750",336000,390750,3,3,78700,19500
"Liverpool",2025,"Liverpool_336000_391250",336000,391250,1,1,26500,26500
"Liverpool",2025,"Liverpool_336000_392000",336000,392000,3,3,15100,5100
"Liverpool",2025,"Liverpool_336000_392250",336000,392250,17,17,66075,2900
"Liverpool",2025,"Liverpool_336000_392500",336000,392500,1,1,3750,3750
"Liverpool",2025,"Liverpool_336000_392750",336000,392750,7,6,25300,3750
"Liverpool",2025,"Liverpool_336000_393000",336000,393000,3,3,14400,2950
"Liverpool",2025,"Liverpool_336000_393250",336000,393250,1,1,19000,19000
"Liverpool",2025,"Liverpool_336000_393750",336000,393750,1,1,3050,3050
"Liverpool",2025,"Liverpool_336000_394250",336000,394250,1,1,2150,2150
"Liverpool",2025,"Liverpool_336000_394500",336000,394500,4,4,10700,2550
"Liverpool",2025,"Liverpool_336000_394750",336000,394750,1,1,0,0
"Liverpool",2025,"Liverpool_336000_395250",336000,395250,3,3,1572500,15500
"Liverpool",2025,"Liverpool_336000_395500",336000,395500,28,27,98650,3250
"Liverpool",2025,"Liverpool_336000_395750",336000,395750,15,15,173950,7500
"Liverpool",2025,"Liverpool_336000_396000",336000,396000,2,2,82950,41475
"Liverpool",2025,"Liverpool_336000_396250",336000,396250,22,22,118500,4975
"Liverpool",2025,"Liverpool_336000_396500",336000,396500,19,19,80375,3350
"Liverpool",2025,"Liverpool_336000_396750",336000,396750,2,2,7625,3812.5
"Liverpool",2025,"Liverpool_336250_387250",336250,387250,5,5,15600,2900
"Liverpool",2025,"Liverpool_336250_387500",336250,387500,1,1,28250,28250
"Liverpool",2025,"Liverpool_336250_388000",336250,388000,1,1,9000,9000
"Liverpool",2025,"Liverpool_336250_388250",336250,388250,4,3,11700,3850
"Liverpool",2025,"Liverpool_336250_388750",336250,388750,11,11,43950,3550
"Liverpool",2025,"Liverpool_336250_389000",336250,389000,13,12,68250,5350
"Liverpool",2025,"Liverpool_336250_390500",336250,390500,2,2,4400,2200
"Liverpool",2025,"Liverpool_336250_390750",336250,390750,15,14,53300,3375
"Liverpool",2025,"Liverpool_336250_391000",336250,391000,4,4,37650,7900
"Liverpool",2025,"Liverpool_336250_391250",336250,391250,2,2,13750,6875
"Liverpool",2025,"Liverpool_336250_391500",336250,391500,1,1,4200,4200
"Liverpool",2025,"Liverpool_336250_392000",336250,392000,63,63,1509950,6000
"Liverpool",2025,"Liverpool_336250_392250",336250,392250,4,4,13325,2650
"Liverpool",2025,"Liverpool_336250_392500",336250,392500,30,30,84075,2300
"Liverpool",2025,"Liverpool_336250_392750",336250,392750,12,12,166375,4425
"Liverpool",2025,"Liverpool_336250_394250",336250,394250,1,1,1500,1500
"Liverpool",2025,"Liverpool_336250_394500",336250,394500,27,27,115125,3850
"Liverpool",2025,"Liverpool_336250_395500",336250,395500,3,3,10100,3750
"Liverpool",2025,"Liverpool_336250_396250",336250,396250,5,5,28500,5400
"Liverpool",2025,"Liverpool_336250_396500",336250,396500,58,56,538400,6800
"Liverpool",2025,"Liverpool_336250_396750",336250,396750,35,35,303625,8800
"Liverpool",2025,"Liverpool_336500_387250",336500,387250,22,21,151200,6100
"Liverpool",2025,"Liverpool_336500_387500",336500,387500,2,2,122500,61250
"Liverpool",2025,"Liverpool_336500_389000",336500,389000,1,1,3350,3350
"Liverpool",2025,"Liverpool_336500_389250",336500,389250,4,4,27950,7200
"Liverpool",2025,"Liverpool_336500_390000",336500,390000,5,5,260750,7000
"Liverpool",2025,"Liverpool_336500_390250",336500,390250,14,14,924450,10750
"Liverpool",2025,"Liverpool_336500_390750",336500,390750,5,5,21950,3050
"Liverpool",2025,"Liverpool_336500_391250",336500,391250,2,2,11800,5900
"Liverpool",2025,"Liverpool_336500_391500",336500,391500,4,4,43600,11250
"Liverpool",2025,"Liverpool_336500_392000",336500,392000,2,2,10750,5375
"Liverpool",2025,"Liverpool_336500_392250",336500,392250,57,57,232235,3400
"Liverpool",2025,"Liverpool_336500_392500",336500,392500,1,1,2000,2000
"Liverpool",2025,"Liverpool_336500_392750",336500,392750,6,6,27875,3700
"Liverpool",2025,"Liverpool_336500_394250",336500,394250,5,5,29250,5200
"Liverpool",2025,"Liverpool_336500_394500",336500,394500,1,1,3150,3150
"Liverpool",2025,"Liverpool_336500_395500",336500,395500,1,1,2250,2250
"Liverpool",2025,"Liverpool_336500_396750",336500,396750,36,36,277475,4375
"Liverpool",2025,"Liverpool_336500_397000",336500,397000,2,2,13600,6800
"Liverpool",2025,"Liverpool_336500_397250",336500,397250,15,15,54950,3450
"Liverpool",2025,"Liverpool_336500_397500",336500,397500,20,20,118050,3625
"Liverpool",2025,"Liverpool_336750_387000",336750,387000,1,1,3500,3500
"Liverpool",2025,"Liverpool_336750_387250",336750,387250,37,37,279600,7000
"Liverpool",2025,"Liverpool_336750_388750",336750,388750,15,15,72050,4650
"Liverpool",2025,"Liverpool_336750_389000",336750,389000,61,61,370950,4400
"Liverpool",2025,"Liverpool_336750_389250",336750,389250,11,11,269800,6900
"Liverpool",2025,"Liverpool_336750_389500",336750,389500,6,5,37200,7600
"Liverpool",2025,"Liverpool_336750_390000",336750,390000,1,1,9400,9400
"Liverpool",2025,"Liverpool_336750_390500",336750,390500,2,2,56850,28425
"Liverpool",2025,"Liverpool_336750_390750",336750,390750,5,5,23100,4000
"Liverpool",2025,"Liverpool_336750_391000",336750,391000,30,30,124000,3650
"Liverpool",2025,"Liverpool_336750_391250",336750,391250,8,7,36025,2400
"Liverpool",2025,"Liverpool_336750_391500",336750,391500,1,1,3350,3350
"Liverpool",2025,"Liverpool_336750_392000",336750,392000,2,2,15600,7800
"Liverpool",2025,"Liverpool_336750_392250",336750,392250,1,1,4200,4200
"Liverpool",2025,"Liverpool_336750_392500",336750,392500,31,30,144025,3300
"Liverpool",2025,"Liverpool_336750_392750",336750,392750,25,25,146725,3900
"Liverpool",2025,"Liverpool_336750_393000",336750,393000,27,27,135300,4150
"Liverpool",2025,"Liverpool_336750_393500",336750,393500,25,25,138950,3600
"Liverpool",2025,"Liverpool_336750_394000",336750,394000,3,3,9725,1725
"Liverpool",2025,"Liverpool_336750_394250",336750,394250,18,18,93325,4050
"Liverpool",2025,"Liverpool_336750_394500",336750,394500,6,6,25250,4500
"Liverpool",2025,"Liverpool_336750_396250",336750,396250,9,6,199700,29875
"Liverpool",2025,"Liverpool_336750_396750",336750,396750,17,17,72125,3000
"Liverpool",2025,"Liverpool_336750_397000",336750,397000,1,1,5600,5600
"Liverpool",2025,"Liverpool_336750_397250",336750,397250,1,1,2275,2275
"Liverpool",2025,"Liverpool_336750_397500",336750,397500,1,1,13500,13500
"Liverpool",2025,"Liverpool_337000_387000",337000,387000,16,15,280425,9400
"Liverpool",2025,"Liverpool_337000_387250",337000,387250,15,15,368350,24250
"Liverpool",2025,"Liverpool_337000_387500",337000,387500,28,28,488950,10625
"Liverpool",2025,"Liverpool_337000_388500",337000,388500,1,1,3250,3250
"Liverpool",2025,"Liverpool_337000_388750",337000,388750,2,2,10400,5200
"Liverpool",2025,"Liverpool_337000_389250",337000,389250,18,18,112450,4625
"Liverpool",2025,"Liverpool_337000_389500",337000,389500,1,1,16250,16250
"Liverpool",2025,"Liverpool_337000_389750",337000,389750,2,2,21750,10875
"Liverpool",2025,"Liverpool_337000_390000",337000,390000,4,4,137550,9800
"Liverpool",2025,"Liverpool_337000_390250",337000,390250,4,4,14200,3700
"Liverpool",2025,"Liverpool_337000_390500",337000,390500,21,21,86000,3750
"Liverpool",2025,"Liverpool_337000_390750",337000,390750,13,11,406800,7600
"Liverpool",2025,"Liverpool_337000_391000",337000,391000,19,19,120650,4650
"Liverpool",2025,"Liverpool_337000_391250",337000,391250,2,2,19450,9725
"Liverpool",2025,"Liverpool_337000_391500",337000,391500,8,8,42875,4550
"Liverpool",2025,"Liverpool_337000_392000",337000,392000,8,8,203425,4850
"Liverpool",2025,"Liverpool_337000_392500",337000,392500,1,1,2550,2550
"Liverpool",2025,"Liverpool_337000_392750",337000,392750,25,25,246875,6300
"Liverpool",2025,"Liverpool_337000_396250",337000,396250,2,2,54500,27250
"Liverpool",2025,"Liverpool_337000_397000",337000,397000,22,22,107250,3450
"Liverpool",2025,"Liverpool_337000_397500",337000,397500,2,2,7800,3900
"Liverpool",2025,"Liverpool_337250_387500",337250,387500,16,16,449650,17500
"Liverpool",2025,"Liverpool_337250_389000",337250,389000,12,10,46950,3550
"Liverpool",2025,"Liverpool_337250_389250",337250,389250,15,14,86850,4550
"Liverpool",2025,"Liverpool_337250_389500",337250,389500,2,2,20250,10125
"Liverpool",2025,"Liverpool_337250_390500",337250,390500,1,1,3750,3750
"Liverpool",2025,"Liverpool_337250_391000",337250,391000,29,27,315150,7400
"Liverpool",2025,"Liverpool_337250_392000",337250,392000,22,22,81500,3600
"Liverpool",2025,"Liverpool_337250_392250",337250,392250,10,10,33800,2975
"Liverpool",2025,"Liverpool_337250_392750",337250,392750,7,6,39775,5075
"Liverpool",2025,"Liverpool_337250_393000",337250,393000,3,3,14850,4150
"Liverpool",2025,"Liverpool_337250_393750",337250,393750,10,10,50275,4300
"Liverpool",2025,"Liverpool_337250_394750",337250,394750,1,1,1150,1150
"Liverpool",2025,"Liverpool_337250_395250",337250,395250,7,7,523500,24500
"Liverpool",2025,"Liverpool_337250_395750",337250,395750,4,3,15450,4500
"Liverpool",2025,"Liverpool_337250_396000",337250,396000,2,2,48300,24150
"Liverpool",2025,"Liverpool_337250_396500",337250,396500,2,2,95000,47500
"Liverpool",2025,"Liverpool_337250_397000",337250,397000,7,6,18350,3075
"Liverpool",2025,"Liverpool_337500_386250",337500,386250,1,1,26250,26250
"Liverpool",2025,"Liverpool_337500_386750",337500,386750,15,15,94900,6000
"Liverpool",2025,"Liverpool_337500_389000",337500,389000,11,11,64600,3550
"Liverpool",2025,"Liverpool_337500_389250",337500,389250,8,8,50275,6750
"Liverpool",2025,"Liverpool_337500_389500",337500,389500,1,1,2425,2425
"Liverpool",2025,"Liverpool_337500_390250",337500,390250,11,11,77350,7000
"Liverpool",2025,"Liverpool_337500_391000",337500,391000,36,36,183025,3950
"Liverpool",2025,"Liverpool_337500_391250",337500,391250,1,1,4500,4500
"Liverpool",2025,"Liverpool_337500_392000",337500,392000,8,7,30550,3750
"Liverpool",2025,"Liverpool_337500_392250",337500,392250,8,8,28800,3250
"Liverpool",2025,"Liverpool_337500_393250",337500,393250,1,1,1150,1150
"Liverpool",2025,"Liverpool_337500_393750",337500,393750,1,1,4000,4000
"Liverpool",2025,"Liverpool_337500_394250",337500,394250,2,2,1793000,896500
"Liverpool",2025,"Liverpool_337500_394750",337500,394750,1,1,17000,17000
"Liverpool",2025,"Liverpool_337500_395250",337500,395250,7,7,41605,4200
"Liverpool",2025,"Liverpool_337500_396250",337500,396250,2,2,15800,7900
"Liverpool",2025,"Liverpool_337500_397250",337500,397250,15,15,286800,3250
"Liverpool",2025,"Liverpool_337750_386500",337750,386500,11,11,98850,7600
"Liverpool",2025,"Liverpool_337750_386750",337750,386750,13,13,122500,8400
"Liverpool",2025,"Liverpool_337750_388750",337750,388750,7,6,110600,16625
"Liverpool",2025,"Liverpool_337750_389000",337750,389000,4,4,185400,19500
"Liverpool",2025,"Liverpool_337750_389250",337750,389250,49,47,286400,4950
"Liverpool",2025,"Liverpool_337750_389500",337750,389500,3,3,15750,5500
"Liverpool",2025,"Liverpool_337750_389750",337750,389750,6,6,34250,4575
"Liverpool",2025,"Liverpool_337750_390500",337750,390500,3,3,106500,17500
"Liverpool",2025,"Liverpool_337750_391000",337750,391000,15,15,217250,5300
"Liverpool",2025,"Liverpool_337750_392250",337750,392250,21,19,121850,4850
"Liverpool",2025,"Liverpool_337750_392500",337750,392500,1,1,3250,3250
"Liverpool",2025,"Liverpool_337750_393250",337750,393250,12,12,58075,4450
"Liverpool",2025,"Liverpool_337750_393500",337750,393500,7,7,42650,3650
"Liverpool",2025,"Liverpool_337750_393750",337750,393750,3,3,113400,11000
"Liverpool",2025,"Liverpool_337750_394250",337750,394250,2,2,93500,46750
"Liverpool",2025,"Liverpool_337750_395000",337750,395000,8,8,52050,5850
"Liverpool",2025,"Liverpool_337750_395250",337750,395250,1,1,6800,6800
"Liverpool",2025,"Liverpool_337750_395500",337750,395500,1,1,2550,2550
"Liverpool",2025,"Liverpool_337750_397250",337750,397250,12,12,345550,4800
"Liverpool",2025,"Liverpool_338000_385500",338000,385500,2,2,99700,49850
"Liverpool",2025,"Liverpool_338000_386250",338000,386250,10,10,76750,7800
"Liverpool",2025,"Liverpool_338000_386500",338000,386500,14,14,98500,7300
"Liverpool",2025,"Liverpool_338000_386750",338000,386750,7,7,44540,6100
"Liverpool",2025,"Liverpool_338000_387000",338000,387000,2,1,44250,44250
"Liverpool",2025,"Liverpool_338000_388500",338000,388500,69,66,2091150,7250
"Liverpool",2025,"Liverpool_338000_389000",338000,389000,5,5,34450,8100
"Liverpool",2025,"Liverpool_338000_389250",338000,389250,6,6,51250,5750
"Liverpool",2025,"Liverpool_338000_389500",338000,389500,7,7,32200,4150
"Liverpool",2025,"Liverpool_338000_389750",338000,389750,3,3,19100,4350
"Liverpool",2025,"Liverpool_338000_390250",338000,390250,1,1,21000,21000
"Liverpool",2025,"Liverpool_338000_390500",338000,390500,2,2,467100,233550
"Liverpool",2025,"Liverpool_338000_390750",338000,390750,4,2,11500,5750
"Liverpool",2025,"Liverpool_338000_391000",338000,391000,3,3,13750,4200
"Liverpool",2025,"Liverpool_338000_392250",338000,392250,48,48,356400,6150
"Liverpool",2025,"Liverpool_338000_392500",338000,392500,5,5,18700,3800
"Liverpool",2025,"Liverpool_338000_392750",338000,392750,1,1,4850,4850
"Liverpool",2025,"Liverpool_338000_393000",338000,393000,7,7,22775,2250
"Liverpool",2025,"Liverpool_338000_393250",338000,393250,11,11,104525,3150
"Liverpool",2025,"Liverpool_338000_394000",338000,394000,4,4,29800,6800
"Liverpool",2025,"Liverpool_338000_394250",338000,394250,4,4,37850,9275
"Liverpool",2025,"Liverpool_338000_395250",338000,395250,2,2,57900,28950
"Liverpool",2025,"Liverpool_338250_386000",338250,386000,7,7,84675,10000
"Liverpool",2025,"Liverpool_338250_388250",338250,388250,9,9,62850,5700
"Liverpool",2025,"Liverpool_338250_388500",338250,388500,25,25,274150,9300
"Liverpool",2025,"Liverpool_338250_389000",338250,389000,1,1,3750,3750
"Liverpool",2025,"Liverpool_338250_389250",338250,389250,13,13,71115,6400
"Liverpool",2025,"Liverpool_338250_389500",338250,389500,33,32,207650,5400
"Liverpool",2025,"Liverpool_338250_390500",338250,390500,5,5,685400,88500
"Liverpool",2025,"Liverpool_338250_390750",338250,390750,13,13,93750,5000
"Liverpool",2025,"Liverpool_338250_391750",338250,391750,1,0,NA,NA
"Liverpool",2025,"Liverpool_338250_392000",338250,392000,6,6,24875,3300
"Liverpool",2025,"Liverpool_338250_392250",338250,392250,22,21,363150,6100
"Liverpool",2025,"Liverpool_338250_392500",338250,392500,8,8,23675,2825
"Liverpool",2025,"Liverpool_338250_392750",338250,392750,7,7,21775,2600
"Liverpool",2025,"Liverpool_338250_393250",338250,393250,8,7,52000,6500
"Liverpool",2025,"Liverpool_338250_394000",338250,394000,35,34,613800,11000
"Liverpool",2025,"Liverpool_338250_394250",338250,394250,30,29,449000,12500
"Liverpool",2025,"Liverpool_338250_395500",338250,395500,5,5,25100,3400
"Liverpool",2025,"Liverpool_338250_397250",338250,397250,21,21,200775,6800
"Liverpool",2025,"Liverpool_338500_385750",338500,385750,8,7,68800,9100
"Liverpool",2025,"Liverpool_338500_388250",338500,388250,24,24,328950,8250
"Liverpool",2025,"Liverpool_338500_388500",338500,388500,20,20,293600,7700
"Liverpool",2025,"Liverpool_338500_389500",338500,389500,29,29,249350,6000
"Liverpool",2025,"Liverpool_338500_390000",338500,390000,6,6,43875,5650
"Liverpool",2025,"Liverpool_338500_390500",338500,390500,29,27,3892750,150000
"Liverpool",2025,"Liverpool_338500_390750",338500,390750,2,2,327500,163750
"Liverpool",2025,"Liverpool_338500_391250",338500,391250,56,44,203875,3100
"Liverpool",2025,"Liverpool_338500_391750",338500,391750,14,14,143650,3725
"Liverpool",2025,"Liverpool_338500_392000",338500,392000,3,1,3250,3250
"Liverpool",2025,"Liverpool_338500_393250",338500,393250,13,13,88000,5900
"Liverpool",2025,"Liverpool_338500_394000",338500,394000,9,9,160550,14000
"Liverpool",2025,"Liverpool_338500_394250",338500,394250,7,7,474750,22750
"Liverpool",2025,"Liverpool_338750_385500",338750,385500,1,1,7100,7100
"Liverpool",2025,"Liverpool_338750_388000",338750,388000,15,15,208100,8900
"Liverpool",2025,"Liverpool_338750_388250",338750,388250,24,24,183900,5700
"Liverpool",2025,"Liverpool_338750_388500",338750,388500,9,9,120250,7600
"Liverpool",2025,"Liverpool_338750_389500",338750,389500,29,29,238700,6900
"Liverpool",2025,"Liverpool_338750_390250",338750,390250,4,4,9000,2012.5
"Liverpool",2025,"Liverpool_338750_390500",338750,390500,3,3,10350,3850
"Liverpool",2025,"Liverpool_338750_390750",338750,390750,1,1,91000,91000
"Liverpool",2025,"Liverpool_338750_391000",338750,391000,1,1,1675,1675
"Liverpool",2025,"Liverpool_338750_391250",338750,391250,30,29,182250,5100
"Liverpool",2025,"Liverpool_338750_391500",338750,391500,16,16,93150,6175
"Liverpool",2025,"Liverpool_338750_392000",338750,392000,1,1,3850,3850
"Liverpool",2025,"Liverpool_338750_393250",338750,393250,8,8,55300,5325
"Liverpool",2025,"Liverpool_338750_394750",338750,394750,3,3,13150,3950
"Liverpool",2025,"Liverpool_338750_395750",338750,395750,1,1,3950,3950
"Liverpool",2025,"Liverpool_338750_397250",338750,397250,8,8,45500,5650
"Liverpool",2025,"Liverpool_338750_397500",338750,397500,1,1,9200,9200
"Liverpool",2025,"Liverpool_339000_385500",339000,385500,13,12,169400,5650
"Liverpool",2025,"Liverpool_339000_385750",339000,385750,1,1,15750,15750
"Liverpool",2025,"Liverpool_339000_387250",339000,387250,15,15,171900,9800
"Liverpool",2025,"Liverpool_339000_388250",339000,388250,39,37,583025,12500
"Liverpool",2025,"Liverpool_339000_388500",339000,388500,8,8,387000,30250
"Liverpool",2025,"Liverpool_339000_389250",339000,389250,25,25,215600,6100
"Liverpool",2025,"Liverpool_339000_389500",339000,389500,1,1,9000,9000
"Liverpool",2025,"Liverpool_339000_390250",339000,390250,2,2,6425,3212.5
"Liverpool",2025,"Liverpool_339000_390500",339000,390500,6,6,1163250,157500
"Liverpool",2025,"Liverpool_339000_390750",339000,390750,1,1,14250,14250
"Liverpool",2025,"Liverpool_339000_391000",339000,391000,10,9,1340750,4650
"Liverpool",2025,"Liverpool_339000_391250",339000,391250,37,37,201150,4300
"Liverpool",2025,"Liverpool_339000_391500",339000,391500,5,5,32000,6500
"Liverpool",2025,"Liverpool_339000_392250",339000,392250,2,2,15450,7725
"Liverpool",2025,"Liverpool_339000_392500",339000,392500,2,2,347000,173500
"Liverpool",2025,"Liverpool_339000_393250",339000,393250,4,4,22150,5700
"Liverpool",2025,"Liverpool_339000_393500",339000,393500,2,2,22750,11375
"Liverpool",2025,"Liverpool_339000_394500",339000,394500,1,1,44750,44750
"Liverpool",2025,"Liverpool_339000_394750",339000,394750,20,20,110050,4400
"Liverpool",2025,"Liverpool_339000_395750",339000,395750,4,4,40250,8800
"Liverpool",2025,"Liverpool_339250_384500",339250,384500,1,0,NA,NA
"Liverpool",2025,"Liverpool_339250_385000",339250,385000,14,14,73725,5075
"Liverpool",2025,"Liverpool_339250_386000",339250,386000,14,14,202550,11500
"Liverpool",2025,"Liverpool_339250_387250",339250,387250,24,24,287100,9550
"Liverpool",2025,"Liverpool_339250_387500",339250,387500,1,1,9500,9500
"Liverpool",2025,"Liverpool_339250_387750",339250,387750,8,8,53400,6150
"Liverpool",2025,"Liverpool_339250_388250",339250,388250,61,58,1344100,19125
"Liverpool",2025,"Liverpool_339250_389000",339250,389000,1,1,16500,16500
"Liverpool",2025,"Liverpool_339250_389250",339250,389250,1,1,205000,205000
"Liverpool",2025,"Liverpool_339250_390250",339250,390250,15,15,47475,2950
"Liverpool",2025,"Liverpool_339250_390500",339250,390500,1,1,131000,131000
"Liverpool",2025,"Liverpool_339250_390750",339250,390750,1,1,3500,3500
"Liverpool",2025,"Liverpool_339250_391000",339250,391000,53,52,817900,6500
"Liverpool",2025,"Liverpool_339250_391250",339250,391250,19,19,102175,3400
"Liverpool",2025,"Liverpool_339250_391500",339250,391500,24,24,123250,4675
"Liverpool",2025,"Liverpool_339250_391750",339250,391750,12,12,67300,4875
"Liverpool",2025,"Liverpool_339250_392000",339250,392000,10,10,183750,7900
"Liverpool",2025,"Liverpool_339250_392500",339250,392500,2,1,7600,7600
"Liverpool",2025,"Liverpool_339250_393250",339250,393250,1,1,4800,4800
"Liverpool",2025,"Liverpool_339250_393500",339250,393500,7,7,77750,6800
"Liverpool",2025,"Liverpool_339250_393750",339250,393750,28,26,201850,7250
"Liverpool",2025,"Liverpool_339250_395000",339250,395000,2,2,22600,11300
"Liverpool",2025,"Liverpool_339250_396000",339250,396000,1,1,102000,102000
"Liverpool",2025,"Liverpool_339500_384750",339500,384750,8,8,37200,3975
"Liverpool",2025,"Liverpool_339500_385000",339500,385000,13,13,319850,4000
"Liverpool",2025,"Liverpool_339500_385250",339500,385250,9,9,50600,4350
"Liverpool",2025,"Liverpool_339500_386000",339500,386000,1,1,3200,3200
"Liverpool",2025,"Liverpool_339500_386250",339500,386250,12,12,149800,12750
"Liverpool",2025,"Liverpool_339500_387500",339500,387500,5,5,28950,5600
"Liverpool",2025,"Liverpool_339500_387750",339500,387750,10,10,270250,23000
"Liverpool",2025,"Liverpool_339500_388000",339500,388000,67,65,1606255,21000
"Liverpool",2025,"Liverpool_339500_388750",339500,388750,13,13,216400,13250
"Liverpool",2025,"Liverpool_339500_389000",339500,389000,1,1,3950,3950
"Liverpool",2025,"Liverpool_339500_390000",339500,390000,5,5,40100,6900
"Liverpool",2025,"Liverpool_339500_390750",339500,390750,2,2,7400,3700
"Liverpool",2025,"Liverpool_339500_391000",339500,391000,52,52,994675,15750
"Liverpool",2025,"Liverpool_339500_391250",339500,391250,13,13,317600,10250
"Liverpool",2025,"Liverpool_339500_392750",339500,392750,6,6,53750,8400
"Liverpool",2025,"Liverpool_339500_393000",339500,393000,20,20,346300,8250
"Liverpool",2025,"Liverpool_339500_393250",339500,393250,22,22,302850,7450
"Liverpool",2025,"Liverpool_339500_394000",339500,394000,5,5,40750,4500
"Liverpool",2025,"Liverpool_339500_394750",339500,394750,11,11,105600,4000
"Liverpool",2025,"Liverpool_339500_395000",339500,395000,1,1,111000,111000
"Liverpool",2025,"Liverpool_339500_395750",339500,395750,6,6,380250,58250
"Liverpool",2025,"Liverpool_339750_384750",339750,384750,4,4,146700,3300
"Liverpool",2025,"Liverpool_339750_385000",339750,385000,1,1,2025,2025
"Liverpool",2025,"Liverpool_339750_385250",339750,385250,4,4,12450,3200
"Liverpool",2025,"Liverpool_339750_386250",339750,386250,1,1,62500,62500
"Liverpool",2025,"Liverpool_339750_386500",339750,386500,3,3,70400,16000
"Liverpool",2025,"Liverpool_339750_387000",339750,387000,7,7,36500,5000
"Liverpool",2025,"Liverpool_339750_387750",339750,387750,11,10,224000,18500
"Liverpool",2025,"Liverpool_339750_388000",339750,388000,3,3,28450,9500
"Liverpool",2025,"Liverpool_339750_390500",339750,390500,1,1,5300,5300
"Liverpool",2025,"Liverpool_339750_391000",339750,391000,9,9,106500,3850
"Liverpool",2025,"Liverpool_339750_391250",339750,391250,1,1,71500,71500
"Liverpool",2025,"Liverpool_339750_392750",339750,392750,7,7,51800,7600
"Liverpool",2025,"Liverpool_339750_395000",339750,395000,1,0,NA,NA
"Liverpool",2025,"Liverpool_340000_383500",340000,383500,12,10,42220,4400
"Liverpool",2025,"Liverpool_340000_384000",340000,384000,1,1,1500,1500
"Liverpool",2025,"Liverpool_340000_384500",340000,384500,33,33,198350,5300
"Liverpool",2025,"Liverpool_340000_385000",340000,385000,2,2,22350,11175
"Liverpool",2025,"Liverpool_340000_385500",340000,385500,10,10,75150,7000
"Liverpool",2025,"Liverpool_340000_385750",340000,385750,2,2,6800,3400
"Liverpool",2025,"Liverpool_340000_386250",340000,386250,4,4,29200,7300
"Liverpool",2025,"Liverpool_340000_386500",340000,386500,4,4,1546100,14250
"Liverpool",2025,"Liverpool_340000_388500",340000,388500,6,6,113750,15500
"Liverpool",2025,"Liverpool_340000_389750",340000,389750,2,1,4400,4400
"Liverpool",2025,"Liverpool_340000_390000",340000,390000,1,1,3350,3350
"Liverpool",2025,"Liverpool_340000_390250",340000,390250,14,14,122300,7000
"Liverpool",2025,"Liverpool_340000_390500",340000,390500,2,2,12600,6300
"Liverpool",2025,"Liverpool_340000_391250",340000,391250,11,11,111050,9200
"Liverpool",2025,"Liverpool_340000_392500",340000,392500,17,17,119750,5500
"Liverpool",2025,"Liverpool_340000_392750",340000,392750,13,13,85700,6200
"Liverpool",2025,"Liverpool_340000_395000",340000,395000,9,9,42100,3850
"Liverpool",2025,"Liverpool_340000_395250",340000,395250,7,7,45850,6250
"Liverpool",2025,"Liverpool_340250_383750",340250,383750,4,4,18075,3000
"Liverpool",2025,"Liverpool_340250_384000",340250,384000,1,0,NA,NA
"Liverpool",2025,"Liverpool_340250_384250",340250,384250,35,34,497050,5100
"Liverpool",2025,"Liverpool_340250_384500",340250,384500,43,43,234250,4850
"Liverpool",2025,"Liverpool_340250_384750",340250,384750,2,2,13450,6725
"Liverpool",2025,"Liverpool_340250_385750",340250,385750,7,7,45000,5900
"Liverpool",2025,"Liverpool_340250_388500",340250,388500,13,13,114100,8300
"Liverpool",2025,"Liverpool_340250_388750",340250,388750,2,2,23250,11625
"Liverpool",2025,"Liverpool_340250_389000",340250,389000,6,6,75250,10600
"Liverpool",2025,"Liverpool_340250_389250",340250,389250,19,19,364075,12500
"Liverpool",2025,"Liverpool_340250_390000",340250,390000,6,6,35000,5850
"Liverpool",2025,"Liverpool_340250_390250",340250,390250,5,5,49150,7200
"Liverpool",2025,"Liverpool_340250_391250",340250,391250,5,3,1493750,23750
"Liverpool",2025,"Liverpool_340250_391500",340250,391500,2,2,20000,10000
"Liverpool",2025,"Liverpool_340250_391750",340250,391750,3,3,100500,37750
"Liverpool",2025,"Liverpool_340250_392000",340250,392000,13,13,129900,9400
"Liverpool",2025,"Liverpool_340250_392250",340250,392250,1,1,22000,22000
"Liverpool",2025,"Liverpool_340250_392500",340250,392500,2,2,85750,42875
"Liverpool",2025,"Liverpool_340250_392750",340250,392750,9,9,72800,8300
"Liverpool",2025,"Liverpool_340250_395750",340250,395750,1,1,5250,5250
"Liverpool",2025,"Liverpool_340500_383500",340500,383500,1,1,1700,1700
"Liverpool",2025,"Liverpool_340500_383750",340500,383750,2,2,41125,20562.5
"Liverpool",2025,"Liverpool_340500_384250",340500,384250,21,19,345600,10750
"Liverpool",2025,"Liverpool_340500_384500",340500,384500,2,2,285750,142875
"Liverpool",2025,"Liverpool_340500_384750",340500,384750,14,14,69025,4975
"Liverpool",2025,"Liverpool_340500_385000",340500,385000,3,3,14700,5200
"Liverpool",2025,"Liverpool_340500_385750",340500,385750,8,8,66500,6950
"Liverpool",2025,"Liverpool_340500_387500",340500,387500,1,1,10750,10750
"Liverpool",2025,"Liverpool_340500_388750",340500,388750,5,5,45900,9900
"Liverpool",2025,"Liverpool_340500_389000",340500,389000,4,4,49900,10750
"Liverpool",2025,"Liverpool_340500_389250",340500,389250,7,7,82500,9700
"Liverpool",2025,"Liverpool_340500_390250",340500,390250,4,4,15450,3550
"Liverpool",2025,"Liverpool_340500_391500",340500,391500,12,12,88750,5100
"Liverpool",2025,"Liverpool_340500_391750",340500,391750,6,6,60200,10075
"Liverpool",2025,"Liverpool_340500_392000",340500,392000,5,3,20300,6400
"Liverpool",2025,"Liverpool_340500_393000",340500,393000,1,1,49500,49500
"Liverpool",2025,"Liverpool_340500_395750",340500,395750,14,14,65750,4100
"Liverpool",2025,"Liverpool_340500_396750",340500,396750,4,4,1e+06,174500
"Liverpool",2025,"Liverpool_340750_383500",340750,383500,2,2,5950,2975
"Liverpool",2025,"Liverpool_340750_388750",340750,388750,14,13,168500,12500
"Liverpool",2025,"Liverpool_340750_389000",340750,389000,7,7,69500,9700
"Liverpool",2025,"Liverpool_340750_389750",340750,389750,2,2,19900,9950
"Liverpool",2025,"Liverpool_340750_390000",340750,390000,1,1,87000,87000
"Liverpool",2025,"Liverpool_340750_391000",340750,391000,3,3,19500,4050
"Liverpool",2025,"Liverpool_340750_391500",340750,391500,27,27,257600,8100
"Liverpool",2025,"Liverpool_340750_392250",340750,392250,5,5,88050,18000
"Liverpool",2025,"Liverpool_340750_396250",340750,396250,3,3,14000,4300
"Liverpool",2025,"Liverpool_341000_385000",341000,385000,1,1,4300,4300
"Liverpool",2025,"Liverpool_341000_389000",341000,389000,2,2,38250,19125
"Liverpool",2025,"Liverpool_341000_389500",341000,389500,9,9,81600,5800
"Liverpool",2025,"Liverpool_341000_390250",341000,390250,2,2,9150,4575
"Liverpool",2025,"Liverpool_341000_391750",341000,391750,3,3,351000,71000
"Liverpool",2025,"Liverpool_341000_393500",341000,393500,9,9,1081750,12000
"Liverpool",2025,"Liverpool_341250_383750",341250,383750,1,1,198000,198000
"Liverpool",2025,"Liverpool_341250_384000",341250,384000,3,3,8350,2900
"Liverpool",2025,"Liverpool_341250_389750",341250,389750,2,2,14100,7050
"Liverpool",2025,"Liverpool_341250_390000",341250,390000,3,3,22200,6900
"Liverpool",2025,"Liverpool_341250_390250",341250,390250,1,1,6600,6600
"Liverpool",2025,"Liverpool_341500_384000",341500,384000,41,40,8594000,170000
"Liverpool",2025,"Liverpool_341500_386750",341500,386750,2,1,9750,9750
"Liverpool",2025,"Liverpool_341500_389000",341500,389000,1,1,81250,81250
"Liverpool",2025,"Liverpool_341500_391500",341500,391500,2,2,21700,10850
"Liverpool",2025,"Liverpool_341500_391750",341500,391750,2,2,54700,27350
"Liverpool",2025,"Liverpool_341500_393250",341500,393250,10,10,57400,5700
"Liverpool",2025,"Liverpool_341500_395000",341500,395000,7,7,72050,9300
"Liverpool",2025,"Liverpool_341750_386250",341750,386250,1,1,11750,11750
"Liverpool",2025,"Liverpool_341750_386750",341750,386750,5,5,34450,5000
"Liverpool",2025,"Liverpool_341750_387000",341750,387000,4,4,18500,5950
"Liverpool",2025,"Liverpool_341750_391250",341750,391250,1,1,2750,2750
"Liverpool",2025,"Liverpool_341750_391500",341750,391500,13,13,123600,9300
"Liverpool",2025,"Liverpool_341750_391750",341750,391750,15,13,137350,9100
"Liverpool",2025,"Liverpool_341750_392500",341750,392500,9,9,62850,5900
"Liverpool",2025,"Liverpool_341750_392750",341750,392750,3,3,73150,26500
"Liverpool",2025,"Liverpool_341750_393500",341750,393500,1,0,NA,NA
"Liverpool",2025,"Liverpool_342000_383500",342000,383500,921,921,280350,230
"Liverpool",2025,"Liverpool_342000_384250",342000,384250,1,1,9500,9500
"Liverpool",2025,"Liverpool_342000_384500",342000,384500,2,2,79100,39550
"Liverpool",2025,"Liverpool_342000_385250",342000,385250,1,1,98000,98000
"Liverpool",2025,"Liverpool_342000_386250",342000,386250,1,1,15500,15500
"Liverpool",2025,"Liverpool_342000_386500",342000,386500,4,4,606750,20000
"Liverpool",2025,"Liverpool_342000_388250",342000,388250,1,1,12500,12500
"Liverpool",2025,"Liverpool_342000_388500",342000,388500,7,7,353250,20000
"Liverpool",2025,"Liverpool_342000_389000",342000,389000,5,5,32600,6100
"Liverpool",2025,"Liverpool_342000_389500",342000,389500,1,1,295000,295000
"Liverpool",2025,"Liverpool_342000_391000",342000,391000,8,8,66000,7350
"Liverpool",2025,"Liverpool_342000_391750",342000,391750,1,1,20000,20000
"Liverpool",2025,"Liverpool_342000_392500",342000,392500,8,8,92950,6450
"Liverpool",2025,"Liverpool_342250_384250",342250,384250,1,1,5000,5000
"Liverpool",2025,"Liverpool_342250_384500",342250,384500,1,1,125000,125000
"Liverpool",2025,"Liverpool_342250_384750",342250,384750,32,30,2814250,17500
"Liverpool",2025,"Liverpool_342250_386500",342250,386500,36,35,369950,9400
"Liverpool",2025,"Liverpool_342250_386750",342250,386750,42,38,1365200,10250
"Liverpool",2025,"Liverpool_342250_391500",342250,391500,2,2,28250,14125
"Liverpool",2025,"Liverpool_342500_383000",342500,383000,31,30,151550,3850
"Liverpool",2025,"Liverpool_342500_383750",342500,383750,3,2,385000,192500
"Liverpool",2025,"Liverpool_342500_384000",342500,384000,2,2,524000,262000
"Liverpool",2025,"Liverpool_342500_384250",342500,384250,1,1,17000,17000
"Liverpool",2025,"Liverpool_342500_385000",342500,385000,1,1,59000,59000
"Liverpool",2025,"Liverpool_342500_386000",342500,386000,1,0,NA,NA
"Liverpool",2025,"Liverpool_342500_386250",342500,386250,1,1,2025,2025
"Liverpool",2025,"Liverpool_342500_386500",342500,386500,2,1,6200,6200
"Liverpool",2025,"Liverpool_342500_387500",342500,387500,6,6,148500,10075
"Liverpool",2025,"Liverpool_342500_387750",342500,387750,8,8,64000,7900
"Liverpool",2025,"Liverpool_342500_389000",342500,389000,1,1,4600,4600
"Liverpool",2025,"Liverpool_342750_382750",342750,382750,3,3,24200,8200
"Liverpool",2025,"Liverpool_342750_383750",342750,383750,4,4,760000,169500
"Liverpool",2025,"Liverpool_342750_384250",342750,384250,5,5,538575,6400
"Liverpool",2025,"Liverpool_342750_385000",342750,385000,2,2,38750,19375
"Liverpool",2025,"Liverpool_342750_386750",342750,386750,9,9,54200,5800
"Liverpool",2025,"Liverpool_342750_387500",342750,387500,5,5,32650,4650
"Liverpool",2025,"Liverpool_342750_388250",342750,388250,3,2,1262000,631000
"Liverpool",2025,"Liverpool_342750_388500",342750,388500,62,62,1408900,17875
"Liverpool",2025,"Liverpool_343000_383500",343000,383500,2,2,21550,10775
"Liverpool",2025,"Liverpool_343000_384000",343000,384000,1,1,113000,113000
"Liverpool",2025,"Liverpool_343000_384750",343000,384750,12,12,111750,9000
"Liverpool",2025,"Liverpool_343000_385000",343000,385000,13,13,181100,11500
"Liverpool",2025,"Liverpool_343000_385500",343000,385500,1,1,13750,13750
"Liverpool",2025,"Liverpool_343000_386250",343000,386250,9,9,75700,6300
"Liverpool",2025,"Liverpool_343000_387750",343000,387750,2,2,19000,9500
"Liverpool",2025,"Liverpool_343000_388250",343000,388250,6,6,56250,9450
"Liverpool",2025,"Liverpool_343000_388500",343000,388500,1,1,88500,88500
"Liverpool",2025,"Liverpool_343250_382750",343250,382750,6,0,NA,NA
"Liverpool",2025,"Liverpool_343250_383000",343250,383000,3,3,16750,4100
"Liverpool",2025,"Liverpool_343250_384000",343250,384000,2,1,5600,5600
"Liverpool",2025,"Liverpool_343250_385000",343250,385000,4,4,71000,17750
"Liverpool",2025,"Liverpool_343250_385250",343250,385250,1,1,17250,17250
"Liverpool",2025,"Liverpool_343250_386500",343250,386500,2,2,58350,29175
"Liverpool",2025,"Liverpool_343250_388250",343250,388250,2,2,290900,145450
"Liverpool",2025,"Liverpool_343250_388750",343250,388750,2,2,14300,7150
"Liverpool",2025,"Liverpool_343500_382750",343500,382750,1,1,20500,20500
"Liverpool",2025,"Liverpool_343500_384000",343500,384000,25,23,183650,5200
"Liverpool",2025,"Liverpool_344000_382750",344000,382750,6,6,48725,6350
"Liverpool",2025,"Liverpool_344000_383000",344000,383000,1,1,37000,37000
"Liverpool",2025,"Liverpool_344000_383250",344000,383250,17,16,2237500,22500
"Liverpool",2025,"Liverpool_344000_388000",344000,388000,6,6,36600,5500
"Liverpool",2025,"Liverpool_344000_388500",344000,388500,10,10,51750,5900
"Liverpool",2025,"Liverpool_344750_382750",344750,382750,1,1,5500,5500
"Liverpool",2025,"Liverpool_344750_383250",344750,383250,4,4,18900,3975
"Liverpool",2025,"Liverpool_345000_383000",345000,383000,14,14,68250,4100
"Liverpool",2025,"Liverpool_345000_387500",345000,387500,5,5,22800,4650
"Liverpool",2025,"Liverpool_345250_383500",345250,383500,1,1,16500,16500
