"city","grid_id","grid_x","grid_y","floor_area_total_2016","floor_area_total_2025","floor_area_change","floor_area_change_class"
"Birmingham","Birmingham_4e+05_276250",4e+05,276250,129.94,129.9,-0.039999999999992,"Decrease 1-500 sqm"
"Birmingham","Birmingham_400500_276250",400500,276250,1692,1692,0,"No change"
"Birmingham","Birmingham_399750_276750",399750,276750,920.25,799.95,-120.3,"Decrease 1-500 sqm"
"Birmingham","Birmingham_4e+05_276750",4e+05,276750,620.23,614.03,-6.20000000000005,"Decrease 1-500 sqm"
"Birmingham","Birmingham_401500_276750",401500,276750,326.4,290.4,-36,"Decrease 1-500 sqm"
"Birmingham","Birmingham_402000_276750",402000,276750,9.16,0,-9.16,"Decrease 1-500 sqm"
"Birmingham","Birmingham_402750_276750",402750,276750,159,159,0,"No change"
"Birmingham","Birmingham_400500_277000",400500,277000,58,58,0,"No change"
"Birmingham","Birmingham_401500_277000",401500,277000,165.3,113.9,-51.4,"Decrease 1-500 sqm"
"Birmingham","Birmingham_402250_277000",402250,277000,245.6,183.8,-61.8,"Decrease 1-500 sqm"
"Birmingham","Birmingham_403750_277000",403750,277000,362.7,362.7,0,"No change"
"Birmingham","Birmingham_399000_277250",399000,277250,3441.52,1720.76,-1720.76,"Decrease > 500 sqm"
"Birmingham","Birmingham_399250_277250",399250,277250,283.4,283.4,0,"No change"
"Birmingham","Birmingham_4e+05_277250",4e+05,277250,91,276.8,185.8,"Increase 1-500 sqm"
"Birmingham","Birmingham_400500_277250",400500,277250,986.7,605.1,-381.6,"Decrease 1-500 sqm"
"Birmingham","Birmingham_400750_277250",400750,277250,0,286.85,286.85,"Increase 1-500 sqm"
"Birmingham","Birmingham_401000_277250",401000,277250,29793.6,28799.19,-994.41,"Decrease > 500 sqm"
"Birmingham","Birmingham_401250_277250",401250,277250,1120.42,1014.52,-105.9,"Decrease 1-500 sqm"
"Birmingham","Birmingham_401500_277250",401500,277250,342.9,228,-114.9,"Decrease 1-500 sqm"
"Birmingham","Birmingham_401750_277250",401750,277250,70.3,70.3,0,"No change"
"Birmingham","Birmingham_402750_277250",402750,277250,121,0,-121,"Decrease 1-500 sqm"
"Birmingham","Birmingham_403750_277250",403750,277250,77.7,77.7,0,"No change"
"Birmingham","Birmingham_404250_277250",404250,277250,1446.14,1200.14,-246,"Decrease 1-500 sqm"
"Birmingham","Birmingham_398750_277500",398750,277500,203.9,202.4,-1.5,"Decrease 1-500 sqm"
"Birmingham","Birmingham_399250_277500",399250,277500,713.59,713.59,0,"No change"
"Birmingham","Birmingham_399500_277500",399500,277500,17500.8,16436.1,-1064.7,"Decrease > 500 sqm"
"Birmingham","Birmingham_4e+05_277500",4e+05,277500,1494.62,1129.63,-364.99,"Decrease 1-500 sqm"
"Birmingham","Birmingham_400250_277500",400250,277500,2663.91,2356.61,-307.3,"Decrease 1-500 sqm"
"Birmingham","Birmingham_401250_277500",401250,277500,19134.82,303.86,-18830.96,"Decrease > 500 sqm"
"Birmingham","Birmingham_402250_277500",402250,277500,2245.72,2008.02,-237.7,"Decrease 1-500 sqm"
"Birmingham","Birmingham_402750_277500",402750,277500,64.8,64.8,0,"No change"
"Birmingham","Birmingham_403500_277500",403500,277500,1313.86,1045.26,-268.6,"Decrease 1-500 sqm"
"Birmingham","Birmingham_404750_277500",404750,277500,66.9,66.9,0,"No change"
"Birmingham","Birmingham_400750_277750",400750,277750,69,69,0,"No change"
"Birmingham","Birmingham_401000_277750",401000,277750,314.48,200.08,-114.4,"Decrease 1-500 sqm"
"Birmingham","Birmingham_401250_277750",401250,277750,101.37,201.37,100,"Increase 1-500 sqm"
"Birmingham","Birmingham_401500_277750",401500,277750,417.5,0,-417.5,"Decrease 1-500 sqm"
"Birmingham","Birmingham_402250_277750",402250,277750,122.4,122.4,0,"No change"
"Birmingham","Birmingham_402500_277750",402500,277750,41.8,139.3,97.5,"Increase 1-500 sqm"
"Birmingham","Birmingham_402750_277750",402750,277750,3986.2,2793.99,-1192.21,"Decrease > 500 sqm"
"Birmingham","Birmingham_403500_277750",403500,277750,78.2,78.6,0.399999999999991,"Increase 1-500 sqm"
"Birmingham","Birmingham_403750_277750",403750,277750,126.79,110.53,-16.26,"Decrease 1-500 sqm"
"Birmingham","Birmingham_404250_277750",404250,277750,430.3,1529.83,1099.53,"Increase > 500 sqm"
"Birmingham","Birmingham_399250_278000",399250,278000,4085.6,0,-4085.6,"Decrease > 500 sqm"
"Birmingham","Birmingham_402750_278000",402750,278000,597.5,0,-597.5,"Decrease > 500 sqm"
"Birmingham","Birmingham_403500_278000",403500,278000,82.2,82.2,0,"No change"
"Birmingham","Birmingham_405000_278000",405000,278000,1335.9,1335.9,0,"No change"
"Birmingham","Birmingham_398250_278250",398250,278250,309.5,309.5,0,"No change"
"Birmingham","Birmingham_398750_278250",398750,278250,2544.12,1604.72,-939.4,"Decrease > 500 sqm"
"Birmingham","Birmingham_399750_278250",399750,278250,88.2,88.2,0,"No change"
"Birmingham","Birmingham_4e+05_278250",4e+05,278250,195.8,44.3,-151.5,"Decrease 1-500 sqm"
"Birmingham","Birmingham_401250_278250",401250,278250,3212.02,1988.72,-1223.3,"Decrease > 500 sqm"
"Birmingham","Birmingham_401750_278250",401750,278250,128.03,128.03,0,"No change"
"Birmingham","Birmingham_402000_278250",402000,278250,984.15,1006.11,21.96,"Increase 1-500 sqm"
"Birmingham","Birmingham_402250_278250",402250,278250,215.6,215.6,0,"No change"
"Birmingham","Birmingham_405000_278250",405000,278250,0,363.34,363.34,"Increase 1-500 sqm"
"Birmingham","Birmingham_405500_278250",405500,278250,133.5,133.5,0,"No change"
"Birmingham","Birmingham_407000_278250",407000,278250,59.2,59.2,0,"No change"
"Birmingham","Birmingham_407750_278250",407750,278250,14520.34,7205.1,-7315.24,"Decrease > 500 sqm"
"Birmingham","Birmingham_400500_278500",400500,278500,192.8,192.8,0,"No change"
"Birmingham","Birmingham_401500_278500",401500,278500,3951.19,3106.35,-844.84,"Decrease > 500 sqm"
"Birmingham","Birmingham_403750_278500",403750,278500,384.6,399.36,14.76,"Increase 1-500 sqm"
"Birmingham","Birmingham_404750_278500",404750,278500,287.27,94.2,-193.07,"Decrease 1-500 sqm"
"Birmingham","Birmingham_406250_278500",406250,278500,114.1,114.1,0,"No change"
"Birmingham","Birmingham_406750_278500",406750,278500,1140.9,641.5,-499.4,"Decrease 1-500 sqm"
"Birmingham","Birmingham_407250_278500",407250,278500,59.5,0,-59.5,"Decrease 1-500 sqm"
"Birmingham","Birmingham_407500_278500",407500,278500,0,167.82,167.82,"Increase 1-500 sqm"
"Birmingham","Birmingham_407750_278500",407750,278500,5963.97,5026.06,-937.91,"Decrease > 500 sqm"
"Birmingham","Birmingham_408250_278500",408250,278500,588.2,588.2,0,"No change"
"Birmingham","Birmingham_399250_278750",399250,278750,133.8,133.8,0,"No change"
"Birmingham","Birmingham_399750_278750",399750,278750,232.8,232.8,0,"No change"
"Birmingham","Birmingham_400250_278750",400250,278750,2066.05,1202.25,-863.8,"Decrease > 500 sqm"
"Birmingham","Birmingham_401500_278750",401500,278750,246.9,246.9,0,"No change"
"Birmingham","Birmingham_402250_278750",402250,278750,421.72,418.37,-3.35000000000002,"Decrease 1-500 sqm"
"Birmingham","Birmingham_402500_278750",402500,278750,3444.4,1741.1,-1703.3,"Decrease > 500 sqm"
"Birmingham","Birmingham_402750_278750",402750,278750,217.6,73.2,-144.4,"Decrease 1-500 sqm"
"Birmingham","Birmingham_404750_278750",404750,278750,3125.41,3207.34,81.9300000000003,"Increase 1-500 sqm"
"Birmingham","Birmingham_405250_278750",405250,278750,198.5,198.5,0,"No change"
"Birmingham","Birmingham_405500_278750",405500,278750,383.56,383.56,0,"No change"
"Birmingham","Birmingham_406250_278750",406250,278750,109.2,109.2,0,"No change"
"Birmingham","Birmingham_407250_278750",407250,278750,126.2,124.2,-2,"Decrease 1-500 sqm"
"Birmingham","Birmingham_407500_278750",407500,278750,1085.7,647.4,-438.3,"Decrease 1-500 sqm"
"Birmingham","Birmingham_407750_278750",407750,278750,155,155,0,"No change"
"Birmingham","Birmingham_408250_278750",408250,278750,659.79,263.46,-396.33,"Decrease 1-500 sqm"
"Birmingham","Birmingham_400500_279000",400500,279000,164,164,0,"No change"
"Birmingham","Birmingham_401750_279000",401750,279000,1147.81,1221.81,74,"Increase 1-500 sqm"
"Birmingham","Birmingham_402500_279000",402500,279000,58.7,58.7,0,"No change"
"Birmingham","Birmingham_403500_279000",403500,279000,1109.95,1109.95,0,"No change"
"Birmingham","Birmingham_404750_279000",404750,279000,127.52,0,-127.52,"Decrease 1-500 sqm"
"Birmingham","Birmingham_406000_279000",406000,279000,179.8,179.8,0,"No change"
"Birmingham","Birmingham_407000_279000",407000,279000,115,154.72,39.72,"Increase 1-500 sqm"
"Birmingham","Birmingham_407750_279000",407750,279000,1172.68,1642.4,469.72,"Increase 1-500 sqm"
"Birmingham","Birmingham_409000_279000",409000,279000,458.2,492.3,34.1,"Increase 1-500 sqm"
"Birmingham","Birmingham_400500_279250",400500,279250,134.7,134.7,0,"No change"
"Birmingham","Birmingham_400750_279250",400750,279250,99.1,99.1,0,"No change"
"Birmingham","Birmingham_401750_279250",401750,279250,17715.77,16983.57,-732.200000000001,"Decrease > 500 sqm"
"Birmingham","Birmingham_402000_279250",402000,279250,306.72,741.22,434.5,"Increase 1-500 sqm"
"Birmingham","Birmingham_403250_279250",403250,279250,157.7,157.7,0,"No change"
"Birmingham","Birmingham_404250_279250",404250,279250,400.47,197.57,-202.9,"Decrease 1-500 sqm"
"Birmingham","Birmingham_404500_279250",404500,279250,45.4,0,-45.4,"Decrease 1-500 sqm"
"Birmingham","Birmingham_404750_279250",404750,279250,1255.4,1350.14,94.74,"Increase 1-500 sqm"
"Birmingham","Birmingham_405000_279250",405000,279250,0,403.29,403.29,"Increase 1-500 sqm"
"Birmingham","Birmingham_405750_279250",405750,279250,36.3,0,-36.3,"Decrease 1-500 sqm"
"Birmingham","Birmingham_406250_279250",406250,279250,428.19,428.19,0,"No change"
"Birmingham","Birmingham_407750_279250",407750,279250,1254.01,827.27,-426.74,"Decrease 1-500 sqm"
"Birmingham","Birmingham_408250_279250",408250,279250,81.7,0,-81.7,"Decrease 1-500 sqm"
"Birmingham","Birmingham_408750_279250",408750,279250,126.4,92.09,-34.31,"Decrease 1-500 sqm"
"Birmingham","Birmingham_409000_279250",409000,279250,1375.61,1285.11,-90.5,"Decrease 1-500 sqm"
"Birmingham","Birmingham_410000_279250",410000,279250,251.7,210.6,-41.1,"Decrease 1-500 sqm"
"Birmingham","Birmingham_401250_279500",401250,279500,71.9,71.9,0,"No change"
"Birmingham","Birmingham_401750_279500",401750,279500,3354.85,2372.17,-982.68,"Decrease > 500 sqm"
"Birmingham","Birmingham_402000_279500",402000,279500,16524.46,15430.38,-1094.08,"Decrease > 500 sqm"
"Birmingham","Birmingham_402250_279500",402250,279500,82.38,82.38,0,"No change"
"Birmingham","Birmingham_404750_279500",404750,279500,4806.07,3767.66,-1038.41,"Decrease > 500 sqm"
"Birmingham","Birmingham_405000_279500",405000,279500,302.46,256.06,-46.4,"Decrease 1-500 sqm"
"Birmingham","Birmingham_406750_279500",406750,279500,602.4,396.8,-205.6,"Decrease 1-500 sqm"
"Birmingham","Birmingham_407500_279500",407500,279500,26.15,26.15,0,"No change"
"Birmingham","Birmingham_408000_279500",408000,279500,0,2114.51,2114.51,"Increase > 500 sqm"
"Birmingham","Birmingham_408250_279500",408250,279500,129.75,368.75,239,"Increase 1-500 sqm"
"Birmingham","Birmingham_408750_279500",408750,279500,4573.3,3612.62,-960.68,"Decrease > 500 sqm"
"Birmingham","Birmingham_409000_279500",409000,279500,141.1,141.1,0,"No change"
"Birmingham","Birmingham_409250_279500",409250,279500,331.89,331.89,0,"No change"
"Birmingham","Birmingham_409500_279500",409500,279500,258.7,144.2,-114.5,"Decrease 1-500 sqm"
"Birmingham","Birmingham_409750_279500",409750,279500,461.35,379.15,-82.2,"Decrease 1-500 sqm"
"Birmingham","Birmingham_410250_279500",410250,279500,291.1,293.56,2.45999999999998,"Increase 1-500 sqm"
"Birmingham","Birmingham_410500_279500",410500,279500,3396.3,2249.42,-1146.88,"Decrease > 500 sqm"
"Birmingham","Birmingham_401000_279750",401000,279750,1223.14,897.34,-325.8,"Decrease 1-500 sqm"
"Birmingham","Birmingham_401750_279750",401750,279750,195.48,195.48,0,"No change"
"Birmingham","Birmingham_402000_279750",402000,279750,41270.59,19362.67,-21907.92,"Decrease > 500 sqm"
"Birmingham","Birmingham_404500_279750",404500,279750,169.73,33.2,-136.53,"Decrease 1-500 sqm"
"Birmingham","Birmingham_404750_279750",404750,279750,10365.64,9527.38,-838.26,"Decrease > 500 sqm"
"Birmingham","Birmingham_405000_279750",405000,279750,3267.68,3280.58,12.9000000000001,"Increase 1-500 sqm"
"Birmingham","Birmingham_406250_279750",406250,279750,644.1,644.1,0,"No change"
"Birmingham","Birmingham_408750_279750",408750,279750,301.77,394.67,92.9,"Increase 1-500 sqm"
"Birmingham","Birmingham_409250_279750",409250,279750,217.3,150.1,-67.2,"Decrease 1-500 sqm"
"Birmingham","Birmingham_410250_279750",410250,279750,92.4,92.4,0,"No change"
"Birmingham","Birmingham_401500_280000",401500,280000,55.05,103.95,48.9,"Increase 1-500 sqm"
"Birmingham","Birmingham_402250_280000",402250,280000,427.02,492.28,65.26,"Increase 1-500 sqm"
"Birmingham","Birmingham_402500_280000",402500,280000,130.78,288.47,157.69,"Increase 1-500 sqm"
"Birmingham","Birmingham_403250_280000",403250,280000,196.9,122.3,-74.6,"Decrease 1-500 sqm"
"Birmingham","Birmingham_403500_280000",403500,280000,187.9,187.9,0,"No change"
"Birmingham","Birmingham_404500_280000",404500,280000,201.96,569.06,367.1,"Increase 1-500 sqm"
"Birmingham","Birmingham_404750_280000",404750,280000,120.5,120.5,0,"No change"
"Birmingham","Birmingham_405000_280000",405000,280000,346.6,311.1,-35.5,"Decrease 1-500 sqm"
"Birmingham","Birmingham_405250_280000",405250,280000,1287.02,1144.44,-142.58,"Decrease 1-500 sqm"
"Birmingham","Birmingham_405750_280000",405750,280000,113.8,113.8,0,"No change"
"Birmingham","Birmingham_406750_280000",406750,280000,481.05,481.05,0,"No change"
"Birmingham","Birmingham_408500_280000",408500,280000,43.3,43.3,0,"No change"
"Birmingham","Birmingham_404500_280250",404500,280250,0,86.6,86.6,"Increase 1-500 sqm"
"Birmingham","Birmingham_405250_280250",405250,280250,364.08,74.1,-289.98,"Decrease 1-500 sqm"
"Birmingham","Birmingham_405500_280250",405500,280250,68.9,99.8,30.9,"Increase 1-500 sqm"
"Birmingham","Birmingham_407250_280250",407250,280250,4483.57,2773.7,-1709.87,"Decrease > 500 sqm"
"Birmingham","Birmingham_407500_280250",407500,280250,103.3,103.3,0,"No change"
"Birmingham","Birmingham_407750_280250",407750,280250,0,14.43,14.43,"Increase 1-500 sqm"
"Birmingham","Birmingham_408250_280250",408250,280250,1617.05,1390.9,-226.15,"Decrease 1-500 sqm"
"Birmingham","Birmingham_408500_280250",408500,280250,303.99,303.99,0,"No change"
"Birmingham","Birmingham_408750_280250",408750,280250,132,132,0,"No change"
"Birmingham","Birmingham_409250_280250",409250,280250,148,148,0,"No change"
"Birmingham","Birmingham_409750_280250",409750,280250,1067.5,946.79,-120.71,"Decrease 1-500 sqm"
"Birmingham","Birmingham_411000_280250",411000,280250,177.6,177.6,0,"No change"
"Birmingham","Birmingham_411250_280250",411250,280250,4778.17,4525.36,-252.81,"Decrease 1-500 sqm"
"Birmingham","Birmingham_401000_280500",401000,280500,419,247,-172,"Decrease 1-500 sqm"
"Birmingham","Birmingham_404250_280500",404250,280500,427.07,375.13,-51.94,"Decrease 1-500 sqm"
"Birmingham","Birmingham_404500_280500",404500,280500,566.49,467.27,-99.22,"Decrease 1-500 sqm"
"Birmingham","Birmingham_405000_280500",405000,280500,88.53,88.53,0,"No change"
"Birmingham","Birmingham_405250_280500",405250,280500,7795.61,7295.75,-499.86,"Decrease 1-500 sqm"
"Birmingham","Birmingham_405750_280500",405750,280500,569.58,569.58,0,"No change"
"Birmingham","Birmingham_406000_280500",406000,280500,214.12,214.12,0,"No change"
"Birmingham","Birmingham_406250_280500",406250,280500,35.6,35.6,0,"No change"
"Birmingham","Birmingham_407250_280500",407250,280500,358.6,358.6,0,"No change"
"Birmingham","Birmingham_408250_280500",408250,280500,1194.09,880.23,-313.86,"Decrease 1-500 sqm"
"Birmingham","Birmingham_408750_280500",408750,280500,999.2,439.2,-560,"Decrease > 500 sqm"
"Birmingham","Birmingham_409250_280500",409250,280500,568.71,518.11,-50.6,"Decrease 1-500 sqm"
"Birmingham","Birmingham_410000_280500",410000,280500,72.4,72.4,0,"No change"
"Birmingham","Birmingham_410250_280500",410250,280500,1994.87,1391.64,-603.23,"Decrease > 500 sqm"
"Birmingham","Birmingham_410500_280500",410500,280500,52,52,0,"No change"
"Birmingham","Birmingham_411250_280500",411250,280500,1182.11,1110.41,-71.6999999999998,"Decrease 1-500 sqm"
"Birmingham","Birmingham_411500_280500",411500,280500,262.14,347.04,84.9,"Increase 1-500 sqm"
"Birmingham","Birmingham_401750_280750",401750,280750,724.44,724.44,0,"No change"
"Birmingham","Birmingham_403000_280750",403000,280750,1117.7,594.25,-523.45,"Decrease > 500 sqm"
"Birmingham","Birmingham_403500_280750",403500,280750,71.9,56.4,-15.5,"Decrease 1-500 sqm"
"Birmingham","Birmingham_405000_280750",405000,280750,47.6,19,-28.6,"Decrease 1-500 sqm"
"Birmingham","Birmingham_405250_280750",405250,280750,9301.74,8308.9,-992.84,"Decrease > 500 sqm"
"Birmingham","Birmingham_406250_280750",406250,280750,644.28,752.38,108.1,"Increase 1-500 sqm"
"Birmingham","Birmingham_408750_280750",408750,280750,1598.02,841.8,-756.22,"Decrease > 500 sqm"
"Birmingham","Birmingham_410000_280750",410000,280750,152.55,152.55,0,"No change"
"Birmingham","Birmingham_410250_280750",410250,280750,1048.96,1004.86,-44.1,"Decrease 1-500 sqm"
"Birmingham","Birmingham_410500_280750",410500,280750,405.7,202.2,-203.5,"Decrease 1-500 sqm"
"Birmingham","Birmingham_399250_281000",399250,281000,65.1,65.1,0,"No change"
"Birmingham","Birmingham_401750_281000",401750,281000,23.4,23.4,0,"No change"
"Birmingham","Birmingham_403000_281000",403000,281000,570.2,396.3,-173.9,"Decrease 1-500 sqm"
"Birmingham","Birmingham_403250_281000",403250,281000,121.18,121.18,0,"No change"
"Birmingham","Birmingham_405000_281000",405000,281000,243.9,133.3,-110.6,"Decrease 1-500 sqm"
"Birmingham","Birmingham_405250_281000",405250,281000,12774.26,13996.83,1222.57,"Increase > 500 sqm"
"Birmingham","Birmingham_406250_281000",406250,281000,2860.86,2024.53,-836.33,"Decrease > 500 sqm"
"Birmingham","Birmingham_406750_281000",406750,281000,74,74,0,"No change"
"Birmingham","Birmingham_407250_281000",407250,281000,31.7,32.3,0.599999999999998,"Increase 1-500 sqm"
"Birmingham","Birmingham_407500_281000",407500,281000,136.97,87.27,-49.7,"Decrease 1-500 sqm"
"Birmingham","Birmingham_408750_281000",408750,281000,2017.26,1263.91,-753.35,"Decrease > 500 sqm"
"Birmingham","Birmingham_409500_281000",409500,281000,637.84,563.44,-74.4,"Decrease 1-500 sqm"
"Birmingham","Birmingham_409750_281000",409750,281000,252.92,235.43,-17.49,"Decrease 1-500 sqm"
"Birmingham","Birmingham_410750_281000",410750,281000,6660.01,7986,1325.99,"Increase > 500 sqm"
"Birmingham","Birmingham_411750_281000",411750,281000,197,0,-197,"Decrease 1-500 sqm"
"Birmingham","Birmingham_401000_281250",401000,281250,601.85,601.85,0,"No change"
"Birmingham","Birmingham_402000_281250",402000,281250,145.1,145.1,0,"No change"
"Birmingham","Birmingham_402750_281250",402750,281250,203.3,203.3,0,"No change"
"Birmingham","Birmingham_404250_281250",404250,281250,121.5,0,-121.5,"Decrease 1-500 sqm"
"Birmingham","Birmingham_404500_281250",404500,281250,1206,997.4,-208.6,"Decrease 1-500 sqm"
"Birmingham","Birmingham_405000_281250",405000,281250,126.3,83.7,-42.6,"Decrease 1-500 sqm"
"Birmingham","Birmingham_405250_281250",405250,281250,4631.41,3064.53,-1566.88,"Decrease > 500 sqm"
"Birmingham","Birmingham_405500_281250",405500,281250,2605.54,2892.56,287.02,"Increase 1-500 sqm"
"Birmingham","Birmingham_406250_281250",406250,281250,262.4,262.4,0,"No change"
"Birmingham","Birmingham_407000_281250",407000,281250,41.3,41.3,0,"No change"
"Birmingham","Birmingham_407250_281250",407250,281250,10881.96,6018.55,-4863.41,"Decrease > 500 sqm"
"Birmingham","Birmingham_407500_281250",407500,281250,627.15,909,281.85,"Increase 1-500 sqm"
"Birmingham","Birmingham_407750_281250",407750,281250,144.76,78.9,-65.86,"Decrease 1-500 sqm"
"Birmingham","Birmingham_408500_281250",408500,281250,43.99,43.99,0,"No change"
"Birmingham","Birmingham_410500_281250",410500,281250,1054,1092.93,38.9300000000001,"Increase 1-500 sqm"
"Birmingham","Birmingham_411750_281250",411750,281250,2259.92,2072.95,-186.97,"Decrease 1-500 sqm"
"Birmingham","Birmingham_399500_281500",399500,281500,2299.6,2133.97,-165.63,"Decrease 1-500 sqm"
"Birmingham","Birmingham_404250_281500",404250,281500,2701.38,2903.88,202.5,"Increase 1-500 sqm"
"Birmingham","Birmingham_405250_281500",405250,281500,1674.52,1343.92,-330.6,"Decrease 1-500 sqm"
"Birmingham","Birmingham_407000_281500",407000,281500,374.85,464.55,89.7,"Increase 1-500 sqm"
"Birmingham","Birmingham_407250_281500",407250,281500,7755.21,6977.22,-777.99,"Decrease > 500 sqm"
"Birmingham","Birmingham_407500_281500",407500,281500,554.78,283.74,-271.04,"Decrease 1-500 sqm"
"Birmingham","Birmingham_409500_281500",409500,281500,95.8,95.8,0,"No change"
"Birmingham","Birmingham_409750_281500",409750,281500,155.3,155.3,0,"No change"
"Birmingham","Birmingham_411000_281500",411000,281500,62.2,62.2,0,"No change"
"Birmingham","Birmingham_411250_281500",411250,281500,1000.44,958.11,-42.33,"Decrease 1-500 sqm"
"Birmingham","Birmingham_399500_281750",399500,281750,63.7,63.7,0,"No change"
"Birmingham","Birmingham_399750_281750",399750,281750,57.2,57.2,0,"No change"
"Birmingham","Birmingham_400250_281750",400250,281750,771.9,668.9,-103,"Decrease 1-500 sqm"
"Birmingham","Birmingham_402750_281750",402750,281750,576.91,303.81,-273.1,"Decrease 1-500 sqm"
"Birmingham","Birmingham_403750_281750",403750,281750,905.5,0,-905.5,"Decrease > 500 sqm"
"Birmingham","Birmingham_405500_281750",405500,281750,1568.84,4073.28,2504.44,"Increase > 500 sqm"
"Birmingham","Birmingham_406750_281750",406750,281750,451.1,516.9,65.8,"Increase 1-500 sqm"
"Birmingham","Birmingham_407000_281750",407000,281750,3556.13,3789.45,233.32,"Increase 1-500 sqm"
"Birmingham","Birmingham_407250_281750",407250,281750,26311.42,20743.37,-5568.05,"Decrease > 500 sqm"
"Birmingham","Birmingham_407500_281750",407500,281750,1842.15,1479.33,-362.82,"Decrease 1-500 sqm"
"Birmingham","Birmingham_407750_281750",407750,281750,223.4,189.9,-33.5,"Decrease 1-500 sqm"
"Birmingham","Birmingham_409000_281750",409000,281750,37,0,-37,"Decrease 1-500 sqm"
"Birmingham","Birmingham_409500_281750",409500,281750,496.1,258.9,-237.2,"Decrease 1-500 sqm"
"Birmingham","Birmingham_409750_281750",409750,281750,50.5,50.5,0,"No change"
"Birmingham","Birmingham_410500_281750",410500,281750,1487.16,1015.87,-471.29,"Decrease 1-500 sqm"
"Birmingham","Birmingham_411500_281750",411500,281750,114.9,114.9,0,"No change"
"Birmingham","Birmingham_411750_281750",411750,281750,157.2,100.8,-56.4,"Decrease 1-500 sqm"
"Birmingham","Birmingham_399250_282000",399250,282000,704.2,711.74,7.53999999999996,"Increase 1-500 sqm"
"Birmingham","Birmingham_399750_282000",399750,282000,91.4,91.4,0,"No change"
"Birmingham","Birmingham_400500_282000",400500,282000,43.9,43.9,0,"No change"
"Birmingham","Birmingham_402000_282000",402000,282000,7007.55,6559.8,-447.75,"Decrease 1-500 sqm"
"Birmingham","Birmingham_402250_282000",402250,282000,1223.57,1223.57,0,"No change"
"Birmingham","Birmingham_403250_282000",403250,282000,83.24,83.24,0,"No change"
"Birmingham","Birmingham_404000_282000",404000,282000,726.17,409.16,-317.01,"Decrease 1-500 sqm"
"Birmingham","Birmingham_404750_282000",404750,282000,3326.11,2541.74,-784.37,"Decrease > 500 sqm"
"Birmingham","Birmingham_405000_282000",405000,282000,67.9,379.17,311.27,"Increase 1-500 sqm"
"Birmingham","Birmingham_405750_282000",405750,282000,879.63,296.93,-582.7,"Decrease > 500 sqm"
"Birmingham","Birmingham_406250_282000",406250,282000,1120.75,592.35,-528.4,"Decrease > 500 sqm"
"Birmingham","Birmingham_407000_282000",407000,282000,120.17,246.69,126.52,"Increase 1-500 sqm"
"Birmingham","Birmingham_407250_282000",407250,282000,14128.51,12964.29,-1164.22,"Decrease > 500 sqm"
"Birmingham","Birmingham_407500_282000",407500,282000,675.26,556.96,-118.3,"Decrease 1-500 sqm"
"Birmingham","Birmingham_408000_282000",408000,282000,182.1,341.87,159.77,"Increase 1-500 sqm"
"Birmingham","Birmingham_410250_282000",410250,282000,6790.48,4000.46,-2790.02,"Decrease > 500 sqm"
"Birmingham","Birmingham_410500_282000",410500,282000,978.63,817.52,-161.11,"Decrease 1-500 sqm"
"Birmingham","Birmingham_410750_282000",410750,282000,160.34,204.64,44.3,"Increase 1-500 sqm"
"Birmingham","Birmingham_411500_282000",411500,282000,187.7,187.7,0,"No change"
"Birmingham","Birmingham_412250_282000",412250,282000,60.2,60.2,0,"No change"
"Birmingham","Birmingham_412500_282000",412500,282000,34.2,34.2,0,"No change"
"Birmingham","Birmingham_400500_282250",400500,282250,519.94,234.94,-285,"Decrease 1-500 sqm"
"Birmingham","Birmingham_401500_282250",401500,282250,1105.6,0,-1105.6,"Decrease > 500 sqm"
"Birmingham","Birmingham_402000_282250",402000,282250,516.7,516.7,0,"No change"
"Birmingham","Birmingham_403250_282250",403250,282250,591.7,377,-214.7,"Decrease 1-500 sqm"
"Birmingham","Birmingham_404000_282250",404000,282250,2737.39,2201.63,-535.76,"Decrease > 500 sqm"
"Birmingham","Birmingham_404250_282250",404250,282250,3799.48,2729.18,-1070.3,"Decrease > 500 sqm"
"Birmingham","Birmingham_404500_282250",404500,282250,186.3,0,-186.3,"Decrease 1-500 sqm"
"Birmingham","Birmingham_404750_282250",404750,282250,60.6,60.6,0,"No change"
"Birmingham","Birmingham_405000_282250",405000,282250,156.5,156.5,0,"No change"
"Birmingham","Birmingham_405750_282250",405750,282250,512.8,423.7,-89.0999999999999,"Decrease 1-500 sqm"
"Birmingham","Birmingham_407500_282250",407500,282250,64.2,192.49,128.29,"Increase 1-500 sqm"
"Birmingham","Birmingham_408000_282250",408000,282250,55.2,55.2,0,"No change"
"Birmingham","Birmingham_408750_282250",408750,282250,46.3,46.3,0,"No change"
"Birmingham","Birmingham_409250_282250",409250,282250,0,14.59,14.59,"Increase 1-500 sqm"
"Birmingham","Birmingham_410250_282250",410250,282250,8258.41,6156.45,-2101.96,"Decrease > 500 sqm"
"Birmingham","Birmingham_410500_282250",410500,282250,54.4,54.4,0,"No change"
"Birmingham","Birmingham_411000_282250",411000,282250,514.6,514.6,0,"No change"
"Birmingham","Birmingham_411750_282250",411750,282250,211.84,211.84,0,"No change"
"Birmingham","Birmingham_399000_282500",399000,282500,122.3,122.3,0,"No change"
"Birmingham","Birmingham_399250_282500",399250,282500,78.6,78.6,0,"No change"
"Birmingham","Birmingham_400500_282500",400500,282500,1048.27,1048.27,0,"No change"
"Birmingham","Birmingham_401250_282500",401250,282500,1042.88,783.68,-259.2,"Decrease 1-500 sqm"
"Birmingham","Birmingham_401500_282500",401500,282500,346.39,346.39,0,"No change"
"Birmingham","Birmingham_402000_282500",402000,282500,1351.89,1351.89,0,"No change"
"Birmingham","Birmingham_403000_282500",403000,282500,594.5,594.5,0,"No change"
"Birmingham","Birmingham_404000_282500",404000,282500,24052.9,14125.88,-9927.02,"Decrease > 500 sqm"
"Birmingham","Birmingham_404250_282500",404250,282500,30.1,541,510.9,"Increase > 500 sqm"
"Birmingham","Birmingham_404500_282500",404500,282500,283.46,0,-283.46,"Decrease 1-500 sqm"
"Birmingham","Birmingham_404750_282500",404750,282500,172.7,16.5,-156.2,"Decrease 1-500 sqm"
"Birmingham","Birmingham_405750_282500",405750,282500,412.06,206.46,-205.6,"Decrease 1-500 sqm"
"Birmingham","Birmingham_410000_282500",410000,282500,231.23,315.14,83.91,"Increase 1-500 sqm"
"Birmingham","Birmingham_410250_282500",410250,282500,165.35,115.95,-49.4,"Decrease 1-500 sqm"
"Birmingham","Birmingham_410500_282500",410500,282500,1808.5,1586.63,-221.87,"Decrease 1-500 sqm"
"Birmingham","Birmingham_410750_282500",410750,282500,236.2,236.2,0,"No change"
"Birmingham","Birmingham_411250_282500",411250,282500,583.3,464.3,-119,"Decrease 1-500 sqm"
"Birmingham","Birmingham_411500_282500",411500,282500,88.4,88.4,0,"No change"
"Birmingham","Birmingham_411750_282500",411750,282500,257.61,257.61,0,"No change"
"Birmingham","Birmingham_399000_282750",399000,282750,47.4,47.4,0,"No change"
"Birmingham","Birmingham_399250_282750",399250,282750,1683.6,783.19,-900.41,"Decrease > 500 sqm"
"Birmingham","Birmingham_400250_282750",400250,282750,106.29,106.29,0,"No change"
"Birmingham","Birmingham_400750_282750",400750,282750,131.2,131.2,0,"No change"
"Birmingham","Birmingham_401500_282750",401500,282750,7642.69,7173.64,-469.05,"Decrease 1-500 sqm"
"Birmingham","Birmingham_402250_282750",402250,282750,124.7,136.22,11.52,"Increase 1-500 sqm"
"Birmingham","Birmingham_403000_282750",403000,282750,167.3,167.3,0,"No change"
"Birmingham","Birmingham_404000_282750",404000,282750,3700.77,20829.27,17128.5,"Increase > 500 sqm"
"Birmingham","Birmingham_404250_282750",404250,282750,2364.85,3486.69,1121.84,"Increase > 500 sqm"
"Birmingham","Birmingham_404500_282750",404500,282750,1585.32,1371.79,-213.53,"Decrease 1-500 sqm"
"Birmingham","Birmingham_404750_282750",404750,282750,38,38,0,"No change"
"Birmingham","Birmingham_405750_282750",405750,282750,393.04,368.14,-24.9,"Decrease 1-500 sqm"
"Birmingham","Birmingham_407500_282750",407500,282750,296.98,320.45,23.47,"Increase 1-500 sqm"
"Birmingham","Birmingham_409500_282750",409500,282750,2915.95,2663.51,-252.44,"Decrease 1-500 sqm"
"Birmingham","Birmingham_409750_282750",409750,282750,3945.87,3492.42,-453.45,"Decrease 1-500 sqm"
"Birmingham","Birmingham_410000_282750",410000,282750,335.08,130.28,-204.8,"Decrease 1-500 sqm"
"Birmingham","Birmingham_410250_282750",410250,282750,180.08,180.08,0,"No change"
"Birmingham","Birmingham_410500_282750",410500,282750,782.74,782.74,0,"No change"
"Birmingham","Birmingham_411250_282750",411250,282750,5947.05,5286.17,-660.88,"Decrease > 500 sqm"
"Birmingham","Birmingham_411500_282750",411500,282750,78.6,436.19,357.59,"Increase 1-500 sqm"
"Birmingham","Birmingham_412500_282750",412500,282750,3426.37,2578.97,-847.4,"Decrease > 500 sqm"
"Birmingham","Birmingham_412750_282750",412750,282750,1484.08,1193.58,-290.5,"Decrease 1-500 sqm"
"Birmingham","Birmingham_402500_283000",402500,283000,105.7,105.7,0,"No change"
"Birmingham","Birmingham_403500_283000",403500,283000,7881.51,1200.65,-6680.86,"Decrease > 500 sqm"
"Birmingham","Birmingham_404500_283000",404500,283000,5368.83,3153.89,-2214.94,"Decrease > 500 sqm"
"Birmingham","Birmingham_404750_283000",404750,283000,4696.53,2046.53,-2650,"Decrease > 500 sqm"
"Birmingham","Birmingham_405750_283000",405750,283000,951.58,787.1,-164.48,"Decrease 1-500 sqm"
"Birmingham","Birmingham_406000_283000",406000,283000,53.24,53.24,0,"No change"
"Birmingham","Birmingham_407500_283000",407500,283000,4736.76,5250.08,513.32,"Increase > 500 sqm"
"Birmingham","Birmingham_407750_283000",407750,283000,7675,6514.5,-1160.5,"Decrease > 500 sqm"
"Birmingham","Birmingham_408000_283000",408000,283000,97.78,97.78,0,"No change"
"Birmingham","Birmingham_408750_283000",408750,283000,73.7,73.7,0,"No change"
"Birmingham","Birmingham_409000_283000",409000,283000,62.88,0,-62.88,"Decrease 1-500 sqm"
"Birmingham","Birmingham_409250_283000",409250,283000,543.51,543.51,0,"No change"
"Birmingham","Birmingham_409500_283000",409500,283000,16603.37,14250.02,-2353.35,"Decrease > 500 sqm"
"Birmingham","Birmingham_410500_283000",410500,283000,710.18,231.44,-478.74,"Decrease 1-500 sqm"
"Birmingham","Birmingham_410750_283000",410750,283000,2410.6,540.19,-1870.41,"Decrease > 500 sqm"
"Birmingham","Birmingham_411000_283000",411000,283000,495.19,1396.63,901.44,"Increase > 500 sqm"
"Birmingham","Birmingham_411750_283000",411750,283000,910.4,640.83,-269.57,"Decrease 1-500 sqm"
"Birmingham","Birmingham_412000_283000",412000,283000,18276.17,14417.14,-3859.03,"Decrease > 500 sqm"
"Birmingham","Birmingham_412250_283000",412250,283000,8403.95,7942.11,-461.840000000001,"Decrease 1-500 sqm"
"Birmingham","Birmingham_412500_283000",412500,283000,2322.98,1719.77,-603.21,"Decrease > 500 sqm"
"Birmingham","Birmingham_412750_283000",412750,283000,73.6,73.6,0,"No change"
"Birmingham","Birmingham_413000_283000",413000,283000,256.26,328.26,72,"Increase 1-500 sqm"
"Birmingham","Birmingham_402250_283250",402250,283250,1008.82,1063.52,54.7,"Increase 1-500 sqm"
"Birmingham","Birmingham_403500_283250",403500,283250,4622.04,986.84,-3635.2,"Decrease > 500 sqm"
"Birmingham","Birmingham_403750_283250",403750,283250,59.8,59.8,0,"No change"
"Birmingham","Birmingham_406000_283250",406000,283250,120.5,1593.5,1473,"Increase > 500 sqm"
"Birmingham","Birmingham_407250_283250",407250,283250,32.7,32.7,0,"No change"
"Birmingham","Birmingham_407500_283250",407500,283250,6883.24,4483.39,-2399.85,"Decrease > 500 sqm"
"Birmingham","Birmingham_407750_283250",407750,283250,1799.3,1600.78,-198.52,"Decrease 1-500 sqm"
"Birmingham","Birmingham_408000_283250",408000,283250,13,0,-13,"Decrease 1-500 sqm"
"Birmingham","Birmingham_409250_283250",409250,283250,454.9,577.12,122.22,"Increase 1-500 sqm"
"Birmingham","Birmingham_409500_283250",409500,283250,4785.76,4004.16,-781.6,"Decrease > 500 sqm"
"Birmingham","Birmingham_409750_283250",409750,283250,297.35,297.35,0,"No change"
"Birmingham","Birmingham_410250_283250",410250,283250,57.39,57.39,0,"No change"
"Birmingham","Birmingham_411250_283250",411250,283250,66.9,66.9,0,"No change"
"Birmingham","Birmingham_411750_283250",411750,283250,631.58,653.56,21.9799999999999,"Increase 1-500 sqm"
"Birmingham","Birmingham_412000_283250",412000,283250,480.88,480.88,0,"No change"
"Birmingham","Birmingham_412750_283250",412750,283250,92.6,92.6,0,"No change"
"Birmingham","Birmingham_413000_283250",413000,283250,410.67,410.67,0,"No change"
"Birmingham","Birmingham_402250_283500",402250,283500,453.2,453.2,0,"No change"
"Birmingham","Birmingham_403000_283500",403000,283500,565.5,565.5,0,"No change"
"Birmingham","Birmingham_404750_283500",404750,283500,816.37,75.9,-740.47,"Decrease > 500 sqm"
"Birmingham","Birmingham_405750_283500",405750,283500,174.83,0,-174.83,"Decrease 1-500 sqm"
"Birmingham","Birmingham_407500_283500",407500,283500,1773.14,1631.34,-141.8,"Decrease 1-500 sqm"
"Birmingham","Birmingham_408000_283500",408000,283500,250.2,250.2,0,"No change"
"Birmingham","Birmingham_408500_283500",408500,283500,284.78,0,-284.78,"Decrease 1-500 sqm"
"Birmingham","Birmingham_409000_283500",409000,283500,803.89,753.57,-50.3199999999999,"Decrease 1-500 sqm"
"Birmingham","Birmingham_409250_283500",409250,283500,970.5,922.74,-47.76,"Decrease 1-500 sqm"
"Birmingham","Birmingham_409500_283500",409500,283500,24.6,24.6,0,"No change"
"Birmingham","Birmingham_410250_283500",410250,283500,249.9,474.02,224.12,"Increase 1-500 sqm"
"Birmingham","Birmingham_410500_283500",410500,283500,247.69,0,-247.69,"Decrease 1-500 sqm"
"Birmingham","Birmingham_411000_283500",411000,283500,1913.42,1913.42,0,"No change"
"Birmingham","Birmingham_411500_283500",411500,283500,919.94,384.83,-535.11,"Decrease > 500 sqm"
"Birmingham","Birmingham_412250_283500",412250,283500,563.15,487.15,-75.9999999999999,"Decrease 1-500 sqm"
"Birmingham","Birmingham_412500_283500",412500,283500,168.92,0,-168.92,"Decrease 1-500 sqm"
"Birmingham","Birmingham_413000_283500",413000,283500,182.29,180.53,-1.76000000000002,"Decrease 1-500 sqm"
"Birmingham","Birmingham_414750_283500",414750,283500,1249.97,3600.49,2350.52,"Increase > 500 sqm"
"Birmingham","Birmingham_415000_283500",415000,283500,17349.92,8580.3,-8769.62,"Decrease > 500 sqm"
"Birmingham","Birmingham_415250_283500",415250,283500,1088.57,862.35,-226.22,"Decrease 1-500 sqm"
"Birmingham","Birmingham_399250_283750",399250,283750,887.53,887.53,0,"No change"
"Birmingham","Birmingham_400250_283750",400250,283750,199.7,199.7,0,"No change"
"Birmingham","Birmingham_400500_283750",400500,283750,198.5,198.5,0,"No change"
"Birmingham","Birmingham_400750_283750",400750,283750,1219.29,898.41,-320.88,"Decrease 1-500 sqm"
"Birmingham","Birmingham_401250_283750",401250,283750,464.3,486.98,22.68,"Increase 1-500 sqm"
"Birmingham","Birmingham_401750_283750",401750,283750,723.2,415.98,-307.22,"Decrease 1-500 sqm"
"Birmingham","Birmingham_403500_283750",403500,283750,38.6,0,-38.6,"Decrease 1-500 sqm"
"Birmingham","Birmingham_404250_283750",404250,283750,157.65,61.5,-96.15,"Decrease 1-500 sqm"
"Birmingham","Birmingham_404500_283750",404500,283750,4.4,4.4,0,"No change"
"Birmingham","Birmingham_404750_283750",404750,283750,2544.28,1369.94,-1174.34,"Decrease > 500 sqm"
"Birmingham","Birmingham_407500_283750",407500,283750,78.5,78.5,0,"No change"
"Birmingham","Birmingham_407750_283750",407750,283750,176.1,176.1,0,"No change"
"Birmingham","Birmingham_408250_283750",408250,283750,10413.46,7199.41,-3214.05,"Decrease > 500 sqm"
"Birmingham","Birmingham_408500_283750",408500,283750,1684.17,1352.44,-331.73,"Decrease 1-500 sqm"
"Birmingham","Birmingham_409000_283750",409000,283750,6436.98,5867.12,-569.860000000001,"Decrease > 500 sqm"
"Birmingham","Birmingham_409250_283750",409250,283750,2107.34,2202.56,95.2199999999998,"Increase 1-500 sqm"
"Birmingham","Birmingham_409500_283750",409500,283750,67.17,62.97,-4.2,"Decrease 1-500 sqm"
"Birmingham","Birmingham_410000_283750",410000,283750,784.98,937.78,152.8,"Increase 1-500 sqm"
"Birmingham","Birmingham_410250_283750",410250,283750,704.74,663.72,-41.02,"Decrease 1-500 sqm"
"Birmingham","Birmingham_410500_283750",410500,283750,1616.02,1424.93,-191.09,"Decrease 1-500 sqm"
"Birmingham","Birmingham_410750_283750",410750,283750,946.4,915.4,-31,"Decrease 1-500 sqm"
"Birmingham","Birmingham_411000_283750",411000,283750,2357.95,1506.85,-851.1,"Decrease > 500 sqm"
"Birmingham","Birmingham_411250_283750",411250,283750,668.45,2146.55,1478.1,"Increase > 500 sqm"
"Birmingham","Birmingham_411500_283750",411500,283750,2957.8,0,-2957.8,"Decrease > 500 sqm"
"Birmingham","Birmingham_411750_283750",411750,283750,406.9,399.67,-7.22999999999996,"Decrease 1-500 sqm"
"Birmingham","Birmingham_412250_283750",412250,283750,2129.86,2012.27,-117.59,"Decrease 1-500 sqm"
"Birmingham","Birmingham_412500_283750",412500,283750,36.6,36.6,0,"No change"
"Birmingham","Birmingham_412750_283750",412750,283750,12.4,12.4,0,"No change"
"Birmingham","Birmingham_413000_283750",413000,283750,522.52,432.46,-90.06,"Decrease 1-500 sqm"
"Birmingham","Birmingham_414500_283750",414500,283750,2099.97,1972.27,-127.7,"Decrease 1-500 sqm"
"Birmingham","Birmingham_414750_283750",414750,283750,7173.77,6569.51,-604.26,"Decrease > 500 sqm"
"Birmingham","Birmingham_415000_283750",415000,283750,7362.44,4799.9,-2562.54,"Decrease > 500 sqm"
"Birmingham","Birmingham_415500_283750",415500,283750,1179.03,1039.13,-139.9,"Decrease 1-500 sqm"
"Birmingham","Birmingham_416000_283750",416000,283750,1313.12,0,-1313.12,"Decrease > 500 sqm"
"Birmingham","Birmingham_399750_284000",399750,284000,217.64,217.64,0,"No change"
"Birmingham","Birmingham_401500_284000",401500,284000,22.1,22.1,0,"No change"
"Birmingham","Birmingham_401750_284000",401750,284000,62.6,102,39.4,"Increase 1-500 sqm"
"Birmingham","Birmingham_402250_284000",402250,284000,1382.84,1392.58,9.74000000000001,"Increase 1-500 sqm"
"Birmingham","Birmingham_402500_284000",402500,284000,230.9,101.3,-129.6,"Decrease 1-500 sqm"
"Birmingham","Birmingham_403500_284000",403500,284000,56,56,0,"No change"
"Birmingham","Birmingham_406250_284000",406250,284000,1391.59,1391.59,0,"No change"
"Birmingham","Birmingham_407000_284000",407000,284000,47.3,0,-47.3,"Decrease 1-500 sqm"
"Birmingham","Birmingham_407250_284000",407250,284000,700.6,499.17,-201.43,"Decrease 1-500 sqm"
"Birmingham","Birmingham_407500_284000",407500,284000,233.64,30,-203.64,"Decrease 1-500 sqm"
"Birmingham","Birmingham_407750_284000",407750,284000,5717.34,4561.35,-1155.99,"Decrease > 500 sqm"
"Birmingham","Birmingham_408000_284000",408000,284000,1997,714.61,-1282.39,"Decrease > 500 sqm"
"Birmingham","Birmingham_408250_284000",408250,284000,3112.3,2823.24,-289.06,"Decrease 1-500 sqm"
"Birmingham","Birmingham_408500_284000",408500,284000,3300.67,2539.78,-760.89,"Decrease > 500 sqm"
"Birmingham","Birmingham_408750_284000",408750,284000,808.53,468.33,-340.2,"Decrease 1-500 sqm"
"Birmingham","Birmingham_409000_284000",409000,284000,11119.31,6988.28,-4131.03,"Decrease > 500 sqm"
"Birmingham","Birmingham_409250_284000",409250,284000,181.02,181.02,0,"No change"
"Birmingham","Birmingham_409500_284000",409500,284000,4698.66,4670.05,-28.6099999999997,"Decrease 1-500 sqm"
"Birmingham","Birmingham_409750_284000",409750,284000,1986.84,1687.11,-299.73,"Decrease 1-500 sqm"
"Birmingham","Birmingham_410000_284000",410000,284000,574.12,664.8,90.6799999999999,"Increase 1-500 sqm"
"Birmingham","Birmingham_410250_284000",410250,284000,13.1,13.1,0,"No change"
"Birmingham","Birmingham_411000_284000",411000,284000,209.52,209.52,0,"No change"
"Birmingham","Birmingham_411250_284000",411250,284000,958.41,391.9,-566.51,"Decrease > 500 sqm"
"Birmingham","Birmingham_411500_284000",411500,284000,36.2,0,-36.2,"Decrease 1-500 sqm"
"Birmingham","Birmingham_412250_284000",412250,284000,759.68,639.75,-119.93,"Decrease 1-500 sqm"
"Birmingham","Birmingham_413000_284000",413000,284000,245,134.4,-110.6,"Decrease 1-500 sqm"
"Birmingham","Birmingham_414000_284000",414000,284000,2589.06,1994.24,-594.82,"Decrease > 500 sqm"
"Birmingham","Birmingham_414250_284000",414250,284000,7902.76,4437.14,-3465.62,"Decrease > 500 sqm"
"Birmingham","Birmingham_399750_284250",399750,284250,190.61,190.61,0,"No change"
"Birmingham","Birmingham_400500_284250",400500,284250,944.9,944.9,0,"No change"
"Birmingham","Birmingham_400750_284250",400750,284250,281.5,96.6,-184.9,"Decrease 1-500 sqm"
"Birmingham","Birmingham_402500_284250",402500,284250,73,73,0,"No change"
"Birmingham","Birmingham_402750_284250",402750,284250,668.81,614.68,-54.13,"Decrease 1-500 sqm"
"Birmingham","Birmingham_403000_284250",403000,284250,3407.72,3208.68,-199.04,"Decrease 1-500 sqm"
"Birmingham","Birmingham_403250_284250",403250,284250,1935.28,1388.96,-546.32,"Decrease > 500 sqm"
"Birmingham","Birmingham_403500_284250",403500,284250,279.5,217.7,-61.8,"Decrease 1-500 sqm"
"Birmingham","Birmingham_404500_284250",404500,284250,566.21,203.57,-362.64,"Decrease 1-500 sqm"
"Birmingham","Birmingham_405000_284250",405000,284250,769.1,769.1,0,"No change"
"Birmingham","Birmingham_406250_284250",406250,284250,579.85,577.85,-2,"Decrease 1-500 sqm"
"Birmingham","Birmingham_407000_284250",407000,284250,2174.69,1500.61,-674.08,"Decrease > 500 sqm"
"Birmingham","Birmingham_407250_284250",407250,284250,1019.15,1587.25,568.1,"Increase > 500 sqm"
"Birmingham","Birmingham_407500_284250",407500,284250,130.6,130.6,0,"No change"
"Birmingham","Birmingham_407750_284250",407750,284250,6855.18,4616.51,-2238.67,"Decrease > 500 sqm"
"Birmingham","Birmingham_408000_284250",408000,284250,1380.62,972.02,-408.6,"Decrease 1-500 sqm"
"Birmingham","Birmingham_408250_284250",408250,284250,10628.22,7306.2,-3322.02,"Decrease > 500 sqm"
"Birmingham","Birmingham_408500_284250",408500,284250,3066.15,5412.68,2346.53,"Increase > 500 sqm"
"Birmingham","Birmingham_408750_284250",408750,284250,9840.85,7167.15,-2673.7,"Decrease > 500 sqm"
"Birmingham","Birmingham_409000_284250",409000,284250,2342.82,2526.82,184,"Increase 1-500 sqm"
"Birmingham","Birmingham_409250_284250",409250,284250,511.1,626.95,115.85,"Increase 1-500 sqm"
"Birmingham","Birmingham_409500_284250",409500,284250,322.11,152.65,-169.46,"Decrease 1-500 sqm"
"Birmingham","Birmingham_410750_284250",410750,284250,566.16,212.5,-353.66,"Decrease 1-500 sqm"
"Birmingham","Birmingham_411000_284250",411000,284250,108.6,108.6,0,"No change"
"Birmingham","Birmingham_411500_284250",411500,284250,567.78,0,-567.78,"Decrease > 500 sqm"
"Birmingham","Birmingham_411750_284250",411750,284250,3467.6,149.3,-3318.3,"Decrease > 500 sqm"
"Birmingham","Birmingham_412000_284250",412000,284250,796.89,682.39,-114.5,"Decrease 1-500 sqm"
"Birmingham","Birmingham_412250_284250",412250,284250,76.9,76.9,0,"No change"
"Birmingham","Birmingham_413500_284250",413500,284250,1074.53,1074.53,0,"No change"
"Birmingham","Birmingham_413750_284250",413750,284250,230.52,101.55,-128.97,"Decrease 1-500 sqm"
"Birmingham","Birmingham_415000_284250",415000,284250,427.4,427.4,0,"No change"
"Birmingham","Birmingham_415750_284250",415750,284250,308.17,308.17,0,"No change"
"Birmingham","Birmingham_399750_284500",399750,284500,5448.6,2724.3,-2724.3,"Decrease > 500 sqm"
"Birmingham","Birmingham_4e+05_284500",4e+05,284500,114.8,13.9,-100.9,"Decrease 1-500 sqm"
"Birmingham","Birmingham_400250_284500",400250,284500,340.61,340.61,0,"No change"
"Birmingham","Birmingham_401250_284500",401250,284500,656.08,656.08,0,"No change"
"Birmingham","Birmingham_401750_284500",401750,284500,1047.74,999.78,-47.96,"Decrease 1-500 sqm"
"Birmingham","Birmingham_402000_284500",402000,284500,382.3,199.8,-182.5,"Decrease 1-500 sqm"
"Birmingham","Birmingham_402500_284500",402500,284500,66.6,69.65,3.05000000000001,"Increase 1-500 sqm"
"Birmingham","Birmingham_402750_284500",402750,284500,980.04,1094.25,114.21,"Increase 1-500 sqm"
"Birmingham","Birmingham_403250_284500",403250,284500,204.2,204.2,0,"No change"
"Birmingham","Birmingham_403500_284500",403500,284500,14866.94,14480.54,-386.4,"Decrease 1-500 sqm"
"Birmingham","Birmingham_403750_284500",403750,284500,12596.9,10551.38,-2045.52,"Decrease > 500 sqm"
"Birmingham","Birmingham_404250_284500",404250,284500,11,11,0,"No change"
"Birmingham","Birmingham_407000_284500",407000,284500,330.2,330.2,0,"No change"
"Birmingham","Birmingham_407500_284500",407500,284500,165.9,169.63,3.72999999999999,"Increase 1-500 sqm"
"Birmingham","Birmingham_407750_284500",407750,284500,6796.29,7487.82,691.53,"Increase > 500 sqm"
"Birmingham","Birmingham_408000_284500",408000,284500,591.9,591.9,0,"No change"
"Birmingham","Birmingham_408250_284500",408250,284500,2856.08,2513.5,-342.58,"Decrease 1-500 sqm"
"Birmingham","Birmingham_408500_284500",408500,284500,5108.46,6894.22,1785.76,"Increase > 500 sqm"
"Birmingham","Birmingham_408750_284500",408750,284500,4676.43,3615.32,-1061.11,"Decrease > 500 sqm"
"Birmingham","Birmingham_409000_284500",409000,284500,1594.03,1207.36,-386.67,"Decrease 1-500 sqm"
"Birmingham","Birmingham_409250_284500",409250,284500,150.04,175.1,25.06,"Increase 1-500 sqm"
"Birmingham","Birmingham_409500_284500",409500,284500,3724.85,2302.65,-1422.2,"Decrease > 500 sqm"
"Birmingham","Birmingham_409750_284500",409750,284500,97.9,97.9,0,"No change"
"Birmingham","Birmingham_410750_284500",410750,284500,2336.36,2512.96,176.6,"Increase 1-500 sqm"
"Birmingham","Birmingham_411000_284500",411000,284500,91.2,91.2,0,"No change"
"Birmingham","Birmingham_411500_284500",411500,284500,2084.22,500.53,-1583.69,"Decrease > 500 sqm"
"Birmingham","Birmingham_412000_284500",412000,284500,206.1,130.5,-75.6,"Decrease 1-500 sqm"
"Birmingham","Birmingham_412250_284500",412250,284500,576.64,398.72,-177.92,"Decrease 1-500 sqm"
"Birmingham","Birmingham_412500_284500",412500,284500,1738.1,889.17,-848.93,"Decrease > 500 sqm"
"Birmingham","Birmingham_413500_284500",413500,284500,2034.57,2442.49,407.92,"Increase 1-500 sqm"
"Birmingham","Birmingham_414000_284500",414000,284500,212.8,212.8,0,"No change"
"Birmingham","Birmingham_414750_284500",414750,284500,183.02,183.02,0,"No change"
"Birmingham","Birmingham_415750_284500",415750,284500,72.4,72.4,0,"No change"
"Birmingham","Birmingham_399000_284750",399000,284750,164,164,0,"No change"
"Birmingham","Birmingham_399250_284750",399250,284750,1294.83,899.93,-394.9,"Decrease 1-500 sqm"
"Birmingham","Birmingham_399500_284750",399500,284750,350.7,326.59,-24.11,"Decrease 1-500 sqm"
"Birmingham","Birmingham_400250_284750",400250,284750,717.9,717.9,0,"No change"
"Birmingham","Birmingham_400750_284750",400750,284750,0,21.1,21.1,"Increase 1-500 sqm"
"Birmingham","Birmingham_401000_284750",401000,284750,32.5,0,-32.5,"Decrease 1-500 sqm"
"Birmingham","Birmingham_401250_284750",401250,284750,663.5,378,-285.5,"Decrease 1-500 sqm"
"Birmingham","Birmingham_401750_284750",401750,284750,34.3,183.59,149.29,"Increase 1-500 sqm"
"Birmingham","Birmingham_402000_284750",402000,284750,468.4,252.21,-216.19,"Decrease 1-500 sqm"
"Birmingham","Birmingham_403000_284750",403000,284750,528.2,275.7,-252.5,"Decrease 1-500 sqm"
"Birmingham","Birmingham_403500_284750",403500,284750,372.74,270.08,-102.66,"Decrease 1-500 sqm"
"Birmingham","Birmingham_403750_284750",403750,284750,826.38,640.18,-186.2,"Decrease 1-500 sqm"
"Birmingham","Birmingham_406250_284750",406250,284750,58.9,58.9,0,"No change"
"Birmingham","Birmingham_407750_284750",407750,284750,3024.21,2918.02,-106.19,"Decrease 1-500 sqm"
"Birmingham","Birmingham_408000_284750",408000,284750,524.02,302.41,-221.61,"Decrease 1-500 sqm"
"Birmingham","Birmingham_408500_284750",408500,284750,1807.53,2244.3,436.77,"Increase 1-500 sqm"
"Birmingham","Birmingham_408750_284750",408750,284750,95.9,95.9,0,"No change"
"Birmingham","Birmingham_409000_284750",409000,284750,662.68,842.92,180.24,"Increase 1-500 sqm"
"Birmingham","Birmingham_409250_284750",409250,284750,2922.95,529.36,-2393.59,"Decrease > 500 sqm"
"Birmingham","Birmingham_410000_284750",410000,284750,40.9,0,-40.9,"Decrease 1-500 sqm"
"Birmingham","Birmingham_410250_284750",410250,284750,2353.2,2353.2,0,"No change"
"Birmingham","Birmingham_410500_284750",410500,284750,0,8248.58,8248.58,"Increase > 500 sqm"
"Birmingham","Birmingham_411000_284750",411000,284750,36.6,0,-36.6,"Decrease 1-500 sqm"
"Birmingham","Birmingham_411250_284750",411250,284750,43.5,43.5,0,"No change"
"Birmingham","Birmingham_411500_284750",411500,284750,777.53,777.53,0,"No change"
"Birmingham","Birmingham_412000_284750",412000,284750,2592.76,2853.83,261.07,"Increase 1-500 sqm"
"Birmingham","Birmingham_412250_284750",412250,284750,1322.81,1237.99,-84.8199999999999,"Decrease 1-500 sqm"
"Birmingham","Birmingham_412500_284750",412500,284750,231.7,0,-231.7,"Decrease 1-500 sqm"
"Birmingham","Birmingham_412750_284750",412750,284750,53260.66,19135.58,-34125.08,"Decrease > 500 sqm"
"Birmingham","Birmingham_413000_284750",413000,284750,2593.7,2506.3,-87.4000000000001,"Decrease 1-500 sqm"
"Birmingham","Birmingham_413250_284750",413250,284750,175.88,216.06,40.18,"Increase 1-500 sqm"
"Birmingham","Birmingham_414750_284750",414750,284750,863.21,428.78,-434.43,"Decrease 1-500 sqm"
"Birmingham","Birmingham_400500_285000",400500,285000,12.4,0,-12.4,"Decrease 1-500 sqm"
"Birmingham","Birmingham_400750_285000",400750,285000,4869.78,3652.01,-1217.77,"Decrease > 500 sqm"
"Birmingham","Birmingham_401000_285000",401000,285000,0,356.73,356.73,"Increase 1-500 sqm"
"Birmingham","Birmingham_403500_285000",403500,285000,444.8,273.12,-171.68,"Decrease 1-500 sqm"
"Birmingham","Birmingham_406500_285000",406500,285000,591.7,473.55,-118.15,"Decrease 1-500 sqm"
"Birmingham","Birmingham_406750_285000",406750,285000,542.29,478.34,-63.95,"Decrease 1-500 sqm"
"Birmingham","Birmingham_407500_285000",407500,285000,215.67,263.12,47.45,"Increase 1-500 sqm"
"Birmingham","Birmingham_407750_285000",407750,285000,3841.55,3841.55,0,"No change"
"Birmingham","Birmingham_408000_285000",408000,285000,609.11,1390.31,781.2,"Increase > 500 sqm"
"Birmingham","Birmingham_408250_285000",408250,285000,4760.3,3679.1,-1081.2,"Decrease > 500 sqm"
"Birmingham","Birmingham_408500_285000",408500,285000,712.83,891.23,178.4,"Increase 1-500 sqm"
"Birmingham","Birmingham_409250_285000",409250,285000,182.51,182.51,0,"No change"
"Birmingham","Birmingham_409500_285000",409500,285000,0,165.79,165.79,"Increase 1-500 sqm"
"Birmingham","Birmingham_410250_285000",410250,285000,272.3,75.45,-196.85,"Decrease 1-500 sqm"
"Birmingham","Birmingham_410750_285000",410750,285000,3339.68,3142.25,-197.43,"Decrease 1-500 sqm"
"Birmingham","Birmingham_411000_285000",411000,285000,3801.57,3172.87,-628.7,"Decrease > 500 sqm"
"Birmingham","Birmingham_411250_285000",411250,285000,2952.98,2778.6,-174.38,"Decrease 1-500 sqm"
"Birmingham","Birmingham_411500_285000",411500,285000,2649.14,1815.6,-833.54,"Decrease > 500 sqm"
"Birmingham","Birmingham_411750_285000",411750,285000,1609.43,3518.31,1908.88,"Increase > 500 sqm"
"Birmingham","Birmingham_412750_285000",412750,285000,193.52,65.1,-128.42,"Decrease 1-500 sqm"
"Birmingham","Birmingham_413000_285000",413000,285000,241.7,186.4,-55.3,"Decrease 1-500 sqm"
"Birmingham","Birmingham_415000_285000",415000,285000,1460.25,1312.25,-148,"Decrease 1-500 sqm"
"Birmingham","Birmingham_415250_285000",415250,285000,3495.58,2960.41,-535.17,"Decrease > 500 sqm"
"Birmingham","Birmingham_401000_285250",401000,285250,191.9,2733.63,2541.73,"Increase > 500 sqm"
"Birmingham","Birmingham_402000_285250",402000,285250,13.4,13.4,0,"No change"
"Birmingham","Birmingham_404250_285250",404250,285250,1131,1296.05,165.05,"Increase 1-500 sqm"
"Birmingham","Birmingham_405750_285250",405750,285250,838.7,701.1,-137.6,"Decrease 1-500 sqm"
"Birmingham","Birmingham_406250_285250",406250,285250,1235.01,507.7,-727.31,"Decrease > 500 sqm"
"Birmingham","Birmingham_406500_285250",406500,285250,129.3,129.3,0,"No change"
"Birmingham","Birmingham_406750_285250",406750,285250,0,163.63,163.63,"Increase 1-500 sqm"
"Birmingham","Birmingham_407250_285250",407250,285250,3914.23,2200.43,-1713.8,"Decrease > 500 sqm"
"Birmingham","Birmingham_407500_285250",407500,285250,519.5,434,-85.5,"Decrease 1-500 sqm"
"Birmingham","Birmingham_407750_285250",407750,285250,1434.93,2259.69,824.76,"Increase > 500 sqm"
"Birmingham","Birmingham_408000_285250",408000,285250,10233.53,4587.53,-5646,"Decrease > 500 sqm"
"Birmingham","Birmingham_408250_285250",408250,285250,5827.68,4552.45,-1275.23,"Decrease > 500 sqm"
"Birmingham","Birmingham_408500_285250",408500,285250,199.7,98.1,-101.6,"Decrease 1-500 sqm"
"Birmingham","Birmingham_408750_285250",408750,285250,29.58,29.58,0,"No change"
"Birmingham","Birmingham_409000_285250",409000,285250,138.17,0,-138.17,"Decrease 1-500 sqm"
"Birmingham","Birmingham_409250_285250",409250,285250,0,100.96,100.96,"Increase 1-500 sqm"
"Birmingham","Birmingham_409500_285250",409500,285250,878.1,831.9,-46.2,"Decrease 1-500 sqm"
"Birmingham","Birmingham_409750_285250",409750,285250,0,51.72,51.72,"Increase 1-500 sqm"
"Birmingham","Birmingham_410250_285250",410250,285250,1333.99,2190.02,856.03,"Increase > 500 sqm"
"Birmingham","Birmingham_410500_285250",410500,285250,1378.61,774,-604.61,"Decrease > 500 sqm"
"Birmingham","Birmingham_410750_285250",410750,285250,26331.3,9543.64,-16787.66,"Decrease > 500 sqm"
"Birmingham","Birmingham_411000_285250",411000,285250,142.9,142.9,0,"No change"
"Birmingham","Birmingham_411500_285250",411500,285250,250,250,0,"No change"
"Birmingham","Birmingham_412250_285250",412250,285250,897.62,622.51,-275.11,"Decrease 1-500 sqm"
"Birmingham","Birmingham_412750_285250",412750,285250,912.02,973.72,61.7,"Increase 1-500 sqm"
"Birmingham","Birmingham_413000_285250",413000,285250,1884.2,1838,-46.2,"Decrease 1-500 sqm"
"Birmingham","Birmingham_413750_285250",413750,285250,257.8,402.94,145.14,"Increase 1-500 sqm"
"Birmingham","Birmingham_414000_285250",414000,285250,207.75,207.75,0,"No change"
"Birmingham","Birmingham_415250_285250",415250,285250,701.08,1151.24,450.16,"Increase 1-500 sqm"
"Birmingham","Birmingham_402250_285500",402250,285500,0,24.52,24.52,"Increase 1-500 sqm"
"Birmingham","Birmingham_403000_285500",403000,285500,624.83,482.34,-142.49,"Decrease 1-500 sqm"
"Birmingham","Birmingham_405250_285500",405250,285500,943.7,1618.96,675.26,"Increase > 500 sqm"
"Birmingham","Birmingham_406750_285500",406750,285500,4520.45,4838.14,317.69,"Increase 1-500 sqm"
"Birmingham","Birmingham_407000_285500",407000,285500,137.1,54.1,-83,"Decrease 1-500 sqm"
"Birmingham","Birmingham_407250_285500",407250,285500,5787.96,4874.09,-913.87,"Decrease > 500 sqm"
"Birmingham","Birmingham_407500_285500",407500,285500,431.2,3916.99,3485.79,"Increase > 500 sqm"
"Birmingham","Birmingham_407750_285500",407750,285500,154.6,154.6,0,"No change"
"Birmingham","Birmingham_408000_285500",408000,285500,2781.37,633.08,-2148.29,"Decrease > 500 sqm"
"Birmingham","Birmingham_408500_285500",408500,285500,0,3800,3800,"Increase > 500 sqm"
"Birmingham","Birmingham_409000_285500",409000,285500,57.7,57.7,0,"No change"
"Birmingham","Birmingham_409250_285500",409250,285500,6224.81,2014.61,-4210.2,"Decrease > 500 sqm"
"Birmingham","Birmingham_409500_285500",409500,285500,3109.09,2079.26,-1029.83,"Decrease > 500 sqm"
"Birmingham","Birmingham_409750_285500",409750,285500,7884.27,6566.34,-1317.93,"Decrease > 500 sqm"
"Birmingham","Birmingham_410000_285500",410000,285500,5947.8,5713.31,-234.49,"Decrease 1-500 sqm"
"Birmingham","Birmingham_410250_285500",410250,285500,153.9,224.27,70.37,"Increase 1-500 sqm"
"Birmingham","Birmingham_410750_285500",410750,285500,99.3,99.3,0,"No change"
"Birmingham","Birmingham_412250_285500",412250,285500,46.7,46.7,0,"No change"
"Birmingham","Birmingham_412750_285500",412750,285500,7530.89,4743.29,-2787.6,"Decrease > 500 sqm"
"Birmingham","Birmingham_413000_285500",413000,285500,5982.22,3956.13,-2026.09,"Decrease > 500 sqm"
"Birmingham","Birmingham_414250_285500",414250,285500,933.09,1024.4,91.3100000000001,"Increase 1-500 sqm"
"Birmingham","Birmingham_414750_285500",414750,285500,1080.72,121.74,-958.98,"Decrease > 500 sqm"
"Birmingham","Birmingham_404000_285750",404000,285750,2324.24,2324.24,0,"No change"
"Birmingham","Birmingham_404250_285750",404250,285750,236.3,0,-236.3,"Decrease 1-500 sqm"
"Birmingham","Birmingham_404750_285750",404750,285750,340.8,390.93,50.1299999999999,"Increase 1-500 sqm"
"Birmingham","Birmingham_405000_285750",405000,285750,117.9,117.9,0,"No change"
"Birmingham","Birmingham_405250_285750",405250,285750,5771.35,6814.61,1043.26,"Increase > 500 sqm"
"Birmingham","Birmingham_405500_285750",405500,285750,371.25,437.25,66,"Increase 1-500 sqm"
"Birmingham","Birmingham_405750_285750",405750,285750,0,771.65,771.65,"Increase > 500 sqm"
"Birmingham","Birmingham_406000_285750",406000,285750,21.67,21.67,0,"No change"
"Birmingham","Birmingham_406250_285750",406250,285750,239.61,239.61,0,"No change"
"Birmingham","Birmingham_406750_285750",406750,285750,10976.55,1453.39,-9523.16,"Decrease > 500 sqm"
"Birmingham","Birmingham_407000_285750",407000,285750,1344.79,375.19,-969.6,"Decrease > 500 sqm"
"Birmingham","Birmingham_407250_285750",407250,285750,514.4,1554.54,1040.14,"Increase > 500 sqm"
"Birmingham","Birmingham_407500_285750",407500,285750,1578.13,1579.79,1.65999999999985,"Increase 1-500 sqm"
"Birmingham","Birmingham_407750_285750",407750,285750,527.99,441.35,-86.64,"Decrease 1-500 sqm"
"Birmingham","Birmingham_408000_285750",408000,285750,1350.13,1609.08,258.95,"Increase 1-500 sqm"
"Birmingham","Birmingham_408250_285750",408250,285750,582.98,515.08,-67.9000000000001,"Decrease 1-500 sqm"
"Birmingham","Birmingham_408500_285750",408500,285750,885.8,633.1,-252.7,"Decrease 1-500 sqm"
"Birmingham","Birmingham_408750_285750",408750,285750,1314.65,1314.65,0,"No change"
"Birmingham","Birmingham_409000_285750",409000,285750,681.01,673.14,-7.87,"Decrease 1-500 sqm"
"Birmingham","Birmingham_409250_285750",409250,285750,13470.45,9989.56,-3480.89,"Decrease > 500 sqm"
"Birmingham","Birmingham_409500_285750",409500,285750,8013.54,6059.48,-1954.06,"Decrease > 500 sqm"
"Birmingham","Birmingham_409750_285750",409750,285750,1125.37,936.23,-189.14,"Decrease 1-500 sqm"
"Birmingham","Birmingham_410000_285750",410000,285750,181,218.31,37.31,"Increase 1-500 sqm"
"Birmingham","Birmingham_410500_285750",410500,285750,33.9,99.9,66,"Increase 1-500 sqm"
"Birmingham","Birmingham_410750_285750",410750,285750,895.69,346.27,-549.42,"Decrease > 500 sqm"
"Birmingham","Birmingham_411500_285750",411500,285750,2042.99,1693.52,-349.47,"Decrease 1-500 sqm"
"Birmingham","Birmingham_413000_285750",413000,285750,0,48.75,48.75,"Increase 1-500 sqm"
"Birmingham","Birmingham_414000_285750",414000,285750,0,353.7,353.7,"Increase 1-500 sqm"
"Birmingham","Birmingham_414500_285750",414500,285750,1433.9,1433.9,0,"No change"
"Birmingham","Birmingham_414750_285750",414750,285750,556,798.24,242.24,"Increase 1-500 sqm"
"Birmingham","Birmingham_415750_285750",415750,285750,1715.31,0,-1715.31,"Decrease > 500 sqm"
"Birmingham","Birmingham_402500_286000",402500,286000,19.35,19.35,0,"No change"
"Birmingham","Birmingham_402750_286000",402750,286000,787.5,775.18,-12.3200000000001,"Decrease 1-500 sqm"
"Birmingham","Birmingham_403000_286000",403000,286000,2045.85,1951.35,-94.5,"Decrease 1-500 sqm"
"Birmingham","Birmingham_404000_286000",404000,286000,948.7,853.2,-95.5,"Decrease 1-500 sqm"
"Birmingham","Birmingham_404250_286000",404250,286000,311.38,311.38,0,"No change"
"Birmingham","Birmingham_404500_286000",404500,286000,1792.18,1570.94,-221.24,"Decrease 1-500 sqm"
"Birmingham","Birmingham_404750_286000",404750,286000,1996.33,2273.42,277.09,"Increase 1-500 sqm"
"Birmingham","Birmingham_405000_286000",405000,286000,122.2,69.8,-52.4,"Decrease 1-500 sqm"
"Birmingham","Birmingham_405250_286000",405250,286000,3896.67,513.08,-3383.59,"Decrease > 500 sqm"
"Birmingham","Birmingham_405500_286000",405500,286000,22812.35,4278.07,-18534.28,"Decrease > 500 sqm"
"Birmingham","Birmingham_405750_286000",405750,286000,1600.4,1442.5,-157.9,"Decrease 1-500 sqm"
"Birmingham","Birmingham_406000_286000",406000,286000,597.2,0,-597.2,"Decrease > 500 sqm"
"Birmingham","Birmingham_406250_286000",406250,286000,776.4,441.2,-335.2,"Decrease 1-500 sqm"
"Birmingham","Birmingham_406500_286000",406500,286000,2459.5,1801.51,-657.99,"Decrease > 500 sqm"
"Birmingham","Birmingham_406750_286000",406750,286000,7987.23,5773.12,-2214.11,"Decrease > 500 sqm"
"Birmingham","Birmingham_407000_286000",407000,286000,4197.14,3856.36,-340.78,"Decrease 1-500 sqm"
"Birmingham","Birmingham_407250_286000",407250,286000,4292.82,1201.89,-3090.93,"Decrease > 500 sqm"
"Birmingham","Birmingham_407500_286000",407500,286000,943.74,1696.56,752.82,"Increase > 500 sqm"
"Birmingham","Birmingham_407750_286000",407750,286000,1247.51,402.5,-845.01,"Decrease > 500 sqm"
"Birmingham","Birmingham_408000_286000",408000,286000,8098.57,215.53,-7883.04,"Decrease > 500 sqm"
"Birmingham","Birmingham_408250_286000",408250,286000,13685.4,9269.88,-4415.52,"Decrease > 500 sqm"
"Birmingham","Birmingham_408500_286000",408500,286000,2821.58,481.19,-2340.39,"Decrease > 500 sqm"
"Birmingham","Birmingham_409000_286000",409000,286000,4092.6,2389.24,-1703.36,"Decrease > 500 sqm"
"Birmingham","Birmingham_409250_286000",409250,286000,10789.38,9122.09,-1667.29,"Decrease > 500 sqm"
"Birmingham","Birmingham_409500_286000",409500,286000,140.59,107.49,-33.1,"Decrease 1-500 sqm"
"Birmingham","Birmingham_409750_286000",409750,286000,530.98,509.33,-21.65,"Decrease 1-500 sqm"
"Birmingham","Birmingham_410000_286000",410000,286000,4290.62,2584.06,-1706.56,"Decrease > 500 sqm"
"Birmingham","Birmingham_410250_286000",410250,286000,259,221.2,-37.8,"Decrease 1-500 sqm"
"Birmingham","Birmingham_410500_286000",410500,286000,107.1,107.1,0,"No change"
"Birmingham","Birmingham_410750_286000",410750,286000,16.9,16.9,0,"No change"
"Birmingham","Birmingham_411000_286000",411000,286000,75.8,75.8,0,"No change"
"Birmingham","Birmingham_411750_286000",411750,286000,66.4,66.4,0,"No change"
"Birmingham","Birmingham_412750_286000",412750,286000,323.1,252.5,-70.6,"Decrease 1-500 sqm"
"Birmingham","Birmingham_413250_286000",413250,286000,22,22,0,"No change"
"Birmingham","Birmingham_414000_286000",414000,286000,80.71,80.71,0,"No change"
"Birmingham","Birmingham_415500_286000",415500,286000,0,388,388,"Increase 1-500 sqm"
"Birmingham","Birmingham_416000_286000",416000,286000,517.67,517.67,0,"No change"
"Birmingham","Birmingham_416250_286000",416250,286000,837.66,698.8,-138.86,"Decrease 1-500 sqm"
"Birmingham","Birmingham_416500_286000",416500,286000,629.38,667.07,37.6899999999999,"Increase 1-500 sqm"
"Birmingham","Birmingham_402250_286250",402250,286250,322.03,587.11,265.08,"Increase 1-500 sqm"
"Birmingham","Birmingham_402500_286250",402500,286250,0,1,1,"Increase 1-500 sqm"
"Birmingham","Birmingham_403250_286250",403250,286250,0,9.92,9.92,"Increase 1-500 sqm"
"Birmingham","Birmingham_404500_286250",404500,286250,111.2,111.2,0,"No change"
"Birmingham","Birmingham_405250_286250",405250,286250,0,771.96,771.96,"Increase > 500 sqm"
"Birmingham","Birmingham_405500_286250",405500,286250,415.54,523.92,108.38,"Increase 1-500 sqm"
"Birmingham","Birmingham_405750_286250",405750,286250,7136.09,4016.38,-3119.71,"Decrease > 500 sqm"
"Birmingham","Birmingham_406000_286250",406000,286250,4689.74,4689.74,0,"No change"
"Birmingham","Birmingham_406250_286250",406250,286250,20583.86,7438.55,-13145.31,"Decrease > 500 sqm"
"Birmingham","Birmingham_406500_286250",406500,286250,7431.28,8486.5,1055.22,"Increase > 500 sqm"
"Birmingham","Birmingham_406750_286250",406750,286250,16997.75,14726.93,-2270.82,"Decrease > 500 sqm"
"Birmingham","Birmingham_407000_286250",407000,286250,15830.47,14463.66,-1366.81,"Decrease > 500 sqm"
"Birmingham","Birmingham_407250_286250",407250,286250,7771.23,5166.49,-2604.74,"Decrease > 500 sqm"
"Birmingham","Birmingham_407500_286250",407500,286250,7567.46,3587.52,-3979.94,"Decrease > 500 sqm"
"Birmingham","Birmingham_407750_286250",407750,286250,6491.85,4245.47,-2246.38,"Decrease > 500 sqm"
"Birmingham","Birmingham_408000_286250",408000,286250,2132.05,1887.66,-244.39,"Decrease 1-500 sqm"
"Birmingham","Birmingham_408250_286250",408250,286250,137.6,137.6,0,"No change"
"Birmingham","Birmingham_408500_286250",408500,286250,212.1,1984.53,1772.43,"Increase > 500 sqm"
"Birmingham","Birmingham_409000_286250",409000,286250,24131.67,22096.05,-2035.62,"Decrease > 500 sqm"
"Birmingham","Birmingham_409500_286250",409500,286250,0,610.43,610.43,"Increase > 500 sqm"
"Birmingham","Birmingham_409750_286250",409750,286250,656.72,796.9,140.18,"Increase 1-500 sqm"
"Birmingham","Birmingham_410000_286250",410000,286250,761.4,791.35,29.95,"Increase 1-500 sqm"
"Birmingham","Birmingham_410250_286250",410250,286250,2228.96,1164.12,-1064.84,"Decrease > 500 sqm"
"Birmingham","Birmingham_410500_286250",410500,286250,3035.57,2872.8,-162.77,"Decrease 1-500 sqm"
"Birmingham","Birmingham_410750_286250",410750,286250,3825.72,2932.77,-892.95,"Decrease > 500 sqm"
"Birmingham","Birmingham_411000_286250",411000,286250,891.91,749.66,-142.25,"Decrease 1-500 sqm"
"Birmingham","Birmingham_411500_286250",411500,286250,1291.5,0,-1291.5,"Decrease > 500 sqm"
"Birmingham","Birmingham_413750_286250",413750,286250,68.5,68.5,0,"No change"
"Birmingham","Birmingham_414000_286250",414000,286250,716.48,819.12,102.64,"Increase 1-500 sqm"
"Birmingham","Birmingham_415000_286250",415000,286250,854.13,491.1,-363.03,"Decrease 1-500 sqm"
"Birmingham","Birmingham_415250_286250",415250,286250,926.74,444.82,-481.92,"Decrease 1-500 sqm"
"Birmingham","Birmingham_416250_286250",416250,286250,0,20.87,20.87,"Increase 1-500 sqm"
"Birmingham","Birmingham_404500_286500",404500,286500,193.6,193.6,0,"No change"
"Birmingham","Birmingham_404750_286500",404750,286500,134.7,0,-134.7,"Decrease 1-500 sqm"
"Birmingham","Birmingham_405000_286500",405000,286500,66.6,66.6,0,"No change"
"Birmingham","Birmingham_405250_286500",405250,286500,1619.86,1375.59,-244.27,"Decrease 1-500 sqm"
"Birmingham","Birmingham_405500_286500",405500,286500,1325.68,807.68,-518,"Decrease > 500 sqm"
"Birmingham","Birmingham_405750_286500",405750,286500,3773.64,3773.77,0.130000000000109,"Increase 1-500 sqm"
"Birmingham","Birmingham_406000_286500",406000,286500,16231.44,6785.66,-9445.78,"Decrease > 500 sqm"
"Birmingham","Birmingham_406250_286500",406250,286500,425.59,922.73,497.14,"Increase 1-500 sqm"
"Birmingham","Birmingham_406500_286500",406500,286500,3175.34,2038.04,-1137.3,"Decrease > 500 sqm"
"Birmingham","Birmingham_406750_286500",406750,286500,64941.93,37999.93,-26942,"Decrease > 500 sqm"
"Birmingham","Birmingham_407000_286500",407000,286500,106167.92,68165.77,-38002.15,"Decrease > 500 sqm"
"Birmingham","Birmingham_407250_286500",407250,286500,52410.76,42406.02,-10004.74,"Decrease > 500 sqm"
"Birmingham","Birmingham_407500_286500",407500,286500,2652.02,3282.36,630.34,"Increase > 500 sqm"
"Birmingham","Birmingham_407750_286500",407750,286500,419.22,559.22,140,"Increase 1-500 sqm"
"Birmingham","Birmingham_408000_286500",408000,286500,766.11,35.6,-730.51,"Decrease > 500 sqm"
"Birmingham","Birmingham_408250_286500",408250,286500,4273.24,4337.04,63.8000000000002,"Increase 1-500 sqm"
"Birmingham","Birmingham_408500_286500",408500,286500,733.4,733.4,0,"No change"
"Birmingham","Birmingham_408750_286500",408750,286500,198.9,198.9,0,"No change"
"Birmingham","Birmingham_409250_286500",409250,286500,836.51,836.51,0,"No change"
"Birmingham","Birmingham_409500_286500",409500,286500,44.7,44.7,0,"No change"
"Birmingham","Birmingham_409750_286500",409750,286500,3173.99,2898.06,-275.93,"Decrease 1-500 sqm"
"Birmingham","Birmingham_410000_286500",410000,286500,4420.01,3437.92,-982.09,"Decrease > 500 sqm"
"Birmingham","Birmingham_410250_286500",410250,286500,4745.92,3082.39,-1663.53,"Decrease > 500 sqm"
"Birmingham","Birmingham_410500_286500",410500,286500,1957.04,1801.94,-155.1,"Decrease 1-500 sqm"
"Birmingham","Birmingham_410750_286500",410750,286500,65.6,66.6,1,"Increase 1-500 sqm"
"Birmingham","Birmingham_412500_286500",412500,286500,905.52,758.89,-146.63,"Decrease 1-500 sqm"
"Birmingham","Birmingham_412750_286500",412750,286500,309.3,393.23,83.93,"Increase 1-500 sqm"
"Birmingham","Birmingham_413000_286500",413000,286500,14.78,14.78,0,"No change"
"Birmingham","Birmingham_414250_286500",414250,286500,8763.11,1160.38,-7602.73,"Decrease > 500 sqm"
"Birmingham","Birmingham_414750_286500",414750,286500,198.93,355.4,156.47,"Increase 1-500 sqm"
"Birmingham","Birmingham_416000_286500",416000,286500,27.1,27.1,0,"No change"
"Birmingham","Birmingham_402750_286750",402750,286750,272.4,231.7,-40.7,"Decrease 1-500 sqm"
"Birmingham","Birmingham_403000_286750",403000,286750,7.4,7.4,0,"No change"
"Birmingham","Birmingham_404750_286750",404750,286750,802.91,0,-802.91,"Decrease > 500 sqm"
"Birmingham","Birmingham_405250_286750",405250,286750,839.41,716.4,-123.01,"Decrease 1-500 sqm"
"Birmingham","Birmingham_405500_286750",405500,286750,151.92,123.72,-28.2,"Decrease 1-500 sqm"
"Birmingham","Birmingham_405750_286750",405750,286750,318.3,318.3,0,"No change"
"Birmingham","Birmingham_406000_286750",406000,286750,1077.09,1976.63,899.54,"Increase > 500 sqm"
"Birmingham","Birmingham_406250_286750",406250,286750,3439.68,0,-3439.68,"Decrease > 500 sqm"
"Birmingham","Birmingham_406500_286750",406500,286750,1980.02,2840.27,860.25,"Increase > 500 sqm"
"Birmingham","Birmingham_406750_286750",406750,286750,41061.86,31129.45,-9932.41,"Decrease > 500 sqm"
"Birmingham","Birmingham_407000_286750",407000,286750,131325.53,78960.36,-52365.17,"Decrease > 500 sqm"
"Birmingham","Birmingham_407250_286750",407250,286750,37667.02,45333.53,7666.51,"Increase > 500 sqm"
"Birmingham","Birmingham_407500_286750",407500,286750,1268.36,1276.87,8.50999999999999,"Increase 1-500 sqm"
"Birmingham","Birmingham_407750_286750",407750,286750,1003.42,1003.42,0,"No change"
"Birmingham","Birmingham_408000_286750",408000,286750,132.1,132.1,0,"No change"
"Birmingham","Birmingham_408250_286750",408250,286750,5837.7,6582.57,744.870000000001,"Increase > 500 sqm"
"Birmingham","Birmingham_408500_286750",408500,286750,445.7,1111.26,665.56,"Increase > 500 sqm"
"Birmingham","Birmingham_408750_286750",408750,286750,65.1,65.1,0,"No change"
"Birmingham","Birmingham_409750_286750",409750,286750,2426.53,2116.89,-309.64,"Decrease 1-500 sqm"
"Birmingham","Birmingham_410000_286750",410000,286750,297.19,617.87,320.68,"Increase 1-500 sqm"
"Birmingham","Birmingham_410750_286750",410750,286750,191.15,173.75,-17.4,"Decrease 1-500 sqm"
"Birmingham","Birmingham_411000_286750",411000,286750,74.9,74.9,0,"No change"
"Birmingham","Birmingham_411250_286750",411250,286750,2171.62,2495.95,324.33,"Increase 1-500 sqm"
"Birmingham","Birmingham_411750_286750",411750,286750,1074.68,689.64,-385.04,"Decrease 1-500 sqm"
"Birmingham","Birmingham_412000_286750",412000,286750,297.13,297.13,0,"No change"
"Birmingham","Birmingham_412500_286750",412500,286750,467.7,952.53,484.83,"Increase 1-500 sqm"
"Birmingham","Birmingham_412750_286750",412750,286750,814.7,690.4,-124.3,"Decrease 1-500 sqm"
"Birmingham","Birmingham_415000_286750",415000,286750,47.6,150,102.4,"Increase 1-500 sqm"
"Birmingham","Birmingham_415250_286750",415250,286750,614.23,502.23,-112,"Decrease 1-500 sqm"
"Birmingham","Birmingham_415500_286750",415500,286750,3966.34,2549.54,-1416.8,"Decrease > 500 sqm"
"Birmingham","Birmingham_415750_286750",415750,286750,165.38,165.38,0,"No change"
"Birmingham","Birmingham_416250_286750",416250,286750,1192.17,1025.97,-166.2,"Decrease 1-500 sqm"
"Birmingham","Birmingham_402500_287000",402500,287000,57.7,57.7,0,"No change"
"Birmingham","Birmingham_402750_287000",402750,287000,174.6,174.6,0,"No change"
"Birmingham","Birmingham_404500_287000",404500,287000,218.3,179.8,-38.5,"Decrease 1-500 sqm"
"Birmingham","Birmingham_404750_287000",404750,287000,11423.12,1195.51,-10227.61,"Decrease > 500 sqm"
"Birmingham","Birmingham_405000_287000",405000,287000,2584.35,2554.35,-30,"Decrease 1-500 sqm"
"Birmingham","Birmingham_405250_287000",405250,287000,40.2,40.2,0,"No change"
"Birmingham","Birmingham_405750_287000",405750,287000,6932.3,6798.4,-133.9,"Decrease 1-500 sqm"
"Birmingham","Birmingham_406000_287000",406000,287000,5406.79,5234.9,-171.889999999999,"Decrease 1-500 sqm"
"Birmingham","Birmingham_406250_287000",406250,287000,791.4,3016.05,2224.65,"Increase > 500 sqm"
"Birmingham","Birmingham_406500_287000",406500,287000,5399.82,4327.5,-1072.32,"Decrease > 500 sqm"
"Birmingham","Birmingham_406750_287000",406750,287000,12757.22,9659.68,-3097.54,"Decrease > 500 sqm"
"Birmingham","Birmingham_407000_287000",407000,287000,66761.64,61333.17,-5428.47,"Decrease > 500 sqm"
"Birmingham","Birmingham_407250_287000",407250,287000,45280.05,32492.19,-12787.86,"Decrease > 500 sqm"
"Birmingham","Birmingham_407500_287000",407500,287000,1706.21,1971.35,265.14,"Increase 1-500 sqm"
"Birmingham","Birmingham_407750_287000",407750,287000,136.61,136.61,0,"No change"
"Birmingham","Birmingham_409000_287000",409000,287000,156.5,156.5,0,"No change"
"Birmingham","Birmingham_409750_287000",409750,287000,139.2,139.2,0,"No change"
"Birmingham","Birmingham_410000_287000",410000,287000,0,72.06,72.06,"Increase 1-500 sqm"
"Birmingham","Birmingham_410250_287000",410250,287000,120.7,109.65,-11.05,"Decrease 1-500 sqm"
"Birmingham","Birmingham_410500_287000",410500,287000,45.9,45.9,0,"No change"
"Birmingham","Birmingham_413000_287000",413000,287000,1461.85,1369.62,-92.23,"Decrease 1-500 sqm"
"Birmingham","Birmingham_413250_287000",413250,287000,83.5,0,-83.5,"Decrease 1-500 sqm"
"Birmingham","Birmingham_414000_287000",414000,287000,0,750,750,"Increase > 500 sqm"
"Birmingham","Birmingham_414250_287000",414250,287000,244,244,0,"No change"
"Birmingham","Birmingham_415000_287000",415000,287000,942.37,929.25,-13.12,"Decrease 1-500 sqm"
"Birmingham","Birmingham_415250_287000",415250,287000,290.7,290.7,0,"No change"
"Birmingham","Birmingham_415500_287000",415500,287000,2970.81,2103.53,-867.28,"Decrease > 500 sqm"
"Birmingham","Birmingham_416250_287000",416250,287000,278.7,0,-278.7,"Decrease 1-500 sqm"
"Birmingham","Birmingham_403500_287250",403500,287250,236.8,236.8,0,"No change"
"Birmingham","Birmingham_404250_287250",404250,287250,15.9,295.14,279.24,"Increase 1-500 sqm"
"Birmingham","Birmingham_404500_287250",404500,287250,111.7,111.7,0,"No change"
"Birmingham","Birmingham_405000_287250",405000,287250,369.71,348.61,-21.1,"Decrease 1-500 sqm"
"Birmingham","Birmingham_405250_287250",405250,287250,959.29,1584.62,625.33,"Increase > 500 sqm"
"Birmingham","Birmingham_405500_287250",405500,287250,1923.96,522.98,-1400.98,"Decrease > 500 sqm"
"Birmingham","Birmingham_405750_287250",405750,287250,1860.04,978.48,-881.56,"Decrease > 500 sqm"
"Birmingham","Birmingham_406000_287250",406000,287250,3377.35,2604.56,-772.79,"Decrease > 500 sqm"
"Birmingham","Birmingham_406250_287250",406250,287250,2578.73,2388.57,-190.16,"Decrease 1-500 sqm"
"Birmingham","Birmingham_406500_287250",406500,287250,1196.81,1897.4,700.59,"Increase > 500 sqm"
"Birmingham","Birmingham_406750_287250",406750,287250,900.14,1872.43,972.29,"Increase > 500 sqm"
"Birmingham","Birmingham_407000_287250",407000,287250,1405.38,871.91,-533.47,"Decrease > 500 sqm"
"Birmingham","Birmingham_407250_287250",407250,287250,5515.07,4596.54,-918.53,"Decrease > 500 sqm"
"Birmingham","Birmingham_408000_287250",408000,287250,0,404.46,404.46,"Increase 1-500 sqm"
"Birmingham","Birmingham_408250_287250",408250,287250,813.45,846.89,33.4399999999999,"Increase 1-500 sqm"
"Birmingham","Birmingham_408500_287250",408500,287250,761.63,761.63,0,"No change"
"Birmingham","Birmingham_409250_287250",409250,287250,52.1,265.08,212.98,"Increase 1-500 sqm"
"Birmingham","Birmingham_409500_287250",409500,287250,311.52,311.52,0,"No change"
"Birmingham","Birmingham_409750_287250",409750,287250,524.5,412,-112.5,"Decrease 1-500 sqm"
"Birmingham","Birmingham_410000_287250",410000,287250,15.5,15.5,0,"No change"
"Birmingham","Birmingham_410250_287250",410250,287250,543.17,393.32,-149.85,"Decrease 1-500 sqm"
"Birmingham","Birmingham_410750_287250",410750,287250,93.7,93.7,0,"No change"
"Birmingham","Birmingham_411500_287250",411500,287250,0,234.22,234.22,"Increase 1-500 sqm"
"Birmingham","Birmingham_411750_287250",411750,287250,287.5,300.5,13,"Increase 1-500 sqm"
"Birmingham","Birmingham_412750_287250",412750,287250,5694.2,1253.27,-4440.93,"Decrease > 500 sqm"
"Birmingham","Birmingham_413000_287250",413000,287250,2801.72,2485.48,-316.24,"Decrease 1-500 sqm"
"Birmingham","Birmingham_414750_287250",414750,287250,1053.63,823.73,-229.9,"Decrease 1-500 sqm"
"Birmingham","Birmingham_415000_287250",415000,287250,3113,2850.9,-262.1,"Decrease 1-500 sqm"
"Birmingham","Birmingham_403500_287500",403500,287500,2386.08,1233.82,-1152.26,"Decrease > 500 sqm"
"Birmingham","Birmingham_403750_287500",403750,287500,9747.69,6864.55,-2883.14,"Decrease > 500 sqm"
"Birmingham","Birmingham_404000_287500",404000,287500,4221.6,3858.13,-363.47,"Decrease 1-500 sqm"
"Birmingham","Birmingham_404250_287500",404250,287500,4142.91,4537.43,394.52,"Increase 1-500 sqm"
"Birmingham","Birmingham_404500_287500",404500,287500,175.3,175.3,0,"No change"
"Birmingham","Birmingham_404750_287500",404750,287500,168.5,0,-168.5,"Decrease 1-500 sqm"
"Birmingham","Birmingham_405000_287500",405000,287500,428.9,1085.12,656.22,"Increase > 500 sqm"
"Birmingham","Birmingham_405250_287500",405250,287500,22751.57,7489.09,-15262.48,"Decrease > 500 sqm"
"Birmingham","Birmingham_405500_287500",405500,287500,71.41,94.98,23.57,"Increase 1-500 sqm"
"Birmingham","Birmingham_405750_287500",405750,287500,1400.63,2427.31,1026.68,"Increase > 500 sqm"
"Birmingham","Birmingham_406000_287500",406000,287500,13026.91,8316.89,-4710.02,"Decrease > 500 sqm"
"Birmingham","Birmingham_406250_287500",406250,287500,2488.83,2254.71,-234.12,"Decrease 1-500 sqm"
"Birmingham","Birmingham_406500_287500",406500,287500,4715.51,3916.21,-799.3,"Decrease > 500 sqm"
"Birmingham","Birmingham_406750_287500",406750,287500,2763.43,2273.85,-489.58,"Decrease 1-500 sqm"
"Birmingham","Birmingham_407000_287500",407000,287500,416.3,652.6,236.3,"Increase 1-500 sqm"
"Birmingham","Birmingham_407250_287500",407250,287500,594.19,209.13,-385.06,"Decrease 1-500 sqm"
"Birmingham","Birmingham_407500_287500",407500,287500,1844.47,1004.5,-839.97,"Decrease > 500 sqm"
"Birmingham","Birmingham_408000_287500",408000,287500,1195.49,0,-1195.49,"Decrease > 500 sqm"
"Birmingham","Birmingham_408500_287500",408500,287500,2488.41,2162.51,-325.9,"Decrease 1-500 sqm"
"Birmingham","Birmingham_408750_287500",408750,287500,4.5,4.5,0,"No change"
"Birmingham","Birmingham_409250_287500",409250,287500,1176.26,549.39,-626.87,"Decrease > 500 sqm"
"Birmingham","Birmingham_409750_287500",409750,287500,178.2,81.3,-96.9,"Decrease 1-500 sqm"
"Birmingham","Birmingham_410000_287500",410000,287500,56.9,155.37,98.47,"Increase 1-500 sqm"
"Birmingham","Birmingham_410250_287500",410250,287500,493.74,493.74,0,"No change"
"Birmingham","Birmingham_410500_287500",410500,287500,76.9,76.9,0,"No change"
"Birmingham","Birmingham_410750_287500",410750,287500,35.6,35.6,0,"No change"
"Birmingham","Birmingham_411000_287500",411000,287500,591.93,560.45,-31.4799999999999,"Decrease 1-500 sqm"
"Birmingham","Birmingham_411250_287500",411250,287500,3145.82,2910.83,-234.99,"Decrease 1-500 sqm"
"Birmingham","Birmingham_411500_287500",411500,287500,376.41,123.58,-252.83,"Decrease 1-500 sqm"
"Birmingham","Birmingham_411750_287500",411750,287500,163.05,163.05,0,"No change"
"Birmingham","Birmingham_412000_287500",412000,287500,282.41,249.78,-32.63,"Decrease 1-500 sqm"
"Birmingham","Birmingham_412500_287500",412500,287500,89.6,89.6,0,"No change"
"Birmingham","Birmingham_413000_287500",413000,287500,10388.73,10155.15,-233.58,"Decrease 1-500 sqm"
"Birmingham","Birmingham_413250_287500",413250,287500,126.5,126.5,0,"No change"
"Birmingham","Birmingham_414000_287500",414000,287500,1742.26,1506.76,-235.5,"Decrease 1-500 sqm"
"Birmingham","Birmingham_414250_287500",414250,287500,130.97,130.97,0,"No change"
"Birmingham","Birmingham_404250_287750",404250,287750,48.8,48.8,0,"No change"
"Birmingham","Birmingham_405000_287750",405000,287750,834.99,220.07,-614.92,"Decrease > 500 sqm"
"Birmingham","Birmingham_405250_287750",405250,287750,23,0,-23,"Decrease 1-500 sqm"
"Birmingham","Birmingham_405750_287750",405750,287750,364.68,218.3,-146.38,"Decrease 1-500 sqm"
"Birmingham","Birmingham_406000_287750",406000,287750,7513.78,6594.8,-918.98,"Decrease > 500 sqm"
"Birmingham","Birmingham_406250_287750",406250,287750,9238.24,6226.94,-3011.3,"Decrease > 500 sqm"
"Birmingham","Birmingham_406500_287750",406500,287750,382.32,3010.06,2627.74,"Increase > 500 sqm"
"Birmingham","Birmingham_406750_287750",406750,287750,1338.42,1164.3,-174.12,"Decrease 1-500 sqm"
"Birmingham","Birmingham_407000_287750",407000,287750,2989.89,2309.9,-679.99,"Decrease > 500 sqm"
"Birmingham","Birmingham_407250_287750",407250,287750,373.83,1099.1,725.27,"Increase > 500 sqm"
"Birmingham","Birmingham_407500_287750",407500,287750,0,303.48,303.48,"Increase 1-500 sqm"
"Birmingham","Birmingham_407750_287750",407750,287750,206.62,206.62,0,"No change"
"Birmingham","Birmingham_408000_287750",408000,287750,2798.42,2474.8,-323.62,"Decrease 1-500 sqm"
"Birmingham","Birmingham_408750_287750",408750,287750,378.29,378.29,0,"No change"
"Birmingham","Birmingham_409500_287750",409500,287750,324.08,324.08,0,"No change"
"Birmingham","Birmingham_409750_287750",409750,287750,0,85.01,85.01,"Increase 1-500 sqm"
"Birmingham","Birmingham_410000_287750",410000,287750,10187.05,9693.05,-494,"Decrease 1-500 sqm"
"Birmingham","Birmingham_410250_287750",410250,287750,5718.42,5285.05,-433.37,"Decrease 1-500 sqm"
"Birmingham","Birmingham_410500_287750",410500,287750,1446.66,1609.05,162.39,"Increase 1-500 sqm"
"Birmingham","Birmingham_410750_287750",410750,287750,2549.48,1829.22,-720.26,"Decrease > 500 sqm"
"Birmingham","Birmingham_411250_287750",411250,287750,52.8,52.8,0,"No change"
"Birmingham","Birmingham_411500_287750",411500,287750,7696.27,5598.29,-2097.98,"Decrease > 500 sqm"
"Birmingham","Birmingham_412000_287750",412000,287750,0,95.42,95.42,"Increase 1-500 sqm"
"Birmingham","Birmingham_413000_287750",413000,287750,673.4,596.2,-77.1999999999999,"Decrease 1-500 sqm"
"Birmingham","Birmingham_413250_287750",413250,287750,89.5,0,-89.5,"Decrease 1-500 sqm"
"Birmingham","Birmingham_414000_287750",414000,287750,2687.48,2266.08,-421.4,"Decrease 1-500 sqm"
"Birmingham","Birmingham_404250_288000",404250,288000,68,68,0,"No change"
"Birmingham","Birmingham_405250_288000",405250,288000,1835.73,1628.43,-207.3,"Decrease 1-500 sqm"
"Birmingham","Birmingham_405750_288000",405750,288000,434.7,434.7,0,"No change"
"Birmingham","Birmingham_406000_288000",406000,288000,8545.66,8096.33,-449.33,"Decrease 1-500 sqm"
"Birmingham","Birmingham_406250_288000",406250,288000,9240.74,6175.03,-3065.71,"Decrease > 500 sqm"
"Birmingham","Birmingham_406500_288000",406500,288000,1157,1046.24,-110.76,"Decrease 1-500 sqm"
"Birmingham","Birmingham_406750_288000",406750,288000,194.4,295.6,101.2,"Increase 1-500 sqm"
"Birmingham","Birmingham_407000_288000",407000,288000,4361.98,1114.7,-3247.28,"Decrease > 500 sqm"
"Birmingham","Birmingham_407250_288000",407250,288000,4332.3,4144.5,-187.8,"Decrease 1-500 sqm"
"Birmingham","Birmingham_407500_288000",407500,288000,96.2,96.2,0,"No change"
"Birmingham","Birmingham_408000_288000",408000,288000,0,99.5,99.5,"Increase 1-500 sqm"
"Birmingham","Birmingham_408750_288000",408750,288000,30.52,30.52,0,"No change"
"Birmingham","Birmingham_409250_288000",409250,288000,166.89,60,-106.89,"Decrease 1-500 sqm"
"Birmingham","Birmingham_409500_288000",409500,288000,5309.78,5963.38,653.6,"Increase > 500 sqm"
"Birmingham","Birmingham_409750_288000",409750,288000,10861.94,12902.33,2040.39,"Increase > 500 sqm"
"Birmingham","Birmingham_410000_288000",410000,288000,522.41,2130.06,1607.65,"Increase > 500 sqm"
"Birmingham","Birmingham_410250_288000",410250,288000,227.56,227.56,0,"No change"
"Birmingham","Birmingham_410750_288000",410750,288000,106.2,106.2,0,"No change"
"Birmingham","Birmingham_411250_288000",411250,288000,71.55,190.62,119.07,"Increase 1-500 sqm"
"Birmingham","Birmingham_411500_288000",411500,288000,365.6,257.35,-108.25,"Decrease 1-500 sqm"
"Birmingham","Birmingham_411750_288000",411750,288000,4223.72,2588.85,-1634.87,"Decrease > 500 sqm"
"Birmingham","Birmingham_412000_288000",412000,288000,553.69,1033.69,480,"Increase 1-500 sqm"
"Birmingham","Birmingham_412500_288000",412500,288000,3052.86,3344.57,291.71,"Increase 1-500 sqm"
"Birmingham","Birmingham_414000_288000",414000,288000,663.7,2247,1583.3,"Increase > 500 sqm"
"Birmingham","Birmingham_416250_288000",416250,288000,21.9,21.9,0,"No change"
"Birmingham","Birmingham_404000_288250",404000,288250,828.6,714.2,-114.4,"Decrease 1-500 sqm"
"Birmingham","Birmingham_405500_288250",405500,288250,4411.3,3468.9,-942.4,"Decrease > 500 sqm"
"Birmingham","Birmingham_405750_288250",405750,288250,1217.12,1142.72,-74.3999999999999,"Decrease 1-500 sqm"
"Birmingham","Birmingham_406000_288250",406000,288250,4697.74,3503.94,-1193.8,"Decrease > 500 sqm"
"Birmingham","Birmingham_406750_288250",406750,288250,239.1,239.1,0,"No change"
"Birmingham","Birmingham_407000_288250",407000,288250,2438.53,2277.8,-160.73,"Decrease 1-500 sqm"
"Birmingham","Birmingham_407250_288250",407250,288250,1011.08,0,-1011.08,"Decrease > 500 sqm"
"Birmingham","Birmingham_407750_288250",407750,288250,1404.8,487.26,-917.54,"Decrease > 500 sqm"
"Birmingham","Birmingham_408250_288250",408250,288250,775.23,717.53,-57.7,"Decrease 1-500 sqm"
"Birmingham","Birmingham_408750_288250",408750,288250,513.2,954,440.8,"Increase 1-500 sqm"
"Birmingham","Birmingham_409000_288250",409000,288250,450.15,450.15,0,"No change"
"Birmingham","Birmingham_409500_288250",409500,288250,0,65.47,65.47,"Increase 1-500 sqm"
"Birmingham","Birmingham_409750_288250",409750,288250,119.1,599.1,480,"Increase 1-500 sqm"
"Birmingham","Birmingham_410000_288250",410000,288250,225.44,225.44,0,"No change"
"Birmingham","Birmingham_410500_288250",410500,288250,282.82,188.12,-94.7,"Decrease 1-500 sqm"
"Birmingham","Birmingham_411250_288250",411250,288250,4536.71,3332.08,-1204.63,"Decrease > 500 sqm"
"Birmingham","Birmingham_411500_288250",411500,288250,2721.04,2726.17,5.13000000000011,"Increase 1-500 sqm"
"Birmingham","Birmingham_411750_288250",411750,288250,168.49,150.39,-18.1,"Decrease 1-500 sqm"
"Birmingham","Birmingham_412000_288250",412000,288250,1540.85,1634.44,93.5900000000001,"Increase 1-500 sqm"
"Birmingham","Birmingham_412250_288250",412250,288250,31237.39,13965.66,-17271.73,"Decrease > 500 sqm"
"Birmingham","Birmingham_412500_288250",412500,288250,601.69,768.51,166.82,"Increase 1-500 sqm"
"Birmingham","Birmingham_414250_288250",414250,288250,32.4,0,-32.4,"Decrease 1-500 sqm"
"Birmingham","Birmingham_404000_288500",404000,288500,172.2,98.9,-73.3,"Decrease 1-500 sqm"
"Birmingham","Birmingham_404250_288500",404250,288500,211.6,144.8,-66.8,"Decrease 1-500 sqm"
"Birmingham","Birmingham_404500_288500",404500,288500,553.94,469.29,-84.65,"Decrease 1-500 sqm"
"Birmingham","Birmingham_405000_288500",405000,288500,641.28,872.33,231.05,"Increase 1-500 sqm"
"Birmingham","Birmingham_405500_288500",405500,288500,474.97,474.97,0,"No change"
"Birmingham","Birmingham_405750_288500",405750,288500,3023.98,2305.43,-718.55,"Decrease > 500 sqm"
"Birmingham","Birmingham_406750_288500",406750,288500,86.8,425.13,338.33,"Increase 1-500 sqm"
"Birmingham","Birmingham_407000_288500",407000,288500,107.5,107.5,0,"No change"
"Birmingham","Birmingham_407250_288500",407250,288500,2410.89,2410.89,0,"No change"
"Birmingham","Birmingham_407500_288500",407500,288500,2962.6,3300.53,337.93,"Increase 1-500 sqm"
"Birmingham","Birmingham_407750_288500",407750,288500,591.85,591.85,0,"No change"
"Birmingham","Birmingham_408000_288500",408000,288500,346.14,346.14,0,"No change"
"Birmingham","Birmingham_408250_288500",408250,288500,446,325.7,-120.3,"Decrease 1-500 sqm"
"Birmingham","Birmingham_408750_288500",408750,288500,880.78,226.58,-654.2,"Decrease > 500 sqm"
"Birmingham","Birmingham_409500_288500",409500,288500,229,229,0,"No change"
"Birmingham","Birmingham_409750_288500",409750,288500,68,68,0,"No change"
"Birmingham","Birmingham_410000_288500",410000,288500,3409.45,2669.67,-739.78,"Decrease > 500 sqm"
"Birmingham","Birmingham_410250_288500",410250,288500,9378.1,4503.15,-4874.95,"Decrease > 500 sqm"
"Birmingham","Birmingham_410500_288500",410500,288500,0,110.35,110.35,"Increase 1-500 sqm"
"Birmingham","Birmingham_410750_288500",410750,288500,470.77,754.73,283.96,"Increase 1-500 sqm"
"Birmingham","Birmingham_411250_288500",411250,288500,185.1,241.43,56.33,"Increase 1-500 sqm"
"Birmingham","Birmingham_412250_288500",412250,288500,205.73,27.03,-178.7,"Decrease 1-500 sqm"
"Birmingham","Birmingham_412750_288500",412750,288500,29,0,-29,"Decrease 1-500 sqm"
"Birmingham","Birmingham_413500_288500",413500,288500,509.57,606.28,96.71,"Increase 1-500 sqm"
"Birmingham","Birmingham_415000_288500",415000,288500,3478.79,1383.8,-2094.99,"Decrease > 500 sqm"
"Birmingham","Birmingham_415250_288500",415250,288500,85.55,0,-85.55,"Decrease 1-500 sqm"
"Birmingham","Birmingham_404500_288750",404500,288750,15.4,29.42,14.02,"Increase 1-500 sqm"
"Birmingham","Birmingham_404750_288750",404750,288750,892.69,284.29,-608.4,"Decrease > 500 sqm"
"Birmingham","Birmingham_405000_288750",405000,288750,218.39,218.39,0,"No change"
"Birmingham","Birmingham_405250_288750",405250,288750,31,0,-31,"Decrease 1-500 sqm"
"Birmingham","Birmingham_405500_288750",405500,288750,354.86,125.76,-229.1,"Decrease 1-500 sqm"
"Birmingham","Birmingham_405750_288750",405750,288750,83.33,83.33,0,"No change"
"Birmingham","Birmingham_406000_288750",406000,288750,448.14,533.34,85.2,"Increase 1-500 sqm"
"Birmingham","Birmingham_406500_288750",406500,288750,780.18,665.48,-114.7,"Decrease 1-500 sqm"
"Birmingham","Birmingham_407000_288750",407000,288750,4265.91,4265.91,0,"No change"
"Birmingham","Birmingham_407250_288750",407250,288750,232.4,232.4,0,"No change"
"Birmingham","Birmingham_407500_288750",407500,288750,206.4,103.2,-103.2,"Decrease 1-500 sqm"
"Birmingham","Birmingham_408000_288750",408000,288750,12438.54,4701.57,-7736.97,"Decrease > 500 sqm"
"Birmingham","Birmingham_408250_288750",408250,288750,0,433.67,433.67,"Increase 1-500 sqm"
"Birmingham","Birmingham_408750_288750",408750,288750,3059.72,1413.17,-1646.55,"Decrease > 500 sqm"
"Birmingham","Birmingham_409000_288750",409000,288750,624.04,440.64,-183.4,"Decrease 1-500 sqm"
"Birmingham","Birmingham_409250_288750",409250,288750,194.3,194.3,0,"No change"
"Birmingham","Birmingham_409500_288750",409500,288750,467.4,467.4,0,"No change"
"Birmingham","Birmingham_410500_288750",410500,288750,924.7,19.5,-905.2,"Decrease > 500 sqm"
"Birmingham","Birmingham_410750_288750",410750,288750,61.9,61.9,0,"No change"
"Birmingham","Birmingham_411000_288750",411000,288750,343.1,116.7,-226.4,"Decrease 1-500 sqm"
"Birmingham","Birmingham_411500_288750",411500,288750,393.66,363.8,-29.86,"Decrease 1-500 sqm"
"Birmingham","Birmingham_411750_288750",411750,288750,14.8,14.8,0,"No change"
"Birmingham","Birmingham_413500_288750",413500,288750,778.47,389.17,-389.3,"Decrease 1-500 sqm"
"Birmingham","Birmingham_414250_288750",414250,288750,1545.91,1056.51,-489.4,"Decrease 1-500 sqm"
"Birmingham","Birmingham_416000_288750",416000,288750,521.07,521.07,0,"No change"
"Birmingham","Birmingham_404000_289000",404000,289000,69.7,122.3,52.6,"Increase 1-500 sqm"
"Birmingham","Birmingham_404250_289000",404250,289000,184.2,184.2,0,"No change"
"Birmingham","Birmingham_404500_289000",404500,289000,2179.38,993.29,-1186.09,"Decrease > 500 sqm"
"Birmingham","Birmingham_405000_289000",405000,289000,1184.36,365.81,-818.55,"Decrease > 500 sqm"
"Birmingham","Birmingham_405250_289000",405250,289000,3118.56,1177.75,-1940.81,"Decrease > 500 sqm"
"Birmingham","Birmingham_405500_289000",405500,289000,3334.26,1639.51,-1694.75,"Decrease > 500 sqm"
"Birmingham","Birmingham_406000_289000",406000,289000,56.97,55.96,-1.01000000000001,"Decrease 1-500 sqm"
"Birmingham","Birmingham_406250_289000",406250,289000,203.51,94.52,-108.99,"Decrease 1-500 sqm"
"Birmingham","Birmingham_406500_289000",406500,289000,0,100,100,"Increase 1-500 sqm"
"Birmingham","Birmingham_407000_289000",407000,289000,276.3,41.9,-234.4,"Decrease 1-500 sqm"
"Birmingham","Birmingham_407250_289000",407250,289000,236.7,0,-236.7,"Decrease 1-500 sqm"
"Birmingham","Birmingham_408000_289000",408000,289000,10872.19,1693.35,-9178.84,"Decrease > 500 sqm"
"Birmingham","Birmingham_408250_289000",408250,289000,486.89,116.39,-370.5,"Decrease 1-500 sqm"
"Birmingham","Birmingham_408500_289000",408500,289000,364.45,276.65,-87.8,"Decrease 1-500 sqm"
"Birmingham","Birmingham_408750_289000",408750,289000,478.04,0,-478.04,"Decrease 1-500 sqm"
"Birmingham","Birmingham_409000_289000",409000,289000,331.43,331.43,0,"No change"
"Birmingham","Birmingham_409250_289000",409250,289000,520.2,520.2,0,"No change"
"Birmingham","Birmingham_409500_289000",409500,289000,0,642,642,"Increase > 500 sqm"
"Birmingham","Birmingham_411250_289000",411250,289000,127.8,127.8,0,"No change"
"Birmingham","Birmingham_411500_289000",411500,289000,592.97,426.92,-166.05,"Decrease 1-500 sqm"
"Birmingham","Birmingham_411750_289000",411750,289000,455.72,245.14,-210.58,"Decrease 1-500 sqm"
"Birmingham","Birmingham_413250_289000",413250,289000,434.31,434.31,0,"No change"
"Birmingham","Birmingham_413500_289000",413500,289000,1574.57,0,-1574.57,"Decrease > 500 sqm"
"Birmingham","Birmingham_414250_289000",414250,289000,0,365.72,365.72,"Increase 1-500 sqm"
"Birmingham","Birmingham_414750_289000",414750,289000,177.2,0,-177.2,"Decrease 1-500 sqm"
"Birmingham","Birmingham_416000_289000",416000,289000,5709.51,10987.45,5277.94,"Increase > 500 sqm"
"Birmingham","Birmingham_403250_289250",403250,289250,112.2,112.2,0,"No change"
"Birmingham","Birmingham_403500_289250",403500,289250,1003.03,931.33,-71.7,"Decrease 1-500 sqm"
"Birmingham","Birmingham_403750_289250",403750,289250,78,78,0,"No change"
"Birmingham","Birmingham_404000_289250",404000,289250,229.14,229.14,0,"No change"
"Birmingham","Birmingham_404250_289250",404250,289250,111.9,81.9,-30,"Decrease 1-500 sqm"
"Birmingham","Birmingham_404500_289250",404500,289250,20949.26,15161.39,-5787.87,"Decrease > 500 sqm"
"Birmingham","Birmingham_404750_289250",404750,289250,9378.85,8276.58,-1102.27,"Decrease > 500 sqm"
"Birmingham","Birmingham_405000_289250",405000,289250,883.36,1167.28,283.92,"Increase 1-500 sqm"
"Birmingham","Birmingham_405250_289250",405250,289250,51,51,0,"No change"
"Birmingham","Birmingham_405500_289250",405500,289250,5708.85,4878.89,-829.96,"Decrease > 500 sqm"
"Birmingham","Birmingham_405750_289250",405750,289250,4296.05,3269.8,-1026.25,"Decrease > 500 sqm"
"Birmingham","Birmingham_406000_289250",406000,289250,1752.02,1488.79,-263.23,"Decrease 1-500 sqm"
"Birmingham","Birmingham_406250_289250",406250,289250,11341.45,6505.3,-4836.15,"Decrease > 500 sqm"
"Birmingham","Birmingham_406500_289250",406500,289250,4937.57,3937.63,-999.94,"Decrease > 500 sqm"
"Birmingham","Birmingham_406750_289250",406750,289250,2793.4,1355.36,-1438.04,"Decrease > 500 sqm"
"Birmingham","Birmingham_407000_289250",407000,289250,508.2,416.4,-91.8,"Decrease 1-500 sqm"
"Birmingham","Birmingham_407250_289250",407250,289250,323,141.5,-181.5,"Decrease 1-500 sqm"
"Birmingham","Birmingham_407500_289250",407500,289250,308.8,308.8,0,"No change"
"Birmingham","Birmingham_407750_289250",407750,289250,42.3,42.7,0.400000000000006,"Increase 1-500 sqm"
"Birmingham","Birmingham_408500_289250",408500,289250,818.15,633.54,-184.61,"Decrease 1-500 sqm"
"Birmingham","Birmingham_409000_289250",409000,289250,175.7,351.4,175.7,"Increase 1-500 sqm"
"Birmingham","Birmingham_409250_289250",409250,289250,139.71,139.71,0,"No change"
"Birmingham","Birmingham_409750_289250",409750,289250,14130.35,10073.13,-4057.22,"Decrease > 500 sqm"
"Birmingham","Birmingham_410000_289250",410000,289250,57138,2556.5,-54581.5,"Decrease > 500 sqm"
"Birmingham","Birmingham_411500_289250",411500,289250,520.87,298.24,-222.63,"Decrease 1-500 sqm"
"Birmingham","Birmingham_413000_289250",413000,289250,7.68,0,-7.68,"Decrease 1-500 sqm"
"Birmingham","Birmingham_413250_289250",413250,289250,492.66,482.61,-10.05,"Decrease 1-500 sqm"
"Birmingham","Birmingham_413500_289250",413500,289250,704.62,682.42,-22.2,"Decrease 1-500 sqm"
"Birmingham","Birmingham_415250_289250",415250,289250,144.7,144.7,0,"No change"
"Birmingham","Birmingham_415500_289250",415500,289250,7384.54,5931.18,-1453.36,"Decrease > 500 sqm"
"Birmingham","Birmingham_402750_289500",402750,289500,86.07,86.07,0,"No change"
"Birmingham","Birmingham_403000_289500",403000,289500,221.8,221.8,0,"No change"
"Birmingham","Birmingham_403250_289500",403250,289500,22.5,22.5,0,"No change"
"Birmingham","Birmingham_403500_289500",403500,289500,63.5,97.93,34.43,"Increase 1-500 sqm"
"Birmingham","Birmingham_403750_289500",403750,289500,1504.08,1889.54,385.46,"Increase 1-500 sqm"
"Birmingham","Birmingham_404000_289500",404000,289500,7246.02,8441.08,1195.06,"Increase > 500 sqm"
"Birmingham","Birmingham_404250_289500",404250,289500,13962.81,12898.18,-1064.63,"Decrease > 500 sqm"
"Birmingham","Birmingham_404500_289500",404500,289500,2330.55,1931.2,-399.35,"Decrease 1-500 sqm"
"Birmingham","Birmingham_405000_289500",405000,289500,38.9,38.9,0,"No change"
"Birmingham","Birmingham_405250_289500",405250,289500,29.6,29.6,0,"No change"
"Birmingham","Birmingham_405500_289500",405500,289500,339.95,339.95,0,"No change"
"Birmingham","Birmingham_405750_289500",405750,289500,255.8,255.8,0,"No change"
"Birmingham","Birmingham_406000_289500",406000,289500,499.9,402.6,-97.3,"Decrease 1-500 sqm"
"Birmingham","Birmingham_406250_289500",406250,289500,313.57,313.57,0,"No change"
"Birmingham","Birmingham_406500_289500",406500,289500,745.47,682.87,-62.6,"Decrease 1-500 sqm"
"Birmingham","Birmingham_406750_289500",406750,289500,2926.85,2647.8,-279.05,"Decrease 1-500 sqm"
"Birmingham","Birmingham_407000_289500",407000,289500,148.6,156.26,7.66,"Increase 1-500 sqm"
"Birmingham","Birmingham_407250_289500",407250,289500,412.87,396.47,-16.4,"Decrease 1-500 sqm"
"Birmingham","Birmingham_407500_289500",407500,289500,588.5,345.8,-242.7,"Decrease 1-500 sqm"
"Birmingham","Birmingham_408750_289500",408750,289500,803.6,570.9,-232.7,"Decrease 1-500 sqm"
"Birmingham","Birmingham_409000_289500",409000,289500,1566.94,1014.34,-552.6,"Decrease > 500 sqm"
"Birmingham","Birmingham_409250_289500",409250,289500,37.6,37.6,0,"No change"
"Birmingham","Birmingham_409500_289500",409500,289500,236.55,54.79,-181.76,"Decrease 1-500 sqm"
"Birmingham","Birmingham_409750_289500",409750,289500,12895.7,1240.2,-11655.5,"Decrease > 500 sqm"
"Birmingham","Birmingham_411500_289500",411500,289500,9179.94,2559.39,-6620.55,"Decrease > 500 sqm"
"Birmingham","Birmingham_412000_289500",412000,289500,101.7,101.7,0,"No change"
"Birmingham","Birmingham_413000_289500",413000,289500,475.3,273,-202.3,"Decrease 1-500 sqm"
"Birmingham","Birmingham_402500_289750",402500,289750,3384.4,2200.96,-1183.44,"Decrease > 500 sqm"
"Birmingham","Birmingham_403000_289750",403000,289750,99.7,86.9,-12.8,"Decrease 1-500 sqm"
"Birmingham","Birmingham_403250_289750",403250,289750,3885.19,4389.63,504.44,"Increase > 500 sqm"
"Birmingham","Birmingham_403500_289750",403500,289750,180.49,317.6,137.11,"Increase 1-500 sqm"
"Birmingham","Birmingham_404000_289750",404000,289750,1394.67,1338.16,-56.51,"Decrease 1-500 sqm"
"Birmingham","Birmingham_404250_289750",404250,289750,223.9,180.1,-43.8,"Decrease 1-500 sqm"
"Birmingham","Birmingham_404500_289750",404500,289750,2471.99,2034.73,-437.26,"Decrease 1-500 sqm"
"Birmingham","Birmingham_404750_289750",404750,289750,197.96,197.96,0,"No change"
"Birmingham","Birmingham_405500_289750",405500,289750,81.4,81.4,0,"No change"
"Birmingham","Birmingham_406000_289750",406000,289750,739.41,322.67,-416.74,"Decrease 1-500 sqm"
"Birmingham","Birmingham_406250_289750",406250,289750,175.8,175.8,0,"No change"
"Birmingham","Birmingham_406500_289750",406500,289750,2518.68,2422.23,-96.4499999999998,"Decrease 1-500 sqm"
"Birmingham","Birmingham_406750_289750",406750,289750,45.8,45.8,0,"No change"
"Birmingham","Birmingham_407000_289750",407000,289750,441.63,390.53,-51.1,"Decrease 1-500 sqm"
"Birmingham","Birmingham_407250_289750",407250,289750,2512.95,1611.71,-901.24,"Decrease > 500 sqm"
"Birmingham","Birmingham_407500_289750",407500,289750,683.05,441.55,-241.5,"Decrease 1-500 sqm"
"Birmingham","Birmingham_408000_289750",408000,289750,584.2,584.2,0,"No change"
"Birmingham","Birmingham_408500_289750",408500,289750,3395.52,0,-3395.52,"Decrease > 500 sqm"
"Birmingham","Birmingham_408750_289750",408750,289750,701.88,124.4,-577.48,"Decrease > 500 sqm"
"Birmingham","Birmingham_409000_289750",409000,289750,882.32,665.62,-216.7,"Decrease 1-500 sqm"
"Birmingham","Birmingham_409250_289750",409250,289750,174.5,349.82,175.32,"Increase 1-500 sqm"
"Birmingham","Birmingham_409500_289750",409500,289750,742.42,742.42,0,"No change"
"Birmingham","Birmingham_410000_289750",410000,289750,802.1,113.6,-688.5,"Decrease > 500 sqm"
"Birmingham","Birmingham_412250_289750",412250,289750,1127.74,1527.74,400,"Increase 1-500 sqm"
"Birmingham","Birmingham_413000_289750",413000,289750,286,198.85,-87.15,"Decrease 1-500 sqm"
"Birmingham","Birmingham_402750_290000",402750,290000,5554.83,5565.03,10.1999999999998,"Increase 1-500 sqm"
"Birmingham","Birmingham_403000_290000",403000,290000,9635.8,9440.57,-195.230000000001,"Decrease 1-500 sqm"
"Birmingham","Birmingham_403750_290000",403750,290000,86.6,0,-86.6,"Decrease 1-500 sqm"
"Birmingham","Birmingham_404000_290000",404000,290000,2282.25,2082.53,-199.72,"Decrease 1-500 sqm"
"Birmingham","Birmingham_404250_290000",404250,290000,1058.82,1058.82,0,"No change"
"Birmingham","Birmingham_404500_290000",404500,290000,110,62.4,-47.6,"Decrease 1-500 sqm"
"Birmingham","Birmingham_404750_290000",404750,290000,88.6,0,-88.6,"Decrease 1-500 sqm"
"Birmingham","Birmingham_405500_290000",405500,290000,37,37,0,"No change"
"Birmingham","Birmingham_406000_290000",406000,290000,350.3,350.3,0,"No change"
"Birmingham","Birmingham_406250_290000",406250,290000,1005.2,791.86,-213.34,"Decrease 1-500 sqm"
"Birmingham","Birmingham_407000_290000",407000,290000,76.1,76.1,0,"No change"
"Birmingham","Birmingham_407250_290000",407250,290000,1387.67,1104.59,-283.08,"Decrease 1-500 sqm"
"Birmingham","Birmingham_407500_290000",407500,290000,2997.56,2871.75,-125.81,"Decrease 1-500 sqm"
"Birmingham","Birmingham_408000_290000",408000,290000,50.3,50.3,0,"No change"
"Birmingham","Birmingham_409500_290000",409500,290000,178.1,178.1,0,"No change"
"Birmingham","Birmingham_409750_290000",409750,290000,731.5,187.53,-543.97,"Decrease > 500 sqm"
"Birmingham","Birmingham_410500_290000",410500,290000,492.64,492.64,0,"No change"
"Birmingham","Birmingham_410750_290000",410750,290000,1688.81,2715.8,1026.99,"Increase > 500 sqm"
"Birmingham","Birmingham_411000_290000",411000,290000,1212.92,1162.82,-50.1000000000001,"Decrease 1-500 sqm"
"Birmingham","Birmingham_411250_290000",411250,290000,321.4,705,383.6,"Increase 1-500 sqm"
"Birmingham","Birmingham_412000_290000",412000,290000,35686.85,31060.51,-4626.34,"Decrease > 500 sqm"
"Birmingham","Birmingham_412250_290000",412250,290000,19731,7446.9,-12284.1,"Decrease > 500 sqm"
"Birmingham","Birmingham_412500_290000",412500,290000,5239.47,1578.27,-3661.2,"Decrease > 500 sqm"
"Birmingham","Birmingham_413250_290000",413250,290000,70,0,-70,"Decrease 1-500 sqm"
"Birmingham","Birmingham_404000_290250",404000,290250,2206.92,1958.93,-247.99,"Decrease 1-500 sqm"
"Birmingham","Birmingham_404500_290250",404500,290250,250.9,0,-250.9,"Decrease 1-500 sqm"
"Birmingham","Birmingham_405750_290250",405750,290250,717,483,-234,"Decrease 1-500 sqm"
"Birmingham","Birmingham_406000_290250",406000,290250,410.25,328.6,-81.65,"Decrease 1-500 sqm"
"Birmingham","Birmingham_406250_290250",406250,290250,0,29,29,"Increase 1-500 sqm"
"Birmingham","Birmingham_407250_290250",407250,290250,745.51,1261.98,516.47,"Increase > 500 sqm"
"Birmingham","Birmingham_407500_290250",407500,290250,625.33,659.29,33.9599999999999,"Increase 1-500 sqm"
"Birmingham","Birmingham_407750_290250",407750,290250,1572.59,1409.99,-162.6,"Decrease 1-500 sqm"
"Birmingham","Birmingham_408250_290250",408250,290250,430.1,367.3,-62.8,"Decrease 1-500 sqm"
"Birmingham","Birmingham_408500_290250",408500,290250,2760.2,2047.42,-712.78,"Decrease > 500 sqm"
"Birmingham","Birmingham_409500_290250",409500,290250,54.5,0,-54.5,"Decrease 1-500 sqm"
"Birmingham","Birmingham_411250_290250",411250,290250,3181.66,6006.2,2824.54,"Increase > 500 sqm"
"Birmingham","Birmingham_411500_290250",411500,290250,1162.12,1114.82,-47.3,"Decrease 1-500 sqm"
"Birmingham","Birmingham_411750_290250",411750,290250,2742.12,2742.12,0,"No change"
"Birmingham","Birmingham_413500_290250",413500,290250,22417.13,14280.75,-8136.38,"Decrease > 500 sqm"
"Birmingham","Birmingham_414000_290250",414000,290250,18.9,18.9,0,"No change"
"Birmingham","Birmingham_403500_290500",403500,290500,374.5,374.5,0,"No change"
"Birmingham","Birmingham_403750_290500",403750,290500,197.7,197.7,0,"No change"
"Birmingham","Birmingham_404000_290500",404000,290500,2332.23,2307.17,-25.0599999999999,"Decrease 1-500 sqm"
"Birmingham","Birmingham_404250_290500",404250,290500,1317.19,957.54,-359.65,"Decrease 1-500 sqm"
"Birmingham","Birmingham_404500_290500",404500,290500,1750.18,1735.83,-14.3500000000001,"Decrease 1-500 sqm"
"Birmingham","Birmingham_404750_290500",404750,290500,734.64,734.64,0,"No change"
"Birmingham","Birmingham_405750_290500",405750,290500,82.5,82.5,0,"No change"
"Birmingham","Birmingham_406000_290500",406000,290500,183.73,183.73,0,"No change"
"Birmingham","Birmingham_406750_290500",406750,290500,4624.47,2846.09,-1778.38,"Decrease > 500 sqm"
"Birmingham","Birmingham_407000_290500",407000,290500,0,21.96,21.96,"Increase 1-500 sqm"
"Birmingham","Birmingham_407250_290500",407250,290500,269.01,269.01,0,"No change"
"Birmingham","Birmingham_407500_290500",407500,290500,402.81,402.81,0,"No change"
"Birmingham","Birmingham_407750_290500",407750,290500,16125.64,8338.24,-7787.4,"Decrease > 500 sqm"
"Birmingham","Birmingham_408000_290500",408000,290500,1181.76,885.84,-295.92,"Decrease 1-500 sqm"
"Birmingham","Birmingham_408500_290500",408500,290500,44.13,44.13,0,"No change"
"Birmingham","Birmingham_409500_290500",409500,290500,135.2,90.9,-44.3,"Decrease 1-500 sqm"
"Birmingham","Birmingham_409750_290500",409750,290500,1645.93,793.44,-852.49,"Decrease > 500 sqm"
"Birmingham","Birmingham_411250_290500",411250,290500,874.98,459.31,-415.67,"Decrease 1-500 sqm"
"Birmingham","Birmingham_411500_290500",411500,290500,138.5,99.1,-39.4,"Decrease 1-500 sqm"
"Birmingham","Birmingham_412000_290500",412000,290500,17012.62,11063.13,-5949.49,"Decrease > 500 sqm"
"Birmingham","Birmingham_412750_290500",412750,290500,0,9,9,"Increase 1-500 sqm"
"Birmingham","Birmingham_414000_290500",414000,290500,59.5,59.5,0,"No change"
"Birmingham","Birmingham_414250_290500",414250,290500,142.8,142.8,0,"No change"
"Birmingham","Birmingham_403750_290750",403750,290750,151.8,79.7,-72.1,"Decrease 1-500 sqm"
"Birmingham","Birmingham_404000_290750",404000,290750,192.1,192.1,0,"No change"
"Birmingham","Birmingham_404250_290750",404250,290750,504.95,504.95,0,"No change"
"Birmingham","Birmingham_404500_290750",404500,290750,930.2,898.11,-32.09,"Decrease 1-500 sqm"
"Birmingham","Birmingham_406000_290750",406000,290750,475.8,67.8,-408,"Decrease 1-500 sqm"
"Birmingham","Birmingham_406250_290750",406250,290750,732.97,732.97,0,"No change"
"Birmingham","Birmingham_406500_290750",406500,290750,3755.83,2765.36,-990.47,"Decrease > 500 sqm"
"Birmingham","Birmingham_406750_290750",406750,290750,2726.92,172.1,-2554.82,"Decrease > 500 sqm"
"Birmingham","Birmingham_408250_290750",408250,290750,309.4,309.4,0,"No change"
"Birmingham","Birmingham_408500_290750",408500,290750,691.3,684.92,-6.38,"Decrease 1-500 sqm"
"Birmingham","Birmingham_409500_290750",409500,290750,34.2,34.2,0,"No change"
"Birmingham","Birmingham_409750_290750",409750,290750,1998.5,1685.2,-313.3,"Decrease 1-500 sqm"
"Birmingham","Birmingham_411000_290750",411000,290750,1777,2001.2,224.2,"Increase 1-500 sqm"
"Birmingham","Birmingham_412250_290750",412250,290750,1380.3,673.24,-707.06,"Decrease > 500 sqm"
"Birmingham","Birmingham_412500_290750",412500,290750,2106.99,2010.97,-96.0199999999998,"Decrease 1-500 sqm"
"Birmingham","Birmingham_414250_290750",414250,290750,374.94,374.94,0,"No change"
"Birmingham","Birmingham_406500_291000",406500,291000,5601.73,4217.76,-1383.97,"Decrease > 500 sqm"
"Birmingham","Birmingham_407000_291000",407000,291000,192.2,192.2,0,"No change"
"Birmingham","Birmingham_409500_291000",409500,291000,150.4,107.2,-43.2,"Decrease 1-500 sqm"
"Birmingham","Birmingham_409750_291000",409750,291000,3302.77,3772.55,469.78,"Increase 1-500 sqm"
"Birmingham","Birmingham_410000_291000",410000,291000,185.4,165.2,-20.2,"Decrease 1-500 sqm"
"Birmingham","Birmingham_410500_291000",410500,291000,95.4,39.01,-56.39,"Decrease 1-500 sqm"
"Birmingham","Birmingham_410750_291000",410750,291000,57.2,57.2,0,"No change"
"Birmingham","Birmingham_412000_291000",412000,291000,2739.31,2423.5,-315.81,"Decrease 1-500 sqm"
"Birmingham","Birmingham_412250_291000",412250,291000,1860.66,1248.06,-612.6,"Decrease > 500 sqm"
"Birmingham","Birmingham_412500_291000",412500,291000,2474.09,1846.48,-627.61,"Decrease > 500 sqm"
"Birmingham","Birmingham_413000_291000",413000,291000,637.01,434.37,-202.64,"Decrease 1-500 sqm"
"Birmingham","Birmingham_413250_291000",413250,291000,19118.79,20662.55,1543.76,"Increase > 500 sqm"
"Birmingham","Birmingham_413750_291000",413750,291000,22610.58,17104.45,-5506.13,"Decrease > 500 sqm"
"Birmingham","Birmingham_414000_291000",414000,291000,1227,0,-1227,"Decrease > 500 sqm"
"Birmingham","Birmingham_414250_291000",414250,291000,95.4,95.4,0,"No change"
"Birmingham","Birmingham_406750_291250",406750,291250,46447.01,30682.23,-15764.78,"Decrease > 500 sqm"
"Birmingham","Birmingham_407000_291250",407000,291250,416.75,0,-416.75,"Decrease 1-500 sqm"
"Birmingham","Birmingham_407250_291250",407250,291250,122.3,0,-122.3,"Decrease 1-500 sqm"
"Birmingham","Birmingham_409250_291250",409250,291250,35.25,35.25,0,"No change"
"Birmingham","Birmingham_409500_291250",409500,291250,26.3,0,-26.3,"Decrease 1-500 sqm"
"Birmingham","Birmingham_409750_291250",409750,291250,191.3,191.3,0,"No change"
"Birmingham","Birmingham_410500_291250",410500,291250,2624.09,1744.55,-879.54,"Decrease > 500 sqm"
"Birmingham","Birmingham_410750_291250",410750,291250,1306.01,850.42,-455.59,"Decrease 1-500 sqm"
"Birmingham","Birmingham_411000_291250",411000,291250,303.7,329.4,25.7,"Increase 1-500 sqm"
"Birmingham","Birmingham_411250_291250",411250,291250,80.6,80.6,0,"No change"
"Birmingham","Birmingham_412000_291250",412000,291250,228.62,228.62,0,"No change"
"Birmingham","Birmingham_412750_291250",412750,291250,52.7,57.95,5.25,"Increase 1-500 sqm"
"Birmingham","Birmingham_413250_291250",413250,291250,3385.71,5286.75,1901.04,"Increase > 500 sqm"
"Birmingham","Birmingham_413500_291250",413500,291250,247.13,531.08,283.95,"Increase 1-500 sqm"
"Birmingham","Birmingham_414750_291250",414750,291250,1026.41,1026.41,0,"No change"
"Birmingham","Birmingham_405250_291500",405250,291500,633.8,483.6,-150.2,"Decrease 1-500 sqm"
"Birmingham","Birmingham_407000_291500",407000,291500,138,138,0,"No change"
"Birmingham","Birmingham_408500_291500",408500,291500,1048.44,682.94,-365.5,"Decrease 1-500 sqm"
"Birmingham","Birmingham_408750_291500",408750,291500,474.18,426.98,-47.2,"Decrease 1-500 sqm"
"Birmingham","Birmingham_409500_291500",409500,291500,506.6,376.9,-129.7,"Decrease 1-500 sqm"
"Birmingham","Birmingham_410250_291500",410250,291500,229.86,140.63,-89.23,"Decrease 1-500 sqm"
"Birmingham","Birmingham_410500_291500",410500,291500,9991.43,9283.72,-707.710000000001,"Decrease > 500 sqm"
"Birmingham","Birmingham_410750_291500",410750,291500,17296.58,15364.41,-1932.17,"Decrease > 500 sqm"
"Birmingham","Birmingham_411000_291500",411000,291500,121.9,121.9,0,"No change"
"Birmingham","Birmingham_411250_291500",411250,291500,188.09,188.09,0,"No change"
"Birmingham","Birmingham_411750_291500",411750,291500,337.54,0,-337.54,"Decrease 1-500 sqm"
"Birmingham","Birmingham_413000_291500",413000,291500,383.4,314,-69.4,"Decrease 1-500 sqm"
"Birmingham","Birmingham_413250_291500",413250,291500,939.24,895.91,-43.33,"Decrease 1-500 sqm"
"Birmingham","Birmingham_413750_291500",413750,291500,28.98,446.4,417.42,"Increase 1-500 sqm"
"Birmingham","Birmingham_414250_291500",414250,291500,108.8,108.8,0,"No change"
"Birmingham","Birmingham_414500_291500",414500,291500,130.78,130.78,0,"No change"
"Birmingham","Birmingham_415250_291500",415250,291500,661.7,614.5,-47.2,"Decrease 1-500 sqm"
"Birmingham","Birmingham_406500_291750",406500,291750,1235.38,1294.08,58.7,"Increase 1-500 sqm"
"Birmingham","Birmingham_407000_291750",407000,291750,1939.17,118.3,-1820.87,"Decrease > 500 sqm"
"Birmingham","Birmingham_408750_291750",408750,291750,66.5,0,-66.5,"Decrease 1-500 sqm"
"Birmingham","Birmingham_409250_291750",409250,291750,1014.8,247.2,-767.6,"Decrease > 500 sqm"
"Birmingham","Birmingham_409500_291750",409500,291750,3264.24,2370.57,-893.67,"Decrease > 500 sqm"
"Birmingham","Birmingham_409750_291750",409750,291750,842.49,852.98,10.49,"Increase 1-500 sqm"
"Birmingham","Birmingham_410500_291750",410500,291750,279.7,279.7,0,"No change"
"Birmingham","Birmingham_410750_291750",410750,291750,963.76,2782.76,1819,"Increase > 500 sqm"
"Birmingham","Birmingham_411000_291750",411000,291750,31560.62,26027.14,-5533.48,"Decrease > 500 sqm"
"Birmingham","Birmingham_411250_291750",411250,291750,1186.82,666.76,-520.06,"Decrease > 500 sqm"
"Birmingham","Birmingham_411750_291750",411750,291750,111.25,111.25,0,"No change"
"Birmingham","Birmingham_412500_291750",412500,291750,222.2,179.7,-42.5,"Decrease 1-500 sqm"
"Birmingham","Birmingham_412750_291750",412750,291750,1217.46,1069.06,-148.4,"Decrease 1-500 sqm"
"Birmingham","Birmingham_413500_291750",413500,291750,241.64,159.27,-82.37,"Decrease 1-500 sqm"
"Birmingham","Birmingham_414000_291750",414000,291750,215,107.5,-107.5,"Decrease 1-500 sqm"
"Birmingham","Birmingham_404750_292000",404750,292000,445.34,440.84,-4.5,"Decrease 1-500 sqm"
"Birmingham","Birmingham_405250_292000",405250,292000,178.92,0,-178.92,"Decrease 1-500 sqm"
"Birmingham","Birmingham_407000_292000",407000,292000,6910.5,761.07,-6149.43,"Decrease > 500 sqm"
"Birmingham","Birmingham_407250_292000",407250,292000,6054.9,6060.9,6,"Increase 1-500 sqm"
"Birmingham","Birmingham_407750_292000",407750,292000,84,84,0,"No change"
"Birmingham","Birmingham_409500_292000",409500,292000,83.8,83.8,0,"No change"
"Birmingham","Birmingham_409750_292000",409750,292000,1082.26,712.43,-369.83,"Decrease 1-500 sqm"
"Birmingham","Birmingham_410500_292000",410500,292000,1317.93,776.53,-541.4,"Decrease > 500 sqm"
"Birmingham","Birmingham_410750_292000",410750,292000,4129.27,2126.59,-2002.68,"Decrease > 500 sqm"
"Birmingham","Birmingham_411000_292000",411000,292000,5844.29,4916.11,-928.18,"Decrease > 500 sqm"
"Birmingham","Birmingham_411250_292000",411250,292000,0,2275,2275,"Increase > 500 sqm"
"Birmingham","Birmingham_413500_292000",413500,292000,874.69,469.3,-405.39,"Decrease 1-500 sqm"
"Birmingham","Birmingham_414250_292000",414250,292000,34.8,34.8,0,"No change"
"Birmingham","Birmingham_414500_292000",414500,292000,591.83,1748.66,1156.83,"Increase > 500 sqm"
"Birmingham","Birmingham_404250_292250",404250,292250,460.1,589.04,128.94,"Increase 1-500 sqm"
"Birmingham","Birmingham_404750_292250",404750,292250,144,2384.26,2240.26,"Increase > 500 sqm"
"Birmingham","Birmingham_405000_292250",405000,292250,487,0,-487,"Decrease 1-500 sqm"
"Birmingham","Birmingham_406000_292250",406000,292250,1702.54,1222.53,-480.01,"Decrease 1-500 sqm"
"Birmingham","Birmingham_407250_292250",407250,292250,131.34,131.34,0,"No change"
"Birmingham","Birmingham_410250_292250",410250,292250,39.2,39.2,0,"No change"
"Birmingham","Birmingham_410500_292250",410500,292250,13782.99,105.7,-13677.29,"Decrease > 500 sqm"
"Birmingham","Birmingham_410750_292250",410750,292250,1855.08,1704.85,-150.23,"Decrease 1-500 sqm"
"Birmingham","Birmingham_411250_292250",411250,292250,14.2,14.2,0,"No change"
"Birmingham","Birmingham_412000_292250",412000,292250,1807.26,0,-1807.26,"Decrease > 500 sqm"
"Birmingham","Birmingham_413500_292250",413500,292250,810.02,600.66,-209.36,"Decrease 1-500 sqm"
"Birmingham","Birmingham_414500_292250",414500,292250,3028.81,1671.91,-1356.9,"Decrease > 500 sqm"
"Birmingham","Birmingham_415500_292250",415500,292250,75.8,75.8,0,"No change"
"Birmingham","Birmingham_415750_292250",415750,292250,102.8,102.8,0,"No change"
"Birmingham","Birmingham_416000_292250",416000,292250,217,217,0,"No change"
"Birmingham","Birmingham_404750_292500",404750,292500,1269.93,1288.12,18.1899999999998,"Increase 1-500 sqm"
"Birmingham","Birmingham_405250_292500",405250,292500,549.81,523.31,-26.5,"Decrease 1-500 sqm"
"Birmingham","Birmingham_407000_292500",407000,292500,925.25,925.25,0,"No change"
"Birmingham","Birmingham_407250_292500",407250,292500,7140.8,8505.92,1365.12,"Increase > 500 sqm"
"Birmingham","Birmingham_407500_292500",407500,292500,185.5,185.5,0,"No change"
"Birmingham","Birmingham_408500_292500",408500,292500,38,38,0,"No change"
"Birmingham","Birmingham_409500_292500",409500,292500,1169.46,1134.57,-34.8900000000001,"Decrease 1-500 sqm"
"Birmingham","Birmingham_409750_292500",409750,292500,179.11,179.11,0,"No change"
"Birmingham","Birmingham_410500_292500",410500,292500,74.4,74.4,0,"No change"
"Birmingham","Birmingham_410750_292500",410750,292500,1546.15,1410.67,-135.48,"Decrease 1-500 sqm"
"Birmingham","Birmingham_411250_292500",411250,292500,149.7,0,-149.7,"Decrease 1-500 sqm"
"Birmingham","Birmingham_412500_292500",412500,292500,76.5,40.7,-35.8,"Decrease 1-500 sqm"
"Birmingham","Birmingham_413500_292500",413500,292500,96.29,96.29,0,"No change"
"Birmingham","Birmingham_415000_292500",415000,292500,0,168,168,"Increase 1-500 sqm"
"Birmingham","Birmingham_404750_292750",404750,292750,938.83,635.55,-303.28,"Decrease 1-500 sqm"
"Birmingham","Birmingham_405500_292750",405500,292750,4973.97,1978.66,-2995.31,"Decrease > 500 sqm"
"Birmingham","Birmingham_407000_292750",407000,292750,166.72,149.4,-17.32,"Decrease 1-500 sqm"
"Birmingham","Birmingham_407250_292750",407250,292750,126.5,126.5,0,"No change"
"Birmingham","Birmingham_408250_292750",408250,292750,1829.58,1829.58,0,"No change"
"Birmingham","Birmingham_409250_292750",409250,292750,122.3,149.15,26.85,"Increase 1-500 sqm"
"Birmingham","Birmingham_409500_292750",409500,292750,359.63,242.33,-117.3,"Decrease 1-500 sqm"
"Birmingham","Birmingham_410750_292750",410750,292750,6476.1,7187.68,711.58,"Increase > 500 sqm"
"Birmingham","Birmingham_411500_292750",411500,292750,482.44,482.44,0,"No change"
"Birmingham","Birmingham_411750_292750",411750,292750,1186.31,1277.62,91.3099999999999,"Increase 1-500 sqm"
"Birmingham","Birmingham_414500_292750",414500,292750,53523.6,20563.52,-32960.08,"Decrease > 500 sqm"
"Birmingham","Birmingham_415000_292750",415000,292750,0,1,1,"Increase 1-500 sqm"
"Birmingham","Birmingham_415750_292750",415750,292750,397.4,397.4,0,"No change"
"Birmingham","Birmingham_404750_293000",404750,293000,242.43,262.43,20,"Increase 1-500 sqm"
"Birmingham","Birmingham_405500_293000",405500,293000,682.32,609.12,-73.2,"Decrease 1-500 sqm"
"Birmingham","Birmingham_406250_293000",406250,293000,1142,726.5,-415.5,"Decrease 1-500 sqm"
"Birmingham","Birmingham_406500_293000",406500,293000,600.52,600.52,0,"No change"
"Birmingham","Birmingham_407250_293000",407250,293000,99.4,99.4,0,"No change"
"Birmingham","Birmingham_407500_293000",407500,293000,1687.43,1161.28,-526.15,"Decrease > 500 sqm"
"Birmingham","Birmingham_408500_293000",408500,293000,5258.92,4423.86,-835.06,"Decrease > 500 sqm"
"Birmingham","Birmingham_409000_293000",409000,293000,1020.9,1308.43,287.53,"Increase 1-500 sqm"
"Birmingham","Birmingham_410000_293000",410000,293000,386,193,-193,"Decrease 1-500 sqm"
"Birmingham","Birmingham_411000_293000",411000,293000,180.72,180.72,0,"No change"
"Birmingham","Birmingham_411250_293000",411250,293000,558,558,0,"No change"
"Birmingham","Birmingham_411500_293000",411500,293000,144.3,144.3,0,"No change"
"Birmingham","Birmingham_411750_293000",411750,293000,9759.2,7219.3,-2539.9,"Decrease > 500 sqm"
"Birmingham","Birmingham_405250_293250",405250,293250,275.9,275.9,0,"No change"
"Birmingham","Birmingham_406000_293250",406000,293250,424.97,424.97,0,"No change"
"Birmingham","Birmingham_406500_293250",406500,293250,320.7,320.7,0,"No change"
"Birmingham","Birmingham_407000_293250",407000,293250,537.47,587.17,49.6999999999999,"Increase 1-500 sqm"
"Birmingham","Birmingham_407250_293250",407250,293250,242.7,285.92,43.22,"Increase 1-500 sqm"
"Birmingham","Birmingham_407750_293250",407750,293250,60.9,60.9,0,"No change"
"Birmingham","Birmingham_408000_293250",408000,293250,2251.84,1679.55,-572.29,"Decrease > 500 sqm"
"Birmingham","Birmingham_408250_293250",408250,293250,4260.97,2918.75,-1342.22,"Decrease > 500 sqm"
"Birmingham","Birmingham_409000_293250",409000,293250,102.81,102.81,0,"No change"
"Birmingham","Birmingham_409750_293250",409750,293250,87.81,87.81,0,"No change"
"Birmingham","Birmingham_410000_293250",410000,293250,344.5,177.92,-166.58,"Decrease 1-500 sqm"
"Birmingham","Birmingham_411000_293250",411000,293250,1999.81,1689.01,-310.8,"Decrease 1-500 sqm"
"Birmingham","Birmingham_411250_293250",411250,293250,199.56,145.06,-54.5,"Decrease 1-500 sqm"
"Birmingham","Birmingham_411500_293250",411500,293250,93.7,93.7,0,"No change"
"Birmingham","Birmingham_411750_293250",411750,293250,2386.53,2840.73,454.2,"Increase 1-500 sqm"
"Birmingham","Birmingham_412500_293250",412500,293250,115,115,0,"No change"
"Birmingham","Birmingham_413750_293250",413750,293250,2725.2,2725.2,0,"No change"
"Birmingham","Birmingham_405250_293500",405250,293500,122.8,122.8,0,"No change"
"Birmingham","Birmingham_405750_293500",405750,293500,68.9,68.9,0,"No change"
"Birmingham","Birmingham_406750_293500",406750,293500,95.4,400,304.6,"Increase 1-500 sqm"
"Birmingham","Birmingham_407250_293500",407250,293500,262.78,201.28,-61.5,"Decrease 1-500 sqm"
"Birmingham","Birmingham_407750_293500",407750,293500,6445.19,5720.15,-725.04,"Decrease > 500 sqm"
"Birmingham","Birmingham_408000_293500",408000,293500,85.8,85.8,0,"No change"
"Birmingham","Birmingham_408750_293500",408750,293500,971.95,971.95,0,"No change"
"Birmingham","Birmingham_409250_293500",409250,293500,117.86,117.86,0,"No change"
"Birmingham","Birmingham_410250_293500",410250,293500,406.11,406.11,0,"No change"
"Birmingham","Birmingham_410500_293500",410500,293500,531.22,531.22,0,"No change"
"Birmingham","Birmingham_410750_293500",410750,293500,21.1,0,-21.1,"Decrease 1-500 sqm"
"Birmingham","Birmingham_411250_293500",411250,293500,0,498.6,498.6,"Increase 1-500 sqm"
"Birmingham","Birmingham_413500_293500",413500,293500,2605.95,2420.44,-185.51,"Decrease 1-500 sqm"
"Birmingham","Birmingham_414000_293500",414000,293500,161.15,322.3,161.15,"Increase 1-500 sqm"
"Birmingham","Birmingham_405500_293750",405500,293750,730.91,568.11,-162.8,"Decrease 1-500 sqm"
"Birmingham","Birmingham_406500_293750",406500,293750,543.79,541.99,-1.79999999999995,"Decrease 1-500 sqm"
"Birmingham","Birmingham_407000_293750",407000,293750,179.27,179.27,0,"No change"
"Birmingham","Birmingham_407750_293750",407750,293750,2395.05,2425.59,30.54,"Increase 1-500 sqm"
"Birmingham","Birmingham_408250_293750",408250,293750,650.9,825.28,174.38,"Increase 1-500 sqm"
"Birmingham","Birmingham_408750_293750",408750,293750,912.8,722.2,-190.6,"Decrease 1-500 sqm"
"Birmingham","Birmingham_409000_293750",409000,293750,727.82,613.77,-114.05,"Decrease 1-500 sqm"
"Birmingham","Birmingham_410250_293750",410250,293750,433.5,433.5,0,"No change"
"Birmingham","Birmingham_413750_293750",413750,293750,182.6,145.66,-36.94,"Decrease 1-500 sqm"
"Birmingham","Birmingham_404500_294000",404500,294000,6876.33,4184.78,-2691.55,"Decrease > 500 sqm"
"Birmingham","Birmingham_404750_294000",404750,294000,148.2,175.13,26.93,"Increase 1-500 sqm"
"Birmingham","Birmingham_405750_294000",405750,294000,297.5,50.7,-246.8,"Decrease 1-500 sqm"
"Birmingham","Birmingham_406500_294000",406500,294000,558.65,560.16,1.50999999999999,"Increase 1-500 sqm"
"Birmingham","Birmingham_407000_294000",407000,294000,105.8,255.46,149.66,"Increase 1-500 sqm"
"Birmingham","Birmingham_407750_294000",407750,294000,673.94,1125.33,451.39,"Increase 1-500 sqm"
"Birmingham","Birmingham_409000_294000",409000,294000,106.1,106.1,0,"No change"
"Birmingham","Birmingham_409250_294000",409250,294000,553.3,466.8,-86.4999999999999,"Decrease 1-500 sqm"
"Birmingham","Birmingham_410000_294000",410000,294000,4109.67,4133.01,23.3400000000001,"Increase 1-500 sqm"
"Birmingham","Birmingham_410750_294000",410750,294000,156.77,156.77,0,"No change"
"Birmingham","Birmingham_405750_294250",405750,294250,79.3,114.8,35.5,"Increase 1-500 sqm"
"Birmingham","Birmingham_407750_294250",407750,294250,489.95,221.6,-268.35,"Decrease 1-500 sqm"
"Birmingham","Birmingham_408500_294250",408500,294250,52,52,0,"No change"
"Birmingham","Birmingham_409500_294250",409500,294250,4393.3,3692.9,-700.4,"Decrease > 500 sqm"
"Birmingham","Birmingham_409750_294250",409750,294250,5213.54,5353.87,140.33,"Increase 1-500 sqm"
"Birmingham","Birmingham_410750_294250",410750,294250,3956.48,2782.01,-1174.47,"Decrease > 500 sqm"
"Birmingham","Birmingham_411000_294250",411000,294250,109.8,109.8,0,"No change"
"Birmingham","Birmingham_412750_294250",412750,294250,0,122.5,122.5,"Increase 1-500 sqm"
"Birmingham","Birmingham_405750_294500",405750,294500,120.34,120.34,0,"No change"
"Birmingham","Birmingham_406000_294500",406000,294500,19558.6,23647,4088.4,"Increase > 500 sqm"
"Birmingham","Birmingham_406750_294500",406750,294500,158.43,158.43,0,"No change"
"Birmingham","Birmingham_407000_294500",407000,294500,159.3,159.3,0,"No change"
"Birmingham","Birmingham_407750_294500",407750,294500,85.4,85.4,0,"No change"
"Birmingham","Birmingham_408500_294500",408500,294500,114.7,114.7,0,"No change"
"Birmingham","Birmingham_409250_294500",409250,294500,1015.2,924.27,-90.9300000000001,"Decrease 1-500 sqm"
"Birmingham","Birmingham_409500_294500",409500,294500,15652.35,13294.49,-2357.86,"Decrease > 500 sqm"
"Birmingham","Birmingham_409750_294500",409750,294500,49.44,49.44,0,"No change"
"Birmingham","Birmingham_410250_294500",410250,294500,86.8,86.8,0,"No change"
"Birmingham","Birmingham_410500_294500",410500,294500,412.1,499.49,87.39,"Increase 1-500 sqm"
"Birmingham","Birmingham_410750_294500",410750,294500,7812.25,7616.46,-195.79,"Decrease 1-500 sqm"
"Birmingham","Birmingham_411000_294500",411000,294500,0,25,25,"Increase 1-500 sqm"
"Birmingham","Birmingham_412000_294500",412000,294500,82.5,82.5,0,"No change"
"Birmingham","Birmingham_414250_294500",414250,294500,0,2988.77,2988.77,"Increase > 500 sqm"
"Birmingham","Birmingham_415500_294500",415500,294500,0,262.17,262.17,"Increase 1-500 sqm"
"Birmingham","Birmingham_406250_294750",406250,294750,569.7,569.7,0,"No change"
"Birmingham","Birmingham_406750_294750",406750,294750,676.7,96.6,-580.1,"Decrease > 500 sqm"
"Birmingham","Birmingham_407000_294750",407000,294750,568.8,362.3,-206.5,"Decrease 1-500 sqm"
"Birmingham","Birmingham_407750_294750",407750,294750,2549.41,2185.21,-364.2,"Decrease 1-500 sqm"
"Birmingham","Birmingham_408500_294750",408500,294750,1251.44,1240.94,-10.5,"Decrease 1-500 sqm"
"Birmingham","Birmingham_409500_294750",409500,294750,21326.84,32149.17,10822.33,"Increase > 500 sqm"
"Birmingham","Birmingham_410750_294750",410750,294750,591.37,745.54,154.17,"Increase 1-500 sqm"
"Birmingham","Birmingham_411000_294750",411000,294750,31.6,0,-31.6,"Decrease 1-500 sqm"
"Birmingham","Birmingham_406500_295000",406500,295000,245.83,245.83,0,"No change"
"Birmingham","Birmingham_407250_295000",407250,295000,89.2,89.2,0,"No change"
"Birmingham","Birmingham_407500_295000",407500,295000,307.66,307.66,0,"No change"
"Birmingham","Birmingham_407750_295000",407750,295000,6224.12,5279.41,-944.71,"Decrease > 500 sqm"
"Birmingham","Birmingham_408000_295000",408000,295000,3969.24,3239.64,-729.6,"Decrease > 500 sqm"
"Birmingham","Birmingham_409500_295000",409500,295000,736.05,551.65,-184.4,"Decrease 1-500 sqm"
"Birmingham","Birmingham_411250_295000",411250,295000,0,27.66,27.66,"Increase 1-500 sqm"
"Birmingham","Birmingham_411500_295000",411500,295000,2032.84,1959.3,-73.54,"Decrease 1-500 sqm"
"Birmingham","Birmingham_411750_295000",411750,295000,656.31,0,-656.31,"Decrease > 500 sqm"
"Birmingham","Birmingham_407750_295250",407750,295250,186.36,139.66,-46.7,"Decrease 1-500 sqm"
"Birmingham","Birmingham_411750_295250",411750,295250,3765.71,2942.99,-822.72,"Decrease > 500 sqm"
"Birmingham","Birmingham_412250_295250",412250,295250,230.91,230.91,0,"No change"
"Birmingham","Birmingham_407250_295500",407250,295500,1069.09,820.6,-248.49,"Decrease 1-500 sqm"
"Birmingham","Birmingham_407500_295500",407500,295500,0,19.94,19.94,"Increase 1-500 sqm"
"Birmingham","Birmingham_407750_295500",407750,295500,223.1,218.51,-4.59000000000003,"Decrease 1-500 sqm"
"Birmingham","Birmingham_408500_295500",408500,295500,309.8,309.8,0,"No change"
"Birmingham","Birmingham_411750_295500",411750,295500,5706.47,4924.95,-781.52,"Decrease > 500 sqm"
"Birmingham","Birmingham_412000_295500",412000,295500,887.54,783.44,-104.1,"Decrease 1-500 sqm"
"Birmingham","Birmingham_412500_295500",412500,295500,33.6,33.6,0,"No change"
"Birmingham","Birmingham_414500_295500",414500,295500,188,188,0,"No change"
"Birmingham","Birmingham_407000_295750",407000,295750,1077.17,724.36,-352.81,"Decrease 1-500 sqm"
"Birmingham","Birmingham_411750_295750",411750,295750,9195.86,6719.17,-2476.69,"Decrease > 500 sqm"
"Birmingham","Birmingham_412000_295750",412000,295750,8091.54,8677.48,585.94,"Increase > 500 sqm"
"Birmingham","Birmingham_412500_295750",412500,295750,1365.9,1365.9,0,"No change"
"Birmingham","Birmingham_412750_295750",412750,295750,539.21,539.21,0,"No change"
"Birmingham","Birmingham_413000_295750",413000,295750,1138.92,1138.92,0,"No change"
"Birmingham","Birmingham_413250_295750",413250,295750,2279.7,1357.4,-922.3,"Decrease > 500 sqm"
"Birmingham","Birmingham_413500_295750",413500,295750,108.1,108.1,0,"No change"
"Birmingham","Birmingham_414500_295750",414500,295750,52.2,52.2,0,"No change"
"Birmingham","Birmingham_408000_296000",408000,296000,436.78,436.78,0,"No change"
"Birmingham","Birmingham_408250_296000",408250,296000,215,215,0,"No change"
"Birmingham","Birmingham_411500_296000",411500,296000,157.47,157.47,0,"No change"
"Birmingham","Birmingham_411750_296000",411750,296000,27897.05,25816.07,-2080.98,"Decrease > 500 sqm"
"Birmingham","Birmingham_412000_296000",412000,296000,36356.18,29544.37,-6811.81,"Decrease > 500 sqm"
"Birmingham","Birmingham_412500_296000",412500,296000,434.5,487.5,53,"Increase 1-500 sqm"
"Birmingham","Birmingham_414000_296000",414000,296000,0,344,344,"Increase 1-500 sqm"
"Birmingham","Birmingham_414250_296000",414250,296000,1260.35,941.15,-319.2,"Decrease 1-500 sqm"
"Birmingham","Birmingham_408250_296250",408250,296250,1179.5,1213,33.5,"Increase 1-500 sqm"
"Birmingham","Birmingham_411250_296250",411250,296250,46.64,46.64,0,"No change"
"Birmingham","Birmingham_411500_296250",411500,296250,278.7,278.7,0,"No change"
"Birmingham","Birmingham_411750_296250",411750,296250,99.8,99.8,0,"No change"
"Birmingham","Birmingham_412000_296250",412000,296250,2187.05,2154.8,-32.25,"Decrease 1-500 sqm"
"Birmingham","Birmingham_412250_296250",412250,296250,212.6,212.6,0,"No change"
"Birmingham","Birmingham_412500_296250",412500,296250,15.9,0,-15.9,"Decrease 1-500 sqm"
"Birmingham","Birmingham_412000_296500",412000,296500,607.41,680.88,73.47,"Increase 1-500 sqm"
"Birmingham","Birmingham_413000_296500",413000,296500,0,325,325,"Increase 1-500 sqm"
"Birmingham","Birmingham_413750_296500",413750,296500,95.6,95.6,0,"No change"
"Birmingham","Birmingham_410750_297000",410750,297000,70.5,70.5,0,"No change"
"Birmingham","Birmingham_412000_297000",412000,297000,2024.3,0,-2024.3,"Decrease > 500 sqm"
"Birmingham","Birmingham_413250_297000",413250,297000,778.4,874.96,96.5600000000001,"Increase 1-500 sqm"
"Birmingham","Birmingham_413500_297000",413500,297000,52.3,52.3,0,"No change"
"Birmingham","Birmingham_413000_297500",413000,297500,33.7,33.7,0,"No change"
"Birmingham","Birmingham_410000_297750",410000,297750,284.6,0,-284.6,"Decrease 1-500 sqm"
"Birmingham","Birmingham_411500_298250",411500,298250,459.91,459.91,0,"No change"
"Birmingham","Birmingham_411750_298250",411750,298250,24.7,24.7,0,"No change"
"Birmingham","Birmingham_411500_298500",411500,298500,8692.15,7020.16,-1671.99,"Decrease > 500 sqm"
"Birmingham","Birmingham_412000_298500",412000,298500,121.7,121.7,0,"No change"
"Birmingham","Birmingham_412250_298500",412250,298500,182.2,182.2,0,"No change"
"Birmingham","Birmingham_413000_298500",413000,298500,2494.9,1206.6,-1288.3,"Decrease > 500 sqm"
"Birmingham","Birmingham_411000_298750",411000,298750,770.82,147,-623.82,"Decrease > 500 sqm"
"Birmingham","Birmingham_411500_298750",411500,298750,10051.53,10809.24,757.709999999999,"Increase > 500 sqm"
"Birmingham","Birmingham_411750_298750",411750,298750,14356.9,36563.22,22206.32,"Increase > 500 sqm"
"Birmingham","Birmingham_412000_298750",412000,298750,186.64,186.64,0,"No change"
"Birmingham","Birmingham_412250_298750",412250,298750,102.9,102.9,0,"No change"
"Birmingham","Birmingham_410250_299000",410250,299000,1748.72,1460.42,-288.3,"Decrease 1-500 sqm"
"Birmingham","Birmingham_410500_299000",410500,299000,231.03,0,-231.03,"Decrease 1-500 sqm"
"Birmingham","Birmingham_411500_299000",411500,299000,449.88,335.18,-114.7,"Decrease 1-500 sqm"
"Birmingham","Birmingham_413000_299000",413000,299000,0,353.8,353.8,"Increase 1-500 sqm"
"Birmingham","Birmingham_413500_299000",413500,299000,0,648.31,648.31,"Increase > 500 sqm"
"Birmingham","Birmingham_410750_299250",410750,299250,283.2,283.2,0,"No change"
"Birmingham","Birmingham_411250_299250",411250,299250,186.1,186.1,0,"No change"
"Birmingham","Birmingham_412000_299250",412000,299250,217.92,217.92,0,"No change"
"Birmingham","Birmingham_411250_299500",411250,299500,185.4,185.4,0,"No change"
"Birmingham","Birmingham_412750_299750",412750,299750,0,38.79,38.79,"Increase 1-500 sqm"
"Birmingham","Birmingham_410250_3e+05",410250,3e+05,921.04,786.94,-134.1,"Decrease 1-500 sqm"
"Birmingham","Birmingham_410250_300250",410250,300250,0,313.5,313.5,"Increase 1-500 sqm"
"Birmingham","Birmingham_410750_300500",410750,300500,273.7,273.7,0,"No change"
"Liverpool","Liverpool_343250_382500",343250,382500,751.68,0,-751.68,"Decrease > 500 sqm"
"Liverpool","Liverpool_342750_382750",342750,382750,312.13,312.13,0,"No change"
"Liverpool","Liverpool_343250_382750",343250,382750,347.5,347.5,0,"No change"
"Liverpool","Liverpool_343500_382750",343500,382750,526.9,526.9,0,"No change"
"Liverpool","Liverpool_344000_382750",344000,382750,1598.4,1598.4,0,"No change"
"Liverpool","Liverpool_344750_382750",344750,382750,112.02,112.02,0,"No change"
"Liverpool","Liverpool_342500_383000",342500,383000,2317.29,1998.72,-318.57,"Decrease 1-500 sqm"
"Liverpool","Liverpool_343250_383000",343250,383000,431,288.2,-142.8,"Decrease 1-500 sqm"
"Liverpool","Liverpool_344000_383000",344000,383000,0,130,130,"Increase 1-500 sqm"
"Liverpool","Liverpool_345000_383000",345000,383000,1299.23,1149.03,-150.2,"Decrease 1-500 sqm"
"Liverpool","Liverpool_344000_383250",344000,383250,27659.88,19993.68,-7666.2,"Decrease > 500 sqm"
"Liverpool","Liverpool_344750_383250",344750,383250,325.5,243.3,-82.2,"Decrease 1-500 sqm"
"Liverpool","Liverpool_340000_383500",340000,383500,2099.04,1653.61,-445.43,"Decrease 1-500 sqm"
"Liverpool","Liverpool_340500_383500",340500,383500,49.6,49.6,0,"No change"
"Liverpool","Liverpool_340750_383500",340750,383500,75,75,0,"No change"
"Liverpool","Liverpool_342000_383500",342000,383500,2957.15,5972.83,3015.68,"Increase > 500 sqm"
"Liverpool","Liverpool_343000_383500",343000,383500,808.83,247.2,-561.63,"Decrease > 500 sqm"
"Liverpool","Liverpool_345250_383500",345250,383500,83.3,83.3,0,"No change"
"Liverpool","Liverpool_340250_383750",340250,383750,382,382,0,"No change"
"Liverpool","Liverpool_340500_383750",340500,383750,25.4,450.68,425.28,"Increase 1-500 sqm"
"Liverpool","Liverpool_341250_383750",341250,383750,902.72,1021.45,118.73,"Increase 1-500 sqm"
"Liverpool","Liverpool_342500_383750",342500,383750,14898.55,14947.85,49.3000000000011,"Increase 1-500 sqm"
"Liverpool","Liverpool_342750_383750",342750,383750,0,4891.13,4891.13,"Increase > 500 sqm"
"Liverpool","Liverpool_340250_384000",340250,384000,260.5,98.7,-161.8,"Decrease 1-500 sqm"
"Liverpool","Liverpool_341250_384000",341250,384000,110.1,110.1,0,"No change"
"Liverpool","Liverpool_341500_384000",341500,384000,52792.52,44397.47,-8395.05,"Decrease > 500 sqm"
"Liverpool","Liverpool_342500_384000",342500,384000,4630.66,6515.19,1884.53,"Increase > 500 sqm"
"Liverpool","Liverpool_343000_384000",343000,384000,1182.3,1468.3,286,"Increase 1-500 sqm"
"Liverpool","Liverpool_343250_384000",343250,384000,267.28,224.4,-42.88,"Decrease 1-500 sqm"
"Liverpool","Liverpool_343500_384000",343500,384000,7466.61,5232.27,-2234.34,"Decrease > 500 sqm"
"Liverpool","Liverpool_340000_384250",340000,384250,59.53,0,-59.53,"Decrease 1-500 sqm"
"Liverpool","Liverpool_340250_384250",340250,384250,11193.36,4344.55,-6848.81,"Decrease > 500 sqm"
"Liverpool","Liverpool_340500_384250",340500,384250,4612.34,5093.44,481.099999999999,"Increase 1-500 sqm"
"Liverpool","Liverpool_341750_384250",341750,384250,218.58,0,-218.58,"Decrease 1-500 sqm"
"Liverpool","Liverpool_342000_384250",342000,384250,218.58,218.58,0,"No change"
"Liverpool","Liverpool_342250_384250",342250,384250,151.5,151.5,0,"No change"
"Liverpool","Liverpool_342500_384250",342500,384250,488,488,0,"No change"
"Liverpool","Liverpool_342750_384250",342750,384250,6115.42,6051.32,-64.1000000000004,"Decrease 1-500 sqm"
"Liverpool","Liverpool_339250_384500",339250,384500,99.6,99.6,0,"No change"
"Liverpool","Liverpool_340000_384500",340000,384500,3482.76,2835.92,-646.84,"Decrease > 500 sqm"
"Liverpool","Liverpool_340250_384500",340250,384500,3357.75,3484.18,126.43,"Increase 1-500 sqm"
"Liverpool","Liverpool_340500_384500",340500,384500,4192.96,2078.56,-2114.4,"Decrease > 500 sqm"
"Liverpool","Liverpool_342000_384500",342000,384500,648.2,401.5,-246.7,"Decrease 1-500 sqm"
"Liverpool","Liverpool_342250_384500",342250,384500,1616.3,1761.3,145,"Increase 1-500 sqm"
"Liverpool","Liverpool_339500_384750",339500,384750,403.4,358.3,-45.1,"Decrease 1-500 sqm"
"Liverpool","Liverpool_339750_384750",339750,384750,2022.7,1129.5,-893.2,"Decrease > 500 sqm"
"Liverpool","Liverpool_340250_384750",340250,384750,325.71,325.71,0,"No change"
"Liverpool","Liverpool_340500_384750",340500,384750,641.5,641.5,0,"No change"
"Liverpool","Liverpool_342250_384750",342250,384750,56201.92,25422.95,-30778.97,"Decrease > 500 sqm"
"Liverpool","Liverpool_343000_384750",343000,384750,1064.29,975.77,-88.52,"Decrease 1-500 sqm"
"Liverpool","Liverpool_339250_385000",339250,385000,813.1,907.1,94,"Increase 1-500 sqm"
"Liverpool","Liverpool_339500_385000",339500,385000,596.8,2441,1844.2,"Increase > 500 sqm"
"Liverpool","Liverpool_339750_385000",339750,385000,18.65,18.65,0,"No change"
"Liverpool","Liverpool_340000_385000",340000,385000,260.8,260.8,0,"No change"
"Liverpool","Liverpool_340500_385000",340500,385000,214.3,214.3,0,"No change"
"Liverpool","Liverpool_341000_385000",341000,385000,41.2,41.2,0,"No change"
"Liverpool","Liverpool_342750_385000",342750,385000,266,538.1,272.1,"Increase 1-500 sqm"
"Liverpool","Liverpool_343000_385000",343000,385000,1448.82,1317.52,-131.3,"Decrease 1-500 sqm"
"Liverpool","Liverpool_343250_385000",343250,385000,684.6,684.6,0,"No change"
"Liverpool","Liverpool_339500_385250",339500,385250,463.88,386.38,-77.5,"Decrease 1-500 sqm"
"Liverpool","Liverpool_339750_385250",339750,385250,136.2,136.2,0,"No change"
"Liverpool","Liverpool_343250_385250",343250,385250,198.1,198.1,0,"No change"
"Liverpool","Liverpool_338000_385500",338000,385500,251.6,251.6,0,"No change"
"Liverpool","Liverpool_338750_385500",338750,385500,113.2,113.2,0,"No change"
"Liverpool","Liverpool_339000_385500",339000,385500,949.3,1112.92,163.62,"Increase 1-500 sqm"
"Liverpool","Liverpool_340000_385500",340000,385500,671.3,668.94,-2.3599999999999,"Decrease 1-500 sqm"
"Liverpool","Liverpool_343000_385500",343000,385500,122.2,122.2,0,"No change"
"Liverpool","Liverpool_338500_385750",338500,385750,784.31,640.35,-143.96,"Decrease 1-500 sqm"
"Liverpool","Liverpool_339000_385750",339000,385750,748,748,0,"No change"
"Liverpool","Liverpool_340000_385750",340000,385750,40.2,40.2,0,"No change"
"Liverpool","Liverpool_340250_385750",340250,385750,614.15,529.25,-84.9,"Decrease 1-500 sqm"
"Liverpool","Liverpool_340500_385750",340500,385750,664.37,861.73,197.36,"Increase 1-500 sqm"
"Liverpool","Liverpool_338250_386000",338250,386000,849.94,673.2,-176.74,"Decrease 1-500 sqm"
"Liverpool","Liverpool_339250_386000",339250,386000,1342.3,1134.7,-207.6,"Decrease 1-500 sqm"
"Liverpool","Liverpool_339500_386000",339500,386000,10.8,10.8,0,"No change"
"Liverpool","Liverpool_342500_386000",342500,386000,187.5,0,-187.5,"Decrease 1-500 sqm"
"Liverpool","Liverpool_337500_386250",337500,386250,41.7,41.7,0,"No change"
"Liverpool","Liverpool_338000_386250",338000,386250,648.9,649.06,0.159999999999968,"Increase 1-500 sqm"
"Liverpool","Liverpool_339500_386250",339500,386250,1080.6,912.2,-168.4,"Decrease 1-500 sqm"
"Liverpool","Liverpool_339750_386250",339750,386250,357.3,374.8,17.5,"Increase 1-500 sqm"
"Liverpool","Liverpool_340000_386250",340000,386250,285.5,285.5,0,"No change"
"Liverpool","Liverpool_341750_386250",341750,386250,476.02,185.22,-290.8,"Decrease 1-500 sqm"
"Liverpool","Liverpool_342500_386250",342500,386250,19,19,0,"No change"
"Liverpool","Liverpool_343000_386250",343000,386250,840.6,643.9,-196.7,"Decrease 1-500 sqm"
"Liverpool","Liverpool_337750_386500",337750,386500,742.1,654.5,-87.6,"Decrease 1-500 sqm"
"Liverpool","Liverpool_338000_386500",338000,386500,1212.37,776.47,-435.9,"Decrease 1-500 sqm"
"Liverpool","Liverpool_339750_386500",339750,386500,393.5,216.8,-176.7,"Decrease 1-500 sqm"
"Liverpool","Liverpool_340000_386500",340000,386500,22713.2,7501.52,-15211.68,"Decrease > 500 sqm"
"Liverpool","Liverpool_342000_386500",342000,386500,13329.1,3319.9,-10009.2,"Decrease > 500 sqm"
"Liverpool","Liverpool_342250_386500",342250,386500,3390.36,2860.44,-529.92,"Decrease > 500 sqm"
"Liverpool","Liverpool_342500_386500",342500,386500,330.7,330.7,0,"No change"
"Liverpool","Liverpool_343250_386500",343250,386500,62.7,62.7,0,"No change"
"Liverpool","Liverpool_335750_386750",335750,386750,940.9,940.9,0,"No change"
"Liverpool","Liverpool_337500_386750",337500,386750,671.96,606.96,-65,"Decrease 1-500 sqm"
"Liverpool","Liverpool_337750_386750",337750,386750,1431.4,885.7,-545.7,"Decrease > 500 sqm"
"Liverpool","Liverpool_338000_386750",338000,386750,328.3,510.52,182.22,"Increase 1-500 sqm"
"Liverpool","Liverpool_341500_386750",341500,386750,0,20.65,20.65,"Increase 1-500 sqm"
"Liverpool","Liverpool_341750_386750",341750,386750,476,476,0,"No change"
"Liverpool","Liverpool_342000_386750",342000,386750,90.3,0,-90.3,"Decrease 1-500 sqm"
"Liverpool","Liverpool_342250_386750",342250,386750,13950.47,13124.6,-825.870000000001,"Decrease > 500 sqm"
"Liverpool","Liverpool_342750_386750",342750,386750,498.7,498.7,0,"No change"
"Liverpool","Liverpool_337000_387000",337000,387000,4790.02,3610.03,-1179.99,"Decrease > 500 sqm"
"Liverpool","Liverpool_339750_387000",339750,387000,269.9,228.9,-41,"Decrease 1-500 sqm"
"Liverpool","Liverpool_341750_387000",341750,387000,155.5,155.5,0,"No change"
"Liverpool","Liverpool_335000_387250",335000,387250,79.2,0,-79.2,"Decrease 1-500 sqm"
"Liverpool","Liverpool_335250_387250",335250,387250,1389.53,1476.53,87,"Increase 1-500 sqm"
"Liverpool","Liverpool_335500_387250",335500,387250,1686.77,1782.49,95.72,"Increase 1-500 sqm"
"Liverpool","Liverpool_335750_387250",335750,387250,121,121,0,"No change"
"Liverpool","Liverpool_336250_387250",336250,387250,172.2,172.2,0,"No change"
"Liverpool","Liverpool_336500_387250",336500,387250,1869.06,1425.2,-443.86,"Decrease 1-500 sqm"
"Liverpool","Liverpool_336750_387250",336750,387250,3006.7,2670.63,-336.07,"Decrease 1-500 sqm"
"Liverpool","Liverpool_337000_387250",337000,387250,1424.13,1663.92,239.79,"Increase 1-500 sqm"
"Liverpool","Liverpool_339000_387250",339000,387250,1579.89,1473.01,-106.88,"Decrease 1-500 sqm"
"Liverpool","Liverpool_339250_387250",339250,387250,3504.24,1982.85,-1521.39,"Decrease > 500 sqm"
"Liverpool","Liverpool_335250_387500",335250,387500,872.77,1593.63,720.86,"Increase > 500 sqm"
"Liverpool","Liverpool_335500_387500",335500,387500,32.61,32.61,0,"No change"
"Liverpool","Liverpool_335750_387500",335750,387500,970,771.1,-198.9,"Decrease 1-500 sqm"
"Liverpool","Liverpool_336000_387500",336000,387500,48.6,0,-48.6,"Decrease 1-500 sqm"
"Liverpool","Liverpool_336250_387500",336250,387500,82.1,82.1,0,"No change"
"Liverpool","Liverpool_336500_387500",336500,387500,666.5,375,-291.5,"Decrease 1-500 sqm"
"Liverpool","Liverpool_337000_387500",337000,387500,2737.3,2816.16,78.8599999999997,"Increase 1-500 sqm"
"Liverpool","Liverpool_337250_387500",337250,387500,1607.69,1977.1,369.41,"Increase 1-500 sqm"
"Liverpool","Liverpool_339250_387500",339250,387500,50.1,50.1,0,"No change"
"Liverpool","Liverpool_339500_387500",339500,387500,166.6,166.6,0,"No change"
"Liverpool","Liverpool_340500_387500",340500,387500,59.76,59.76,0,"No change"
"Liverpool","Liverpool_342250_387500",342250,387500,3125.3,0,-3125.3,"Decrease > 500 sqm"
"Liverpool","Liverpool_342500_387500",342500,387500,1169.1,355.8,-813.3,"Decrease > 500 sqm"
"Liverpool","Liverpool_342750_387500",342750,387500,192.4,192.4,0,"No change"
"Liverpool","Liverpool_345000_387500",345000,387500,532.6,331.2,-201.4,"Decrease 1-500 sqm"
"Liverpool","Liverpool_335000_387750",335000,387750,6716.36,4386.49,-2329.87,"Decrease > 500 sqm"
"Liverpool","Liverpool_335250_387750",335250,387750,59.1,59.1,0,"No change"
"Liverpool","Liverpool_335500_387750",335500,387750,113.62,113.62,0,"No change"
"Liverpool","Liverpool_335750_387750",335750,387750,30356.59,13016.61,-17339.98,"Decrease > 500 sqm"
"Liverpool","Liverpool_336000_387750",336000,387750,828.48,734.38,-94.1,"Decrease 1-500 sqm"
"Liverpool","Liverpool_339250_387750",339250,387750,387.2,493.03,105.83,"Increase 1-500 sqm"
"Liverpool","Liverpool_339500_387750",339500,387750,1516.9,1525.07,8.17000000000007,"Increase 1-500 sqm"
"Liverpool","Liverpool_339750_387750",339750,387750,1061.58,1329.37,267.79,"Increase 1-500 sqm"
"Liverpool","Liverpool_342500_387750",342500,387750,844.11,597.21,-246.9,"Decrease 1-500 sqm"
"Liverpool","Liverpool_343000_387750",343000,387750,814.8,314.7,-500.1,"Decrease > 500 sqm"
"Liverpool","Liverpool_334750_388000",334750,388000,2174.07,2434.1,260.03,"Increase 1-500 sqm"
"Liverpool","Liverpool_335500_388000",335500,388000,277.6,277.6,0,"No change"
"Liverpool","Liverpool_335750_388000",335750,388000,7340.16,1207.26,-6132.9,"Decrease > 500 sqm"
"Liverpool","Liverpool_336000_388000",336000,388000,457.24,139.8,-317.44,"Decrease 1-500 sqm"
"Liverpool","Liverpool_338750_388000",338750,388000,1416.53,1178.33,-238.2,"Decrease 1-500 sqm"
"Liverpool","Liverpool_339500_388000",339500,388000,8845.89,8655.07,-190.82,"Decrease 1-500 sqm"
"Liverpool","Liverpool_339750_388000",339750,388000,192.9,113.8,-79.1,"Decrease 1-500 sqm"
"Liverpool","Liverpool_344000_388000",344000,388000,582.3,581.6,-0.699999999999932,"Decrease 1-500 sqm"
"Liverpool","Liverpool_334750_388250",334750,388250,1494.55,199.75,-1294.8,"Decrease > 500 sqm"
"Liverpool","Liverpool_335500_388250",335500,388250,228.6,228.6,0,"No change"
"Liverpool","Liverpool_335750_388250",335750,388250,35.5,0,-35.5,"Decrease 1-500 sqm"
"Liverpool","Liverpool_336000_388250",336000,388250,1178.09,1182.37,4.2800000000002,"Increase 1-500 sqm"
"Liverpool","Liverpool_336250_388250",336250,388250,312.93,250.51,-62.42,"Decrease 1-500 sqm"
"Liverpool","Liverpool_338250_388250",338250,388250,381.2,540.5,159.3,"Increase 1-500 sqm"
"Liverpool","Liverpool_338500_388250",338500,388250,3070.3,2417.03,-653.27,"Decrease > 500 sqm"
"Liverpool","Liverpool_338750_388250",338750,388250,2064.3,2064.3,0,"No change"
"Liverpool","Liverpool_339000_388250",339000,388250,5989.21,5861.58,-127.63,"Decrease 1-500 sqm"
"Liverpool","Liverpool_339250_388250",339250,388250,12674.82,7754.91,-4919.91,"Decrease > 500 sqm"
"Liverpool","Liverpool_342750_388250",342750,388250,6939,13879,6940,"Increase > 500 sqm"
"Liverpool","Liverpool_343000_388250",343000,388250,648.05,646.45,-1.59999999999991,"Decrease 1-500 sqm"
"Liverpool","Liverpool_343250_388250",343250,388250,112.6,2365.7,2253.1,"Increase > 500 sqm"
"Liverpool","Liverpool_334500_388500",334500,388500,0,470,470,"Increase 1-500 sqm"
"Liverpool","Liverpool_335000_388500",335000,388500,282.17,201.77,-80.4,"Decrease 1-500 sqm"
"Liverpool","Liverpool_335250_388500",335250,388500,1468.34,685.4,-782.94,"Decrease > 500 sqm"
"Liverpool","Liverpool_335500_388500",335500,388500,57.2,57.2,0,"No change"
"Liverpool","Liverpool_335750_388500",335750,388500,963.52,1005.62,42.1,"Increase 1-500 sqm"
"Liverpool","Liverpool_337000_388500",337000,388500,69.5,69.5,0,"No change"
"Liverpool","Liverpool_338000_388500",338000,388500,22549.01,14889.07,-7659.94,"Decrease > 500 sqm"
"Liverpool","Liverpool_338250_388500",338250,388500,3579.48,2320.69,-1258.79,"Decrease > 500 sqm"
"Liverpool","Liverpool_338500_388500",338500,388500,1546.19,1258.35,-287.84,"Decrease 1-500 sqm"
"Liverpool","Liverpool_338750_388500",338750,388500,1569.6,1569.6,0,"No change"
"Liverpool","Liverpool_339000_388500",339000,388500,6746.74,4040.91,-2705.83,"Decrease > 500 sqm"
"Liverpool","Liverpool_340000_388500",340000,388500,662.4,557.4,-105,"Decrease 1-500 sqm"
"Liverpool","Liverpool_340250_388500",340250,388500,1088.9,729.2,-359.7,"Decrease 1-500 sqm"
"Liverpool","Liverpool_342000_388500",342000,388500,4931.21,2378.83,-2552.38,"Decrease > 500 sqm"
"Liverpool","Liverpool_342750_388500",342750,388500,25268.04,22458.23,-2809.81,"Decrease > 500 sqm"
"Liverpool","Liverpool_343000_388500",343000,388500,282.3,282.3,0,"No change"
"Liverpool","Liverpool_344000_388500",344000,388500,1877.64,796.4,-1081.24,"Decrease > 500 sqm"
"Liverpool","Liverpool_334500_388750",334500,388750,5668.1,5730.1,62,"Increase 1-500 sqm"
"Liverpool","Liverpool_334750_388750",334750,388750,3004.77,3029.96,25.1900000000001,"Increase 1-500 sqm"
"Liverpool","Liverpool_335000_388750",335000,388750,4294.08,4412.48,118.400000000001,"Increase 1-500 sqm"
"Liverpool","Liverpool_335250_388750",335250,388750,403.1,0,-403.1,"Decrease 1-500 sqm"
"Liverpool","Liverpool_336250_388750",336250,388750,540.87,520.77,-20.1,"Decrease 1-500 sqm"
"Liverpool","Liverpool_336750_388750",336750,388750,1139.48,1071.08,-68.4000000000001,"Decrease 1-500 sqm"
"Liverpool","Liverpool_337000_388750",337000,388750,1225.09,266.31,-958.78,"Decrease > 500 sqm"
"Liverpool","Liverpool_337750_388750",337750,388750,969.2,611.25,-357.95,"Decrease 1-500 sqm"
"Liverpool","Liverpool_339500_388750",339500,388750,2039.8,1302.4,-737.4,"Decrease > 500 sqm"
"Liverpool","Liverpool_340250_388750",340250,388750,167.3,167.3,0,"No change"
"Liverpool","Liverpool_340500_388750",340500,388750,398.5,313.5,-85,"Decrease 1-500 sqm"
"Liverpool","Liverpool_340750_388750",340750,388750,1538.49,1210.89,-327.6,"Decrease 1-500 sqm"
"Liverpool","Liverpool_342500_388750",342500,388750,7,0,-7,"Decrease 1-500 sqm"
"Liverpool","Liverpool_343250_388750",343250,388750,290.6,193.3,-97.3,"Decrease 1-500 sqm"
"Liverpool","Liverpool_334500_389000",334500,389000,769.2,329.66,-439.54,"Decrease 1-500 sqm"
"Liverpool","Liverpool_334750_389000",334750,389000,3953.52,862.62,-3090.9,"Decrease > 500 sqm"
"Liverpool","Liverpool_335000_389000",335000,389000,1134.85,611.91,-522.94,"Decrease > 500 sqm"
"Liverpool","Liverpool_335250_389000",335250,389000,366.01,366.01,0,"No change"
"Liverpool","Liverpool_335500_389000",335500,389000,729.8,648.8,-81,"Decrease 1-500 sqm"
"Liverpool","Liverpool_335750_389000",335750,389000,480.69,480.69,0,"No change"
"Liverpool","Liverpool_336000_389000",336000,389000,26.9,26.9,0,"No change"
"Liverpool","Liverpool_336250_389000",336250,389000,1439.47,927.15,-512.32,"Decrease > 500 sqm"
"Liverpool","Liverpool_336500_389000",336500,389000,37.3,37.3,0,"No change"
"Liverpool","Liverpool_336750_389000",336750,389000,4031.75,4092.55,60.8000000000002,"Increase 1-500 sqm"
"Liverpool","Liverpool_337250_389000",337250,389000,672.69,566.48,-106.21,"Decrease 1-500 sqm"
"Liverpool","Liverpool_337500_389000",337500,389000,1577.99,929.43,-648.56,"Decrease > 500 sqm"
"Liverpool","Liverpool_337750_389000",337750,389000,2327.53,1695.4,-632.13,"Decrease > 500 sqm"
"Liverpool","Liverpool_338000_389000",338000,389000,817.5,540.6,-276.9,"Decrease 1-500 sqm"
"Liverpool","Liverpool_338250_389000",338250,389000,7185.9,41.8,-7144.1,"Decrease > 500 sqm"
"Liverpool","Liverpool_339250_389000",339250,389000,0,63.6,63.6,"Increase 1-500 sqm"
"Liverpool","Liverpool_339500_389000",339500,389000,46.6,46.6,0,"No change"
"Liverpool","Liverpool_340250_389000",340250,389000,623.6,659.6,36,"Increase 1-500 sqm"
"Liverpool","Liverpool_340500_389000",340500,389000,388.23,314.03,-74.2,"Decrease 1-500 sqm"
"Liverpool","Liverpool_340750_389000",340750,389000,326.6,366.4,39.8,"Increase 1-500 sqm"
"Liverpool","Liverpool_341000_389000",341000,389000,420.7,210.5,-210.2,"Decrease 1-500 sqm"
"Liverpool","Liverpool_342000_389000",342000,389000,616.5,453.4,-163.1,"Decrease 1-500 sqm"
"Liverpool","Liverpool_342500_389000",342500,389000,0,70.3,70.3,"Increase 1-500 sqm"
"Liverpool","Liverpool_334250_389250",334250,389250,405.9,405.9,0,"No change"
"Liverpool","Liverpool_334500_389250",334500,389250,5834.98,5026.41,-808.57,"Decrease > 500 sqm"
"Liverpool","Liverpool_334750_389250",334750,389250,2649.71,2105.25,-544.46,"Decrease > 500 sqm"
"Liverpool","Liverpool_335500_389250",335500,389250,41.7,41.7,0,"No change"
"Liverpool","Liverpool_336000_389250",336000,389250,122.9,122.9,0,"No change"
"Liverpool","Liverpool_336500_389250",336500,389250,488.81,321.45,-167.36,"Decrease 1-500 sqm"
"Liverpool","Liverpool_336750_389250",336750,389250,982.92,3141.04,2158.12,"Increase > 500 sqm"
"Liverpool","Liverpool_337000_389250",337000,389250,1900.01,1986.54,86.53,"Increase 1-500 sqm"
"Liverpool","Liverpool_337250_389250",337250,389250,1592.8,1212.33,-380.47,"Decrease 1-500 sqm"
"Liverpool","Liverpool_337500_389250",337500,389250,901.02,1206.03,305.01,"Increase 1-500 sqm"
"Liverpool","Liverpool_337750_389250",337750,389250,3397.03,2985.77,-411.26,"Decrease 1-500 sqm"
"Liverpool","Liverpool_338000_389250",338000,389250,657.6,552.58,-105.02,"Decrease 1-500 sqm"
"Liverpool","Liverpool_338250_389250",338250,389250,2230.28,1862.18,-368.1,"Decrease 1-500 sqm"
"Liverpool","Liverpool_339000_389250",339000,389250,1930.63,1639.43,-291.2,"Decrease 1-500 sqm"
"Liverpool","Liverpool_339250_389250",339250,389250,4320.2,2160.1,-2160.1,"Decrease > 500 sqm"
"Liverpool","Liverpool_340250_389250",340250,389250,1750.07,1785.98,35.9100000000001,"Increase 1-500 sqm"
"Liverpool","Liverpool_340500_389250",340500,389250,793.7,788.9,-4.80000000000007,"Decrease 1-500 sqm"
"Liverpool","Liverpool_342000_389250",342000,389250,72.2,0,-72.2,"Decrease 1-500 sqm"
"Liverpool","Liverpool_334000_389500",334000,389500,8924.79,5310.08,-3614.71,"Decrease > 500 sqm"
"Liverpool","Liverpool_334250_389500",334250,389500,0,414.37,414.37,"Increase 1-500 sqm"
"Liverpool","Liverpool_334500_389500",334500,389500,417.87,291.22,-126.65,"Decrease 1-500 sqm"
"Liverpool","Liverpool_334750_389500",334750,389500,1329.7,1329.7,0,"No change"
"Liverpool","Liverpool_335000_389500",335000,389500,5165.57,5775.33,609.76,"Increase > 500 sqm"
"Liverpool","Liverpool_335250_389500",335250,389500,570,321.05,-248.95,"Decrease 1-500 sqm"
"Liverpool","Liverpool_335500_389500",335500,389500,2447.63,1944.43,-503.2,"Decrease > 500 sqm"
"Liverpool","Liverpool_335750_389500",335750,389500,1575.49,2095.62,520.13,"Increase > 500 sqm"
"Liverpool","Liverpool_336000_389500",336000,389500,0,87.9,87.9,"Increase 1-500 sqm"
"Liverpool","Liverpool_336750_389500",336750,389500,957.49,957.49,0,"No change"
"Liverpool","Liverpool_337000_389500",337000,389500,65.7,65.7,0,"No change"
"Liverpool","Liverpool_337250_389500",337250,389500,53.7,53.7,0,"No change"
"Liverpool","Liverpool_337500_389500",337500,389500,22.2,22.2,0,"No change"
"Liverpool","Liverpool_337750_389500",337750,389500,554.06,424.76,-129.3,"Decrease 1-500 sqm"
"Liverpool","Liverpool_338000_389500",338000,389500,424.4,384.7,-39.7,"Decrease 1-500 sqm"
"Liverpool","Liverpool_338250_389500",338250,389500,3196.3,2292.9,-903.4,"Decrease > 500 sqm"
"Liverpool","Liverpool_338500_389500",338500,389500,4686.96,4420.01,-266.95,"Decrease 1-500 sqm"
"Liverpool","Liverpool_338750_389500",338750,389500,6863.4,3834.3,-3029.1,"Decrease > 500 sqm"
"Liverpool","Liverpool_339000_389500",339000,389500,194.1,194.1,0,"No change"
"Liverpool","Liverpool_341000_389500",341000,389500,749.85,833.66,83.8099999999999,"Increase 1-500 sqm"
"Liverpool","Liverpool_342000_389500",342000,389500,82.1,1942.28,1860.18,"Increase > 500 sqm"
"Liverpool","Liverpool_334000_389750",334000,389750,864.5,2042.6,1178.1,"Increase > 500 sqm"
"Liverpool","Liverpool_334250_389750",334250,389750,3994.76,2321.61,-1673.15,"Decrease > 500 sqm"
"Liverpool","Liverpool_334500_389750",334500,389750,4797.46,4712.4,-85.0600000000004,"Decrease 1-500 sqm"
"Liverpool","Liverpool_334750_389750",334750,389750,7936.09,6296.32,-1639.77,"Decrease > 500 sqm"
"Liverpool","Liverpool_335000_389750",335000,389750,13078.06,11527.37,-1550.69,"Decrease > 500 sqm"
"Liverpool","Liverpool_335250_389750",335250,389750,6683.83,4303.67,-2380.16,"Decrease > 500 sqm"
"Liverpool","Liverpool_335500_389750",335500,389750,2352.77,2237.44,-115.33,"Decrease 1-500 sqm"
"Liverpool","Liverpool_335750_389750",335750,389750,1816.47,1662.72,-153.75,"Decrease 1-500 sqm"
"Liverpool","Liverpool_336000_389750",336000,389750,300.86,300.86,0,"No change"
"Liverpool","Liverpool_337000_389750",337000,389750,652.6,652.6,0,"No change"
"Liverpool","Liverpool_337750_389750",337750,389750,1445.54,367.1,-1078.44,"Decrease > 500 sqm"
"Liverpool","Liverpool_338000_389750",338000,389750,481.53,165.8,-315.73,"Decrease 1-500 sqm"
"Liverpool","Liverpool_340000_389750",340000,389750,321.3,175.9,-145.4,"Decrease 1-500 sqm"
"Liverpool","Liverpool_340750_389750",340750,389750,247.9,261.7,13.8,"Increase 1-500 sqm"
"Liverpool","Liverpool_341250_389750",341250,389750,93.5,149.05,55.55,"Increase 1-500 sqm"
"Liverpool","Liverpool_333750_390000",333750,390000,3776.46,2763.06,-1013.4,"Decrease > 500 sqm"
"Liverpool","Liverpool_334000_390000",334000,390000,1177.79,1449.37,271.58,"Increase 1-500 sqm"
"Liverpool","Liverpool_334250_390000",334250,390000,80736.67,70892.67,-9844,"Decrease > 500 sqm"
"Liverpool","Liverpool_334500_390000",334500,390000,92813.07,59354.17,-33458.9,"Decrease > 500 sqm"
"Liverpool","Liverpool_334750_390000",334750,390000,63603.7,50062.05,-13541.65,"Decrease > 500 sqm"
"Liverpool","Liverpool_335000_390000",335000,390000,61280.09,21497.48,-39782.61,"Decrease > 500 sqm"
"Liverpool","Liverpool_335250_390000",335250,390000,3036.41,2399.26,-637.15,"Decrease > 500 sqm"
"Liverpool","Liverpool_335500_390000",335500,390000,262.3,148.6,-113.7,"Decrease 1-500 sqm"
"Liverpool","Liverpool_335750_390000",335750,390000,879.51,879.51,0,"No change"
"Liverpool","Liverpool_336500_390000",336500,390000,19441.54,11571.02,-7870.52,"Decrease > 500 sqm"
"Liverpool","Liverpool_336750_390000",336750,390000,3656.44,214.48,-3441.96,"Decrease > 500 sqm"
"Liverpool","Liverpool_337000_390000",337000,390000,760.44,1176.01,415.57,"Increase 1-500 sqm"
"Liverpool","Liverpool_338500_390000",338500,390000,1104.2,526.7,-577.5,"Decrease > 500 sqm"
"Liverpool","Liverpool_339500_390000",339500,390000,662.7,536.3,-126.4,"Decrease 1-500 sqm"
"Liverpool","Liverpool_340000_390000",340000,390000,164.33,26.4,-137.93,"Decrease 1-500 sqm"
"Liverpool","Liverpool_340250_390000",340250,390000,607.56,469.63,-137.93,"Decrease 1-500 sqm"
"Liverpool","Liverpool_341250_390000",341250,390000,180,181.7,1.69999999999999,"Increase 1-500 sqm"
"Liverpool","Liverpool_333750_390250",333750,390250,4311.92,3826.04,-485.88,"Decrease 1-500 sqm"
"Liverpool","Liverpool_334000_390250",334000,390250,27725.26,22369.59,-5355.67,"Decrease > 500 sqm"
"Liverpool","Liverpool_334250_390250",334250,390250,31190.15,24409.5,-6780.65,"Decrease > 500 sqm"
"Liverpool","Liverpool_334500_390250",334500,390250,139772.5,74128.13,-65644.37,"Decrease > 500 sqm"
"Liverpool","Liverpool_334750_390250",334750,390250,163200.05,56690.07,-106509.98,"Decrease > 500 sqm"
"Liverpool","Liverpool_335000_390250",335000,390250,8552.63,4830.98,-3721.65,"Decrease > 500 sqm"
"Liverpool","Liverpool_335500_390250",335500,390250,1163.4,750.34,-413.06,"Decrease 1-500 sqm"
"Liverpool","Liverpool_335750_390250",335750,390250,7204.54,837.5,-6367.04,"Decrease > 500 sqm"
"Liverpool","Liverpool_336000_390250",336000,390250,145.5,145.5,0,"No change"
"Liverpool","Liverpool_336500_390250",336500,390250,13533.94,9862.62,-3671.32,"Decrease > 500 sqm"
"Liverpool","Liverpool_337000_390250",337000,390250,253.7,144.3,-109.4,"Decrease 1-500 sqm"
"Liverpool","Liverpool_337500_390250",337500,390250,697.12,1684.4,987.28,"Increase > 500 sqm"
"Liverpool","Liverpool_338000_390250",338000,390250,393.7,308.6,-85.1,"Decrease 1-500 sqm"
"Liverpool","Liverpool_338750_390250",338750,390250,952.78,170.6,-782.18,"Decrease > 500 sqm"
"Liverpool","Liverpool_339000_390250",339000,390250,122,122,0,"No change"
"Liverpool","Liverpool_339250_390250",339250,390250,818.8,675.7,-143.1,"Decrease 1-500 sqm"
"Liverpool","Liverpool_340000_390250",340000,390250,4066.1,1926.39,-2139.71,"Decrease > 500 sqm"
"Liverpool","Liverpool_340250_390250",340250,390250,337.3,268.2,-69.1,"Decrease 1-500 sqm"
"Liverpool","Liverpool_340500_390250",340500,390250,1599.8,233.31,-1366.49,"Decrease > 500 sqm"
"Liverpool","Liverpool_341000_390250",341000,390250,102,102,0,"No change"
"Liverpool","Liverpool_341250_390250",341250,390250,57.9,57.9,0,"No change"
"Liverpool","Liverpool_333500_390500",333500,390500,73.3,355.91,282.61,"Increase 1-500 sqm"
"Liverpool","Liverpool_333750_390500",333750,390500,1070.68,762.17,-308.51,"Decrease 1-500 sqm"
"Liverpool","Liverpool_334000_390500",334000,390500,13638.56,10932.41,-2706.15,"Decrease > 500 sqm"
"Liverpool","Liverpool_334250_390500",334250,390500,11653.54,8169.36,-3484.18,"Decrease > 500 sqm"
"Liverpool","Liverpool_334500_390500",334500,390500,7366.4,6513.48,-852.919999999999,"Decrease > 500 sqm"
"Liverpool","Liverpool_334750_390500",334750,390500,2048.03,1721.53,-326.5,"Decrease 1-500 sqm"
"Liverpool","Liverpool_335000_390500",335000,390500,31256.72,51204.03,19947.31,"Increase > 500 sqm"
"Liverpool","Liverpool_335250_390500",335250,390500,7133.74,3200.83,-3932.91,"Decrease > 500 sqm"
"Liverpool","Liverpool_335500_390500",335500,390500,3392.4,2738.62,-653.78,"Decrease > 500 sqm"
"Liverpool","Liverpool_336250_390500",336250,390500,80.4,48.6,-31.8,"Decrease 1-500 sqm"
"Liverpool","Liverpool_336750_390500",336750,390500,1929.91,147.99,-1781.92,"Decrease > 500 sqm"
"Liverpool","Liverpool_337000_390500",337000,390500,1421.25,1176.71,-244.54,"Decrease 1-500 sqm"
"Liverpool","Liverpool_337250_390500",337250,390500,42.4,42.4,0,"No change"
"Liverpool","Liverpool_337750_390500",337750,390500,490.9,976.2,485.3,"Increase 1-500 sqm"
"Liverpool","Liverpool_338000_390500",338000,390500,3661.85,8191.42,4529.57,"Increase > 500 sqm"
"Liverpool","Liverpool_338250_390500",338250,390500,504.4,4307.82,3803.42,"Increase > 500 sqm"
"Liverpool","Liverpool_338500_390500",338500,390500,5647.04,17134.64,11487.6,"Increase > 500 sqm"
"Liverpool","Liverpool_338750_390500",338750,390500,1307.4,169.5,-1137.9,"Decrease > 500 sqm"
"Liverpool","Liverpool_339000_390500",339000,390500,6880.2,9758.93,2878.73,"Increase > 500 sqm"
"Liverpool","Liverpool_339250_390500",339250,390500,1472.3,1595,122.7,"Increase 1-500 sqm"
"Liverpool","Liverpool_339750_390500",339750,390500,244.02,240.4,-3.62,"Decrease 1-500 sqm"
"Liverpool","Liverpool_340000_390500",340000,390500,41.8,83.6,41.8,"Increase 1-500 sqm"
"Liverpool","Liverpool_333500_390750",333500,390750,1180.42,1530.62,350.2,"Increase 1-500 sqm"
"Liverpool","Liverpool_333750_390750",333750,390750,2449.11,661.44,-1787.67,"Decrease > 500 sqm"
"Liverpool","Liverpool_334000_390750",334000,390750,2779.54,1735.87,-1043.67,"Decrease > 500 sqm"
"Liverpool","Liverpool_334250_390750",334250,390750,9780.54,8778.16,-1002.38,"Decrease > 500 sqm"
"Liverpool","Liverpool_334500_390750",334500,390750,545.54,728.45,182.91,"Increase 1-500 sqm"
"Liverpool","Liverpool_334750_390750",334750,390750,600.62,369.33,-231.29,"Decrease 1-500 sqm"
"Liverpool","Liverpool_335000_390750",335000,390750,1709.49,1115.11,-594.38,"Decrease > 500 sqm"
"Liverpool","Liverpool_335250_390750",335250,390750,15240.58,18847.61,3607.03,"Increase > 500 sqm"
"Liverpool","Liverpool_335500_390750",335500,390750,8671.95,8411.17,-260.779999999999,"Decrease 1-500 sqm"
"Liverpool","Liverpool_335750_390750",335750,390750,2433.97,1733.12,-700.85,"Decrease > 500 sqm"
"Liverpool","Liverpool_336000_390750",336000,390750,3659.12,563.97,-3095.15,"Decrease > 500 sqm"
"Liverpool","Liverpool_336250_390750",336250,390750,1146.04,939.99,-206.05,"Decrease 1-500 sqm"
"Liverpool","Liverpool_336500_390750",336500,390750,1393.6,412.5,-981.1,"Decrease > 500 sqm"
"Liverpool","Liverpool_336750_390750",336750,390750,529.9,408.6,-121.3,"Decrease 1-500 sqm"
"Liverpool","Liverpool_337000_390750",337000,390750,4148.28,3137.83,-1010.45,"Decrease > 500 sqm"
"Liverpool","Liverpool_338000_390750",338000,390750,634.8,634.8,0,"No change"
"Liverpool","Liverpool_338250_390750",338250,390750,2411.76,1194.55,-1217.21,"Decrease > 500 sqm"
"Liverpool","Liverpool_338500_390750",338500,390750,7904.06,2713.8,-5190.26,"Decrease > 500 sqm"
"Liverpool","Liverpool_338750_390750",338750,390750,271.88,271.88,0,"No change"
"Liverpool","Liverpool_339250_390750",339250,390750,5137.1,0,-5137.1,"Decrease > 500 sqm"
"Liverpool","Liverpool_339500_390750",339500,390750,82.1,82.1,0,"No change"
"Liverpool","Liverpool_333500_391000",333500,391000,2390.05,2451.44,61.3899999999999,"Increase 1-500 sqm"
"Liverpool","Liverpool_333750_391000",333750,391000,1939.25,2082.28,143.03,"Increase 1-500 sqm"
"Liverpool","Liverpool_334000_391000",334000,391000,734.39,0,-734.39,"Decrease > 500 sqm"
"Liverpool","Liverpool_334250_391000",334250,391000,558.14,345.24,-212.9,"Decrease 1-500 sqm"
"Liverpool","Liverpool_334500_391000",334500,391000,62.8,62.8,0,"No change"
"Liverpool","Liverpool_335000_391000",335000,391000,3328.78,4610.86,1282.08,"Increase > 500 sqm"
"Liverpool","Liverpool_335500_391000",335500,391000,1675.79,0,-1675.79,"Decrease > 500 sqm"
"Liverpool","Liverpool_335750_391000",335750,391000,931.4,931.4,0,"No change"
"Liverpool","Liverpool_336250_391000",336250,391000,493.24,1422.24,929,"Increase > 500 sqm"
"Liverpool","Liverpool_336750_391000",336750,391000,2553.11,2337.77,-215.34,"Decrease 1-500 sqm"
"Liverpool","Liverpool_337000_391000",337000,391000,2906.74,2632.31,-274.43,"Decrease 1-500 sqm"
"Liverpool","Liverpool_337250_391000",337250,391000,4640.92,3248.41,-1392.51,"Decrease > 500 sqm"
"Liverpool","Liverpool_337500_391000",337500,391000,4295,3171.03,-1123.97,"Decrease > 500 sqm"
"Liverpool","Liverpool_337750_391000",337750,391000,3926.48,2806.42,-1120.06,"Decrease > 500 sqm"
"Liverpool","Liverpool_338000_391000",338000,391000,142,142,0,"No change"
"Liverpool","Liverpool_338500_391000",338500,391000,265.35,0,-265.35,"Decrease 1-500 sqm"
"Liverpool","Liverpool_338750_391000",338750,391000,18.8,18.8,0,"No change"
"Liverpool","Liverpool_339000_391000",339000,391000,13975.65,13972.98,-2.67000000000189,"Decrease 1-500 sqm"
"Liverpool","Liverpool_339250_391000",339250,391000,9513.09,9030.41,-482.68,"Decrease 1-500 sqm"
"Liverpool","Liverpool_339500_391000",339500,391000,9081.88,7712.08,-1369.8,"Decrease > 500 sqm"
"Liverpool","Liverpool_339750_391000",339750,391000,357.2,357.2,0,"No change"
"Liverpool","Liverpool_340750_391000",340750,391000,305.4,189.3,-116.1,"Decrease 1-500 sqm"
"Liverpool","Liverpool_342000_391000",342000,391000,652.08,695.38,43.3,"Increase 1-500 sqm"
"Liverpool","Liverpool_334000_391250",334000,391250,1162.83,1133.13,-29.7,"Decrease 1-500 sqm"
"Liverpool","Liverpool_334250_391250",334250,391250,2471.58,1955.47,-516.11,"Decrease > 500 sqm"
"Liverpool","Liverpool_334750_391250",334750,391250,86.7,0,-86.7,"Decrease 1-500 sqm"
"Liverpool","Liverpool_335000_391250",335000,391250,379,0,-379,"Decrease 1-500 sqm"
"Liverpool","Liverpool_335250_391250",335250,391250,707.78,218,-489.78,"Decrease 1-500 sqm"
"Liverpool","Liverpool_335750_391250",335750,391250,98.08,81.2,-16.88,"Decrease 1-500 sqm"
"Liverpool","Liverpool_336000_391250",336000,391250,948.6,912.7,-35.9,"Decrease 1-500 sqm"
"Liverpool","Liverpool_336250_391250",336250,391250,301.4,301.4,0,"No change"
"Liverpool","Liverpool_336500_391250",336500,391250,315.76,105.92,-209.84,"Decrease 1-500 sqm"
"Liverpool","Liverpool_336750_391250",336750,391250,1455.04,1009.05,-445.99,"Decrease 1-500 sqm"
"Liverpool","Liverpool_337000_391250",337000,391250,365.7,267.4,-98.3,"Decrease 1-500 sqm"
"Liverpool","Liverpool_337500_391250",337500,391250,0,48.7,48.7,"Increase 1-500 sqm"
"Liverpool","Liverpool_338500_391250",338500,391250,3935.05,3538.73,-396.32,"Decrease 1-500 sqm"
"Liverpool","Liverpool_338750_391250",338750,391250,4202.6,2867.86,-1334.74,"Decrease > 500 sqm"
"Liverpool","Liverpool_339000_391250",339000,391250,3096.56,2333.33,-763.23,"Decrease > 500 sqm"
"Liverpool","Liverpool_339250_391250",339250,391250,1580,1558.8,-21.2,"Decrease 1-500 sqm"
"Liverpool","Liverpool_339500_391250",339500,391250,6144.68,4257.81,-1886.87,"Decrease > 500 sqm"
"Liverpool","Liverpool_340000_391250",340000,391250,1306.3,999.8,-306.5,"Decrease 1-500 sqm"
"Liverpool","Liverpool_340250_391250",340250,391250,14282.8,14173.8,-109,"Decrease 1-500 sqm"
"Liverpool","Liverpool_333500_391500",333500,391500,20856.52,1435.27,-19421.25,"Decrease > 500 sqm"
"Liverpool","Liverpool_333750_391500",333750,391500,3152.3,2271.3,-881,"Decrease > 500 sqm"
"Liverpool","Liverpool_334000_391500",334000,391500,427.3,686.34,259.04,"Increase 1-500 sqm"
"Liverpool","Liverpool_334250_391500",334250,391500,255.75,265.75,10,"Increase 1-500 sqm"
"Liverpool","Liverpool_334500_391500",334500,391500,165.55,0,-165.55,"Decrease 1-500 sqm"
"Liverpool","Liverpool_334750_391500",334750,391500,57.27,57.27,0,"No change"
"Liverpool","Liverpool_335000_391500",335000,391500,4696.09,0,-4696.09,"Decrease > 500 sqm"
"Liverpool","Liverpool_335250_391500",335250,391500,489.22,670.44,181.22,"Increase 1-500 sqm"
"Liverpool","Liverpool_335500_391500",335500,391500,149.9,149.9,0,"No change"
"Liverpool","Liverpool_336250_391500",336250,391500,44.4,44.4,0,"No change"
"Liverpool","Liverpool_336500_391500",336500,391500,1469.21,1151.58,-317.63,"Decrease 1-500 sqm"
"Liverpool","Liverpool_336750_391500",336750,391500,355.67,45.2,-310.47,"Decrease 1-500 sqm"
"Liverpool","Liverpool_337000_391500",337000,391500,500.41,513.06,12.6499999999999,"Increase 1-500 sqm"
"Liverpool","Liverpool_338750_391500",338750,391500,3869.21,1736.52,-2132.69,"Decrease > 500 sqm"
"Liverpool","Liverpool_339000_391500",339000,391500,494.7,461.9,-32.8,"Decrease 1-500 sqm"
"Liverpool","Liverpool_339250_391500",339250,391500,1256.2,1368.6,112.4,"Increase 1-500 sqm"
"Liverpool","Liverpool_340250_391500",340250,391500,1546.5,49.5,-1497,"Decrease > 500 sqm"
"Liverpool","Liverpool_340500_391500",340500,391500,667.33,572.02,-95.3100000000001,"Decrease 1-500 sqm"
"Liverpool","Liverpool_340750_391500",340750,391500,2404.91,2143.9,-261.01,"Decrease 1-500 sqm"
"Liverpool","Liverpool_341500_391500",341500,391500,225.58,225.58,0,"No change"
"Liverpool","Liverpool_341750_391500",341750,391500,1123.63,946.43,-177.2,"Decrease 1-500 sqm"
"Liverpool","Liverpool_342250_391500",342250,391500,547.91,343.64,-204.27,"Decrease 1-500 sqm"
"Liverpool","Liverpool_333500_391750",333500,391750,1342.39,1342.39,0,"No change"
"Liverpool","Liverpool_333750_391750",333750,391750,3599.97,5429.13,1829.16,"Increase > 500 sqm"
"Liverpool","Liverpool_335000_391750",335000,391750,1589.2,983.16,-606.04,"Decrease > 500 sqm"
"Liverpool","Liverpool_335500_391750",335500,391750,1537.5,0,-1537.5,"Decrease > 500 sqm"
"Liverpool","Liverpool_336500_391750",336500,391750,209.2,0,-209.2,"Decrease 1-500 sqm"
"Liverpool","Liverpool_338250_391750",338250,391750,0,645,645,"Increase > 500 sqm"
"Liverpool","Liverpool_338500_391750",338500,391750,1518.98,2281.2,762.22,"Increase > 500 sqm"
"Liverpool","Liverpool_339250_391750",339250,391750,790.88,799.08,8.20000000000005,"Increase 1-500 sqm"
"Liverpool","Liverpool_340250_391750",340250,391750,0,340.3,340.3,"Increase 1-500 sqm"
"Liverpool","Liverpool_340500_391750",340500,391750,337.3,574.75,237.45,"Increase 1-500 sqm"
"Liverpool","Liverpool_341000_391750",341000,391750,2050.64,2050.64,0,"No change"
"Liverpool","Liverpool_341500_391750",341500,391750,932.4,932.4,0,"No change"
"Liverpool","Liverpool_341750_391750",341750,391750,1056.68,1104.74,48.0599999999999,"Increase 1-500 sqm"
"Liverpool","Liverpool_342000_391750",342000,391750,433.24,435.24,2,"Increase 1-500 sqm"
"Liverpool","Liverpool_334250_392000",334250,392000,218.9,103.5,-115.4,"Decrease 1-500 sqm"
"Liverpool","Liverpool_334500_392000",334500,392000,222,348.85,126.85,"Increase 1-500 sqm"
"Liverpool","Liverpool_334750_392000",334750,392000,624.1,258.8,-365.3,"Decrease 1-500 sqm"
"Liverpool","Liverpool_335000_392000",335000,392000,3904.93,4828.27,923.340000000001,"Increase > 500 sqm"
"Liverpool","Liverpool_335250_392000",335250,392000,19.8,19.8,0,"No change"
"Liverpool","Liverpool_335500_392000",335500,392000,0,295.51,295.51,"Increase 1-500 sqm"
"Liverpool","Liverpool_336000_392000",336000,392000,344.31,236.21,-108.1,"Decrease 1-500 sqm"
"Liverpool","Liverpool_336250_392000",336250,392000,23654.38,16788.88,-6865.5,"Decrease > 500 sqm"
"Liverpool","Liverpool_336500_392000",336500,392000,483.58,220.71,-262.87,"Decrease 1-500 sqm"
"Liverpool","Liverpool_336750_392000",336750,392000,1060.31,395.02,-665.29,"Decrease > 500 sqm"
"Liverpool","Liverpool_337000_392000",337000,392000,3677.52,5129.51,1451.99,"Increase > 500 sqm"
"Liverpool","Liverpool_337250_392000",337250,392000,1197.04,1177.49,-19.55,"Decrease 1-500 sqm"
"Liverpool","Liverpool_337500_392000",337500,392000,1923.32,631.11,-1292.21,"Decrease > 500 sqm"
"Liverpool","Liverpool_338250_392000",338250,392000,302.9,346.9,44,"Increase 1-500 sqm"
"Liverpool","Liverpool_338500_392000",338500,392000,308.1,265.6,-42.5,"Decrease 1-500 sqm"
"Liverpool","Liverpool_338750_392000",338750,392000,91,45.5,-45.5,"Decrease 1-500 sqm"
"Liverpool","Liverpool_339250_392000",339250,392000,610.18,596.74,-13.4400000000001,"Decrease 1-500 sqm"
"Liverpool","Liverpool_340250_392000",340250,392000,1656.93,1313.16,-343.77,"Decrease 1-500 sqm"
"Liverpool","Liverpool_340500_392000",340500,392000,576.4,339.7,-236.7,"Decrease 1-500 sqm"
"Liverpool","Liverpool_333500_392250",333500,392250,833.03,0,-833.03,"Decrease > 500 sqm"
"Liverpool","Liverpool_333750_392250",333750,392250,1921.26,386.5,-1534.76,"Decrease > 500 sqm"
"Liverpool","Liverpool_334250_392250",334250,392250,1134.32,1134.32,0,"No change"
"Liverpool","Liverpool_334500_392250",334500,392250,391.82,391.82,0,"No change"
"Liverpool","Liverpool_334750_392250",334750,392250,2427.03,11506.6,9079.57,"Increase > 500 sqm"
"Liverpool","Liverpool_336000_392250",336000,392250,1560.73,1062.17,-498.56,"Decrease 1-500 sqm"
"Liverpool","Liverpool_336250_392250",336250,392250,160.03,160.03,0,"No change"
"Liverpool","Liverpool_336500_392250",336500,392250,5337.45,4420.79,-916.66,"Decrease > 500 sqm"
"Liverpool","Liverpool_336750_392250",336750,392250,105.55,85.05,-20.5,"Decrease 1-500 sqm"
"Liverpool","Liverpool_337250_392250",337250,392250,579.3,418.26,-161.04,"Decrease 1-500 sqm"
"Liverpool","Liverpool_337500_392250",337500,392250,661.7,413.2,-248.5,"Decrease 1-500 sqm"
"Liverpool","Liverpool_337750_392250",337750,392250,2290.25,9368.96,7078.71,"Increase > 500 sqm"
"Liverpool","Liverpool_338000_392250",338000,392250,6779.96,5323.41,-1456.55,"Decrease > 500 sqm"
"Liverpool","Liverpool_338250_392250",338250,392250,5211.5,3625.15,-1586.35,"Decrease > 500 sqm"
"Liverpool","Liverpool_339000_392250",339000,392250,510.52,510.52,0,"No change"
"Liverpool","Liverpool_340250_392250",340250,392250,419.84,419.84,0,"No change"
"Liverpool","Liverpool_340750_392250",340750,392250,1421.32,593.62,-827.7,"Decrease > 500 sqm"
"Liverpool","Liverpool_333500_392500",333500,392500,3752.88,3224.97,-527.91,"Decrease > 500 sqm"
"Liverpool","Liverpool_333750_392500",333750,392500,8230.8,3899.9,-4330.9,"Decrease > 500 sqm"
"Liverpool","Liverpool_334000_392500",334000,392500,5351.7,4339.62,-1012.08,"Decrease > 500 sqm"
"Liverpool","Liverpool_334250_392500",334250,392500,75.1,75.1,0,"No change"
"Liverpool","Liverpool_335250_392500",335250,392500,130.9,0,-130.9,"Decrease 1-500 sqm"
"Liverpool","Liverpool_335500_392500",335500,392500,132.43,109.39,-23.04,"Decrease 1-500 sqm"
"Liverpool","Liverpool_336000_392500",336000,392500,131.5,108.4,-23.1,"Decrease 1-500 sqm"
"Liverpool","Liverpool_336250_392500",336250,392500,1706.25,1725.85,19.5999999999999,"Increase 1-500 sqm"
"Liverpool","Liverpool_336500_392500",336500,392500,53.4,0,-53.4,"Decrease 1-500 sqm"
"Liverpool","Liverpool_336750_392500",336750,392500,3473.64,2302.66,-1170.98,"Decrease > 500 sqm"
"Liverpool","Liverpool_337000_392500",337000,392500,65.1,21.7,-43.4,"Decrease 1-500 sqm"
"Liverpool","Liverpool_338000_392500",338000,392500,281.2,174.4,-106.8,"Decrease 1-500 sqm"
"Liverpool","Liverpool_338250_392500",338250,392500,475.3,426.4,-48.9,"Decrease 1-500 sqm"
"Liverpool","Liverpool_339250_392500",339250,392500,78.4,156.8,78.4,"Increase 1-500 sqm"
"Liverpool","Liverpool_340000_392500",340000,392500,1516.48,1036.68,-479.8,"Decrease 1-500 sqm"
"Liverpool","Liverpool_341750_392500",341750,392500,879.75,879.75,0,"No change"
"Liverpool","Liverpool_342000_392500",342000,392500,1405.63,1183.07,-222.56,"Decrease 1-500 sqm"
"Liverpool","Liverpool_333750_392750",333750,392750,146.4,1437.6,1291.2,"Increase > 500 sqm"
"Liverpool","Liverpool_334750_392750",334750,392750,634.1,50.54,-583.56,"Decrease > 500 sqm"
"Liverpool","Liverpool_335250_392750",335250,392750,148.5,148.5,0,"No change"
"Liverpool","Liverpool_335750_392750",335750,392750,624.7,379.5,-245.2,"Decrease 1-500 sqm"
"Liverpool","Liverpool_336000_392750",336000,392750,549.72,419.77,-129.95,"Decrease 1-500 sqm"
"Liverpool","Liverpool_336250_392750",336250,392750,1588.56,681.53,-907.03,"Decrease > 500 sqm"
"Liverpool","Liverpool_336500_392750",336500,392750,636.84,446.44,-190.4,"Decrease 1-500 sqm"
"Liverpool","Liverpool_336750_392750",336750,392750,4456.97,3466.81,-990.16,"Decrease > 500 sqm"
"Liverpool","Liverpool_337000_392750",337000,392750,4931.08,3543.84,-1387.24,"Decrease > 500 sqm"
"Liverpool","Liverpool_337250_392750",337250,392750,543.1,717.2,174.1,"Increase 1-500 sqm"
"Liverpool","Liverpool_338000_392750",338000,392750,90,58.8,-31.2,"Decrease 1-500 sqm"
"Liverpool","Liverpool_338250_392750",338250,392750,347.5,417.5,70,"Increase 1-500 sqm"
"Liverpool","Liverpool_339500_392750",339500,392750,1071.82,781.12,-290.7,"Decrease 1-500 sqm"
"Liverpool","Liverpool_339750_392750",339750,392750,555.9,533.3,-22.6,"Decrease 1-500 sqm"
"Liverpool","Liverpool_340000_392750",340000,392750,824.4,711.3,-113.1,"Decrease 1-500 sqm"
"Liverpool","Liverpool_340250_392750",340250,392750,591.5,591.5,0,"No change"
"Liverpool","Liverpool_341750_392750",341750,392750,645.83,1066.56,420.73,"Increase 1-500 sqm"
"Liverpool","Liverpool_333500_393000",333500,393000,75.33,75.33,0,"No change"
"Liverpool","Liverpool_333750_393000",333750,393000,3352.12,4489.08,1136.96,"Increase > 500 sqm"
"Liverpool","Liverpool_334250_393000",334250,393000,0,128.44,128.44,"Increase 1-500 sqm"
"Liverpool","Liverpool_334500_393000",334500,393000,344.42,344.42,0,"No change"
"Liverpool","Liverpool_334750_393000",334750,393000,439.89,92.6,-347.29,"Decrease 1-500 sqm"
"Liverpool","Liverpool_335000_393000",335000,393000,4015.69,1667.06,-2348.63,"Decrease > 500 sqm"
"Liverpool","Liverpool_335250_393000",335250,393000,67.75,67.75,0,"No change"
"Liverpool","Liverpool_335500_393000",335500,393000,0,14.6,14.6,"Increase 1-500 sqm"
"Liverpool","Liverpool_335750_393000",335750,393000,1150.7,586.6,-564.1,"Decrease > 500 sqm"
"Liverpool","Liverpool_336000_393000",336000,393000,1280.94,144.3,-1136.64,"Decrease > 500 sqm"
"Liverpool","Liverpool_336750_393000",336750,393000,2399.86,2393.42,-6.44000000000005,"Decrease 1-500 sqm"
"Liverpool","Liverpool_337250_393000",337250,393000,265.3,150.3,-115,"Decrease 1-500 sqm"
"Liverpool","Liverpool_338000_393000",338000,393000,554.2,386.9,-167.3,"Decrease 1-500 sqm"
"Liverpool","Liverpool_339500_393000",339500,393000,2477.87,1952.9,-524.97,"Decrease > 500 sqm"
"Liverpool","Liverpool_340500_393000",340500,393000,82.65,82.65,0,"No change"
"Liverpool","Liverpool_334000_393250",334000,393250,2355.1,2559.1,204,"Increase 1-500 sqm"
"Liverpool","Liverpool_334500_393250",334500,393250,3574.5,1917.54,-1656.96,"Decrease > 500 sqm"
"Liverpool","Liverpool_334750_393250",334750,393250,75.5,75.5,0,"No change"
"Liverpool","Liverpool_335250_393250",335250,393250,933.5,690.7,-242.8,"Decrease 1-500 sqm"
"Liverpool","Liverpool_335750_393250",335750,393250,604,604,0,"No change"
"Liverpool","Liverpool_337500_393250",337500,393250,17.44,17.44,0,"No change"
"Liverpool","Liverpool_337750_393250",337750,393250,1548.2,656.2,-892,"Decrease > 500 sqm"
"Liverpool","Liverpool_338000_393250",338000,393250,611.7,636.6,24.9,"Increase 1-500 sqm"
"Liverpool","Liverpool_338250_393250",338250,393250,669.4,677.1,7.70000000000005,"Increase 1-500 sqm"
"Liverpool","Liverpool_338500_393250",338500,393250,1016.72,940.22,-76.5,"Decrease 1-500 sqm"
"Liverpool","Liverpool_338750_393250",338750,393250,1225.8,1225.8,0,"No change"
"Liverpool","Liverpool_339000_393250",339000,393250,268.2,268.2,0,"No change"
"Liverpool","Liverpool_339250_393250",339250,393250,2136.85,51,-2085.85,"Decrease > 500 sqm"
"Liverpool","Liverpool_339500_393250",339500,393250,1430.56,1629.47,198.91,"Increase 1-500 sqm"
"Liverpool","Liverpool_341250_393250",341250,393250,126.2,0,-126.2,"Decrease 1-500 sqm"
"Liverpool","Liverpool_341500_393250",341500,393250,597.82,597.82,0,"No change"
"Liverpool","Liverpool_334000_393500",334000,393500,459.41,459.41,0,"No change"
"Liverpool","Liverpool_334500_393500",334500,393500,225.23,170.43,-54.8,"Decrease 1-500 sqm"
"Liverpool","Liverpool_334750_393500",334750,393500,505.7,181.8,-323.9,"Decrease 1-500 sqm"
"Liverpool","Liverpool_335250_393500",335250,393500,1101.7,1428.8,327.1,"Increase 1-500 sqm"
"Liverpool","Liverpool_335500_393500",335500,393500,2857.15,3101.73,244.58,"Increase 1-500 sqm"
"Liverpool","Liverpool_335750_393500",335750,393500,715.5,1100.6,385.1,"Increase 1-500 sqm"
"Liverpool","Liverpool_336750_393500",336750,393500,2837.42,2646.42,-191,"Decrease 1-500 sqm"
"Liverpool","Liverpool_337750_393500",337750,393500,406.6,406.6,0,"No change"
"Liverpool","Liverpool_339000_393500",339000,393500,321.31,160.29,-161.02,"Decrease 1-500 sqm"
"Liverpool","Liverpool_339250_393500",339250,393500,1078.98,1078.98,0,"No change"
"Liverpool","Liverpool_341000_393500",341000,393500,11160.92,5876.44,-5284.48,"Decrease > 500 sqm"
"Liverpool","Liverpool_341750_393500",341750,393500,25.33,25.33,0,"No change"
"Liverpool","Liverpool_333750_393750",333750,393750,182.71,182.71,0,"No change"
"Liverpool","Liverpool_334000_393750",334000,393750,573.83,268,-305.83,"Decrease 1-500 sqm"
"Liverpool","Liverpool_334250_393750",334250,393750,3620.95,3302.68,-318.27,"Decrease 1-500 sqm"
"Liverpool","Liverpool_335250_393750",335250,393750,4279.16,3656.35,-622.809999999999,"Decrease > 500 sqm"
"Liverpool","Liverpool_335500_393750",335500,393750,5645.29,4754.14,-891.15,"Decrease > 500 sqm"
"Liverpool","Liverpool_335750_393750",335750,393750,211.7,169.6,-42.1,"Decrease 1-500 sqm"
"Liverpool","Liverpool_336000_393750",336000,393750,2688.4,28,-2660.4,"Decrease > 500 sqm"
"Liverpool","Liverpool_337250_393750",337250,393750,1895.45,813.96,-1081.49,"Decrease > 500 sqm"
"Liverpool","Liverpool_337500_393750",337500,393750,77.68,49.68,-28,"Decrease 1-500 sqm"
"Liverpool","Liverpool_337750_393750",337750,393750,1566.84,849.8,-717.04,"Decrease > 500 sqm"
"Liverpool","Liverpool_339250_393750",339250,393750,2401.56,2297.55,-104.01,"Decrease 1-500 sqm"
"Liverpool","Liverpool_333500_394000",333500,394000,1116.66,915,-201.66,"Decrease 1-500 sqm"
"Liverpool","Liverpool_333750_394000",333750,394000,7658.28,7419.25,-239.03,"Decrease 1-500 sqm"
"Liverpool","Liverpool_334000_394000",334000,394000,1305.02,994.87,-310.15,"Decrease 1-500 sqm"
"Liverpool","Liverpool_334500_394000",334500,394000,20.1,481.5,461.4,"Increase 1-500 sqm"
"Liverpool","Liverpool_335000_394000",335000,394000,95.4,95.4,0,"No change"
"Liverpool","Liverpool_335250_394000",335250,394000,284.3,268.6,-15.7,"Decrease 1-500 sqm"
"Liverpool","Liverpool_335500_394000",335500,394000,11681.71,10098.02,-1583.69,"Decrease > 500 sqm"
"Liverpool","Liverpool_335750_394000",335750,394000,1525.99,1557.31,31.3199999999999,"Increase 1-500 sqm"
"Liverpool","Liverpool_336000_394000",336000,394000,20,0,-20,"Decrease 1-500 sqm"
"Liverpool","Liverpool_336750_394000",336750,394000,152.08,152.08,0,"No change"
"Liverpool","Liverpool_338000_394000",338000,394000,197.27,197.27,0,"No change"
"Liverpool","Liverpool_338250_394000",338250,394000,7917.16,5598.43,-2318.73,"Decrease > 500 sqm"
"Liverpool","Liverpool_338500_394000",338500,394000,3391.45,2577.57,-813.88,"Decrease > 500 sqm"
"Liverpool","Liverpool_339500_394000",339500,394000,528.3,415,-113.3,"Decrease 1-500 sqm"
"Liverpool","Liverpool_334750_394250",334750,394250,430.44,430.44,0,"No change"
"Liverpool","Liverpool_335000_394250",335000,394250,2805.62,2078.4,-727.22,"Decrease > 500 sqm"
"Liverpool","Liverpool_335250_394250",335250,394250,961.77,803.17,-158.6,"Decrease 1-500 sqm"
"Liverpool","Liverpool_335500_394250",335500,394250,5377.87,5456.59,78.7200000000003,"Increase 1-500 sqm"
"Liverpool","Liverpool_335750_394250",335750,394250,297.6,297.6,0,"No change"
"Liverpool","Liverpool_336000_394250",336000,394250,25.3,25.3,0,"No change"
"Liverpool","Liverpool_336250_394250",336250,394250,17.7,17.7,0,"No change"
"Liverpool","Liverpool_336500_394250",336500,394250,1181.6,799.1,-382.5,"Decrease 1-500 sqm"
"Liverpool","Liverpool_336750_394250",336750,394250,1400.14,1465.48,65.3399999999999,"Increase 1-500 sqm"
"Liverpool","Liverpool_337500_394250",337500,394250,26353.3,12786.1,-13567.2,"Decrease > 500 sqm"
"Liverpool","Liverpool_337750_394250",337750,394250,38.6,238.6,200,"Increase 1-500 sqm"
"Liverpool","Liverpool_338000_394250",338000,394250,459.01,331.6,-127.41,"Decrease 1-500 sqm"
"Liverpool","Liverpool_338250_394250",338250,394250,3798.19,3272.84,-525.35,"Decrease > 500 sqm"
"Liverpool","Liverpool_338500_394250",338500,394250,4380.54,3176.41,-1204.13,"Decrease > 500 sqm"
"Liverpool","Liverpool_335500_394500",335500,394500,4565.46,3309.27,-1256.19,"Decrease > 500 sqm"
"Liverpool","Liverpool_335750_394500",335750,394500,5941.79,4136.71,-1805.08,"Decrease > 500 sqm"
"Liverpool","Liverpool_336000_394500",336000,394500,221.88,99.6,-122.28,"Decrease 1-500 sqm"
"Liverpool","Liverpool_336250_394500",336250,394500,2165.05,1790.3,-374.75,"Decrease 1-500 sqm"
"Liverpool","Liverpool_336500_394500",336500,394500,59,29.5,-29.5,"Decrease 1-500 sqm"
"Liverpool","Liverpool_336750_394500",336750,394500,495.3,376.5,-118.8,"Decrease 1-500 sqm"
"Liverpool","Liverpool_339000_394500",339000,394500,57.4,57.4,0,"No change"
"Liverpool","Liverpool_335250_394750",335250,394750,77.3,77.3,0,"No change"
"Liverpool","Liverpool_335500_394750",335500,394750,354.5,354.5,0,"No change"
"Liverpool","Liverpool_335750_394750",335750,394750,974.83,974.83,0,"No change"
"Liverpool","Liverpool_336000_394750",336000,394750,630.42,0,-630.42,"Decrease > 500 sqm"
"Liverpool","Liverpool_337250_394750",337250,394750,17.44,17.44,0,"No change"
"Liverpool","Liverpool_337500_394750",337500,394750,342.4,342.4,0,"No change"
"Liverpool","Liverpool_338750_394750",338750,394750,265.7,287.1,21.4,"Increase 1-500 sqm"
"Liverpool","Liverpool_339000_394750",339000,394750,2585.58,1779.69,-805.89,"Decrease > 500 sqm"
"Liverpool","Liverpool_339500_394750",339500,394750,2674.51,1462.42,-1212.09,"Decrease > 500 sqm"
"Liverpool","Liverpool_335500_395000",335500,395000,24.1,24.1,0,"No change"
"Liverpool","Liverpool_335750_395000",335750,395000,1963.92,2204.71,240.79,"Increase 1-500 sqm"
"Liverpool","Liverpool_337750_395000",337750,395000,628.47,569.97,-58.5,"Decrease 1-500 sqm"
"Liverpool","Liverpool_339250_395000",339250,395000,410.6,410.6,0,"No change"
"Liverpool","Liverpool_339500_395000",339500,395000,2794.6,1396.15,-1398.45,"Decrease > 500 sqm"
"Liverpool","Liverpool_340000_395000",340000,395000,1366.5,680,-686.5,"Decrease > 500 sqm"
"Liverpool","Liverpool_341500_395000",341500,395000,552.8,482.6,-70.1999999999999,"Decrease 1-500 sqm"
"Liverpool","Liverpool_336000_395250",336000,395250,31442.53,10846.21,-20596.32,"Decrease > 500 sqm"
"Liverpool","Liverpool_337250_395250",337250,395250,10845.42,12189.19,1343.77,"Increase > 500 sqm"
"Liverpool","Liverpool_337500_395250",337500,395250,1283.01,1283.01,0,"No change"
"Liverpool","Liverpool_337750_395250",337750,395250,584.3,200.5,-383.8,"Decrease 1-500 sqm"
"Liverpool","Liverpool_338000_395250",338000,395250,775.7,775.7,0,"No change"
"Liverpool","Liverpool_340000_395250",340000,395250,2692.5,642.53,-2049.97,"Decrease > 500 sqm"
"Liverpool","Liverpool_340250_395250",340250,395250,62.4,0,-62.4,"Decrease 1-500 sqm"
"Liverpool","Liverpool_335750_395500",335750,395500,1740.63,1740.63,0,"No change"
"Liverpool","Liverpool_336000_395500",336000,395500,3238.71,1774.46,-1464.25,"Decrease > 500 sqm"
"Liverpool","Liverpool_336250_395500",336250,395500,139.94,164.54,24.6,"Increase 1-500 sqm"
"Liverpool","Liverpool_336500_395500",336500,395500,60.3,37.4,-22.9,"Decrease 1-500 sqm"
"Liverpool","Liverpool_337750_395500",337750,395500,42.42,42.42,0,"No change"
"Liverpool","Liverpool_338250_395500",338250,395500,1790.57,331.02,-1459.55,"Decrease > 500 sqm"
"Liverpool","Liverpool_336000_395750",336000,395750,5296.63,2889.8,-2406.83,"Decrease > 500 sqm"
"Liverpool","Liverpool_337250_395750",337250,395750,945.6,666.75,-278.85,"Decrease 1-500 sqm"
"Liverpool","Liverpool_338750_395750",338750,395750,52.21,52.21,0,"No change"
"Liverpool","Liverpool_339000_395750",339000,395750,792.9,453.85,-339.05,"Decrease 1-500 sqm"
"Liverpool","Liverpool_339500_395750",339500,395750,2630.54,2191.2,-439.34,"Decrease 1-500 sqm"
"Liverpool","Liverpool_340500_395750",340500,395750,1280.38,1280.38,0,"No change"
"Liverpool","Liverpool_336000_396000",336000,396000,365.2,365.2,0,"No change"
"Liverpool","Liverpool_337250_396000",337250,396000,2684.75,2247.65,-437.1,"Decrease 1-500 sqm"
"Liverpool","Liverpool_339750_396000",339750,396000,274.4,0,-274.4,"Decrease 1-500 sqm"
"Liverpool","Liverpool_336000_396250",336000,396250,2040.86,1365.45,-675.41,"Decrease > 500 sqm"
"Liverpool","Liverpool_336250_396250",336250,396250,842.07,456.3,-385.77,"Decrease 1-500 sqm"
"Liverpool","Liverpool_336750_396250",336750,396250,3249.02,10802.25,7553.23,"Increase > 500 sqm"
"Liverpool","Liverpool_337000_396250",337000,396250,4804.98,1622.58,-3182.4,"Decrease > 500 sqm"
"Liverpool","Liverpool_337500_396250",337500,396250,1452.81,321.76,-1131.05,"Decrease > 500 sqm"
"Liverpool","Liverpool_340750_396250",340750,396250,247.6,247.6,0,"No change"
"Liverpool","Liverpool_335250_396500",335250,396500,16.2,16.2,0,"No change"
"Liverpool","Liverpool_335500_396500",335500,396500,1737.1,1437.7,-299.4,"Decrease 1-500 sqm"
"Liverpool","Liverpool_335750_396500",335750,396500,1747.95,1877.56,129.61,"Increase 1-500 sqm"
"Liverpool","Liverpool_336000_396500",336000,396500,1027.93,1170.93,143,"Increase 1-500 sqm"
"Liverpool","Liverpool_336250_396500",336250,396500,7723.38,7654.43,-68.9499999999998,"Decrease 1-500 sqm"
"Liverpool","Liverpool_337250_396500",337250,396500,3958.59,3524.59,-434,"Decrease 1-500 sqm"
"Liverpool","Liverpool_335750_396750",335750,396750,410.35,868.06,457.71,"Increase 1-500 sqm"
"Liverpool","Liverpool_336000_396750",336000,396750,648.64,288.61,-360.03,"Decrease 1-500 sqm"
"Liverpool","Liverpool_336250_396750",336250,396750,5601.75,4859.3,-742.45,"Decrease > 500 sqm"
"Liverpool","Liverpool_336500_396750",336500,396750,6638.12,4207.93,-2430.19,"Decrease > 500 sqm"
"Liverpool","Liverpool_336750_396750",336750,396750,1043.12,1244.56,201.44,"Increase 1-500 sqm"
"Liverpool","Liverpool_337000_396750",337000,396750,436.74,0,-436.74,"Decrease 1-500 sqm"
"Liverpool","Liverpool_339750_396750",339750,396750,320.5,0,-320.5,"Decrease 1-500 sqm"
"Liverpool","Liverpool_340500_396750",340500,396750,20156.2,10008.09,-10148.11,"Decrease > 500 sqm"
"Liverpool","Liverpool_336000_397000",336000,397000,21.7,0,-21.7,"Decrease 1-500 sqm"
"Liverpool","Liverpool_336500_397000",336500,397000,497.1,497.1,0,"No change"
"Liverpool","Liverpool_336750_397000",336750,397000,140.8,140.8,0,"No change"
"Liverpool","Liverpool_337000_397000",337000,397000,1495.1,1460.19,-34.9099999999999,"Decrease 1-500 sqm"
"Liverpool","Liverpool_337250_397000",337250,397000,564,520.38,-43.62,"Decrease 1-500 sqm"
"Liverpool","Liverpool_336500_397250",336500,397250,1290.36,1157.07,-133.29,"Decrease 1-500 sqm"
"Liverpool","Liverpool_336750_397250",336750,397250,43.2,43.2,0,"No change"
"Liverpool","Liverpool_337500_397250",337500,397250,2361.24,2157.31,-203.93,"Decrease 1-500 sqm"
"Liverpool","Liverpool_337750_397250",337750,397250,818.61,2758.85,1940.24,"Increase > 500 sqm"
"Liverpool","Liverpool_338250_397250",338250,397250,2015.74,2103.84,88.1000000000001,"Increase 1-500 sqm"
"Liverpool","Liverpool_338750_397250",338750,397250,502.1,502.1,0,"No change"
"Liverpool","Liverpool_336500_397500",336500,397500,1406.41,1406.41,0,"No change"
"Liverpool","Liverpool_336750_397500",336750,397500,0,174.98,174.98,"Increase 1-500 sqm"
"Liverpool","Liverpool_337000_397500",337000,397500,207.8,103.9,-103.9,"Decrease 1-500 sqm"
"Liverpool","Liverpool_338750_397500",338750,397500,0,112.3,112.3,"Increase 1-500 sqm"
