city,year,grid_x,grid_y,grid_id,business_count,occupied_count,vacant_count,known_occupation_count,unknown_occupation_count,vacancy_rate,business_diversity,rateable_value_total,rateable_value_median,floor_area_total
Birmingham,2016,398250,278250,Birmingham_398250_278250,3,3,0,3,0,0.0,0.6365141682948128,25200.0,9500.0,309.5
Birmingham,2016,398750,277500,Birmingham_398750_277500,1,1,0,1,0,0.0,-0.0,7600.0,7600.0,203.9
Birmingham,2016,398750,278000,Birmingham_398750_278000,1,0,1,1,0,1.0,-0.0,38000.0,38000.0,
Birmingham,2016,398750,278250,Birmingham_398750_278250,11,7,0,7,4,0.0,0.30463609734923813,83000.0,5300.0,2544.12
Birmingham,2016,399000,277250,Birmingham_399000_277250,2,1,0,1,1,0.0,-0.0,116000.0,116000.0,3441.52
Birmingham,2016,399000,282500,Birmingham_399000_282500,1,1,0,1,0,0.0,-0.0,8000.0,8000.0,122.3
Birmingham,2016,399000,282750,Birmingham_399000_282750,1,1,0,1,0,0.0,-0.0,2650.0,2650.0,47.4
Birmingham,2016,399000,283000,Birmingham_399000_283000,1,1,0,1,0,0.0,-0.0,44500.0,44500.0,
Birmingham,2016,399000,284750,Birmingham_399000_284750,2,2,0,2,0,0.0,0.6931471805599453,12150.0,6075.0,164.0
Birmingham,2016,399250,276750,Birmingham_399250_276750,1,1,0,1,0,0.0,-0.0,11250.0,11250.0,
Birmingham,2016,399250,277250,Birmingham_399250_277250,4,4,0,4,0,0.0,-0.0,21000.0,5250.0,283.40000000000003
Birmingham,2016,399250,277500,Birmingham_399250_277500,2,1,0,1,1,0.0,-0.0,156500.0,78250.0,713.5899999999999
Birmingham,2016,399250,278000,Birmingham_399250_278000,1,0,0,0,1,,-0.0,,,4085.6
Birmingham,2016,399250,278750,Birmingham_399250_278750,1,1,0,1,0,0.0,-0.0,8500.0,8500.0,133.8
Birmingham,2016,399250,281000,Birmingham_399250_281000,1,1,0,1,0,0.0,-0.0,5400.0,5400.0,65.1
Birmingham,2016,399250,282000,Birmingham_399250_282000,6,4,0,4,2,0.0,-0.0,30200.0,3775.0,704.2
Birmingham,2016,399250,282500,Birmingham_399250_282500,1,1,0,1,0,0.0,-0.0,4600.0,4600.0,78.6
Birmingham,2016,399250,282750,Birmingham_399250_282750,16,6,0,6,10,0.0,0.2337916587064593,47050.0,5400.0,1683.6
Birmingham,2016,399250,283750,Birmingham_399250_283750,1,1,0,1,0,0.0,-0.0,130000.0,130000.0,887.53
Birmingham,2016,399250,284750,Birmingham_399250_284750,11,7,0,7,4,0.0,-0.0,63855.0,2550.0,1294.83
Birmingham,2016,399500,277500,Birmingham_399500_277500,3,1,0,1,2,0.0,-0.0,1450000.0,1450000.0,17500.800000000003
Birmingham,2016,399500,277750,Birmingham_399500_277750,1,0,0,0,1,,-0.0,185000.0,185000.0,
Birmingham,2016,399500,281500,Birmingham_399500_281500,23,14,1,15,8,0.06666666666666667,-0.0,82825.0,2625.0,2299.6
Birmingham,2016,399500,281750,Birmingham_399500_281750,2,0,0,0,2,,0.6931471805599453,2800.0,2800.0,63.7
Birmingham,2016,399500,284750,Birmingham_399500_284750,4,1,0,1,3,0.0,-0.0,13000.0,3600.0,350.7
Birmingham,2016,399750,276750,Birmingham_399750_276750,14,6,0,6,8,0.0,0.25731864054383163,83225.0,2900.0,920.2500000000001
Birmingham,2016,399750,278250,Birmingham_399750_278250,1,1,0,1,0,0.0,-0.0,5500.0,5500.0,88.2
Birmingham,2016,399750,278750,Birmingham_399750_278750,4,3,0,3,1,0.0,0.5623351446188083,25850.0,5500.0,232.79999999999998
Birmingham,2016,399750,281250,Birmingham_399750_281250,1,1,0,1,0,0.0,-0.0,6200.0,6200.0,
Birmingham,2016,399750,281750,Birmingham_399750_281750,1,1,0,1,0,0.0,-0.0,3050.0,3050.0,57.2
Birmingham,2016,399750,282000,Birmingham_399750_282000,2,0,1,1,1,1.0,-0.0,4300.0,2150.0,91.4
Birmingham,2016,399750,284000,Birmingham_399750_284000,2,2,0,2,0,0.0,-0.0,14000.0,7000.0,217.64
Birmingham,2016,399750,284250,Birmingham_399750_284250,3,2,0,2,1,0.0,-0.0,14550.0,4850.0,190.61
Birmingham,2016,399750,284500,Birmingham_399750_284500,2,1,0,1,1,0.0,-0.0,497500.0,497500.0,5448.6
Birmingham,2016,400000,276250,Birmingham_400000_276250,1,1,0,1,0,0.0,-0.0,13250.0,13250.0,129.94
Birmingham,2016,400000,276750,Birmingham_400000_276750,8,5,0,5,3,0.0,-0.0,27675.0,2925.0,620.23
Birmingham,2016,400000,277250,Birmingham_400000_277250,1,1,0,1,0,0.0,-0.0,4100.0,4100.0,91.0
Birmingham,2016,400000,277500,Birmingham_400000_277500,9,5,0,5,4,0.0,0.5297061990576545,78950.0,12750.0,1494.6200000000001
Birmingham,2016,400000,278250,Birmingham_400000_278250,2,1,0,1,1,0.0,-0.0,11000.0,11000.0,195.8
Birmingham,2016,400000,283000,Birmingham_400000_283000,1,0,1,1,0,1.0,-0.0,8200.0,8200.0,
Birmingham,2016,400000,284500,Birmingham_400000_284500,2,1,0,1,1,0.0,-0.0,1525.0,1525.0,114.80000000000001
Birmingham,2016,400250,277500,Birmingham_400250_277500,22,12,1,13,9,0.07692307692307693,1.0335620542068176,231350.0,5300.0,2663.9100000000003
Birmingham,2016,400250,278750,Birmingham_400250_278750,13,6,1,7,6,0.14285714285714285,0.2711893730418441,60975.0,3775.0,2066.0499999999997
Birmingham,2016,400250,281750,Birmingham_400250_281750,6,2,0,2,4,0.0,-0.0,26900.0,4200.0,771.9
Birmingham,2016,400250,282000,Birmingham_400250_282000,1,1,0,1,0,0.0,-0.0,25000.0,25000.0,
Birmingham,2016,400250,282750,Birmingham_400250_282750,1,1,0,1,0,0.0,-0.0,5000.0,5000.0,106.29
Birmingham,2016,400250,283750,Birmingham_400250_283750,3,1,0,1,2,0.0,0.6365141682948128,11650.0,5825.0,199.7
Birmingham,2016,400250,284500,Birmingham_400250_284500,6,4,0,4,2,0.0,-0.0,22175.0,3200.0,340.61
Birmingham,2016,400250,284750,Birmingham_400250_284750,2,1,0,1,1,0.0,-0.0,68500.0,34250.0,717.9000000000001
Birmingham,2016,400250,285000,Birmingham_400250_285000,1,1,0,1,0,0.0,-0.0,210000.0,210000.0,
Birmingham,2016,400500,276250,Birmingham_400500_276250,1,1,0,1,0,0.0,-0.0,14500.0,14500.0,1692.0
Birmingham,2016,400500,277000,Birmingham_400500_277000,1,0,0,0,1,,-0.0,4700.0,4700.0,58.0
Birmingham,2016,400500,277250,Birmingham_400500_277250,9,6,1,7,2,0.14285714285714285,-0.0,33850.0,5100.0,986.7
Birmingham,2016,400500,278500,Birmingham_400500_278500,3,2,0,2,1,0.0,0.6365141682948128,8675.0,3100.0,192.8
Birmingham,2016,400500,279000,Birmingham_400500_279000,1,1,0,1,0,0.0,-0.0,7200.0,7200.0,164.0
Birmingham,2016,400500,279250,Birmingham_400500_279250,2,1,0,1,1,0.0,-0.0,6300.0,3150.0,134.7
Birmingham,2016,400500,282000,Birmingham_400500_282000,1,1,0,1,0,0.0,-0.0,1500.0,1500.0,43.9
Birmingham,2016,400500,282250,Birmingham_400500_282250,6,1,0,1,5,0.0,-0.0,10175.0,5087.5,519.94
Birmingham,2016,400500,282500,Birmingham_400500_282500,9,3,1,4,5,0.25,0.8486855577264172,61100.0,3100.0,1048.27
Birmingham,2016,400500,283750,Birmingham_400500_283750,3,1,0,1,2,0.0,-0.0,12900.0,4500.0,198.5
Birmingham,2016,400500,284250,Birmingham_400500_284250,14,9,0,9,5,0.0,-0.0,32695.0,2062.5,944.9
Birmingham,2016,400500,285000,Birmingham_400500_285000,1,0,0,0,1,,-0.0,,,12.4
Birmingham,2016,400750,277750,Birmingham_400750_277750,1,1,0,1,0,0.0,-0.0,3250.0,3250.0,69.0
Birmingham,2016,400750,279250,Birmingham_400750_279250,1,0,0,0,1,,-0.0,3350.0,3350.0,99.1
Birmingham,2016,400750,282750,Birmingham_400750_282750,1,1,0,1,0,0.0,-0.0,6200.0,6200.0,131.2
Birmingham,2016,400750,283750,Birmingham_400750_283750,10,9,0,9,1,0.0,-0.0,57000.0,5100.0,1219.2900000000002
Birmingham,2016,400750,284250,Birmingham_400750_284250,3,1,0,1,2,0.0,-0.0,4850.0,4850.0,281.5
Birmingham,2016,400750,285000,Birmingham_400750_285000,31,19,0,19,12,0.0,0.23921709381651282,514000.0,7300.0,4869.780000000001
Birmingham,2016,401000,277250,Birmingham_401000_277250,24,9,3,12,12,0.25,0.6519508373776711,5347000.0,39000.0,29793.6
Birmingham,2016,401000,277750,Birmingham_401000_277750,4,4,0,4,0,0.0,0.5623351446188083,21800.0,4325.0,314.48
Birmingham,2016,401000,279750,Birmingham_401000_279750,11,6,1,7,4,0.14285714285714285,-0.0,32725.0,2700.0,1223.14
Birmingham,2016,401000,280500,Birmingham_401000_280500,4,2,0,2,2,0.0,0.5623351446188083,10675.0,5337.5,419.0
Birmingham,2016,401000,281250,Birmingham_401000_281250,9,5,0,5,4,0.0,0.34883209584303193,29700.0,2850.0,601.85
Birmingham,2016,401000,284750,Birmingham_401000_284750,2,0,0,0,2,,0.6931471805599453,,,32.5
Birmingham,2016,401000,285250,Birmingham_401000_285250,1,0,1,1,0,1.0,-0.0,38000.0,38000.0,191.9
Birmingham,2016,401250,277250,Birmingham_401250_277250,11,6,0,6,5,0.0,0.30463609734923813,63750.0,5100.0,1120.42
Birmingham,2016,401250,277500,Birmingham_401250_277500,8,1,0,1,7,0.0,0.5623351446188083,54000.0,9300.0,19134.82
Birmingham,2016,401250,277750,Birmingham_401250_277750,1,1,0,1,0,0.0,-0.0,7300.0,7300.0,101.37
Birmingham,2016,401250,278250,Birmingham_401250_278250,18,10,0,10,8,0.0,0.5908422462755826,156000.0,8000.0,3212.0199999999995
Birmingham,2016,401250,279500,Birmingham_401250_279500,1,0,0,0,1,,-0.0,2550.0,2550.0,71.9
Birmingham,2016,401250,280750,Birmingham_401250_280750,1,0,0,0,1,,-0.0,32000.0,32000.0,
Birmingham,2016,401250,282500,Birmingham_401250_282500,10,9,0,9,1,0.0,0.5004024235381879,35900.0,3850.0,1042.88
Birmingham,2016,401250,283750,Birmingham_401250_283750,7,4,1,5,2,0.2,0.410116318288409,30800.0,3900.0,464.3
Birmingham,2016,401250,284500,Birmingham_401250_284500,7,6,0,6,1,0.0,0.410116318288409,61700.0,4700.0,656.08
Birmingham,2016,401250,284750,Birmingham_401250_284750,4,3,0,3,1,0.0,-0.0,36800.0,5500.0,663.5
Birmingham,2016,401500,276750,Birmingham_401500_276750,5,3,0,3,2,0.0,-0.0,8375.0,2600.0,326.4
Birmingham,2016,401500,277000,Birmingham_401500_277000,3,1,0,1,2,0.0,0.6365141682948128,24775.0,4650.0,165.3
Birmingham,2016,401500,277250,Birmingham_401500_277250,4,2,0,2,2,0.0,-0.0,14250.0,5400.0,342.9
Birmingham,2016,401500,277750,Birmingham_401500_277750,1,0,0,0,1,,-0.0,,,417.5
Birmingham,2016,401500,278500,Birmingham_401500_278500,35,23,2,25,10,0.08,0.3470668257548097,168125.0,5000.0,3951.19
Birmingham,2016,401500,278750,Birmingham_401500_278750,3,1,0,1,2,0.0,-0.0,15600.0,4450.0,246.9
Birmingham,2016,401500,280000,Birmingham_401500_280000,1,1,0,1,0,0.0,-0.0,2750.0,2750.0,55.05
Birmingham,2016,401500,282250,Birmingham_401500_282250,1,0,0,0,1,,-0.0,,,1105.6
Birmingham,2016,401500,282500,Birmingham_401500_282500,4,3,0,3,1,0.0,0.5623351446188083,75620.0,2175.0,346.39000000000004
Birmingham,2016,401500,282750,Birmingham_401500_282750,2,0,0,0,2,,0.6931471805599453,1650000.0,1650000.0,7642.6900000000005
Birmingham,2016,401500,284000,Birmingham_401500_284000,1,1,0,1,0,0.0,-0.0,7700.0,7700.0,22.1
Birmingham,2016,401500,284750,Birmingham_401500_284750,1,1,0,1,0,0.0,-0.0,83500.0,83500.0,
Birmingham,2016,401750,277250,Birmingham_401750_277250,1,0,0,0,1,,-0.0,4400.0,4400.0,70.3
Birmingham,2016,401750,278250,Birmingham_401750_278250,1,0,0,0,1,,-0.0,11500.0,11500.0,128.03
Birmingham,2016,401750,279000,Birmingham_401750_279000,12,8,0,8,4,0.0,0.45056120886630463,163700.0,6950.0,1147.81
Birmingham,2016,401750,279250,Birmingham_401750_279250,50,37,0,37,13,0.0,0.4882935030375918,1628510.0,3500.0,17715.77
Birmingham,2016,401750,279500,Birmingham_401750_279500,16,6,0,6,10,0.0,0.6885673693022827,240750.0,11875.0,3354.85
Birmingham,2016,401750,279750,Birmingham_401750_279750,1,0,0,0,1,,-0.0,50500.0,50500.0,195.48
Birmingham,2016,401750,280750,Birmingham_401750_280750,8,7,1,8,0,0.125,-0.0,44400.0,4525.0,724.44
Birmingham,2016,401750,281000,Birmingham_401750_281000,1,1,0,1,0,0.0,-0.0,1025.0,1025.0,23.4
Birmingham,2016,401750,281500,Birmingham_401750_281500,1,1,0,1,0,0.0,-0.0,36250.0,36250.0,
Birmingham,2016,401750,283750,Birmingham_401750_283750,5,1,0,1,4,0.0,-0.0,19150.0,5000.0,723.2
Birmingham,2016,401750,284000,Birmingham_401750_284000,1,0,0,0,1,,-0.0,4050.0,4050.0,62.6
Birmingham,2016,401750,284500,Birmingham_401750_284500,11,6,0,6,5,0.0,-0.0,69150.0,5400.0,1047.74
Birmingham,2016,401750,284750,Birmingham_401750_284750,1,1,0,1,0,0.0,-0.0,3150.0,3150.0,34.3
Birmingham,2016,402000,276750,Birmingham_402000_276750,1,1,0,1,0,0.0,-0.0,455.0,455.0,9.16
Birmingham,2016,402000,278000,Birmingham_402000_278000,1,0,0,0,1,,-0.0,20500.0,20500.0,
Birmingham,2016,402000,278250,Birmingham_402000_278250,5,4,1,5,0,0.2,0.5004024235381879,51400.0,5800.0,984.15
Birmingham,2016,402000,279250,Birmingham_402000_279250,2,2,0,2,0,0.0,0.6931471805599453,17475.0,8737.5,306.72
Birmingham,2016,402000,279500,Birmingham_402000_279500,53,28,2,30,23,0.06666666666666667,0.6194485403188649,1576750.0,19500.0,16524.46
Birmingham,2016,402000,279750,Birmingham_402000_279750,187,69,8,77,110,0.1038961038961039,0.26368710105318294,3027395.0,14500.0,41270.59
Birmingham,2016,402000,281250,Birmingham_402000_281250,1,1,0,1,0,0.0,-0.0,9600.0,9600.0,145.1
Birmingham,2016,402000,282000,Birmingham_402000_282000,51,34,1,35,16,0.02857142857142857,0.19262573846117467,452450.0,8000.0,7007.549999999999
Birmingham,2016,402000,282250,Birmingham_402000_282250,6,5,0,5,1,0.0,-0.0,48050.0,7250.0,516.6999999999999
Birmingham,2016,402000,282500,Birmingham_402000_282500,1,0,1,1,0,1.0,-0.0,32250.0,32250.0,1351.89
Birmingham,2016,402000,284500,Birmingham_402000_284500,4,2,0,2,2,0.0,-0.0,11400.0,5700.0,382.3
Birmingham,2016,402000,284750,Birmingham_402000_284750,7,6,0,6,1,0.0,-0.0,28150.0,4300.0,468.4
Birmingham,2016,402000,285250,Birmingham_402000_285250,1,1,0,1,0,0.0,-0.0,810.0,810.0,13.4
Birmingham,2016,402250,277000,Birmingham_402250_277000,4,3,0,3,1,0.0,-0.0,10275.0,2400.0,245.60000000000002
Birmingham,2016,402250,277500,Birmingham_402250_277500,20,5,3,8,12,0.375,-0.0,62600.0,2500.0,2245.7200000000003
Birmingham,2016,402250,277750,Birmingham_402250_277750,2,0,2,2,0,1.0,-0.0,5250.0,2625.0,122.4
Birmingham,2016,402250,278250,Birmingham_402250_278250,4,3,0,3,1,0.0,-0.0,17400.0,4500.0,215.60000000000002
Birmingham,2016,402250,278750,Birmingham_402250_278750,5,5,0,5,0,0.0,0.5004024235381879,15300.0,2600.0,421.72
Birmingham,2016,402250,279250,Birmingham_402250_279250,1,0,0,0,1,,-0.0,65000.0,65000.0,
Birmingham,2016,402250,279500,Birmingham_402250_279500,1,0,0,0,1,,-0.0,2600.0,2600.0,82.38
Birmingham,2016,402250,280000,Birmingham_402250_280000,9,6,0,6,3,0.0,0.34883209584303193,34750.0,4200.0,427.02
Birmingham,2016,402250,282000,Birmingham_402250_282000,9,6,0,6,3,0.0,0.5297061990576545,91775.0,8000.0,1223.57
Birmingham,2016,402250,282750,Birmingham_402250_282750,3,1,0,1,2,0.0,-0.0,4525.0,2262.5,124.70000000000002
Birmingham,2016,402250,283250,Birmingham_402250_283250,6,6,0,6,0,0.0,-0.0,57150.0,6850.0,1008.8199999999999
Birmingham,2016,402250,283500,Birmingham_402250_283500,1,1,0,1,0,0.0,-0.0,20000.0,20000.0,453.2
Birmingham,2016,402250,284000,Birmingham_402250_284000,14,8,0,8,6,0.0,0.25731864054383163,41325.0,3800.0,1382.8400000000001
Birmingham,2016,402250,285250,Birmingham_402250_285250,1,1,0,1,0,0.0,-0.0,150000.0,150000.0,
Birmingham,2016,402250,286000,Birmingham_402250_286000,1,1,0,1,0,0.0,-0.0,135000.0,135000.0,
Birmingham,2016,402250,286250,Birmingham_402250_286250,2,2,0,2,0,0.0,0.6931471805599453,23350.0,11675.0,322.03
Birmingham,2016,402500,277750,Birmingham_402500_277750,2,1,0,1,1,0.0,0.6931471805599453,18200.0,9100.0,41.8
Birmingham,2016,402500,278750,Birmingham_402500_278750,21,9,1,10,11,0.1,0.7801307795266322,156585.0,2362.5,3444.3999999999996
Birmingham,2016,402500,279000,Birmingham_402500_279000,1,1,0,1,0,0.0,-0.0,1875.0,1875.0,58.7
Birmingham,2016,402500,280000,Birmingham_402500_280000,1,1,0,1,0,0.0,-0.0,8400.0,8400.0,130.78
Birmingham,2016,402500,283000,Birmingham_402500_283000,2,2,0,2,0,0.0,-0.0,5375.0,2687.5,105.7
Birmingham,2016,402500,284000,Birmingham_402500_284000,4,2,1,3,1,0.3333333333333333,-0.0,12625.0,5000.0,230.9
Birmingham,2016,402500,284250,Birmingham_402500_284250,1,1,0,1,0,0.0,-0.0,7000.0,7000.0,73.0
Birmingham,2016,402500,284500,Birmingham_402500_284500,1,0,0,0,1,,-0.0,21500.0,21500.0,66.6
Birmingham,2016,402500,286000,Birmingham_402500_286000,1,1,0,1,0,0.0,-0.0,1350.0,1350.0,19.35
Birmingham,2016,402500,287000,Birmingham_402500_287000,1,1,0,1,0,0.0,-0.0,6200.0,6200.0,57.7
Birmingham,2016,402500,289750,Birmingham_402500_289750,4,3,0,3,1,0.0,-0.0,32650.0,6700.0,3384.4
Birmingham,2016,402750,276750,Birmingham_402750_276750,1,1,0,1,0,0.0,-0.0,7900.0,7900.0,159.0
Birmingham,2016,402750,277250,Birmingham_402750_277250,1,1,0,1,0,0.0,-0.0,2450.0,2450.0,121.0
Birmingham,2016,402750,277500,Birmingham_402750_277500,1,1,0,1,0,0.0,-0.0,3050.0,3050.0,64.8
Birmingham,2016,402750,277750,Birmingham_402750_277750,33,17,2,19,14,0.10526315789473684,0.5898691618387124,264025.0,8000.0,3986.2
Birmingham,2016,402750,278000,Birmingham_402750_278000,9,2,5,7,2,0.7142857142857143,0.34883209584303193,22990.0,2425.0,597.5
Birmingham,2016,402750,278750,Birmingham_402750_278750,3,1,0,1,2,0.0,-0.0,4450.0,4450.0,217.60000000000002
Birmingham,2016,402750,281250,Birmingham_402750_281250,3,1,0,1,2,0.0,-0.0,12150.0,4000.0,203.3
Birmingham,2016,402750,281750,Birmingham_402750_281750,6,3,0,3,3,0.0,-0.0,14125.0,4950.0,576.91
Birmingham,2016,402750,283250,Birmingham_402750_283250,1,0,0,0,1,,-0.0,38000.0,38000.0,
Birmingham,2016,402750,283750,Birmingham_402750_283750,1,0,0,0,1,,-0.0,57500.0,57500.0,
Birmingham,2016,402750,284250,Birmingham_402750_284250,8,3,0,3,5,0.0,0.37677016125643675,55700.0,8750.0,668.81
Birmingham,2016,402750,284500,Birmingham_402750_284500,13,8,0,8,5,0.0,-0.0,115750.0,7600.0,980.04
Birmingham,2016,402750,286000,Birmingham_402750_286000,3,2,0,2,1,0.0,-0.0,144500.0,61500.0,787.5
Birmingham,2016,402750,286750,Birmingham_402750_286750,4,2,0,2,2,0.0,-0.0,15200.0,7600.0,272.4
Birmingham,2016,402750,287000,Birmingham_402750_287000,2,2,0,2,0,0.0,-0.0,11500.0,5750.0,174.60000000000002
Birmingham,2016,402750,289500,Birmingham_402750_289500,2,2,0,2,0,0.0,-0.0,6750.0,3375.0,86.07000000000001
Birmingham,2016,402750,290000,Birmingham_402750_290000,3,3,0,3,0,0.0,0.6365141682948128,458000.0,127000.0,5554.83
Birmingham,2016,403000,277250,Birmingham_403000_277250,1,1,0,1,0,0.0,-0.0,79000.0,79000.0,
Birmingham,2016,403000,280750,Birmingham_403000_280750,2,1,0,1,1,0.0,-0.0,94250.0,47125.0,1117.7
Birmingham,2016,403000,281000,Birmingham_403000_281000,6,3,0,3,3,0.0,-0.0,15200.0,3375.0,570.2
Birmingham,2016,403000,282500,Birmingham_403000_282500,6,3,1,4,2,0.25,0.45056120886630463,51900.0,4125.0,594.5
Birmingham,2016,403000,282750,Birmingham_403000_282750,1,1,0,1,0,0.0,-0.0,6600.0,6600.0,167.3
Birmingham,2016,403000,283500,Birmingham_403000_283500,9,7,0,7,2,0.0,-0.0,34075.0,3200.0,565.5
Birmingham,2016,403000,284250,Birmingham_403000_284250,41,13,1,14,27,0.07142857142857142,0.5270643922575318,387050.0,7250.0,3407.7200000000003
Birmingham,2016,403000,284750,Birmingham_403000_284750,5,1,0,1,4,0.0,-0.0,10100.0,5050.0,528.2
Birmingham,2016,403000,285500,Birmingham_403000_285500,9,6,0,6,3,0.0,-0.0,47750.0,7100.0,624.83
Birmingham,2016,403000,286000,Birmingham_403000_286000,11,7,1,8,3,0.125,0.30463609734923813,82250.0,6900.0,2045.8500000000001
Birmingham,2016,403000,286750,Birmingham_403000_286750,1,1,0,1,0,0.0,-0.0,790.0,790.0,7.4
Birmingham,2016,403000,289500,Birmingham_403000_289500,4,1,0,1,3,0.0,0.5623351446188083,7975.0,2050.0,221.8
Birmingham,2016,403000,289750,Birmingham_403000_289750,2,1,0,1,1,0.0,-0.0,4050.0,4050.0,99.7
Birmingham,2016,403000,290000,Birmingham_403000_290000,11,6,1,7,4,0.14285714285714285,0.7595473914748635,897200.0,3200.0,9635.800000000001
Birmingham,2016,403250,279250,Birmingham_403250_279250,1,1,0,1,0,0.0,-0.0,7100.0,7100.0,157.7
Birmingham,2016,403250,280000,Birmingham_403250_280000,3,2,0,2,1,0.0,-0.0,8950.0,4475.0,196.89999999999998
Birmingham,2016,403250,281000,Birmingham_403250_281000,3,3,0,3,0,0.0,-0.0,11700.0,4350.0,121.18
Birmingham,2016,403250,282000,Birmingham_403250_282000,1,1,0,1,0,0.0,-0.0,2800.0,2800.0,83.24
Birmingham,2016,403250,282250,Birmingham_403250_282250,9,4,0,4,5,0.0,-0.0,22350.0,3250.0,591.6999999999999
Birmingham,2016,403250,284250,Birmingham_403250_284250,20,10,1,11,9,0.09090909090909091,0.42270908780599087,229200.0,8875.0,1935.2800000000002
Birmingham,2016,403250,284500,Birmingham_403250_284500,2,1,0,1,1,0.0,0.6931471805599453,22650.0,11325.0,204.2
Birmingham,2016,403250,289250,Birmingham_403250_289250,1,1,0,1,0,0.0,-0.0,2550.0,2550.0,112.2
Birmingham,2016,403250,289500,Birmingham_403250_289500,1,1,0,1,0,0.0,-0.0,1500.0,1500.0,22.5
Birmingham,2016,403250,289750,Birmingham_403250_289750,43,27,2,29,14,0.06896551724137931,0.5452444413921549,168450.0,4200.0,3885.1899999999996
Birmingham,2016,403500,277500,Birmingham_403500_277500,10,6,0,6,4,0.0,0.5004024235381879,82950.0,5300.0,1313.8600000000001
Birmingham,2016,403500,277750,Birmingham_403500_277750,1,1,0,1,0,0.0,-0.0,4400.0,4400.0,78.2
Birmingham,2016,403500,278000,Birmingham_403500_278000,1,0,0,0,1,,-0.0,4050.0,4050.0,82.2
Birmingham,2016,403500,279000,Birmingham_403500_279000,15,12,1,13,2,0.07692307692307693,0.24493002679463532,59700.0,3200.0,1109.95
Birmingham,2016,403500,280000,Birmingham_403500_280000,2,1,1,2,0,0.5,-0.0,13700.0,6850.0,187.9
Birmingham,2016,403500,280750,Birmingham_403500_280750,2,0,1,1,1,1.0,0.6931471805599453,5400.0,5400.0,71.9
Birmingham,2016,403500,283000,Birmingham_403500_283000,8,0,0,0,8,,-0.0,207000.0,207000.0,7881.509999999999
Birmingham,2016,403500,283250,Birmingham_403500_283250,13,11,1,12,1,0.08333333333333333,0.4293230219306162,43965.0,2650.0,4622.04
Birmingham,2016,403500,283750,Birmingham_403500_283750,1,0,0,0,1,,-0.0,,,38.6
Birmingham,2016,403500,284000,Birmingham_403500_284000,1,1,0,1,0,0.0,-0.0,2950.0,2950.0,56.0
Birmingham,2016,403500,284250,Birmingham_403500_284250,3,2,0,2,1,0.0,0.6365141682948128,19000.0,9500.0,279.5
Birmingham,2016,403500,284500,Birmingham_403500_284500,84,48,1,49,35,0.02040816326530612,0.6560731947822387,2798650.0,27500.0,14866.939999999999
Birmingham,2016,403500,284750,Birmingham_403500_284750,6,2,1,3,3,0.3333333333333333,-0.0,12700.0,3275.0,372.73999999999995
Birmingham,2016,403500,285000,Birmingham_403500_285000,4,3,0,3,1,0.0,-0.0,14075.0,3775.0,444.8
Birmingham,2016,403500,287250,Birmingham_403500_287250,2,0,0,0,2,,-0.0,6450.0,3225.0,236.79999999999998
Birmingham,2016,403500,287500,Birmingham_403500_287500,17,7,0,7,10,0.0,-0.0,54320.0,4325.0,2386.08
Birmingham,2016,403500,289250,Birmingham_403500_289250,2,1,1,2,0,0.5,0.6931471805599453,37575.0,18787.5,1003.0300000000001
Birmingham,2016,403500,289500,Birmingham_403500_289500,1,0,0,0,1,,-0.0,4050.0,4050.0,63.5
Birmingham,2016,403500,289750,Birmingham_403500_289750,3,2,0,2,1,0.0,0.6365141682948128,5875.0,1950.0,180.49
Birmingham,2016,403500,290500,Birmingham_403500_290500,6,5,0,5,1,0.0,-0.0,17350.0,2800.0,374.5
Birmingham,2016,403750,277000,Birmingham_403750_277000,1,0,0,0,1,,-0.0,23000.0,23000.0,362.7
Birmingham,2016,403750,277250,Birmingham_403750_277250,1,1,0,1,0,0.0,-0.0,4950.0,4950.0,77.7
Birmingham,2016,403750,277750,Birmingham_403750_277750,2,1,0,1,1,0.0,0.6931471805599453,9800.0,4900.0,126.78999999999999
Birmingham,2016,403750,278500,Birmingham_403750_278500,4,3,0,3,1,0.0,0.5623351446188083,36400.0,7600.0,384.6
Birmingham,2016,403750,281750,Birmingham_403750_281750,1,0,0,0,1,,-0.0,,,905.5
Birmingham,2016,403750,282000,Birmingham_403750_282000,1,1,0,1,0,0.0,-0.0,40000.0,40000.0,
Birmingham,2016,403750,283250,Birmingham_403750_283250,1,1,0,1,0,0.0,-0.0,4250.0,4250.0,59.8
Birmingham,2016,403750,284500,Birmingham_403750_284500,38,18,0,18,20,0.0,1.0102099474266797,1547500.0,35125.0,12596.9
Birmingham,2016,403750,284750,Birmingham_403750_284750,12,4,0,4,8,0.0,0.45056120886630463,185100.0,10250.0,826.38
Birmingham,2016,403750,287500,Birmingham_403750_287500,69,46,0,46,23,0.0,0.33461842742570785,350040.0,4725.0,9747.69
Birmingham,2016,403750,289250,Birmingham_403750_289250,1,0,0,0,1,,-0.0,2500.0,2500.0,78.0
Birmingham,2016,403750,289500,Birmingham_403750_289500,13,4,1,5,8,0.2,0.6870920273799715,52950.0,3600.0,1504.08
Birmingham,2016,403750,290000,Birmingham_403750_290000,1,1,0,1,0,0.0,-0.0,4200.0,4200.0,86.6
Birmingham,2016,403750,290500,Birmingham_403750_290500,4,0,2,2,2,1.0,-0.0,8050.0,1825.0,197.7
Birmingham,2016,403750,290750,Birmingham_403750_290750,3,0,1,1,2,1.0,-0.0,3850.0,3850.0,151.8
Birmingham,2016,404000,282000,Birmingham_404000_282000,8,6,0,6,2,0.0,0.7356219397587946,40950.0,5000.0,726.1700000000001
Birmingham,2016,404000,282250,Birmingham_404000_282250,31,13,3,16,15,0.1875,0.3179367802622418,157050.0,4950.0,2737.3900000000003
Birmingham,2016,404000,282500,Birmingham_404000_282500,14,6,0,6,8,0.0,0.25731864054383163,3212500.0,265000.0,24052.9
Birmingham,2016,404000,282750,Birmingham_404000_282750,1,1,0,1,0,0.0,-0.0,660000.0,660000.0,3700.77
Birmingham,2016,404000,285750,Birmingham_404000_285750,4,3,0,3,1,0.0,0.5623351446188083,617600.0,166500.0,2324.24
Birmingham,2016,404000,286000,Birmingham_404000_286000,4,1,0,1,3,0.0,1.0397207708399179,174200.0,70000.0,948.7
Birmingham,2016,404000,287500,Birmingham_404000_287500,44,30,1,31,13,0.03225806451612903,-0.0,200575.0,3425.0,4221.6
Birmingham,2016,404000,288000,Birmingham_404000_288000,1,0,1,1,0,1.0,-0.0,0.0,0.0,
Birmingham,2016,404000,288250,Birmingham_404000_288250,14,7,0,7,7,0.0,0.410116318288409,31575.0,3275.0,828.6
Birmingham,2016,404000,288500,Birmingham_404000_288500,3,2,0,2,1,0.0,-0.0,6000.0,1875.0,172.2
Birmingham,2016,404000,289000,Birmingham_404000_289000,2,2,0,2,0,0.0,-0.0,2875.0,1437.5,69.7
Birmingham,2016,404000,289250,Birmingham_404000_289250,3,2,0,2,1,0.0,-0.0,9775.0,2400.0,229.14
Birmingham,2016,404000,289500,Birmingham_404000_289500,56,33,3,36,20,0.08333333333333333,0.2677539868376054,429455.0,4850.0,7246.02
Birmingham,2016,404000,289750,Birmingham_404000_289750,16,12,0,12,4,0.0,0.48257756517701206,49225.0,3850.0,1394.67
Birmingham,2016,404000,290000,Birmingham_404000_290000,26,15,2,17,9,0.11764705882352941,0.32450838693107065,103650.0,3000.0,2282.25
Birmingham,2016,404000,290250,Birmingham_404000_290250,33,25,0,25,8,0.0,-0.0,108250.0,3000.0,2206.92
Birmingham,2016,404000,290500,Birmingham_404000_290500,32,24,0,24,8,0.0,-0.0,118430.0,3550.0,2332.23
Birmingham,2016,404000,290750,Birmingham_404000_290750,4,2,1,3,1,0.3333333333333333,-0.0,16800.0,4175.0,192.1
Birmingham,2016,404250,277250,Birmingham_404250_277250,10,5,1,6,4,0.16666666666666666,0.639031859650177,66450.0,6250.0,1446.1399999999999
Birmingham,2016,404250,277750,Birmingham_404250_277750,6,0,0,0,6,,0.45056120886630463,8100.0,8100.0,430.3
Birmingham,2016,404250,279250,Birmingham_404250_279250,4,2,0,2,2,0.0,-0.0,9325.0,2800.0,400.47
Birmingham,2016,404250,280500,Birmingham_404250_280500,7,5,0,5,2,0.0,-0.0,32850.0,5700.0,427.07
Birmingham,2016,404250,281250,Birmingham_404250_281250,1,1,0,1,0,0.0,-0.0,5800.0,5800.0,121.5
Birmingham,2016,404250,281500,Birmingham_404250_281500,2,2,0,2,0,0.0,0.6931471805599453,30000.0,15000.0,2701.38
Birmingham,2016,404250,282250,Birmingham_404250_282250,30,14,0,14,16,0.0,0.29113983883196504,203575.0,4725.0,3799.48
Birmingham,2016,404250,282500,Birmingham_404250_282500,1,0,0,0,1,,-0.0,11750.0,11750.0,30.1
Birmingham,2016,404250,282750,Birmingham_404250_282750,17,9,2,11,6,0.18181818181818182,0.7086880282185832,294625.0,5400.0,2364.85
Birmingham,2016,404250,283750,Birmingham_404250_283750,4,4,0,4,0,0.0,0.5623351446188083,23150.0,5300.0,157.65000000000003
Birmingham,2016,404250,284500,Birmingham_404250_284500,1,1,0,1,0,0.0,-0.0,420.0,420.0,11.0
Birmingham,2016,404250,285250,Birmingham_404250_285250,12,8,0,8,4,0.0,0.5623351446188083,74400.0,6600.0,1131.0
Birmingham,2016,404250,285750,Birmingham_404250_285750,3,1,0,1,2,0.0,0.6365141682948128,133400.0,66700.0,236.29999999999998
Birmingham,2016,404250,286000,Birmingham_404250_286000,2,1,0,1,1,0.0,-0.0,45000.0,45000.0,311.38
Birmingham,2016,404250,287250,Birmingham_404250_287250,2,2,0,2,0,0.0,0.6931471805599453,4700.0,2350.0,15.9
Birmingham,2016,404250,287500,Birmingham_404250_287500,29,20,1,21,8,0.047619047619047616,0.5445996236821669,375975.0,4250.0,4142.909999999999
Birmingham,2016,404250,287750,Birmingham_404250_287750,1,1,0,1,0,0.0,-0.0,10750.0,10750.0,48.8
Birmingham,2016,404250,288000,Birmingham_404250_288000,1,1,0,1,0,0.0,-0.0,4650.0,4650.0,68.0
Birmingham,2016,404250,288500,Birmingham_404250_288500,3,1,0,1,2,0.0,0.6365141682948128,8900.0,4450.0,211.60000000000002
Birmingham,2016,404250,289000,Birmingham_404250_289000,4,2,0,2,2,0.0,-0.0,8775.0,2175.0,184.20000000000002
Birmingham,2016,404250,289250,Birmingham_404250_289250,2,1,0,1,1,0.0,-0.0,3225.0,1612.5,111.9
Birmingham,2016,404250,289500,Birmingham_404250_289500,98,59,5,64,34,0.078125,0.22703961838758854,919865.0,7500.0,13962.81
Birmingham,2016,404250,289750,Birmingham_404250_289750,6,1,3,4,2,0.75,-0.0,5185.0,870.0,223.89999999999998
Birmingham,2016,404250,290000,Birmingham_404250_290000,5,5,0,5,0,0.0,0.5004024235381879,26725.0,4000.0,1058.82
Birmingham,2016,404250,290500,Birmingham_404250_290500,12,8,0,8,4,0.0,0.2868359830561607,74000.0,2650.0,1317.19
Birmingham,2016,404250,290750,Birmingham_404250_290750,3,3,0,3,0,0.0,1.0986122886681096,10550.0,3850.0,504.95
Birmingham,2016,404250,292250,Birmingham_404250_292250,6,4,0,4,2,0.0,-0.0,20075.0,2725.0,460.09999999999997
Birmingham,2016,404500,279250,Birmingham_404500_279250,4,1,0,1,3,0.0,0.5623351446188083,146000.0,73000.0,45.4
Birmingham,2016,404500,279750,Birmingham_404500_279750,2,1,0,1,1,0.0,-0.0,1050.0,1050.0,169.73000000000002
Birmingham,2016,404500,280000,Birmingham_404500_280000,2,1,0,1,1,0.0,-0.0,13300.0,6650.0,201.96
Birmingham,2016,404500,280500,Birmingham_404500_280500,12,8,2,10,2,0.2,-0.0,33800.0,3225.0,566.49
Birmingham,2016,404500,281250,Birmingham_404500_281250,14,10,1,11,3,0.09090909090909091,0.25731864054383163,70240.0,4800.0,1206.0
Birmingham,2016,404500,282250,Birmingham_404500_282250,1,1,0,1,0,0.0,-0.0,4650.0,4650.0,186.3
Birmingham,2016,404500,282500,Birmingham_404500_282500,2,1,0,1,1,0.0,0.6931471805599453,4100.0,4100.0,283.46000000000004
Birmingham,2016,404500,282750,Birmingham_404500_282750,22,13,0,13,9,0.0,0.47413931305783735,150525.0,6200.0,1585.3200000000002
Birmingham,2016,404500,283000,Birmingham_404500_283000,45,28,0,28,17,0.0,0.39267446722755217,434050.0,6500.0,5368.830000000001
Birmingham,2016,404500,283750,Birmingham_404500_283750,1,1,0,1,0,0.0,-0.0,375.0,375.0,4.4
Birmingham,2016,404500,284250,Birmingham_404500_284250,4,4,0,4,0,0.0,-0.0,63180.0,19250.0,566.21
Birmingham,2016,404500,285250,Birmingham_404500_285250,1,1,0,1,0,0.0,-0.0,175000.0,175000.0,
Birmingham,2016,404500,286000,Birmingham_404500_286000,15,9,2,11,4,0.18181818181818182,0.39267446722755217,144600.0,7650.0,1792.18
Birmingham,2016,404500,286250,Birmingham_404500_286250,1,0,0,0,1,,-0.0,24250.0,24250.0,111.2
Birmingham,2016,404500,286500,Birmingham_404500_286500,3,1,0,1,2,0.0,0.6365141682948128,7050.0,2300.0,193.60000000000002
Birmingham,2016,404500,287000,Birmingham_404500_287000,5,2,2,4,1,0.5,0.6730116670092565,13675.0,5200.0,218.3
Birmingham,2016,404500,287250,Birmingham_404500_287250,1,1,0,1,0,0.0,-0.0,3000.0,3000.0,111.7
Birmingham,2016,404500,287500,Birmingham_404500_287500,2,1,0,1,1,0.0,-0.0,9700.0,4850.0,175.3
Birmingham,2016,404500,288500,Birmingham_404500_288500,12,5,1,6,6,0.16666666666666666,0.2868359830561607,24450.0,2750.0,553.9399999999999
Birmingham,2016,404500,288750,Birmingham_404500_288750,1,1,0,1,0,0.0,-0.0,1525.0,1525.0,15.4
Birmingham,2016,404500,289000,Birmingham_404500_289000,19,9,0,9,10,0.0,0.20619205063323187,52575.0,1925.0,2179.3799999999997
Birmingham,2016,404500,289250,Birmingham_404500_289250,138,82,4,86,52,0.046511627906976744,0.3749207934296914,1158650.0,8800.0,20949.260000000002
Birmingham,2016,404500,289500,Birmingham_404500_289500,28,11,3,14,14,0.21428571428571427,0.25731864054383163,84175.0,3600.0,2330.55
Birmingham,2016,404500,289750,Birmingham_404500_289750,30,22,1,23,7,0.043478260869565216,0.1461447460085638,90050.0,3025.0,2471.9900000000002
Birmingham,2016,404500,290000,Birmingham_404500_290000,4,1,1,2,2,0.5,-0.0,2925.0,1462.5,110.0
Birmingham,2016,404500,290250,Birmingham_404500_290250,1,0,0,0,1,,-0.0,,,250.9
Birmingham,2016,404500,290500,Birmingham_404500_290500,26,21,0,21,5,0.0,0.431071102348777,148800.0,4850.0,1750.18
Birmingham,2016,404500,290750,Birmingham_404500_290750,9,7,1,8,1,0.125,-0.0,31775.0,3350.0,930.2
Birmingham,2016,404500,294000,Birmingham_404500_294000,29,15,0,15,14,0.0,0.7837678687593393,406400.0,12250.0,6876.330000000001
Birmingham,2016,404750,277500,Birmingham_404750_277500,1,1,0,1,0,0.0,-0.0,4850.0,4850.0,66.9
Birmingham,2016,404750,278500,Birmingham_404750_278500,2,1,0,1,1,0.0,-0.0,13400.0,6700.0,287.27
Birmingham,2016,404750,278750,Birmingham_404750_278750,43,22,4,26,17,0.15384615384615385,0.6479288116140305,288675.0,6000.0,3125.4100000000003
Birmingham,2016,404750,279000,Birmingham_404750_279000,1,1,0,1,0,0.0,-0.0,5900.0,5900.0,127.52
Birmingham,2016,404750,279250,Birmingham_404750_279250,1,0,0,0,1,,-0.0,157000.0,157000.0,1255.4
Birmingham,2016,404750,279500,Birmingham_404750_279500,26,14,0,14,12,0.0,0.7736051265520959,278850.0,7600.0,4806.07
Birmingham,2016,404750,279750,Birmingham_404750_279750,80,52,1,53,27,0.018867924528301886,0.23317260237386989,758075.0,8700.0,10365.64
Birmingham,2016,404750,280000,Birmingham_404750_280000,3,2,0,2,1,0.0,-0.0,8725.0,2800.0,120.5
Birmingham,2016,404750,282000,Birmingham_404750_282000,39,23,1,24,15,0.041666666666666664,0.20227300179743635,295300.0,4550.0,3326.1100000000006
Birmingham,2016,404750,282250,Birmingham_404750_282250,1,0,0,0,1,,-0.0,4750.0,4750.0,60.6
Birmingham,2016,404750,282500,Birmingham_404750_282500,4,1,0,1,3,0.0,-0.0,1300.0,1300.0,172.7
Birmingham,2016,404750,282750,Birmingham_404750_282750,1,0,1,1,0,1.0,-0.0,1475.0,1475.0,38.0
Birmingham,2016,404750,283000,Birmingham_404750_283000,31,9,0,9,22,0.0,0.5187004385742825,197700.0,6500.0,4696.53
Birmingham,2016,404750,283500,Birmingham_404750_283500,4,2,0,2,2,0.0,0.6931471805599453,68250.0,24750.0,816.37
Birmingham,2016,404750,283750,Birmingham_404750_283750,23,13,0,13,10,0.0,0.559834325921902,298850.0,11275.0,2544.2800000000007
Birmingham,2016,404750,285750,Birmingham_404750_285750,1,1,0,1,0,0.0,-0.0,66000.0,66000.0,340.8
Birmingham,2016,404750,286000,Birmingham_404750_286000,29,13,7,20,9,0.35,0.3325942143118925,152250.0,5000.0,1996.33
Birmingham,2016,404750,286500,Birmingham_404750_286500,1,1,0,1,0,0.0,-0.0,3300.0,3300.0,134.7
Birmingham,2016,404750,286750,Birmingham_404750_286750,2,0,0,0,2,,-0.0,,,802.91
Birmingham,2016,404750,287000,Birmingham_404750_287000,15,2,0,2,13,0.0,-0.0,70250.0,13750.0,11423.12
Birmingham,2016,404750,287500,Birmingham_404750_287500,2,1,1,2,0,0.5,0.6931471805599453,11700.0,5850.0,168.5
Birmingham,2016,404750,288250,Birmingham_404750_288250,1,0,0,0,1,,-0.0,9100.0,9100.0,
Birmingham,2016,404750,288750,Birmingham_404750_288750,6,3,1,4,2,0.25,0.6931471805599453,16725.0,2425.0,892.69
Birmingham,2016,404750,289250,Birmingham_404750_289250,59,31,5,36,23,0.1388888888888889,0.2948948352612164,370975.0,6700.0,9378.850000000002
Birmingham,2016,404750,289750,Birmingham_404750_289750,1,1,0,1,0,0.0,-0.0,6700.0,6700.0,197.96
Birmingham,2016,404750,290000,Birmingham_404750_290000,1,0,0,0,1,,-0.0,,,88.6
Birmingham,2016,404750,290500,Birmingham_404750_290500,2,2,0,2,0,0.0,-0.0,56750.0,28375.0,734.64
Birmingham,2016,404750,292000,Birmingham_404750_292000,7,5,0,5,2,0.0,0.5982695885852573,36450.0,3400.0,445.34
Birmingham,2016,404750,292250,Birmingham_404750_292250,2,2,0,2,0,0.0,-0.0,10700.0,5350.0,144.0
Birmingham,2016,404750,292500,Birmingham_404750_292500,13,7,0,7,6,0.0,0.4293230219306162,127200.0,7000.0,1269.93
Birmingham,2016,404750,292750,Birmingham_404750_292750,16,10,0,10,6,0.0,-0.0,49300.0,4300.0,938.8299999999999
Birmingham,2016,404750,293000,Birmingham_404750_293000,3,2,0,2,1,0.0,-0.0,17400.0,5900.0,242.43
Birmingham,2016,404750,294000,Birmingham_404750_294000,2,0,0,0,2,,-0.0,14100.0,7050.0,148.2
Birmingham,2016,405000,278000,Birmingham_405000_278000,13,8,2,10,3,0.2,-0.0,54550.0,3300.0,1335.9
Birmingham,2016,405000,278750,Birmingham_405000_278750,1,0,0,0,1,,-0.0,64000.0,64000.0,
Birmingham,2016,405000,279500,Birmingham_405000_279500,1,0,0,0,1,,-0.0,81500.0,81500.0,302.46
Birmingham,2016,405000,279750,Birmingham_405000_279750,25,16,5,21,4,0.23809523809523808,0.2787693717685874,143250.0,3375.0,3267.68
Birmingham,2016,405000,280000,Birmingham_405000_280000,7,7,0,7,0,0.0,-0.0,18100.0,2175.0,346.6
Birmingham,2016,405000,280500,Birmingham_405000_280500,1,1,0,1,0,0.0,-0.0,5300.0,5300.0,88.53
Birmingham,2016,405000,280750,Birmingham_405000_280750,2,2,0,2,0,0.0,-0.0,5600.0,2800.0,47.6
Birmingham,2016,405000,281000,Birmingham_405000_281000,5,3,0,3,2,0.0,-0.0,7800.0,2137.5,243.9
Birmingham,2016,405000,281250,Birmingham_405000_281250,4,1,1,2,2,0.5,-0.0,4750.0,1725.0,126.3
Birmingham,2016,405000,282000,Birmingham_405000_282000,1,0,0,0,1,,-0.0,,,67.9
Birmingham,2016,405000,282250,Birmingham_405000_282250,1,1,0,1,0,0.0,-0.0,6100.0,6100.0,156.5
Birmingham,2016,405000,283250,Birmingham_405000_283250,1,0,0,0,1,,-0.0,,,
Birmingham,2016,405000,284250,Birmingham_405000_284250,1,1,0,1,0,0.0,-0.0,112000.0,112000.0,769.1
Birmingham,2016,405000,285750,Birmingham_405000_285750,2,2,0,2,0,0.0,0.6931471805599453,118700.0,59350.0,117.9
Birmingham,2016,405000,286000,Birmingham_405000_286000,4,4,0,4,0,0.0,-0.0,6665.0,1762.5,122.19999999999999
Birmingham,2016,405000,286250,Birmingham_405000_286250,1,0,0,0,1,,-0.0,,,
Birmingham,2016,405000,286500,Birmingham_405000_286500,1,1,0,1,0,0.0,-0.0,3950.0,3950.0,66.6
Birmingham,2016,405000,287000,Birmingham_405000_287000,2,1,0,1,1,0.0,0.6931471805599453,20750.0,20750.0,2584.35
Birmingham,2016,405000,287250,Birmingham_405000_287250,5,3,2,5,0,0.4,0.6730116670092565,21545.0,4300.0,369.71000000000004
Birmingham,2016,405000,287500,Birmingham_405000_287500,5,4,0,4,1,0.0,-0.0,17725.0,2237.5,428.9
Birmingham,2016,405000,287750,Birmingham_405000_287750,7,3,0,3,4,0.0,-0.0,6625.0,1775.0,834.99
Birmingham,2016,405000,288500,Birmingham_405000_288500,8,3,2,5,3,0.4,0.37677016125643675,24100.0,3700.0,641.28
Birmingham,2016,405000,288750,Birmingham_405000_288750,5,0,0,0,5,,-0.0,8495.0,1850.0,218.39
Birmingham,2016,405000,289000,Birmingham_405000_289000,14,7,0,7,7,0.0,0.25731864054383163,46025.0,2125.0,1184.36
Birmingham,2016,405000,289250,Birmingham_405000_289250,6,5,0,5,1,0.0,0.45056120886630463,60700.0,8750.0,883.36
Birmingham,2016,405000,289500,Birmingham_405000_289500,1,0,0,0,1,,-0.0,1900.0,1900.0,38.9
Birmingham,2016,405000,292250,Birmingham_405000_292250,2,0,0,0,2,,-0.0,,,487.0
Birmingham,2016,405250,278750,Birmingham_405250_278750,1,0,0,0,1,,-0.0,5500.0,5500.0,198.5
Birmingham,2016,405250,280000,Birmingham_405250_280000,14,8,0,8,6,0.0,0.25731864054383163,51870.0,3050.0,1287.02
Birmingham,2016,405250,280250,Birmingham_405250_280250,5,2,0,2,3,0.0,-0.0,5160.0,1150.0,364.0799999999999
Birmingham,2016,405250,280500,Birmingham_405250_280500,42,27,2,29,13,0.06896551724137931,0.3027839382791754,589635.0,4600.0,7795.61
Birmingham,2016,405250,280750,Birmingham_405250_280750,90,57,4,61,29,0.06557377049180328,0.3052060340804211,505506.0,4425.0,9301.74
Birmingham,2016,405250,281000,Birmingham_405250_281000,30,14,5,19,11,0.2631578947368421,0.7026832764796582,804650.0,3850.0,12774.259999999998
Birmingham,2016,405250,281250,Birmingham_405250_281250,21,7,0,7,14,0.0,0.6189407438569727,166275.0,4625.0,4631.41
Birmingham,2016,405250,281500,Birmingham_405250_281500,4,3,0,3,1,0.0,-0.0,39250.0,12250.0,1674.5200000000002
Birmingham,2016,405250,285500,Birmingham_405250_285500,2,0,0,0,2,,-0.0,118250.0,59125.0,943.7
Birmingham,2016,405250,285750,Birmingham_405250_285750,14,8,1,9,5,0.1111111111111111,0.6559757323365467,1060500.0,19500.0,5771.350000000001
Birmingham,2016,405250,286000,Birmingham_405250_286000,28,11,2,13,15,0.15384615384615385,0.46922034844159877,446035.0,4700.0,3896.67
Birmingham,2016,405250,286500,Birmingham_405250_286500,20,13,2,15,5,0.13333333333333333,0.5181862130502128,82450.0,4325.0,1619.86
Birmingham,2016,405250,286750,Birmingham_405250_286750,8,3,2,5,3,0.4,-0.0,13275.0,1800.0,839.41
Birmingham,2016,405250,287000,Birmingham_405250_287000,1,0,0,0,1,,-0.0,9700.0,9700.0,40.2
Birmingham,2016,405250,287250,Birmingham_405250_287250,16,6,1,7,9,0.14285714285714285,0.6019239717322894,57435.0,4000.0,959.2900000000001
Birmingham,2016,405250,287500,Birmingham_405250_287500,19,9,0,9,10,0.0,0.708018976056273,1587450.0,8700.0,22751.57
Birmingham,2016,405250,287750,Birmingham_405250_287750,1,1,0,1,0,0.0,-0.0,10500.0,10500.0,23.0
Birmingham,2016,405250,288000,Birmingham_405250_288000,11,6,1,7,4,0.14285714285714285,-0.0,33205.0,3000.0,1835.73
Birmingham,2016,405250,288750,Birmingham_405250_288750,1,1,0,1,0,0.0,-0.0,2125.0,2125.0,31.0
Birmingham,2016,405250,289000,Birmingham_405250_289000,13,3,6,9,4,0.6666666666666666,0.7902679680745903,92075.0,2312.5,3118.5599999999995
Birmingham,2016,405250,289250,Birmingham_405250_289250,1,1,0,1,0,0.0,-0.0,3300.0,3300.0,51.0
Birmingham,2016,405250,289500,Birmingham_405250_289500,1,1,0,1,0,0.0,-0.0,2200.0,2200.0,29.6
Birmingham,2016,405250,290500,Birmingham_405250_290500,1,1,0,1,0,0.0,-0.0,20000.0,20000.0,
Birmingham,2016,405250,291500,Birmingham_405250_291500,8,7,0,7,1,0.0,-0.0,28450.0,3150.0,633.8
Birmingham,2016,405250,292000,Birmingham_405250_292000,3,0,0,0,3,,-0.0,,,178.92
Birmingham,2016,405250,292500,Birmingham_405250_292500,12,6,0,6,6,0.0,-0.0,26300.0,2800.0,549.81
Birmingham,2016,405250,293000,Birmingham_405250_293000,1,1,0,1,0,0.0,-0.0,105000.0,105000.0,
Birmingham,2016,405250,293250,Birmingham_405250_293250,3,3,0,3,0,0.0,-0.0,12150.0,3600.0,275.9
Birmingham,2016,405250,293500,Birmingham_405250_293500,2,1,0,1,1,0.0,-0.0,6600.0,3300.0,122.8
Birmingham,2016,405500,278250,Birmingham_405500_278250,1,0,0,0,1,,-0.0,5800.0,5800.0,133.5
Birmingham,2016,405500,278750,Birmingham_405500_278750,5,3,0,3,2,0.0,-0.0,23950.0,4650.0,383.56
Birmingham,2016,405500,279500,Birmingham_405500_279500,1,0,0,0,1,,-0.0,,,
Birmingham,2016,405500,280250,Birmingham_405500_280250,2,1,1,2,0,0.5,-0.0,4675.0,2337.5,68.9
Birmingham,2016,405500,281250,Birmingham_405500_281250,24,15,1,16,8,0.0625,0.37677016125643675,185800.0,3950.0,2605.5400000000004
Birmingham,2016,405500,281750,Birmingham_405500_281750,21,10,2,12,9,0.16666666666666666,0.3805062184775959,92775.0,2225.0,1568.8400000000001
Birmingham,2016,405500,285750,Birmingham_405500_285750,2,1,0,1,1,0.0,0.6931471805599453,79400.0,39700.0,371.25
Birmingham,2016,405500,286000,Birmingham_405500_286000,39,16,4,20,19,0.2,0.7207060177768547,380700.0,9850.0,22812.35
Birmingham,2016,405500,286250,Birmingham_405500_286250,6,3,0,3,3,0.0,0.6931471805599453,75750.0,15000.0,415.54
Birmingham,2016,405500,286500,Birmingham_405500_286500,15,9,0,9,6,0.0,0.5004024235381879,119300.0,9500.0,1325.6799999999998
Birmingham,2016,405500,286750,Birmingham_405500_286750,3,1,0,1,2,0.0,0.6365141682948128,90050.0,14250.0,151.92000000000002
Birmingham,2016,405500,287250,Birmingham_405500_287250,2,0,0,0,2,,0.6931471805599453,185500.0,92750.0,1923.96
Birmingham,2016,405500,287500,Birmingham_405500_287500,1,1,0,1,0,0.0,-0.0,6600.0,6600.0,71.41
Birmingham,2016,405500,288250,Birmingham_405500_288250,27,17,1,18,9,0.05555555555555555,0.15841057013179086,72575.0,1825.0,4411.3
Birmingham,2016,405500,288500,Birmingham_405500_288500,3,2,0,2,1,0.0,-0.0,7300.0,1550.0,474.97
Birmingham,2016,405500,288750,Birmingham_405500_288750,5,1,2,3,2,0.6666666666666666,-0.0,5700.0,1700.0,354.86
Birmingham,2016,405500,289000,Birmingham_405500_289000,12,7,0,7,5,0.0,0.45056120886630463,57850.0,2650.0,3334.26
Birmingham,2016,405500,289250,Birmingham_405500_289250,45,23,2,25,20,0.08,0.21262682366313784,175040.0,2900.0,5708.850000000001
Birmingham,2016,405500,289500,Birmingham_405500_289500,3,3,0,3,0,0.0,-0.0,12490.0,4050.0,339.95
Birmingham,2016,405500,289750,Birmingham_405500_289750,1,1,0,1,0,0.0,-0.0,4300.0,4300.0,81.4
Birmingham,2016,405500,290000,Birmingham_405500_290000,1,1,0,1,0,0.0,-0.0,2275.0,2275.0,37.0
Birmingham,2016,405500,292750,Birmingham_405500_292750,14,6,1,7,7,0.14285714285714285,0.25731864054383163,106800.0,6500.0,4973.97
Birmingham,2016,405500,293000,Birmingham_405500_293000,9,6,0,6,3,0.0,-0.0,34600.0,4025.0,682.32
Birmingham,2016,405500,293500,Birmingham_405500_293500,1,0,0,0,1,,-0.0,37500.0,37500.0,
Birmingham,2016,405500,293750,Birmingham_405500_293750,9,6,0,6,3,0.0,-0.0,29830.0,4100.0,730.91
Birmingham,2016,405750,279250,Birmingham_405750_279250,1,0,0,0,1,,-0.0,,,36.3
Birmingham,2016,405750,280000,Birmingham_405750_280000,1,0,0,0,1,,-0.0,5700.0,5700.0,113.8
Birmingham,2016,405750,280500,Birmingham_405750_280500,2,1,0,1,1,0.0,0.6931471805599453,25250.0,25250.0,569.58
Birmingham,2016,405750,282000,Birmingham_405750_282000,8,4,1,5,3,0.2,0.37677016125643675,52750.0,3050.0,879.63
Birmingham,2016,405750,282250,Birmingham_405750_282250,7,5,0,5,2,0.0,-0.0,23250.0,4125.0,512.8000000000001
Birmingham,2016,405750,282500,Birmingham_405750_282500,5,2,0,2,3,0.0,-0.0,12000.0,3400.0,412.05999999999995
Birmingham,2016,405750,282750,Birmingham_405750_282750,6,4,0,4,2,0.0,-0.0,19950.0,3450.0,393.04
Birmingham,2016,405750,283000,Birmingham_405750_283000,14,8,0,8,6,0.0,0.410116318288409,136150.0,3500.0,951.5799999999999
Birmingham,2016,405750,283500,Birmingham_405750_283500,2,0,0,0,2,,-0.0,39100.0,19550.0,174.82999999999998
Birmingham,2016,405750,285250,Birmingham_405750_285250,9,6,0,6,3,0.0,-0.0,42250.0,4700.0,838.7
Birmingham,2016,405750,286000,Birmingham_405750_286000,8,3,0,3,5,0.0,-0.0,184750.0,40750.0,1600.4
Birmingham,2016,405750,286250,Birmingham_405750_286250,31,5,2,7,24,0.2857142857142857,0.6024402635203422,832100.0,43875.0,7136.089999999999
Birmingham,2016,405750,286500,Birmingham_405750_286500,16,6,0,6,10,0.0,0.6853142072764582,735350.0,35625.0,3773.6399999999994
Birmingham,2016,405750,286750,Birmingham_405750_286750,2,0,1,1,1,1.0,-0.0,163000.0,81500.0,318.3
Birmingham,2016,405750,287000,Birmingham_405750_287000,3,2,0,2,1,0.0,0.6365141682948128,163500.0,6000.0,6932.3
Birmingham,2016,405750,287250,Birmingham_405750_287250,20,2,10,12,8,0.8333333333333334,0.1985152433458726,53820.0,1775.0,1860.0400000000002
Birmingham,2016,405750,287500,Birmingham_405750_287500,15,7,2,9,6,0.2222222222222222,0.8608513906312316,94820.0,6000.0,1400.63
Birmingham,2016,405750,287750,Birmingham_405750_287750,6,1,1,2,4,0.5,0.45056120886630463,12075.0,3125.0,364.68
Birmingham,2016,405750,288000,Birmingham_405750_288000,9,5,2,7,2,0.2857142857142857,-0.0,20685.0,1475.0,434.7
Birmingham,2016,405750,288250,Birmingham_405750_288250,3,2,0,2,1,0.0,-0.0,16300.0,8150.0,1217.12
Birmingham,2016,405750,288500,Birmingham_405750_288500,27,13,2,15,12,0.13333333333333333,0.4194833693061807,92850.0,3450.0,3023.98
Birmingham,2016,405750,288750,Birmingham_405750_288750,1,0,0,0,1,,-0.0,1275.0,1275.0,83.33
Birmingham,2016,405750,289250,Birmingham_405750_289250,24,10,4,14,10,0.2857142857142857,0.2868359830561607,114575.0,2600.0,4296.049999999999
Birmingham,2016,405750,289500,Birmingham_405750_289500,4,1,2,3,1,0.6666666666666666,-0.0,9100.0,2325.0,255.8
Birmingham,2016,405750,290250,Birmingham_405750_290250,11,6,0,6,5,0.0,0.30463609734923813,21325.0,2250.0,717.0
Birmingham,2016,405750,290500,Birmingham_405750_290500,1,1,0,1,0,0.0,-0.0,2225.0,2225.0,82.5
Birmingham,2016,405750,293500,Birmingham_405750_293500,1,1,0,1,0,0.0,-0.0,4500.0,4500.0,68.9
Birmingham,2016,405750,294000,Birmingham_405750_294000,2,1,0,1,1,0.0,-0.0,2950.0,2950.0,297.5
Birmingham,2016,405750,294250,Birmingham_405750_294250,2,1,1,2,0,0.5,-0.0,4275.0,2137.5,79.30000000000001
Birmingham,2016,405750,294500,Birmingham_405750_294500,1,0,0,0,1,,-0.0,27500.0,27500.0,120.34
Birmingham,2016,406000,279000,Birmingham_406000_279000,3,2,0,2,1,0.0,-0.0,17600.0,4800.0,179.8
Birmingham,2016,406000,280500,Birmingham_406000_280500,2,2,0,2,0,0.0,-0.0,9750.0,4875.0,214.12
Birmingham,2016,406000,280750,Birmingham_406000_280750,1,1,0,1,0,0.0,-0.0,59000.0,59000.0,
Birmingham,2016,406000,283000,Birmingham_406000_283000,1,1,0,1,0,0.0,-0.0,2050.0,2050.0,53.24
Birmingham,2016,406000,283250,Birmingham_406000_283250,1,1,0,1,0,0.0,-0.0,4650.0,4650.0,120.5
Birmingham,2016,406000,285750,Birmingham_406000_285750,1,1,0,1,0,0.0,-0.0,1425.0,1425.0,21.67
Birmingham,2016,406000,286000,Birmingham_406000_286000,1,0,0,0,1,,-0.0,,,597.2
Birmingham,2016,406000,286250,Birmingham_406000_286250,2,1,0,1,1,0.0,0.6931471805599453,186700.0,93350.0,4689.74
Birmingham,2016,406000,286500,Birmingham_406000_286500,63,21,3,24,39,0.125,0.6205499951637219,4877500.0,95000.0,16231.439999999999
Birmingham,2016,406000,286750,Birmingham_406000_286750,7,2,0,2,5,0.0,0.6829081047004717,227550.0,31500.0,1077.09
Birmingham,2016,406000,287000,Birmingham_406000_287000,8,6,1,7,1,0.14285714285714285,0.5623351446188083,438400.0,6700.0,5406.789999999999
Birmingham,2016,406000,287250,Birmingham_406000_287250,24,10,0,10,14,0.0,0.8146445049046291,127060.0,4375.0,3377.3500000000004
Birmingham,2016,406000,287500,Birmingham_406000_287500,108,53,5,58,50,0.08620689655172414,0.9475322871862564,1020515.0,11625.0,13026.909999999998
Birmingham,2016,406000,287750,Birmingham_406000_287750,79,48,10,58,21,0.1724137931034483,0.7556051197395554,561600.0,5000.0,7513.78
Birmingham,2016,406000,288000,Birmingham_406000_288000,69,42,3,45,24,0.06666666666666667,0.5875088549781982,303870.0,4550.0,8545.659999999998
Birmingham,2016,406000,288250,Birmingham_406000_288250,19,12,0,12,7,0.0,0.8246593237664703,148900.0,9475.0,4697.740000000001
Birmingham,2016,406000,288750,Birmingham_406000_288750,9,6,1,7,2,0.14285714285714285,-0.0,24450.0,2650.0,448.14
Birmingham,2016,406000,289000,Birmingham_406000_289000,2,0,0,0,2,,-0.0,1775.0,1775.0,56.97
Birmingham,2016,406000,289250,Birmingham_406000_289250,23,15,0,15,8,0.0,0.17884491271684755,70475.0,3650.0,1752.0200000000004
Birmingham,2016,406000,289500,Birmingham_406000_289500,5,2,0,2,3,0.0,-0.0,29550.0,5300.0,499.9
Birmingham,2016,406000,289750,Birmingham_406000_289750,9,1,0,1,8,0.0,-0.0,11900.0,2950.0,739.41
Birmingham,2016,406000,290000,Birmingham_406000_290000,5,4,1,5,0,0.2,-0.0,14800.0,2275.0,350.29999999999995
Birmingham,2016,406000,290250,Birmingham_406000_290250,7,4,0,4,3,0.0,-0.0,16400.0,2725.0,410.25
Birmingham,2016,406000,290500,Birmingham_406000_290500,1,0,1,1,0,1.0,-0.0,7100.0,7100.0,183.73
Birmingham,2016,406000,290750,Birmingham_406000_290750,4,1,0,1,3,0.0,0.5623351446188083,21800.0,5050.0,475.8
Birmingham,2016,406000,292250,Birmingham_406000_292250,14,11,0,11,3,0.0,0.410116318288409,86350.0,4700.0,1702.54
Birmingham,2016,406000,293250,Birmingham_406000_293250,8,6,0,6,2,0.0,-0.0,28500.0,3200.0,424.97
Birmingham,2016,406000,294500,Birmingham_406000_294500,3,2,0,2,1,0.0,0.6365141682948128,2615000.0,1307500.0,19558.6
Birmingham,2016,406250,278500,Birmingham_406250_278500,1,0,0,0,1,,-0.0,5400.0,5400.0,114.1
Birmingham,2016,406250,278750,Birmingham_406250_278750,1,0,0,0,1,,-0.0,6200.0,6200.0,109.2
Birmingham,2016,406250,279250,Birmingham_406250_279250,5,4,0,4,1,0.0,-0.0,30950.0,5700.0,428.19000000000005
Birmingham,2016,406250,279750,Birmingham_406250_279750,9,6,0,6,3,0.0,-0.0,22800.0,2450.0,644.1
Birmingham,2016,406250,280500,Birmingham_406250_280500,1,1,0,1,0,0.0,-0.0,1925.0,1925.0,35.6
Birmingham,2016,406250,280750,Birmingham_406250_280750,7,5,0,5,2,0.0,-0.0,43250.0,5000.0,644.2800000000001
Birmingham,2016,406250,281000,Birmingham_406250_281000,32,20,1,21,11,0.047619047619047616,0.4141240568744845,239100.0,5500.0,2860.8599999999997
Birmingham,2016,406250,281250,Birmingham_406250_281250,1,1,0,1,0,0.0,-0.0,7100.0,7100.0,262.4
Birmingham,2016,406250,282000,Birmingham_406250_282000,10,5,1,6,4,0.16666666666666666,0.3250829733914482,62925.0,3950.0,1120.75
Birmingham,2016,406250,284000,Birmingham_406250_284000,1,0,0,0,1,,-0.0,194000.0,194000.0,1391.59
Birmingham,2016,406250,284250,Birmingham_406250_284250,9,6,0,6,3,0.0,0.5297061990576545,54600.0,5200.0,579.8499999999999
Birmingham,2016,406250,284750,Birmingham_406250_284750,1,1,0,1,0,0.0,-0.0,4350.0,4350.0,58.9
Birmingham,2016,406250,285250,Birmingham_406250_285250,2,0,0,0,2,,-0.0,101000.0,101000.0,1235.01
Birmingham,2016,406250,285750,Birmingham_406250_285750,1,1,0,1,0,0.0,-0.0,20750.0,20750.0,239.61
Birmingham,2016,406250,286000,Birmingham_406250_286000,3,2,0,2,1,0.0,-0.0,72000.0,36000.0,776.4
Birmingham,2016,406250,286250,Birmingham_406250_286250,88,28,2,30,58,0.06666666666666667,0.6069636115082722,2311400.0,32250.0,20583.86
Birmingham,2016,406250,286500,Birmingham_406250_286500,5,2,0,2,3,0.0,0.6730116670092565,139000.0,23500.0,425.59000000000003
Birmingham,2016,406250,286750,Birmingham_406250_286750,31,0,1,1,30,1.0,0.5710227109429162,10000.0,10000.0,3439.6800000000003
Birmingham,2016,406250,287000,Birmingham_406250_287000,10,7,0,7,3,0.0,0.5004024235381879,320750.0,44750.0,791.4
Birmingham,2016,406250,287250,Birmingham_406250_287250,17,11,2,13,4,0.15384615384615385,0.649248354870898,231900.0,9500.0,2578.73
Birmingham,2016,406250,287500,Birmingham_406250_287500,27,15,0,15,12,0.0,0.6298309121390556,114385.0,4800.0,2488.8299999999995
Birmingham,2016,406250,287750,Birmingham_406250_287750,47,19,8,27,20,0.2962962962962963,0.7523072249169662,402125.0,6450.0,9238.24
Birmingham,2016,406250,288000,Birmingham_406250_288000,19,10,0,10,9,0.0,0.8785250991271565,204650.0,9200.0,9240.74
Birmingham,2016,406250,289000,Birmingham_406250_289000,4,2,0,2,2,0.0,0.5623351446188083,10300.0,2300.0,203.51
Birmingham,2016,406250,289250,Birmingham_406250_289250,63,33,1,34,29,0.029411764705882353,0.16276479441419955,293525.0,5700.0,11341.449999999999
Birmingham,2016,406250,289500,Birmingham_406250_289500,2,0,0,0,2,,0.6931471805599453,50425.0,25212.5,313.57
Birmingham,2016,406250,289750,Birmingham_406250_289750,3,2,0,2,1,0.0,0.6365141682948128,18925.0,6500.0,175.8
Birmingham,2016,406250,290000,Birmingham_406250_290000,11,8,0,8,3,0.0,-0.0,35250.0,2500.0,1005.1999999999999
Birmingham,2016,406250,290750,Birmingham_406250_290750,1,1,0,1,0,0.0,-0.0,13250.0,13250.0,732.97
Birmingham,2016,406250,291000,Birmingham_406250_291000,1,1,0,1,0,0.0,-0.0,9000.0,9000.0,
Birmingham,2016,406250,293000,Birmingham_406250_293000,13,8,0,8,5,0.0,0.5402041423888608,49600.0,4750.0,1142.0
Birmingham,2016,406250,294750,Birmingham_406250_294750,5,4,1,5,0,0.2,0.5004024235381879,17325.0,3300.0,569.7
Birmingham,2016,406500,280250,Birmingham_406500_280250,2,0,0,0,2,,-0.0,,,
Birmingham,2016,406500,285000,Birmingham_406500_285000,4,4,0,4,0,0.0,-0.0,19700.0,6900.0,591.7
Birmingham,2016,406500,285250,Birmingham_406500_285250,2,2,0,2,0,0.0,-0.0,7550.0,3775.0,129.3
Birmingham,2016,406500,286000,Birmingham_406500_286000,11,7,0,7,4,0.0,0.9164648855394713,62540.0,4125.0,2459.5
Birmingham,2016,406500,286250,Birmingham_406500_286250,12,9,0,9,3,0.0,1.0397207708399179,1073950.0,41875.0,7431.28
Birmingham,2016,406500,286500,Birmingham_406500_286500,29,10,1,11,18,0.09090909090909091,0.14999492361041503,585400.0,22250.0,3175.34
Birmingham,2016,406500,286750,Birmingham_406500_286750,13,3,3,6,7,0.5,0.6901856760188042,228850.0,16375.0,1980.02
Birmingham,2016,406500,287000,Birmingham_406500_287000,67,30,9,39,28,0.23076923076923078,0.5960062534916691,597075.0,1837.5,5399.82
Birmingham,2016,406500,287250,Birmingham_406500_287250,14,7,1,8,6,0.125,0.8304717124362917,302200.0,23250.0,1196.81
Birmingham,2016,406500,287500,Birmingham_406500_287500,25,14,3,17,8,0.17647058823529413,0.703843328477728,169850.0,7300.0,4715.51
Birmingham,2016,406500,287750,Birmingham_406500_287750,2,0,0,0,2,,-0.0,2900.0,2900.0,382.32
Birmingham,2016,406500,288000,Birmingham_406500_288000,14,5,0,5,9,0.0,0.509137344082687,53050.0,4200.0,1157.0
Birmingham,2016,406500,288750,Birmingham_406500_288750,11,3,3,6,5,0.5,-0.0,30750.0,2750.0,780.18
Birmingham,2016,406500,289000,Birmingham_406500_289000,1,0,0,0,1,,-0.0,10000.0,10000.0,
Birmingham,2016,406500,289250,Birmingham_406500_289250,33,18,1,19,14,0.05263157894736842,0.30463609734923813,144025.0,3900.0,4937.57
Birmingham,2016,406500,289500,Birmingham_406500_289500,5,3,0,3,2,0.0,-0.0,27275.0,6300.0,745.47
Birmingham,2016,406500,289750,Birmingham_406500_289750,21,13,0,13,8,0.0,0.3805062184775959,143000.0,6400.0,2518.6800000000003
Birmingham,2016,406500,290750,Birmingham_406500_290750,35,17,0,17,18,0.0,0.3470668257548097,170925.0,4300.0,3755.8299999999995
Birmingham,2016,406500,291000,Birmingham_406500_291000,115,42,1,43,72,0.023255813953488372,0.24103132058076904,1132925.0,6000.0,5601.73
Birmingham,2016,406500,291750,Birmingham_406500_291750,11,9,0,9,2,0.0,0.30463609734923813,139850.0,6800.0,1235.38
Birmingham,2016,406500,293000,Birmingham_406500_293000,9,7,0,7,2,0.0,0.5297061990576545,152050.0,3700.0,600.52
Birmingham,2016,406500,293250,Birmingham_406500_293250,6,6,0,6,0,0.0,-0.0,25050.0,4175.0,320.7
Birmingham,2016,406500,293750,Birmingham_406500_293750,9,4,0,4,5,0.0,-0.0,24800.0,3925.0,543.79
Birmingham,2016,406500,294000,Birmingham_406500_294000,5,3,0,3,2,0.0,-0.0,24050.0,4850.0,558.6500000000001
Birmingham,2016,406500,295000,Birmingham_406500_295000,4,4,0,4,0,0.0,-0.0,16400.0,4050.0,245.82999999999998
Birmingham,2016,406750,278500,Birmingham_406750_278500,8,6,0,6,2,0.0,0.37677016125643675,25125.0,3175.0,1140.8999999999999
Birmingham,2016,406750,279500,Birmingham_406750_279500,4,2,0,2,2,0.0,0.5623351446188083,23600.0,8600.0,602.4
Birmingham,2016,406750,280000,Birmingham_406750_280000,8,8,0,8,0,0.0,-0.0,30400.0,3825.0,481.05
Birmingham,2016,406750,281000,Birmingham_406750_281000,2,2,0,2,0,0.0,0.6931471805599453,82550.0,41275.0,74.0
Birmingham,2016,406750,281750,Birmingham_406750_281750,6,4,0,4,2,0.0,-0.0,20375.0,1775.0,451.1
Birmingham,2016,406750,285000,Birmingham_406750_285000,5,4,0,4,1,0.0,-0.0,28000.0,6750.0,542.29
Birmingham,2016,406750,285500,Birmingham_406750_285500,1,1,0,1,0,0.0,-0.0,249000.0,249000.0,4520.45
Birmingham,2016,406750,285750,Birmingham_406750_285750,33,10,2,12,21,0.16666666666666666,0.7733057755573662,54800.0,3725.0,10976.55
Birmingham,2016,406750,286000,Birmingham_406750_286000,36,18,4,22,14,0.18181818181818182,1.0471745538422783,338650.0,12750.0,7987.230000000001
Birmingham,2016,406750,286250,Birmingham_406750_286250,78,39,4,43,35,0.09302325581395349,0.8290757796482326,1681775.0,12000.0,16997.75
Birmingham,2016,406750,286500,Birmingham_406750_286500,220,45,5,50,170,0.1,0.5284053712855556,7903150.0,34000.0,64941.92999999999
Birmingham,2016,406750,286750,Birmingham_406750_286750,208,105,9,114,94,0.07894736842105263,0.6597865927393364,10184900.0,35750.0,41061.86
Birmingham,2016,406750,287000,Birmingham_406750_287000,50,17,7,24,26,0.2916666666666667,0.7641870673072082,1530680.0,29750.0,12757.220000000003
Birmingham,2016,406750,287250,Birmingham_406750_287250,9,5,0,5,4,0.0,0.34883209584303193,99800.0,9650.0,900.14
Birmingham,2016,406750,287500,Birmingham_406750_287500,11,5,1,6,5,0.16666666666666666,0.7595473914748635,101250.0,5500.0,2763.4300000000003
Birmingham,2016,406750,287750,Birmingham_406750_287750,10,4,0,4,6,0.0,0.3250829733914482,39300.0,4225.0,1338.42
Birmingham,2016,406750,288000,Birmingham_406750_288000,5,4,1,5,0,0.2,0.6730116670092565,14700.0,2075.0,194.4
Birmingham,2016,406750,288250,Birmingham_406750_288250,2,1,0,1,1,0.0,-0.0,12900.0,6450.0,239.1
Birmingham,2016,406750,288500,Birmingham_406750_288500,2,1,0,1,1,0.0,-0.0,7100.0,3550.0,86.80000000000001
Birmingham,2016,406750,289250,Birmingham_406750_289250,16,6,1,7,9,0.14285714285714285,0.46341355882643,47235.0,3400.0,2793.4
Birmingham,2016,406750,289500,Birmingham_406750_289500,25,18,0,18,7,0.0,0.167944147734173,94475.0,4150.0,2926.8500000000004
Birmingham,2016,406750,289750,Birmingham_406750_289750,1,0,0,0,1,,-0.0,10000.0,10000.0,45.8
Birmingham,2016,406750,290500,Birmingham_406750_290500,21,9,0,9,12,0.0,0.5010469137590966,169900.0,6050.0,4624.469999999999
Birmingham,2016,406750,290750,Birmingham_406750_290750,36,24,2,26,10,0.07692307692307693,0.40294135786694235,160325.0,3750.0,2726.9199999999996
Birmingham,2016,406750,291250,Birmingham_406750_291250,62,31,4,35,27,0.11428571428571428,0.7160029438071991,6383025.0,82000.0,46447.009999999995
Birmingham,2016,406750,293500,Birmingham_406750_293500,3,1,0,1,2,0.0,-0.0,8400.0,8400.0,95.4
Birmingham,2016,406750,294500,Birmingham_406750_294500,2,2,0,2,0,0.0,-0.0,10150.0,5075.0,158.43
Birmingham,2016,406750,294750,Birmingham_406750_294750,4,1,0,1,3,0.0,-0.0,3100.0,3100.0,676.7
Birmingham,2016,407000,278250,Birmingham_407000_278250,1,1,0,1,0,0.0,-0.0,3250.0,3250.0,59.2
Birmingham,2016,407000,279000,Birmingham_407000_279000,1,1,0,1,0,0.0,-0.0,3000.0,3000.0,115.0
Birmingham,2016,407000,281250,Birmingham_407000_281250,1,1,0,1,0,0.0,-0.0,3200.0,3200.0,41.3
Birmingham,2016,407000,281500,Birmingham_407000_281500,3,3,0,3,0,0.0,0.6365141682948128,35075.0,9600.0,374.85
Birmingham,2016,407000,281750,Birmingham_407000_281750,18,12,0,12,6,0.0,0.34883209584303193,97050.0,5275.0,3556.1299999999997
Birmingham,2016,407000,282000,Birmingham_407000_282000,2,2,0,2,0,0.0,-0.0,9950.0,4975.0,120.16999999999999
Birmingham,2016,407000,284000,Birmingham_407000_284000,1,0,0,0,1,,-0.0,,,47.3
Birmingham,2016,407000,284250,Birmingham_407000_284250,24,12,2,14,10,0.14285714285714285,-0.0,84570.0,3200.0,2174.69
Birmingham,2016,407000,284500,Birmingham_407000_284500,5,1,0,1,4,0.0,-0.0,19500.0,3150.0,330.20000000000005
Birmingham,2016,407000,285500,Birmingham_407000_285500,2,1,0,1,1,0.0,-0.0,3600.0,3600.0,137.1
Birmingham,2016,407000,285750,Birmingham_407000_285750,11,3,1,4,7,0.25,0.6554817739013927,62600.0,10250.0,1344.79
Birmingham,2016,407000,286000,Birmingham_407000_286000,40,16,3,19,21,0.15789473684210525,0.6108643020548935,607900.0,18000.0,4197.14
Birmingham,2016,407000,286250,Birmingham_407000_286250,92,46,6,52,40,0.11538461538461539,0.7455134001124886,3191350.0,18000.0,15830.470000000001
Birmingham,2016,407000,286500,Birmingham_407000_286500,314,155,14,169,145,0.08284023668639054,0.5009269492225394,34571958.0,88000.0,106167.92
Birmingham,2016,407000,286750,Birmingham_407000_286750,184,70,15,85,99,0.17647058823529413,0.7858876624438204,19662401.0,70000.0,131325.53
Birmingham,2016,407000,287000,Birmingham_407000_287000,121,56,7,63,58,0.1111111111111111,0.41434702873297663,4477695.0,19250.0,66761.64
Birmingham,2016,407000,287250,Birmingham_407000_287250,14,6,0,6,8,0.0,0.5195798391305154,149500.0,6600.0,1405.38
Birmingham,2016,407000,287500,Birmingham_407000_287500,6,3,0,3,3,0.0,0.6365141682948128,43035.0,5950.0,416.29999999999995
Birmingham,2016,407000,287750,Birmingham_407000_287750,7,4,0,4,3,0.0,0.9556998911125343,77700.0,11250.0,2989.8899999999994
Birmingham,2016,407000,288000,Birmingham_407000_288000,17,7,3,10,7,0.3,0.9560443809671457,76020.0,2150.0,4361.98
Birmingham,2016,407000,288250,Birmingham_407000_288250,2,0,0,0,2,,0.6931471805599453,90000.0,90000.0,2438.5299999999997
Birmingham,2016,407000,288500,Birmingham_407000_288500,2,2,0,2,0,0.0,-0.0,9400.0,4700.0,107.5
Birmingham,2016,407000,288750,Birmingham_407000_288750,20,6,3,9,11,0.3333333333333333,0.39439769144744274,275850.0,5700.0,4265.91
Birmingham,2016,407000,289000,Birmingham_407000_289000,2,0,0,0,2,,-0.0,1375.0,1375.0,276.3
Birmingham,2016,407000,289250,Birmingham_407000_289250,7,7,0,7,0,0.0,-0.0,23600.0,2800.0,508.20000000000005
Birmingham,2016,407000,289500,Birmingham_407000_289500,1,1,0,1,0,0.0,-0.0,11000.0,11000.0,148.6
Birmingham,2016,407000,289750,Birmingham_407000_289750,5,2,0,2,3,0.0,-0.0,20750.0,4400.0,441.63
Birmingham,2016,407000,290000,Birmingham_407000_290000,1,1,0,1,0,0.0,-0.0,3900.0,3900.0,76.1
Birmingham,2016,407000,290750,Birmingham_407000_290750,1,0,1,1,0,1.0,-0.0,20250.0,20250.0,
Birmingham,2016,407000,291000,Birmingham_407000_291000,1,0,0,0,1,,-0.0,11500.0,11500.0,192.2
Birmingham,2016,407000,291250,Birmingham_407000_291250,3,2,0,2,1,0.0,0.6365141682948128,16100.0,8050.0,416.75
Birmingham,2016,407000,291500,Birmingham_407000_291500,1,1,0,1,0,0.0,-0.0,8300.0,8300.0,138.0
Birmingham,2016,407000,291750,Birmingham_407000_291750,2,1,0,1,1,0.0,-0.0,8200.0,8200.0,1939.1699999999998
Birmingham,2016,407000,292000,Birmingham_407000_292000,9,4,0,4,5,0.0,1.0608569471580214,192800.0,3500.0,6910.5
Birmingham,2016,407000,292500,Birmingham_407000_292500,2,0,1,1,1,1.0,-0.0,60000.0,60000.0,925.25
Birmingham,2016,407000,292750,Birmingham_407000_292750,4,2,0,2,2,0.0,1.0397207708399179,9810.0,2600.0,166.72
Birmingham,2016,407000,293250,Birmingham_407000_293250,10,6,0,6,4,0.0,0.3250829733914482,38850.0,3875.0,537.47
Birmingham,2016,407000,293500,Birmingham_407000_293500,1,1,0,1,0,0.0,-0.0,60000.0,60000.0,
Birmingham,2016,407000,293750,Birmingham_407000_293750,4,3,0,3,1,0.0,0.5623351446188083,12700.0,3225.0,179.26999999999998
Birmingham,2016,407000,294000,Birmingham_407000_294000,1,0,0,0,1,,-0.0,6100.0,6100.0,105.8
Birmingham,2016,407000,294500,Birmingham_407000_294500,3,2,0,2,1,0.0,-0.0,8500.0,2650.0,159.3
Birmingham,2016,407000,294750,Birmingham_407000_294750,6,3,0,3,3,0.0,0.8675632284814612,46880.0,6200.0,568.8000000000001
Birmingham,2016,407000,295750,Birmingham_407000_295750,7,6,0,6,1,0.0,-0.0,35300.0,4300.0,1077.17
Birmingham,2016,407250,278500,Birmingham_407250_278500,1,1,0,1,0,0.0,-0.0,3550.0,3550.0,59.5
Birmingham,2016,407250,278750,Birmingham_407250_278750,1,0,0,0,1,,-0.0,3900.0,3900.0,126.2
Birmingham,2016,407250,280250,Birmingham_407250_280250,23,16,0,16,7,0.0,0.559834325921902,275250.0,4400.0,4483.570000000001
Birmingham,2016,407250,280500,Birmingham_407250_280500,7,7,0,7,0,0.0,0.410116318288409,63450.0,4800.0,358.59999999999997
Birmingham,2016,407250,281000,Birmingham_407250_281000,1,1,0,1,0,0.0,-0.0,12750.0,12750.0,31.7
Birmingham,2016,407250,281250,Birmingham_407250_281250,16,9,1,10,6,0.1,0.37677016125643675,695000.0,13250.0,10881.96
Birmingham,2016,407250,281500,Birmingham_407250_281500,44,25,1,26,18,0.038461538461538464,0.6368356377023034,1301550.0,24375.0,7755.21
Birmingham,2016,407250,281750,Birmingham_407250_281750,122,59,3,62,60,0.04838709677419355,0.646208697965579,3337800.0,15500.0,26311.420000000002
Birmingham,2016,407250,282000,Birmingham_407250_282000,74,46,0,46,28,0.0,0.7813377741952763,1153200.0,9900.0,14128.51
Birmingham,2016,407250,283250,Birmingham_407250_283250,1,0,1,1,0,1.0,-0.0,1750.0,1750.0,32.7
Birmingham,2016,407250,284000,Birmingham_407250_284000,11,5,2,7,4,0.2857142857142857,0.47413931305783735,27225.0,4150.0,700.6
Birmingham,2016,407250,284250,Birmingham_407250_284250,17,11,1,12,5,0.08333333333333333,0.22371807606583377,59885.0,2900.0,1019.1499999999999
Birmingham,2016,407250,285250,Birmingham_407250_285250,23,14,0,14,9,0.0,0.46203690946645704,94800.0,4450.0,3914.23
Birmingham,2016,407250,285500,Birmingham_407250_285500,19,10,1,11,8,0.09090909090909091,1.045978165699395,233675.0,8600.0,5787.96
Birmingham,2016,407250,285750,Birmingham_407250_285750,15,6,2,8,7,0.25,0.8823109245150755,44350.0,4500.0,514.4000000000001
Birmingham,2016,407250,286000,Birmingham_407250_286000,13,6,1,7,6,0.14285714285714285,0.7902679680745903,80940.0,4800.0,4292.819999999999
Birmingham,2016,407250,286250,Birmingham_407250_286250,237,99,11,110,127,0.1,0.07594438014432091,1103068.0,3400.0,7771.23
Birmingham,2016,407250,286500,Birmingham_407250_286500,58,22,3,25,33,0.12,0.9392508347607454,9916500.0,104000.0,52410.76
Birmingham,2016,407250,286750,Birmingham_407250_286750,101,13,41,54,47,0.7592592592592593,0.5987513134888123,3996850.0,1000.0,37667.020000000004
Birmingham,2016,407250,287000,Birmingham_407250_287000,96,33,6,39,57,0.15384615384615385,0.6964201725173671,2556710.0,17250.0,45280.05
Birmingham,2016,407250,287250,Birmingham_407250_287250,42,26,7,33,9,0.21212121212121213,0.7322261769722849,500425.0,10500.0,5515.070000000001
Birmingham,2016,407250,287500,Birmingham_407250_287500,4,1,0,1,3,0.0,0.5623351446188083,27500.0,27500.0,594.19
Birmingham,2016,407250,287750,Birmingham_407250_287750,2,0,2,2,0,1.0,0.6931471805599453,51750.0,25875.0,373.83
Birmingham,2016,407250,288000,Birmingham_407250_288000,4,1,0,1,3,0.0,1.0397207708399179,596975.0,298487.5,4332.3
Birmingham,2016,407250,288250,Birmingham_407250_288250,1,0,0,0,1,,-0.0,,,1011.08
Birmingham,2016,407250,288500,Birmingham_407250_288500,9,3,1,4,5,0.25,-0.0,1050000.0,24250.0,2410.8900000000003
Birmingham,2016,407250,288750,Birmingham_407250_288750,2,2,0,2,0,0.0,0.6931471805599453,42350.0,21175.0,232.4
Birmingham,2016,407250,289000,Birmingham_407250_289000,1,1,0,1,0,0.0,-0.0,9000.0,9000.0,236.7
Birmingham,2016,407250,289250,Birmingham_407250_289250,2,1,0,1,1,0.0,-0.0,6500.0,6500.0,323.0
Birmingham,2016,407250,289500,Birmingham_407250_289500,8,6,0,6,2,0.0,-0.0,33250.0,3700.0,412.87
Birmingham,2016,407250,289750,Birmingham_407250_289750,30,19,0,19,11,0.0,0.1461447460085638,100850.0,4250.0,2512.9500000000003
Birmingham,2016,407250,290000,Birmingham_407250_290000,10,4,0,4,6,0.0,-0.0,40675.0,4675.0,1387.6700000000003
Birmingham,2016,407250,290250,Birmingham_407250_290250,6,6,0,6,0,0.0,-0.0,21100.0,2487.5,745.51
Birmingham,2016,407250,290500,Birmingham_407250_290500,5,3,0,3,2,0.0,0.5004024235381879,12000.0,2425.0,269.01
Birmingham,2016,407250,291250,Birmingham_407250_291250,1,1,0,1,0,0.0,-0.0,7000.0,7000.0,122.3
Birmingham,2016,407250,292000,Birmingham_407250_292000,1,0,0,0,1,,-0.0,610000.0,610000.0,6054.9
Birmingham,2016,407250,292250,Birmingham_407250_292250,2,2,0,2,0,0.0,-0.0,5400.0,2700.0,131.34
Birmingham,2016,407250,292500,Birmingham_407250_292500,4,2,1,3,1,0.3333333333333333,0.5623351446188083,195200.0,65000.0,7140.8
Birmingham,2016,407250,292750,Birmingham_407250_292750,3,2,0,2,1,0.0,-0.0,7800.0,2550.0,126.5
Birmingham,2016,407250,293000,Birmingham_407250_293000,3,2,0,2,1,0.0,0.6365141682948128,7390.0,3350.0,99.4
Birmingham,2016,407250,293250,Birmingham_407250_293250,3,2,0,2,1,0.0,-0.0,12250.0,3900.0,242.7
Birmingham,2016,407250,293500,Birmingham_407250_293500,3,0,0,0,3,,-0.0,6975.0,3487.5,262.78
Birmingham,2016,407250,294000,Birmingham_407250_294000,1,0,0,0,1,,-0.0,30000.0,30000.0,
Birmingham,2016,407250,295000,Birmingham_407250_295000,1,1,0,1,0,0.0,-0.0,4950.0,4950.0,89.2
Birmingham,2016,407250,295500,Birmingham_407250_295500,12,9,0,9,3,0.0,0.8239592165010823,39575.0,2850.0,1069.09
Birmingham,2016,407250,295750,Birmingham_407250_295750,1,1,0,1,0,0.0,-0.0,53000.0,53000.0,
Birmingham,2016,407500,278750,Birmingham_407500_278750,9,4,0,4,5,0.0,-0.0,26750.0,3450.0,1085.7
Birmingham,2016,407500,279500,Birmingham_407500_279500,1,1,0,1,0,0.0,-0.0,1000.0,1000.0,26.15
Birmingham,2016,407500,280250,Birmingham_407500_280250,1,1,0,1,0,0.0,-0.0,2550.0,2550.0,103.3
Birmingham,2016,407500,281000,Birmingham_407500_281000,3,2,0,2,1,0.0,-0.0,21900.0,3800.0,136.97
Birmingham,2016,407500,281250,Birmingham_407500_281250,3,1,1,2,1,0.5,-0.0,39750.0,9900.0,627.15
Birmingham,2016,407500,281500,Birmingham_407500_281500,5,2,2,4,1,0.5,0.5004024235381879,21850.0,4550.0,554.78
Birmingham,2016,407500,281750,Birmingham_407500_281750,20,11,1,12,8,0.08333333333333333,0.1985152433458726,142125.0,8100.0,1842.1499999999996
Birmingham,2016,407500,282000,Birmingham_407500_282000,10,8,0,8,2,0.0,0.639031859650177,44325.0,4250.0,675.26
Birmingham,2016,407500,282250,Birmingham_407500_282250,1,1,0,1,0,0.0,-0.0,3200.0,3200.0,64.2
Birmingham,2016,407500,282750,Birmingham_407500_282750,4,2,0,2,2,0.0,0.6931471805599453,87100.0,10500.0,296.98
Birmingham,2016,407500,283000,Birmingham_407500_283000,39,18,0,18,21,0.0,0.7748630698702919,646250.0,13750.0,4736.759999999999
Birmingham,2016,407500,283250,Birmingham_407500_283250,19,11,0,11,8,0.0,0.8539446982794194,345850.0,7100.0,6883.24
Birmingham,2016,407500,283500,Birmingham_407500_283500,5,3,0,3,2,0.0,0.6730116670092565,131950.0,5100.0,1773.1399999999999
Birmingham,2016,407500,283750,Birmingham_407500_283750,1,1,0,1,0,0.0,-0.0,2275.0,2275.0,78.5
Birmingham,2016,407500,284000,Birmingham_407500_284000,5,2,2,4,1,0.5,0.5004024235381879,15050.0,775.0,233.64000000000001
Birmingham,2016,407500,284250,Birmingham_407500_284250,3,2,0,2,1,0.0,0.6365141682948128,17700.0,4550.0,130.6
Birmingham,2016,407500,284500,Birmingham_407500_284500,1,0,0,0,1,,-0.0,8400.0,8400.0,165.9
Birmingham,2016,407500,285000,Birmingham_407500_285000,2,2,0,2,0,0.0,0.6931471805599453,14400.0,7200.0,215.67
Birmingham,2016,407500,285250,Birmingham_407500_285250,8,5,0,5,3,0.0,0.37677016125643675,23300.0,3950.0,519.5
Birmingham,2016,407500,285500,Birmingham_407500_285500,5,3,0,3,2,0.0,0.5004024235381879,18700.0,2450.0,431.2
Birmingham,2016,407500,285750,Birmingham_407500_285750,4,2,0,2,2,0.0,0.6931471805599453,38800.0,8600.0,1578.13
Birmingham,2016,407500,286000,Birmingham_407500_286000,5,1,1,2,3,0.5,0.9502705392332347,60600.0,6600.0,943.74
Birmingham,2016,407500,286250,Birmingham_407500_286250,38,15,2,17,21,0.11764705882352941,0.8246593237664703,384100.0,9350.0,7567.46
Birmingham,2016,407500,286500,Birmingham_407500_286500,10,2,1,3,7,0.3333333333333333,-0.0,74800.0,9275.0,2652.0199999999995
Birmingham,2016,407500,286750,Birmingham_407500_286750,10,3,1,4,6,0.25,0.6931471805599453,54750.0,7150.0,1268.36
Birmingham,2016,407500,287000,Birmingham_407500_287000,10,5,0,5,5,0.0,-0.0,162950.0,18125.0,1706.21
Birmingham,2016,407500,287500,Birmingham_407500_287500,15,2,2,4,11,0.5,0.39267446722755217,127750.0,33375.0,1844.4699999999998
Birmingham,2016,407500,287750,Birmingham_407500_287750,1,0,0,0,1,,-0.0,74000.0,74000.0,
Birmingham,2016,407500,288000,Birmingham_407500_288000,1,1,0,1,0,0.0,-0.0,3500.0,3500.0,96.2
Birmingham,2016,407500,288500,Birmingham_407500_288500,27,10,1,11,16,0.09090909090909091,-0.0,94150.0,2437.5,2962.6000000000004
Birmingham,2016,407500,288750,Birmingham_407500_288750,2,1,0,1,1,0.0,-0.0,4350.0,4350.0,206.4
Birmingham,2016,407500,289250,Birmingham_407500_289250,3,3,0,3,0,0.0,-0.0,14050.0,3550.0,308.79999999999995
Birmingham,2016,407500,289500,Birmingham_407500_289500,5,4,0,4,1,0.0,-0.0,10100.0,2650.0,588.5
Birmingham,2016,407500,289750,Birmingham_407500_289750,3,2,0,2,1,0.0,-0.0,11900.0,5950.0,683.05
Birmingham,2016,407500,290000,Birmingham_407500_290000,40,28,2,30,10,0.06666666666666667,0.23317260237386989,181975.0,3750.0,2997.5600000000004
Birmingham,2016,407500,290250,Birmingham_407500_290250,12,8,1,9,3,0.1111111111111111,0.45056120886630463,39525.0,3850.0,625.33
Birmingham,2016,407500,290500,Birmingham_407500_290500,6,5,0,5,1,0.0,-0.0,13610.0,2037.5,402.81
Birmingham,2016,407500,292500,Birmingham_407500_292500,1,1,0,1,0,0.0,-0.0,11000.0,11000.0,185.5
Birmingham,2016,407500,293000,Birmingham_407500_293000,14,5,3,8,6,0.375,0.509137344082687,134300.0,4750.0,1687.4300000000003
Birmingham,2016,407500,295000,Birmingham_407500_295000,5,3,0,3,2,0.0,-0.0,17550.0,3800.0,307.65999999999997
Birmingham,2016,407750,278250,Birmingham_407750_278250,3,2,0,2,1,0.0,0.6365141682948128,1805100.0,902550.0,14520.34
Birmingham,2016,407750,278500,Birmingham_407750_278500,23,11,0,11,12,0.0,0.7400116657311008,372325.0,7100.0,5963.969999999999
Birmingham,2016,407750,278750,Birmingham_407750_278750,1,1,0,1,0,0.0,-0.0,10000.0,10000.0,155.0
Birmingham,2016,407750,279000,Birmingham_407750_279000,11,6,0,6,5,0.0,0.47413931305783735,76250.0,6150.0,1172.68
Birmingham,2016,407750,279250,Birmingham_407750_279250,13,7,0,7,6,0.0,-0.0,53400.0,5700.0,1254.01
Birmingham,2016,407750,279500,Birmingham_407750_279500,1,1,0,1,0,0.0,-0.0,36500.0,36500.0,
Birmingham,2016,407750,281250,Birmingham_407750_281250,2,1,0,1,1,0.0,-0.0,5250.0,2625.0,144.76
Birmingham,2016,407750,281750,Birmingham_407750_281750,2,1,0,1,1,0.0,-0.0,2900.0,2900.0,223.4
Birmingham,2016,407750,283000,Birmingham_407750_283000,45,27,3,30,15,0.1,0.6306156282838766,586600.0,8200.0,7675.000000000001
Birmingham,2016,407750,283250,Birmingham_407750_283250,23,9,4,13,10,0.3076923076923077,0.5739644913933235,178400.0,5400.0,1799.3
Birmingham,2016,407750,283750,Birmingham_407750_283750,2,0,0,0,2,,0.6931471805599453,8800.0,4400.0,176.1
Birmingham,2016,407750,284000,Birmingham_407750_284000,25,16,1,17,8,0.058823529411764705,0.958944995575212,444360.0,6300.0,5717.339999999999
Birmingham,2016,407750,284250,Birmingham_407750_284250,33,14,0,14,19,0.0,0.8070560675328702,150700.0,5800.0,6855.18
Birmingham,2016,407750,284500,Birmingham_407750_284500,25,12,1,13,12,0.07692307692307693,0.6004829082458254,286150.0,4900.0,6796.290000000001
Birmingham,2016,407750,284750,Birmingham_407750_284750,5,3,0,3,2,0.0,0.9502705392332347,117250.0,19375.0,3024.2100000000005
Birmingham,2016,407750,285000,Birmingham_407750_285000,2,0,1,1,1,1.0,-0.0,635000.0,317500.0,3841.55
Birmingham,2016,407750,285250,Birmingham_407750_285250,5,1,0,1,4,0.0,0.6730116670092565,62300.0,5100.0,1434.93
Birmingham,2016,407750,285500,Birmingham_407750_285500,2,0,0,0,2,,0.6931471805599453,10250.0,10250.0,154.6
Birmingham,2016,407750,285750,Birmingham_407750_285750,6,3,0,3,3,0.0,0.6931471805599453,36550.0,9050.0,527.99
Birmingham,2016,407750,286000,Birmingham_407750_286000,6,3,1,4,2,0.25,0.6365141682948128,116350.0,17000.0,1247.51
Birmingham,2016,407750,286250,Birmingham_407750_286250,68,31,5,36,32,0.1388888888888889,0.2984358127031066,291890.0,4050.0,6491.849999999999
Birmingham,2016,407750,286500,Birmingham_407750_286500,6,4,1,5,1,0.2,0.45056120886630463,17550.0,4050.0,419.21999999999997
Birmingham,2016,407750,286750,Birmingham_407750_286750,6,2,0,2,4,0.0,0.6931471805599453,81250.0,8600.0,1003.4200000000001
Birmingham,2016,407750,287000,Birmingham_407750_287000,2,1,0,1,1,0.0,-0.0,15800.0,7900.0,136.61
Birmingham,2016,407750,287500,Birmingham_407750_287500,2,0,1,1,1,1.0,-0.0,20000.0,20000.0,
Birmingham,2016,407750,287750,Birmingham_407750_287750,1,0,0,0,1,,-0.0,15500.0,15500.0,206.62
Birmingham,2016,407750,288250,Birmingham_407750_288250,20,15,0,15,5,0.0,0.1985152433458726,27905.0,1100.0,1404.8
Birmingham,2016,407750,288500,Birmingham_407750_288500,2,1,0,1,1,0.0,0.6931471805599453,42500.0,21250.0,591.85
Birmingham,2016,407750,289250,Birmingham_407750_289250,1,1,0,1,0,0.0,-0.0,14000.0,14000.0,42.3
Birmingham,2016,407750,290250,Birmingham_407750_290250,17,9,0,9,8,0.0,0.22371807606583377,75050.0,4175.0,1572.5900000000001
Birmingham,2016,407750,290500,Birmingham_407750_290500,14,9,0,9,5,0.0,0.8953326659680909,1785950.0,4700.0,16125.64
Birmingham,2016,407750,292000,Birmingham_407750_292000,1,0,0,0,1,,-0.0,5300.0,5300.0,84.0
Birmingham,2016,407750,293250,Birmingham_407750_293250,1,1,0,1,0,0.0,-0.0,4850.0,4850.0,60.9
Birmingham,2016,407750,293500,Birmingham_407750_293500,39,21,0,21,18,0.0,0.4373186586104318,386125.0,11000.0,6445.19
Birmingham,2016,407750,293750,Birmingham_407750_293750,20,13,0,13,7,0.0,0.6128694524619495,184600.0,8050.0,2395.05
Birmingham,2016,407750,294000,Birmingham_407750_294000,11,5,0,5,6,0.0,0.7595473914748635,38800.0,3775.0,673.9399999999999
Birmingham,2016,407750,294250,Birmingham_407750_294250,5,2,1,3,2,0.3333333333333333,-0.0,27325.0,4350.0,489.95000000000005
Birmingham,2016,407750,294500,Birmingham_407750_294500,1,1,0,1,0,0.0,-0.0,6400.0,6400.0,85.4
Birmingham,2016,407750,294750,Birmingham_407750_294750,15,6,1,7,8,0.14285714285714285,0.5799151714181009,174850.0,10500.0,2549.41
Birmingham,2016,407750,295000,Birmingham_407750_295000,39,27,3,30,9,0.1,0.4017726493509475,552550.0,14000.0,6224.120000000002
Birmingham,2016,407750,295250,Birmingham_407750_295250,3,3,0,3,0,0.0,-0.0,10650.0,3900.0,186.36
Birmingham,2016,407750,295500,Birmingham_407750_295500,4,3,0,3,1,0.0,0.5623351446188083,25700.0,3925.0,223.10000000000002
Birmingham,2016,408000,282000,Birmingham_408000_282000,2,1,1,2,0,0.5,-0.0,10600.0,5300.0,182.10000000000002
Birmingham,2016,408000,282250,Birmingham_408000_282250,1,1,0,1,0,0.0,-0.0,3200.0,3200.0,55.2
Birmingham,2016,408000,283000,Birmingham_408000_283000,1,1,0,1,0,0.0,-0.0,11500.0,11500.0,97.78
Birmingham,2016,408000,283250,Birmingham_408000_283250,1,0,0,0,1,,-0.0,,,13.0
Birmingham,2016,408000,283500,Birmingham_408000_283500,2,1,0,1,1,0.0,-0.0,16600.0,8300.0,250.2
Birmingham,2016,408000,284000,Birmingham_408000_284000,8,5,1,6,2,0.16666666666666666,0.9002560512685369,75800.0,3850.0,1996.9999999999998
Birmingham,2016,408000,284250,Birmingham_408000_284250,8,4,0,4,4,0.0,0.37677016125643675,33950.0,8150.0,1380.6200000000001
Birmingham,2016,408000,284500,Birmingham_408000_284500,3,2,0,2,1,0.0,-0.0,13775.0,5700.0,591.9
Birmingham,2016,408000,284750,Birmingham_408000_284750,3,1,2,3,0,0.6666666666666666,0.6365141682948128,36200.0,16250.0,524.02
Birmingham,2016,408000,285000,Birmingham_408000_285000,8,5,0,5,3,0.0,0.5623351446188083,46775.0,4750.0,609.1099999999999
Birmingham,2016,408000,285250,Birmingham_408000_285250,7,3,0,3,4,0.0,0.410116318288409,1310200.0,196500.0,10233.53
Birmingham,2016,408000,285500,Birmingham_408000_285500,6,3,0,3,3,0.0,-0.0,33300.0,10750.0,2781.37
Birmingham,2016,408000,285750,Birmingham_408000_285750,8,3,2,5,3,0.4,1.2554823251787537,153200.0,28625.0,1350.13
Birmingham,2016,408000,286000,Birmingham_408000_286000,7,3,0,3,4,0.0,1.0789922078775833,458710.0,7050.0,8098.569999999999
Birmingham,2016,408000,286250,Birmingham_408000_286250,18,10,2,12,6,0.16666666666666666,0.5566469035821068,166500.0,6450.0,2132.05
Birmingham,2016,408000,286500,Birmingham_408000_286500,20,4,7,11,9,0.6363636363636364,0.1985152433458726,27117.0,875.0,766.11
Birmingham,2016,408000,286750,Birmingham_408000_286750,1,1,0,1,0,0.0,-0.0,3200.0,3200.0,132.1
Birmingham,2016,408000,287250,Birmingham_408000_287250,1,0,0,0,1,,-0.0,5500.0,5500.0,
Birmingham,2016,408000,287500,Birmingham_408000_287500,3,0,0,0,3,,0.6365141682948128,,,1195.49
Birmingham,2016,408000,287750,Birmingham_408000_287750,3,2,0,2,1,0.0,0.6365141682948128,100600.0,50300.0,2798.42
Birmingham,2016,408000,288000,Birmingham_408000_288000,1,0,0,0,1,,-0.0,4750.0,4750.0,
Birmingham,2016,408000,288500,Birmingham_408000_288500,2,1,1,2,0,0.5,-0.0,16750.0,8375.0,346.14
Birmingham,2016,408000,288750,Birmingham_408000_288750,12,4,1,5,7,0.2,1.0114042647073516,404550.0,10300.0,12438.539999999997
Birmingham,2016,408000,289000,Birmingham_408000_289000,8,4,0,4,4,0.0,1.0821955300387673,245950.0,6000.0,10872.19
Birmingham,2016,408000,289750,Birmingham_408000_289750,2,1,0,1,1,0.0,0.6931471805599453,53000.0,26500.0,584.2
Birmingham,2016,408000,290000,Birmingham_408000_290000,1,1,0,1,0,0.0,-0.0,2800.0,2800.0,50.3
Birmingham,2016,408000,290500,Birmingham_408000_290500,19,10,1,11,8,0.09090909090909091,0.20619205063323187,33675.0,2312.5,1181.76
Birmingham,2016,408000,290750,Birmingham_408000_290750,1,0,0,0,1,,-0.0,23750.0,23750.0,
Birmingham,2016,408000,291750,Birmingham_408000_291750,1,1,0,1,0,0.0,-0.0,31000.0,31000.0,
Birmingham,2016,408000,293250,Birmingham_408000_293250,18,9,1,10,8,0.1,0.2145591551764051,102000.0,6400.0,2251.84
Birmingham,2016,408000,293500,Birmingham_408000_293500,1,1,0,1,0,0.0,-0.0,7700.0,7700.0,85.8
Birmingham,2016,408000,295000,Birmingham_408000_295000,22,12,1,13,9,0.07692307692307693,0.36764947740014225,252600.0,9300.0,3969.24
Birmingham,2016,408000,296000,Birmingham_408000_296000,7,4,0,4,3,0.0,-0.0,40950.0,6200.0,436.78000000000003
Birmingham,2016,408250,278500,Birmingham_408250_278500,7,4,0,4,3,0.0,-0.0,29000.0,3850.0,588.2
Birmingham,2016,408250,278750,Birmingham_408250_278750,5,2,1,3,2,0.3333333333333333,-0.0,24000.0,4600.0,659.79
Birmingham,2016,408250,279250,Birmingham_408250_279250,1,0,0,0,1,,-0.0,,,81.7
Birmingham,2016,408250,279500,Birmingham_408250_279500,1,1,0,1,0,0.0,-0.0,13750.0,13750.0,129.75
Birmingham,2016,408250,280250,Birmingham_408250_280250,14,9,0,9,5,0.0,-0.0,64575.0,4850.0,1617.05
Birmingham,2016,408250,280500,Birmingham_408250_280500,12,6,0,6,6,0.0,0.2868359830561607,45850.0,3650.0,1194.09
Birmingham,2016,408250,281500,Birmingham_408250_281500,2,0,0,0,2,,-0.0,50000.0,50000.0,
Birmingham,2016,408250,283750,Birmingham_408250_283750,83,53,1,54,29,0.018518518518518517,0.3810532676695227,474435.0,5400.0,10413.46
Birmingham,2016,408250,284000,Birmingham_408250_284000,19,8,1,9,10,0.1111111111111111,0.6806294878916634,177550.0,8550.0,3112.3
Birmingham,2016,408250,284250,Birmingham_408250_284250,86,47,0,47,39,0.0,0.3972454932559829,532975.0,5700.0,10628.22
Birmingham,2016,408250,284500,Birmingham_408250_284500,17,11,2,13,4,0.15384615384615385,0.5783252866601273,161750.0,6050.0,2856.08
Birmingham,2016,408250,284750,Birmingham_408250_284750,1,0,1,1,0,1.0,-0.0,10000.0,10000.0,
Birmingham,2016,408250,285000,Birmingham_408250_285000,60,33,1,34,26,0.029411764705882353,0.3602305211946065,195625.0,4150.0,4760.299999999999
Birmingham,2016,408250,285250,Birmingham_408250_285250,49,37,0,37,12,0.0,0.5920256316174223,167115.0,3000.0,5827.68
Birmingham,2016,408250,285750,Birmingham_408250_285750,3,1,0,1,2,0.0,0.6365141682948128,32100.0,16050.0,582.98
Birmingham,2016,408250,286000,Birmingham_408250_286000,27,16,1,17,10,0.058823529411764705,0.6786071516914347,444900.0,3600.0,13685.4
Birmingham,2016,408250,286250,Birmingham_408250_286250,2,1,0,1,1,0.0,0.6931471805599453,15900.0,7950.0,137.6
Birmingham,2016,408250,286500,Birmingham_408250_286500,8,0,0,0,8,,0.9743147528693494,226350.0,36625.0,4273.24
Birmingham,2016,408250,286750,Birmingham_408250_286750,3,3,0,3,0,0.0,0.6365141682948128,656000.0,257500.0,5837.7
Birmingham,2016,408250,287250,Birmingham_408250_287250,6,3,2,5,1,0.4,0.45056120886630463,47500.0,8100.0,813.45
Birmingham,2016,408250,288250,Birmingham_408250_288250,7,4,0,4,3,0.0,-0.0,45550.0,5600.0,775.2299999999999
Birmingham,2016,408250,288500,Birmingham_408250_288500,3,3,0,3,0,0.0,1.0986122886681096,43200.0,14500.0,446.0
Birmingham,2016,408250,289000,Birmingham_408250_289000,4,2,1,3,1,0.3333333333333333,0.6931471805599453,18650.0,4875.0,486.89000000000004
Birmingham,2016,408250,289750,Birmingham_408250_289750,2,0,0,0,2,,-0.0,,,
Birmingham,2016,408250,290250,Birmingham_408250_290250,6,2,0,2,4,0.0,0.6365141682948128,11995.0,2700.0,430.1
Birmingham,2016,408250,290750,Birmingham_408250_290750,3,3,0,3,0,0.0,0.6365141682948128,15550.0,5200.0,309.4
Birmingham,2016,408250,292750,Birmingham_408250_292750,7,5,1,6,1,0.16666666666666666,0.410116318288409,126225.0,2900.0,1829.5800000000002
Birmingham,2016,408250,293250,Birmingham_408250_293250,25,16,0,16,9,0.0,0.3669249912727096,160390.0,4550.0,4260.97
Birmingham,2016,408250,293750,Birmingham_408250_293750,9,6,0,6,3,0.0,-0.0,33875.0,3650.0,650.9
Birmingham,2016,408250,296000,Birmingham_408250_296000,3,2,0,2,1,0.0,-0.0,15400.0,4350.0,215.0
Birmingham,2016,408250,296250,Birmingham_408250_296250,3,1,0,1,2,0.0,0.6365141682948128,276000.0,138000.0,1179.5
Birmingham,2016,408500,280000,Birmingham_408500_280000,1,0,0,0,1,,-0.0,2400.0,2400.0,43.3
Birmingham,2016,408500,280250,Birmingham_408500_280250,4,3,0,3,1,0.0,0.5623351446188083,16650.0,3450.0,303.99
Birmingham,2016,408500,281250,Birmingham_408500_281250,1,1,0,1,0,0.0,-0.0,3450.0,3450.0,43.99
Birmingham,2016,408500,283500,Birmingham_408500_283500,2,1,0,1,1,0.0,-0.0,5100.0,5100.0,284.78000000000003
Birmingham,2016,408500,283750,Birmingham_408500_283750,15,9,1,10,5,0.1,0.24493002679463532,66900.0,5000.0,1684.17
Birmingham,2016,408500,284000,Birmingham_408500_284000,22,13,2,15,7,0.13333333333333333,0.39830711380528416,119000.0,5150.0,3300.6699999999996
Birmingham,2016,408500,284250,Birmingham_408500_284250,35,24,1,25,10,0.04,0.5375444124735402,181050.0,4150.0,3066.15
Birmingham,2016,408500,284500,Birmingham_408500_284500,29,21,0,21,8,0.0,0.5757295142804425,322570.0,6500.0,5108.459999999999
Birmingham,2016,408500,284750,Birmingham_408500_284750,5,3,1,4,1,0.25,0.9502705392332347,127750.0,9300.0,1807.5300000000002
Birmingham,2016,408500,285000,Birmingham_408500_285000,12,8,0,8,4,0.0,0.2868359830561607,51000.0,4400.0,712.8299999999999
Birmingham,2016,408500,285250,Birmingham_408500_285250,2,1,0,1,1,0.0,-0.0,3400.0,3400.0,199.7
Birmingham,2016,408500,285750,Birmingham_408500_285750,12,8,1,9,3,0.1111111111111111,-0.0,40600.0,2650.0,885.8
Birmingham,2016,408500,286000,Birmingham_408500_286000,2,2,0,2,0,0.0,0.6931471805599453,395000.0,197500.0,2821.58
Birmingham,2016,408500,286250,Birmingham_408500_286250,3,1,1,2,1,0.5,-0.0,6775.0,2475.0,212.1
Birmingham,2016,408500,286500,Birmingham_408500_286500,1,1,0,1,0,0.0,-0.0,100000.0,100000.0,733.4
Birmingham,2016,408500,286750,Birmingham_408500_286750,6,3,0,3,3,0.0,0.8675632284814612,122200.0,14000.0,445.7
Birmingham,2016,408500,287250,Birmingham_408500_287250,4,4,0,4,0,0.0,0.5623351446188083,40750.0,10100.0,761.63
Birmingham,2016,408500,287500,Birmingham_408500_287500,22,14,2,16,6,0.125,0.30463609734923813,85600.0,3400.0,2488.4100000000003
Birmingham,2016,408500,287750,Birmingham_408500_287750,1,0,0,0,1,,-0.0,,,
Birmingham,2016,408500,289000,Birmingham_408500_289000,4,1,0,1,3,0.0,-0.0,12000.0,1475.0,364.45
Birmingham,2016,408500,289250,Birmingham_408500_289250,7,2,1,3,4,0.3333333333333333,-0.0,29050.0,4225.0,818.15
Birmingham,2016,408500,289750,Birmingham_408500_289750,3,1,0,1,2,0.0,1.0986122886681096,28050.0,14025.0,3395.52
Birmingham,2016,408500,290250,Birmingham_408500_290250,10,6,1,7,3,0.14285714285714285,0.3250829733914482,139825.0,6850.0,2760.2
Birmingham,2016,408500,290500,Birmingham_408500_290500,1,1,0,1,0,0.0,-0.0,2650.0,2650.0,44.13
Birmingham,2016,408500,290750,Birmingham_408500_290750,4,2,0,2,2,0.0,-0.0,14250.0,4850.0,691.3000000000001
Birmingham,2016,408500,291500,Birmingham_408500_291500,9,5,0,5,4,0.0,-0.0,33800.0,3425.0,1048.44
Birmingham,2016,408500,292500,Birmingham_408500_292500,1,0,0,0,1,,-0.0,2350.0,2350.0,38.0
Birmingham,2016,408500,293000,Birmingham_408500_293000,22,14,2,16,6,0.125,0.7749927584562633,363125.0,5200.0,5258.920000000001
Birmingham,2016,408500,294250,Birmingham_408500_294250,1,1,0,1,0,0.0,-0.0,5200.0,5200.0,52.0
Birmingham,2016,408500,294500,Birmingham_408500_294500,2,1,0,1,1,0.0,-0.0,6200.0,3100.0,114.69999999999999
Birmingham,2016,408500,294750,Birmingham_408500_294750,12,11,0,11,1,0.0,-0.0,57050.0,4875.0,1251.44
Birmingham,2016,408500,295500,Birmingham_408500_295500,4,3,0,3,1,0.0,-0.0,27500.0,5550.0,309.8
Birmingham,2016,408750,279250,Birmingham_408750_279250,1,1,0,1,0,0.0,-0.0,6400.0,6400.0,126.4
Birmingham,2016,408750,279500,Birmingham_408750_279500,27,22,0,22,5,0.0,0.5221718405002467,289550.0,7100.0,4573.3
Birmingham,2016,408750,279750,Birmingham_408750_279750,1,1,0,1,0,0.0,-0.0,9600.0,9600.0,301.77
Birmingham,2016,408750,280250,Birmingham_408750_280250,1,1,0,1,0,0.0,-0.0,6700.0,6700.0,132.0
Birmingham,2016,408750,280500,Birmingham_408750_280500,2,1,0,1,1,0.0,-0.0,18750.0,18750.0,999.2
Birmingham,2016,408750,280750,Birmingham_408750_280750,12,8,1,9,3,0.1111111111111111,-0.0,42375.0,3700.0,1598.0200000000002
Birmingham,2016,408750,281000,Birmingham_408750_281000,15,7,0,7,8,0.0,0.24493002679463532,75675.0,5225.0,2017.2600000000004
Birmingham,2016,408750,282250,Birmingham_408750_282250,2,1,0,1,1,0.0,0.6931471805599453,66500.0,33250.0,46.3
Birmingham,2016,408750,283000,Birmingham_408750_283000,2,2,0,2,0,0.0,-0.0,5350.0,2675.0,73.7
Birmingham,2016,408750,284000,Birmingham_408750_284000,8,3,1,4,4,0.25,-0.0,29200.0,6300.0,808.53
Birmingham,2016,408750,284250,Birmingham_408750_284250,75,35,6,41,34,0.14634146341463414,0.6645400944716355,566250.0,9500.0,9840.849999999999
Birmingham,2016,408750,284500,Birmingham_408750_284500,36,16,0,16,20,0.0,0.12693054534140227,283050.0,7600.0,4676.429999999999
Birmingham,2016,408750,284750,Birmingham_408750_284750,1,0,0,0,1,,-0.0,29250.0,29250.0,95.9
Birmingham,2016,408750,285250,Birmingham_408750_285250,1,0,0,0,1,,-0.0,2650.0,2650.0,29.58
Birmingham,2016,408750,285750,Birmingham_408750_285750,1,1,0,1,0,0.0,-0.0,164000.0,164000.0,1314.65
Birmingham,2016,408750,286500,Birmingham_408750_286500,3,2,0,2,1,0.0,-0.0,22600.0,5800.0,198.9
Birmingham,2016,408750,286750,Birmingham_408750_286750,2,1,0,1,1,0.0,0.6931471805599453,8875.0,4437.5,65.1
Birmingham,2016,408750,287500,Birmingham_408750_287500,1,1,0,1,0,0.0,-0.0,225.0,225.0,4.5
Birmingham,2016,408750,287750,Birmingham_408750_287750,6,4,0,4,2,0.0,-0.0,21300.0,3500.0,378.28999999999996
Birmingham,2016,408750,288000,Birmingham_408750_288000,1,1,0,1,0,0.0,-0.0,2250.0,2250.0,30.52
Birmingham,2016,408750,288250,Birmingham_408750_288250,5,2,0,2,3,0.0,0.9502705392332347,30050.0,3600.0,513.1999999999999
Birmingham,2016,408750,288500,Birmingham_408750_288500,6,1,1,2,4,0.5,0.6931471805599453,47700.0,7500.0,880.7800000000001
Birmingham,2016,408750,288750,Birmingham_408750_288750,12,5,1,6,6,0.16666666666666666,0.9184277849930976,146850.0,7900.0,3059.7200000000003
Birmingham,2016,408750,289000,Birmingham_408750_289000,4,0,0,0,4,,-0.0,,,478.04
Birmingham,2016,408750,289500,Birmingham_408750_289500,11,5,0,5,6,0.0,0.47413931305783735,29650.0,5100.0,803.6
Birmingham,2016,408750,289750,Birmingham_408750_289750,5,2,0,2,3,0.0,-0.0,8675.0,4337.5,701.88
Birmingham,2016,408750,291500,Birmingham_408750_291500,6,5,0,5,1,0.0,-0.0,23850.0,4500.0,474.18
Birmingham,2016,408750,291750,Birmingham_408750_291750,2,0,0,0,2,,0.6931471805599453,85000.0,85000.0,66.5
Birmingham,2016,408750,293500,Birmingham_408750_293500,13,11,0,11,2,0.0,0.5402041423888608,63850.0,4450.0,971.9499999999998
Birmingham,2016,408750,293750,Birmingham_408750_293750,3,2,0,2,1,0.0,0.6365141682948128,112250.0,56125.0,912.8000000000001
Birmingham,2016,409000,279000,Birmingham_409000_279000,8,5,1,6,2,0.16666666666666666,-0.0,19050.0,2500.0,458.2
Birmingham,2016,409000,279250,Birmingham_409000_279250,9,7,0,7,2,0.0,-0.0,113575.0,3100.0,1375.6100000000001
Birmingham,2016,409000,279500,Birmingham_409000_279500,1,1,0,1,0,0.0,-0.0,16000.0,16000.0,141.1
Birmingham,2016,409000,281750,Birmingham_409000_281750,1,1,0,1,0,0.0,-0.0,1800.0,1800.0,37.0
Birmingham,2016,409000,283000,Birmingham_409000_283000,1,0,0,0,1,,-0.0,,,62.88
Birmingham,2016,409000,283500,Birmingham_409000_283500,13,9,1,10,3,0.1,-0.0,33575.0,2650.0,803.8900000000001
Birmingham,2016,409000,283750,Birmingham_409000_283750,89,64,0,64,25,0.0,0.21450215036228948,453450.0,5550.0,6436.98
Birmingham,2016,409000,284000,Birmingham_409000_284000,64,33,2,35,29,0.05714285714285714,0.18920898053816695,548450.0,7700.0,11119.31
Birmingham,2016,409000,284250,Birmingham_409000_284250,26,15,1,16,10,0.0625,0.16302362949436594,178730.0,7600.0,2342.82
Birmingham,2016,409000,284500,Birmingham_409000_284500,26,16,1,17,9,0.058823529411764705,0.3576271598532216,67315.0,3275.0,1594.03
Birmingham,2016,409000,284750,Birmingham_409000_284750,8,5,0,5,3,0.0,0.37677016125643675,31425.0,4125.0,662.6800000000001
Birmingham,2016,409000,285250,Birmingham_409000_285250,1,0,0,0,1,,-0.0,4100.0,4100.0,138.17
Birmingham,2016,409000,285500,Birmingham_409000_285500,1,1,0,1,0,0.0,-0.0,4600.0,4600.0,57.7
Birmingham,2016,409000,285750,Birmingham_409000_285750,24,19,0,19,5,0.0,0.1732052067491771,42125.0,1250.0,681.01
Birmingham,2016,409000,286000,Birmingham_409000_286000,3,1,0,1,2,0.0,-0.0,45750.0,22875.0,4092.5999999999995
Birmingham,2016,409000,286250,Birmingham_409000_286250,12,5,0,5,7,0.0,0.7214636866925115,2579750.0,103000.0,24131.670000000002
Birmingham,2016,409000,286500,Birmingham_409000_286500,1,1,0,1,0,0.0,-0.0,25000.0,25000.0,
Birmingham,2016,409000,287000,Birmingham_409000_287000,2,2,0,2,0,0.0,0.6931471805599453,5700.0,2850.0,156.5
Birmingham,2016,409000,288250,Birmingham_409000_288250,4,1,2,3,1,0.6666666666666666,0.6931471805599453,36000.0,9200.0,450.15
Birmingham,2016,409000,288750,Birmingham_409000_288750,7,3,0,3,4,0.0,-0.0,20450.0,3500.0,624.04
Birmingham,2016,409000,289000,Birmingham_409000_289000,3,1,0,1,2,0.0,-0.0,18600.0,6400.0,331.43
Birmingham,2016,409000,289250,Birmingham_409000_289250,1,0,1,1,0,1.0,-0.0,8900.0,8900.0,175.7
Birmingham,2016,409000,289500,Birmingham_409000_289500,9,3,0,3,6,0.0,0.34883209584303193,34025.0,4450.0,1566.94
Birmingham,2016,409000,289750,Birmingham_409000_289750,7,3,1,4,3,0.25,0.9556998911125343,27900.0,4475.0,882.3199999999999
Birmingham,2016,409000,293000,Birmingham_409000_293000,12,8,1,9,3,0.1111111111111111,-0.0,58700.0,4150.0,1020.9000000000001
Birmingham,2016,409000,293250,Birmingham_409000_293250,1,0,0,0,1,,-0.0,18500.0,18500.0,102.81
Birmingham,2016,409000,293750,Birmingham_409000_293750,8,5,1,6,2,0.16666666666666666,0.37677016125643675,37250.0,4550.0,727.8199999999999
Birmingham,2016,409000,294000,Birmingham_409000_294000,1,1,0,1,0,0.0,-0.0,4950.0,4950.0,106.1
Birmingham,2016,409000,294500,Birmingham_409000_294500,1,1,0,1,0,0.0,-0.0,13000.0,13000.0,
Birmingham,2016,409250,279500,Birmingham_409250_279500,3,2,0,2,1,0.0,-0.0,17500.0,4650.0,331.89
Birmingham,2016,409250,279750,Birmingham_409250_279750,4,1,0,1,3,0.0,-0.0,9675.0,2800.0,217.3
Birmingham,2016,409250,280250,Birmingham_409250_280250,2,1,0,1,1,0.0,-0.0,6850.0,3425.0,148.0
Birmingham,2016,409250,280500,Birmingham_409250_280500,6,3,0,3,3,0.0,-0.0,24950.0,4000.0,568.71
Birmingham,2016,409250,283000,Birmingham_409250_283000,6,5,0,5,1,0.0,-0.0,21150.0,3475.0,543.51
Birmingham,2016,409250,283250,Birmingham_409250_283250,8,5,0,5,3,0.0,-0.0,16250.0,2350.0,454.90000000000003
Birmingham,2016,409250,283500,Birmingham_409250_283500,9,7,0,7,2,0.0,-0.0,40100.0,4450.0,970.5
Birmingham,2016,409250,283750,Birmingham_409250_283750,23,12,5,17,6,0.29411764705882354,-0.0,91260.0,1562.5,2107.34
Birmingham,2016,409250,284000,Birmingham_409250_284000,2,2,0,2,0,0.0,-0.0,6250.0,3125.0,181.01999999999998
Birmingham,2016,409250,284250,Birmingham_409250_284250,7,6,1,7,0,0.14285714285714285,0.410116318288409,21375.0,1800.0,511.09999999999997
Birmingham,2016,409250,284500,Birmingham_409250_284500,5,2,0,2,3,0.0,-0.0,11325.0,2075.0,150.04
Birmingham,2016,409250,284750,Birmingham_409250_284750,20,11,4,15,5,0.26666666666666666,0.1985152433458726,27450.0,1487.5,2922.95
Birmingham,2016,409250,285000,Birmingham_409250_285000,4,1,2,3,1,0.6666666666666666,0.5623351446188083,8795.0,1412.5,182.51
Birmingham,2016,409250,285500,Birmingham_409250_285500,18,7,1,8,10,0.125,-0.0,48125.0,5200.0,6224.81
Birmingham,2016,409250,285750,Birmingham_409250_285750,196,126,3,129,67,0.023255813953488372,0.3002646660303421,549905.0,1562.5,13470.45
Birmingham,2016,409250,286000,Birmingham_409250_286000,45,27,1,28,17,0.03571428571428571,0.7292496934702722,475000.0,7100.0,10789.380000000001
Birmingham,2016,409250,286250,Birmingham_409250_286250,1,1,0,1,0,0.0,-0.0,12000.0,12000.0,
Birmingham,2016,409250,286500,Birmingham_409250_286500,2,2,0,2,0,0.0,0.6931471805599453,29885.0,14942.5,836.51
Birmingham,2016,409250,287250,Birmingham_409250_287250,1,1,0,1,0,0.0,-0.0,2550.0,2550.0,52.1
Birmingham,2016,409250,287500,Birmingham_409250_287500,19,10,0,10,9,0.0,0.20619205063323187,21890.0,1775.0,1176.2600000000002
Birmingham,2016,409250,287750,Birmingham_409250_287750,1,0,0,0,1,,-0.0,,,
Birmingham,2016,409250,288000,Birmingham_409250_288000,1,1,0,1,0,0.0,-0.0,7000.0,7000.0,166.89
Birmingham,2016,409250,288750,Birmingham_409250_288750,6,2,1,3,3,0.3333333333333333,-0.0,10675.0,1537.5,194.29999999999998
Birmingham,2016,409250,289000,Birmingham_409250_289000,1,1,0,1,0,0.0,-0.0,9400.0,9400.0,520.2
Birmingham,2016,409250,289250,Birmingham_409250_289250,2,0,0,0,2,,0.6931471805599453,17500.0,8750.0,139.71
Birmingham,2016,409250,289500,Birmingham_409250_289500,1,1,0,1,0,0.0,-0.0,1500.0,1500.0,37.6
Birmingham,2016,409250,289750,Birmingham_409250_289750,2,1,0,1,1,0.0,-0.0,11150.0,5575.0,174.5
Birmingham,2016,409250,291250,Birmingham_409250_291250,1,1,0,1,0,0.0,-0.0,1825.0,1825.0,35.25
Birmingham,2016,409250,291750,Birmingham_409250_291750,5,2,0,2,3,0.0,0.6730116670092565,98325.0,5625.0,1014.8
Birmingham,2016,409250,292750,Birmingham_409250_292750,2,2,0,2,0,0.0,-0.0,11550.0,5775.0,122.30000000000001
Birmingham,2016,409250,293500,Birmingham_409250_293500,1,1,0,1,0,0.0,-0.0,6200.0,6200.0,117.86
Birmingham,2016,409250,294000,Birmingham_409250_294000,8,7,0,7,1,0.0,-0.0,42050.0,4750.0,553.3
Birmingham,2016,409250,294500,Birmingham_409250_294500,1,0,0,0,1,,-0.0,80500.0,80500.0,1015.2
Birmingham,2016,409500,279500,Birmingham_409500_279500,4,1,0,1,3,0.0,-0.0,7150.0,3575.0,258.70000000000005
Birmingham,2016,409500,281000,Birmingham_409500_281000,11,6,0,6,5,0.0,-0.0,33350.0,3075.0,637.8399999999999
Birmingham,2016,409500,281500,Birmingham_409500_281500,2,1,0,1,1,0.0,-0.0,8100.0,4050.0,95.8
Birmingham,2016,409500,281750,Birmingham_409500_281750,3,1,0,1,2,0.0,-0.0,15800.0,7900.0,496.09999999999997
Birmingham,2016,409500,282750,Birmingham_409500_282750,24,15,0,15,9,0.0,0.4563344322932884,226350.0,5800.0,2915.9500000000003
Birmingham,2016,409500,283000,Birmingham_409500_283000,125,64,5,69,56,0.07246376811594203,0.33422114621338295,1204550.0,8050.0,16603.370000000003
Birmingham,2016,409500,283250,Birmingham_409500_283250,52,23,8,31,21,0.25806451612903225,0.22057003640017672,239475.0,4050.0,4785.759999999999
Birmingham,2016,409500,283500,Birmingham_409500_283500,1,1,0,1,0,0.0,-0.0,1950.0,1950.0,24.6
Birmingham,2016,409500,283750,Birmingham_409500_283750,1,0,0,0,1,,-0.0,15000.0,15000.0,67.17
Birmingham,2016,409500,284000,Birmingham_409500_284000,23,14,0,14,9,0.0,0.355712859746894,317950.0,3400.0,4698.66
Birmingham,2016,409500,284250,Birmingham_409500_284250,2,1,0,1,1,0.0,-0.0,2500.0,2500.0,322.11
Birmingham,2016,409500,284500,Birmingham_409500_284500,14,6,4,10,4,0.4,-0.0,64875.0,4250.0,3724.8499999999995
Birmingham,2016,409500,285250,Birmingham_409500_285250,4,3,0,3,1,0.0,0.5623351446188083,23630.0,3400.0,878.1
Birmingham,2016,409500,285500,Birmingham_409500_285500,28,11,1,12,16,0.08333333333333333,0.15407610367102942,118725.0,5400.0,3109.0899999999997
Birmingham,2016,409500,285750,Birmingham_409500_285750,87,23,0,23,64,0.0,0.12538677610657334,403910.0,5500.0,8013.54
Birmingham,2016,409500,286000,Birmingham_409500_286000,4,2,0,2,2,0.0,-0.0,6725.0,1925.0,140.58999999999997
Birmingham,2016,409500,286500,Birmingham_409500_286500,1,1,0,1,0,0.0,-0.0,3900.0,3900.0,44.7
Birmingham,2016,409500,287250,Birmingham_409500_287250,1,1,0,1,0,0.0,-0.0,7500.0,7500.0,311.52
Birmingham,2016,409500,287750,Birmingham_409500_287750,5,3,0,3,2,0.0,0.5004024235381879,34050.0,8400.0,324.08
Birmingham,2016,409500,288000,Birmingham_409500_288000,49,22,1,23,26,0.043478260869565216,0.19882157810301943,335825.0,6900.0,5309.780000000001
Birmingham,2016,409500,288500,Birmingham_409500_288500,1,0,1,1,0,1.0,-0.0,8900.0,8900.0,229.0
Birmingham,2016,409500,288750,Birmingham_409500_288750,1,0,0,0,1,,-0.0,9100.0,9100.0,467.4
Birmingham,2016,409500,289500,Birmingham_409500_289500,3,1,1,2,1,0.5,0.6365141682948128,3200.0,3200.0,236.55
Birmingham,2016,409500,289750,Birmingham_409500_289750,1,1,0,1,0,0.0,-0.0,15500.0,15500.0,742.42
Birmingham,2016,409500,290000,Birmingham_409500_290000,2,1,0,1,1,0.0,-0.0,9250.0,4625.0,178.1
Birmingham,2016,409500,290250,Birmingham_409500_290250,1,0,0,0,1,,-0.0,,,54.5
Birmingham,2016,409500,290500,Birmingham_409500_290500,2,2,0,2,0,0.0,-0.0,4900.0,2450.0,135.2
Birmingham,2016,409500,290750,Birmingham_409500_290750,1,0,0,0,1,,-0.0,1550.0,1550.0,34.2
Birmingham,2016,409500,291000,Birmingham_409500_291000,3,1,0,1,2,0.0,-0.0,4175.0,2087.5,150.4
Birmingham,2016,409500,291250,Birmingham_409500_291250,1,0,0,0,1,,-0.0,,,26.3
Birmingham,2016,409500,291500,Birmingham_409500_291500,3,1,0,1,2,0.0,0.6365141682948128,14100.0,7050.0,506.6
Birmingham,2016,409500,291750,Birmingham_409500_291750,32,25,1,26,6,0.038461538461538464,0.13906079845474112,153600.0,4800.0,3264.24
Birmingham,2016,409500,292000,Birmingham_409500_292000,1,1,0,1,0,0.0,-0.0,5000.0,5000.0,83.8
Birmingham,2016,409500,292500,Birmingham_409500_292500,16,11,0,11,5,0.0,0.2337916587064593,84900.0,5075.0,1169.46
Birmingham,2016,409500,292750,Birmingham_409500_292750,4,1,0,1,3,0.0,0.5623351446188083,18800.0,9400.0,359.63
Birmingham,2016,409500,294250,Birmingham_409500_294250,20,9,1,10,10,0.1,0.3250829733914482,475050.0,15500.0,4393.3
Birmingham,2016,409500,294500,Birmingham_409500_294500,54,26,3,29,25,0.10344827586206896,1.002303097633929,2766150.0,7600.0,15652.350000000004
Birmingham,2016,409500,294750,Birmingham_409500_294750,11,3,0,3,8,0.0,0.47413931305783735,3051750.0,113000.0,21326.84
Birmingham,2016,409500,295000,Birmingham_409500_295000,7,5,0,5,2,0.0,-0.0,36800.0,6200.0,736.0499999999998
Birmingham,2016,409750,279500,Birmingham_409750_279500,8,6,0,6,2,0.0,-0.0,25750.0,3350.0,461.35
Birmingham,2016,409750,280250,Birmingham_409750_280250,17,11,0,11,6,0.0,0.5783252866601273,100300.0,4150.0,1067.5
Birmingham,2016,409750,281000,Birmingham_409750_281000,5,3,0,3,2,0.0,0.5004024235381879,17950.0,2550.0,252.92
Birmingham,2016,409750,281500,Birmingham_409750_281500,2,1,0,1,1,0.0,-0.0,8800.0,4400.0,155.3
Birmingham,2016,409750,281750,Birmingham_409750_281750,1,1,0,1,0,0.0,-0.0,5000.0,5000.0,50.5
Birmingham,2016,409750,282750,Birmingham_409750_282750,24,14,2,16,8,0.125,-0.0,174850.0,6100.0,3945.87
Birmingham,2016,409750,283250,Birmingham_409750_283250,4,4,0,4,0,0.0,-0.0,17150.0,3975.0,297.35
Birmingham,2016,409750,284000,Birmingham_409750_284000,7,1,1,2,5,0.5,0.6829081047004717,44000.0,6750.0,1986.8400000000001
Birmingham,2016,409750,284500,Birmingham_409750_284500,1,1,0,1,0,0.0,-0.0,5900.0,5900.0,97.9
Birmingham,2016,409750,285500,Birmingham_409750_285500,63,37,3,40,23,0.075,0.302483876366813,420070.0,6000.0,7884.269999999998
Birmingham,2016,409750,285750,Birmingham_409750_285750,15,10,0,10,5,0.0,0.39267446722755217,36775.0,2725.0,1125.37
Birmingham,2016,409750,286000,Birmingham_409750_286000,7,3,0,3,4,0.0,0.5982695885852573,21800.0,5600.0,530.98
Birmingham,2016,409750,286250,Birmingham_409750_286250,3,2,0,2,1,0.0,0.6365141682948128,19400.0,6600.0,656.72
Birmingham,2016,409750,286500,Birmingham_409750_286500,39,23,2,25,14,0.08,0.23781901105692071,174760.0,3500.0,3173.99
Birmingham,2016,409750,286750,Birmingham_409750_286750,19,12,2,14,5,0.14285714285714285,0.336495757583516,68305.0,3400.0,2426.5299999999997
Birmingham,2016,409750,287000,Birmingham_409750_287000,1,1,0,1,0,0.0,-0.0,6700.0,6700.0,139.2
Birmingham,2016,409750,287250,Birmingham_409750_287250,8,3,3,6,2,0.5,0.37677016125643675,17375.0,2150.0,524.5
Birmingham,2016,409750,287500,Birmingham_409750_287500,3,2,0,2,1,0.0,-0.0,3575.0,1787.5,178.20000000000002
Birmingham,2016,409750,288000,Birmingham_409750_288000,84,55,1,56,28,0.017857142857142856,0.19144408195771734,724950.0,8600.0,10861.94
Birmingham,2016,409750,288250,Birmingham_409750_288250,2,2,0,2,0,0.0,-0.0,13100.0,6550.0,119.1
Birmingham,2016,409750,288500,Birmingham_409750_288500,1,1,0,1,0,0.0,-0.0,3650.0,3650.0,68.0
Birmingham,2016,409750,289250,Birmingham_409750_289250,31,14,3,17,14,0.17647058823529413,0.8111413280190134,924750.0,36500.0,14130.349999999999
Birmingham,2016,409750,289500,Birmingham_409750_289500,2,1,0,1,1,0.0,-0.0,877000.0,438500.0,12895.699999999999
Birmingham,2016,409750,290000,Birmingham_409750_290000,2,2,0,2,0,0.0,0.6931471805599453,38050.0,19025.0,731.5
Birmingham,2016,409750,290250,Birmingham_409750_290250,1,0,0,0,1,,-0.0,23750.0,23750.0,
Birmingham,2016,409750,290500,Birmingham_409750_290500,15,5,1,6,9,0.16666666666666666,0.39267446722755217,63590.0,4150.0,1645.9299999999996
Birmingham,2016,409750,290750,Birmingham_409750_290750,36,14,1,15,21,0.06666666666666667,0.12693054534140227,97480.0,3050.0,1998.5000000000002
Birmingham,2016,409750,291000,Birmingham_409750_291000,31,19,1,20,11,0.05,0.23921709381651282,117525.0,2900.0,3302.7700000000004
Birmingham,2016,409750,291250,Birmingham_409750_291250,3,2,0,2,1,0.0,-0.0,8750.0,3250.0,191.29999999999998
Birmingham,2016,409750,291750,Birmingham_409750_291750,8,7,0,7,1,0.0,-0.0,90750.0,6600.0,842.49
Birmingham,2016,409750,292000,Birmingham_409750_292000,7,3,0,3,4,0.0,-0.0,98925.0,7750.0,1082.2599999999998
Birmingham,2016,409750,292500,Birmingham_409750_292500,4,1,0,1,3,0.0,-0.0,12850.0,1750.0,179.10999999999999
Birmingham,2016,409750,293250,Birmingham_409750_293250,1,0,0,0,1,,-0.0,5500.0,5500.0,87.81
Birmingham,2016,409750,294250,Birmingham_409750_294250,9,6,0,6,3,0.0,0.6837389058487535,869800.0,6600.0,5213.539999999999
Birmingham,2016,409750,294500,Birmingham_409750_294500,1,0,0,0,1,,-0.0,9900.0,9900.0,49.44
Birmingham,2016,410000,279250,Birmingham_410000_279250,4,1,0,1,3,0.0,-0.0,14400.0,5000.0,251.7
Birmingham,2016,410000,280500,Birmingham_410000_280500,1,0,1,1,0,1.0,-0.0,4900.0,4900.0,72.4
Birmingham,2016,410000,280750,Birmingham_410000_280750,1,1,0,1,0,0.0,-0.0,8300.0,8300.0,152.55
Birmingham,2016,410000,282500,Birmingham_410000_282500,5,3,0,3,2,0.0,-0.0,17725.0,3400.0,231.23000000000002
Birmingham,2016,410000,282750,Birmingham_410000_282750,6,2,0,2,4,0.0,0.8675632284814612,48675.0,4150.0,335.08
Birmingham,2016,410000,283750,Birmingham_410000_283750,9,5,0,5,4,0.0,0.34883209584303193,34500.0,4150.0,784.98
Birmingham,2016,410000,284000,Birmingham_410000_284000,3,2,0,2,1,0.0,-0.0,16200.0,8100.0,574.12
Birmingham,2016,410000,284750,Birmingham_410000_284750,1,0,0,0,1,,-0.0,,,40.9
Birmingham,2016,410000,285500,Birmingham_410000_285500,65,45,1,46,19,0.021739130434782608,0.37301104528012874,351400.0,6200.0,5947.799999999999
Birmingham,2016,410000,285750,Birmingham_410000_285750,1,1,0,1,0,0.0,-0.0,3500.0,3500.0,181.0
Birmingham,2016,410000,286000,Birmingham_410000_286000,44,23,1,24,20,0.041666666666666664,0.21641408919322774,156950.0,4100.0,4290.62
Birmingham,2016,410000,286250,Birmingham_410000_286250,8,8,0,8,0,0.0,-0.0,41650.0,4350.0,761.4000000000001
Birmingham,2016,410000,286500,Birmingham_410000_286500,21,10,1,11,10,0.09090909090909091,1.1424720168028526,302400.0,4800.0,4420.009999999999
Birmingham,2016,410000,286750,Birmingham_410000_286750,4,1,1,2,2,0.5,0.5623351446188083,7650.0,1450.0,297.19
Birmingham,2016,410000,287250,Birmingham_410000_287250,1,0,0,0,1,,-0.0,1300.0,1300.0,15.5
Birmingham,2016,410000,287500,Birmingham_410000_287500,3,0,0,0,3,,-0.0,4500.0,1275.0,56.9
Birmingham,2016,410000,287750,Birmingham_410000_287750,77,49,1,50,27,0.02,0.3667186523220083,684675.0,8400.0,10187.05
Birmingham,2016,410000,288000,Birmingham_410000_288000,7,6,0,6,1,0.0,-0.0,32525.0,5600.0,522.4100000000001
Birmingham,2016,410000,288250,Birmingham_410000_288250,3,1,0,1,2,0.0,-0.0,9700.0,2500.0,225.44
Birmingham,2016,410000,288500,Birmingham_410000_288500,29,15,0,15,14,0.0,0.2987580581893401,102725.0,3575.0,3409.4500000000003
Birmingham,2016,410000,289250,Birmingham_410000_289250,20,2,0,2,18,0.0,0.1985152433458726,643900.0,21750.0,57138.0
Birmingham,2016,410000,289750,Birmingham_410000_289750,9,4,0,4,5,0.0,-0.0,4350.0,1065.0,802.0999999999999
Birmingham,2016,410000,291000,Birmingham_410000_291000,3,3,0,3,0,0.0,-0.0,5150.0,1975.0,185.4
Birmingham,2016,410000,293000,Birmingham_410000_293000,4,1,0,1,3,0.0,0.5623351446188083,10750.0,5375.0,386.0
Birmingham,2016,410000,293250,Birmingham_410000_293250,3,2,0,2,1,0.0,-0.0,7000.0,3500.0,344.5
Birmingham,2016,410000,294000,Birmingham_410000_294000,1,1,0,1,0,0.0,-0.0,52500.0,52500.0,4109.67
Birmingham,2016,410000,297750,Birmingham_410000_297750,1,1,0,1,0,0.0,-0.0,16500.0,16500.0,284.6
Birmingham,2016,410250,279500,Birmingham_410250_279500,1,1,0,1,0,0.0,-0.0,18750.0,18750.0,291.1
Birmingham,2016,410250,279750,Birmingham_410250_279750,2,0,0,0,2,,-0.0,5200.0,2600.0,92.4
Birmingham,2016,410250,280500,Birmingham_410250_280500,11,3,1,4,7,0.25,-0.0,111150.0,6600.0,1994.87
Birmingham,2016,410250,280750,Birmingham_410250_280750,15,13,1,14,1,0.07142857142857142,-0.0,84125.0,5000.0,1048.96
Birmingham,2016,410250,282000,Birmingham_410250_282000,21,12,0,12,9,0.0,0.7751292747786217,768350.0,8000.0,6790.4800000000005
Birmingham,2016,410250,282250,Birmingham_410250_282250,52,30,1,31,21,0.03225806451612903,0.5958146419365805,482950.0,8300.0,8258.41
Birmingham,2016,410250,282500,Birmingham_410250_282500,4,2,0,2,2,0.0,-0.0,8800.0,3100.0,165.35
Birmingham,2016,410250,282750,Birmingham_410250_282750,2,2,0,2,0,0.0,-0.0,6725.0,3362.5,180.08
Birmingham,2016,410250,283250,Birmingham_410250_283250,1,0,0,0,1,,-0.0,3550.0,3550.0,57.39
Birmingham,2016,410250,283500,Birmingham_410250_283500,6,2,1,3,3,0.3333333333333333,0.45056120886630463,9275.0,1925.0,249.9
Birmingham,2016,410250,283750,Birmingham_410250_283750,11,7,0,7,4,0.0,-0.0,25200.0,2600.0,704.74
Birmingham,2016,410250,284000,Birmingham_410250_284000,1,1,0,1,0,0.0,-0.0,1025.0,1025.0,13.1
Birmingham,2016,410250,284750,Birmingham_410250_284750,3,2,1,3,0,0.3333333333333333,0.6365141682948128,144075.0,2150.0,2353.2000000000003
Birmingham,2016,410250,285000,Birmingham_410250_285000,3,1,0,1,2,0.0,-0.0,8125.0,4062.5,272.3
Birmingham,2016,410250,285250,Birmingham_410250_285250,17,11,2,13,4,0.15384615384615385,0.5783252866601273,131950.0,4950.0,1333.99
Birmingham,2016,410250,285500,Birmingham_410250_285500,1,0,0,0,1,,-0.0,7700.0,7700.0,153.9
Birmingham,2016,410250,286000,Birmingham_410250_286000,2,1,0,1,1,0.0,-0.0,6400.0,6400.0,259.0
Birmingham,2016,410250,286250,Birmingham_410250_286250,23,11,1,12,11,0.08333333333333333,0.17884491271684755,84600.0,4625.0,2228.96
Birmingham,2016,410250,286500,Birmingham_410250_286500,9,5,0,5,4,0.0,0.9649629230074277,306700.0,5200.0,4745.92
Birmingham,2016,410250,287000,Birmingham_410250_287000,2,2,0,2,0,0.0,-0.0,5700.0,2850.0,120.69999999999999
Birmingham,2016,410250,287250,Birmingham_410250_287250,11,5,0,5,6,0.0,0.30463609734923813,19300.0,2212.5,543.1700000000001
Birmingham,2016,410250,287500,Birmingham_410250_287500,4,3,0,3,1,0.0,0.5623351446188083,51900.0,8375.0,493.74
Birmingham,2016,410250,287750,Birmingham_410250_287750,63,42,0,42,21,0.0,0.24375895284667493,391175.0,6200.0,5718.420000000002
Birmingham,2016,410250,288000,Birmingham_410250_288000,5,2,2,4,1,0.5,-0.0,10525.0,1550.0,227.56
Birmingham,2016,410250,288500,Birmingham_410250_288500,3,1,0,1,2,0.0,0.6365141682948128,450000.0,450000.0,9378.099999999999
Birmingham,2016,410250,291500,Birmingham_410250_291500,4,3,0,3,1,0.0,-0.0,5050.0,1875.0,229.86
Birmingham,2016,410250,292250,Birmingham_410250_292250,1,1,0,1,0,0.0,-0.0,2300.0,2300.0,39.2
Birmingham,2016,410250,293500,Birmingham_410250_293500,3,2,1,3,0,0.3333333333333333,0.6365141682948128,38100.0,9500.0,406.11
Birmingham,2016,410250,293750,Birmingham_410250_293750,7,4,0,4,3,0.0,-0.0,25825.0,3100.0,433.49999999999994
Birmingham,2016,410250,294500,Birmingham_410250_294500,1,1,0,1,0,0.0,-0.0,6900.0,6900.0,86.8
Birmingham,2016,410250,299000,Birmingham_410250_299000,17,8,0,8,9,0.0,0.22371807606583377,334650.0,8100.0,1748.7199999999998
Birmingham,2016,410250,300000,Birmingham_410250_300000,12,8,0,8,4,0.0,-0.0,58350.0,5650.0,921.04
Birmingham,2016,410500,279500,Birmingham_410500_279500,26,17,3,20,6,0.15,-0.0,115950.0,4250.0,3396.2999999999993
Birmingham,2016,410500,280500,Birmingham_410500_280500,1,0,1,1,0,1.0,-0.0,1375.0,1375.0,52.0
Birmingham,2016,410500,280750,Birmingham_410500_280750,3,0,2,2,1,1.0,0.6365141682948128,11050.0,5525.0,405.7
Birmingham,2016,410500,281250,Birmingham_410500_281250,5,5,0,5,0,0.0,-0.0,64450.0,6200.0,1054.0
Birmingham,2016,410500,281500,Birmingham_410500_281500,1,1,0,1,0,0.0,-0.0,110000.0,110000.0,
Birmingham,2016,410500,281750,Birmingham_410500_281750,19,10,0,10,9,0.0,0.20619205063323187,88150.0,4900.0,1487.16
Birmingham,2016,410500,282000,Birmingham_410500_282000,8,5,0,5,3,0.0,-0.0,105000.0,10750.0,978.63
Birmingham,2016,410500,282250,Birmingham_410500_282250,1,1,0,1,0,0.0,-0.0,2075.0,2075.0,54.4
Birmingham,2016,410500,282500,Birmingham_410500_282500,9,5,0,5,4,0.0,0.6837389058487535,105000.0,6800.0,1808.5
Birmingham,2016,410500,282750,Birmingham_410500_282750,3,2,0,2,1,0.0,-0.0,26100.0,7500.0,782.74
Birmingham,2016,410500,283000,Birmingham_410500_283000,5,2,0,2,3,0.0,-0.0,8000.0,4000.0,710.1800000000001
Birmingham,2016,410500,283500,Birmingham_410500_283500,1,0,0,0,1,,-0.0,,,247.69
Birmingham,2016,410500,283750,Birmingham_410500_283750,14,6,0,6,8,0.0,0.509137344082687,51800.0,3725.0,1616.02
Birmingham,2016,410500,285250,Birmingham_410500_285250,13,7,2,9,4,0.2222222222222222,-0.0,49550.0,4700.0,1378.6100000000001
Birmingham,2016,410500,285750,Birmingham_410500_285750,2,1,0,1,1,0.0,-0.0,2350.0,1175.0,33.9
Birmingham,2016,410500,286000,Birmingham_410500_286000,2,2,0,2,0,0.0,-0.0,5525.0,2762.5,107.1
Birmingham,2016,410500,286250,Birmingham_410500_286250,12,7,0,7,5,0.0,-0.0,120450.0,4800.0,3035.57
Birmingham,2016,410500,286500,Birmingham_410500_286500,30,18,1,19,11,0.05263157894736842,0.1461447460085638,108250.0,3700.0,1957.04
Birmingham,2016,410500,287000,Birmingham_410500_287000,1,1,0,1,0,0.0,-0.0,2700.0,2700.0,45.9
Birmingham,2016,410500,287500,Birmingham_410500_287500,2,1,1,2,0,0.5,-0.0,3650.0,1825.0,76.9
Birmingham,2016,410500,287750,Birmingham_410500_287750,17,12,1,13,4,0.07692307692307693,0.362210557135449,96900.0,5800.0,1446.6600000000003
Birmingham,2016,410500,288250,Birmingham_410500_288250,3,1,0,1,2,0.0,-0.0,9175.0,4587.5,282.82
Birmingham,2016,410500,288750,Birmingham_410500_288750,3,2,0,2,1,0.0,0.6365141682948128,13500.0,3150.0,924.6999999999999
Birmingham,2016,410500,290000,Birmingham_410500_290000,6,5,0,5,1,0.0,-0.0,19750.0,2650.0,492.6400000000001
Birmingham,2016,410500,291000,Birmingham_410500_291000,1,0,1,1,0,1.0,-0.0,0.0,0.0,95.4
Birmingham,2016,410500,291250,Birmingham_410500_291250,15,7,3,10,5,0.3,0.48509409130221154,236700.0,5550.0,2624.09
Birmingham,2016,410500,291500,Birmingham_410500_291500,51,24,0,24,27,0.0,0.4152177581785436,661500.0,12000.0,9991.43
Birmingham,2016,410500,291750,Birmingham_410500_291750,4,1,0,1,3,0.0,-0.0,9300.0,1962.5,279.7
Birmingham,2016,410500,292000,Birmingham_410500_292000,9,2,0,2,7,0.0,-0.0,39850.0,2800.0,1317.93
Birmingham,2016,410500,292250,Birmingham_410500_292250,6,2,0,2,4,0.0,1.0114042647073516,382300.0,3600.0,13782.99
Birmingham,2016,410500,292500,Birmingham_410500_292500,1,0,0,0,1,,-0.0,3200.0,3200.0,74.4
Birmingham,2016,410500,293500,Birmingham_410500_293500,2,1,0,1,1,0.0,-0.0,10600.0,5300.0,531.22
Birmingham,2016,410500,294500,Birmingham_410500_294500,7,6,0,6,1,0.0,-0.0,44100.0,6700.0,412.1
Birmingham,2016,410500,295250,Birmingham_410500_295250,2,0,0,0,2,,-0.0,165000.0,165000.0,
Birmingham,2016,410500,299000,Birmingham_410500_299000,1,1,0,1,0,0.0,-0.0,10750.0,10750.0,231.03
Birmingham,2016,410500,300500,Birmingham_410500_300500,1,1,0,1,0,0.0,-0.0,80000.0,80000.0,
Birmingham,2016,410750,279500,Birmingham_410750_279500,1,0,0,0,1,,-0.0,105000.0,105000.0,
Birmingham,2016,410750,281000,Birmingham_410750_281000,45,30,3,33,12,0.09090909090909091,0.7641329030545754,564250.0,6200.0,6660.01
Birmingham,2016,410750,282000,Birmingham_410750_282000,2,2,0,2,0,0.0,-0.0,14250.0,7125.0,160.34
Birmingham,2016,410750,282500,Birmingham_410750_282500,5,4,1,5,0,0.2,-0.0,12900.0,2650.0,236.20000000000002
Birmingham,2016,410750,283000,Birmingham_410750_283000,9,3,0,3,6,0.0,0.34883209584303193,21200.0,3050.0,2410.6
Birmingham,2016,410750,283750,Birmingham_410750_283750,13,9,0,9,4,0.0,-0.0,47225.0,4650.0,946.4000000000001
Birmingham,2016,410750,284250,Birmingham_410750_284250,5,2,2,4,1,0.5,-0.0,12045.0,1912.5,566.16
Birmingham,2016,410750,284500,Birmingham_410750_284500,25,17,1,18,7,0.05555555555555555,0.3669249912727096,91675.0,3350.0,2336.3599999999997
Birmingham,2016,410750,285000,Birmingham_410750_285000,7,4,0,4,3,0.0,1.0789922078775833,611250.0,102500.0,3339.6799999999994
Birmingham,2016,410750,285250,Birmingham_410750_285250,3,1,0,1,2,0.0,-0.0,2010000.0,2010000.0,26331.300000000003
Birmingham,2016,410750,285500,Birmingham_410750_285500,1,1,0,1,0,0.0,-0.0,4400.0,4400.0,99.3
Birmingham,2016,410750,285750,Birmingham_410750_285750,8,4,0,4,4,0.0,0.37677016125643675,13400.0,2750.0,895.69
Birmingham,2016,410750,286000,Birmingham_410750_286000,1,0,0,0,1,,-0.0,1175.0,1175.0,16.9
Birmingham,2016,410750,286250,Birmingham_410750_286250,34,20,2,22,12,0.09090909090909091,0.2644914396281835,165500.0,4275.0,3825.7200000000003
Birmingham,2016,410750,286500,Birmingham_410750_286500,4,3,0,3,1,0.0,0.5623351446188083,5700.0,1775.0,65.6
Birmingham,2016,410750,286750,Birmingham_410750_286750,4,3,0,3,1,0.0,0.5623351446188083,14675.0,2750.0,191.14999999999998
Birmingham,2016,410750,287250,Birmingham_410750_287250,2,1,1,2,0,0.5,-0.0,10850.0,5425.0,93.7
Birmingham,2016,410750,287500,Birmingham_410750_287500,1,1,0,1,0,0.0,-0.0,1850.0,1850.0,35.6
Birmingham,2016,410750,287750,Birmingham_410750_287750,31,17,0,17,14,0.0,-0.0,137975.0,4625.0,2549.48
Birmingham,2016,410750,288000,Birmingham_410750_288000,1,0,0,0,1,,-0.0,2400.0,2400.0,106.2
Birmingham,2016,410750,288500,Birmingham_410750_288500,7,7,0,7,0,0.0,0.410116318288409,36900.0,4800.0,470.77
Birmingham,2016,410750,288750,Birmingham_410750_288750,1,0,0,0,1,,-0.0,4350.0,4350.0,61.9
Birmingham,2016,410750,290000,Birmingham_410750_290000,7,2,0,2,5,0.0,0.5982695885852573,31000.0,15500.0,1688.81
Birmingham,2016,410750,291000,Birmingham_410750_291000,1,0,0,0,1,,-0.0,18750.0,18750.0,57.2
Birmingham,2016,410750,291250,Birmingham_410750_291250,10,4,0,4,6,0.0,-0.0,60900.0,7950.0,1306.01
Birmingham,2016,410750,291500,Birmingham_410750_291500,88,51,3,54,34,0.05555555555555555,0.6069459037889823,1621200.0,16250.0,17296.58
Birmingham,2016,410750,291750,Birmingham_410750_291750,30,6,1,7,23,0.14285714285714285,0.533961612789336,209100.0,2325.0,963.76
Birmingham,2016,410750,292000,Birmingham_410750_292000,39,20,0,20,19,0.0,0.20227300179743635,152450.0,4550.0,4129.27
Birmingham,2016,410750,292250,Birmingham_410750_292250,22,11,2,13,9,0.15384615384615385,0.48510450039094044,101000.0,4350.0,1855.0800000000002
Birmingham,2016,410750,292500,Birmingham_410750_292500,21,17,1,18,3,0.05555555555555555,0.19144408195771734,86625.0,3025.0,1546.15
Birmingham,2016,410750,292750,Birmingham_410750_292750,2,1,0,1,1,0.0,0.6931471805599453,321600.0,160800.0,6476.1
Birmingham,2016,410750,293500,Birmingham_410750_293500,1,1,0,1,0,0.0,-0.0,1925.0,1925.0,21.1
Birmingham,2016,410750,294000,Birmingham_410750_294000,1,1,0,1,0,0.0,-0.0,8300.0,8300.0,156.77
Birmingham,2016,410750,294250,Birmingham_410750_294250,26,14,0,14,12,0.0,0.431071102348777,361550.0,13625.0,3956.4799999999996
Birmingham,2016,410750,294500,Birmingham_410750_294500,74,42,3,45,29,0.06666666666666667,0.5839238374139786,1050535.0,11250.0,7812.25
Birmingham,2016,410750,294750,Birmingham_410750_294750,3,2,0,2,1,0.0,0.6365141682948128,29250.0,14625.0,591.37
Birmingham,2016,410750,297000,Birmingham_410750_297000,1,1,0,1,0,0.0,-0.0,6700.0,6700.0,70.5
Birmingham,2016,410750,299250,Birmingham_410750_299250,2,1,0,1,1,0.0,-0.0,8550.0,4275.0,283.2
Birmingham,2016,410750,300500,Birmingham_410750_300500,3,3,0,3,0,0.0,-0.0,17700.0,6000.0,273.70000000000005
Birmingham,2016,411000,280250,Birmingham_411000_280250,1,1,0,1,0,0.0,-0.0,14000.0,14000.0,177.6
Birmingham,2016,411000,280500,Birmingham_411000_280500,1,0,0,0,1,,-0.0,157000.0,157000.0,
Birmingham,2016,411000,281500,Birmingham_411000_281500,1,1,0,1,0,0.0,-0.0,3700.0,3700.0,62.2
Birmingham,2016,411000,282250,Birmingham_411000_282250,9,4,0,4,5,0.0,0.34883209584303193,94800.0,3150.0,514.6
Birmingham,2016,411000,283000,Birmingham_411000_283000,6,4,0,4,2,0.0,-0.0,18360.0,1937.5,495.18999999999994
Birmingham,2016,411000,283500,Birmingham_411000_283500,1,1,0,1,0,0.0,-0.0,174000.0,174000.0,1913.42
Birmingham,2016,411000,283750,Birmingham_411000_283750,17,6,0,6,11,0.0,0.362210557135449,74875.0,3900.0,2357.95
Birmingham,2016,411000,284000,Birmingham_411000_284000,3,2,1,3,0,0.3333333333333333,0.6365141682948128,10220.0,2800.0,209.52
Birmingham,2016,411000,284250,Birmingham_411000_284250,2,1,0,1,1,0.0,-0.0,6050.0,3025.0,108.6
Birmingham,2016,411000,284500,Birmingham_411000_284500,1,1,0,1,0,0.0,-0.0,4200.0,4200.0,91.2
Birmingham,2016,411000,284750,Birmingham_411000_284750,1,0,0,0,1,,-0.0,,,36.6
Birmingham,2016,411000,285000,Birmingham_411000_285000,34,20,3,23,11,0.13043478260869565,0.22371807606583377,151700.0,4400.0,3801.5699999999997
Birmingham,2016,411000,285250,Birmingham_411000_285250,3,3,0,3,0,0.0,-0.0,9000.0,2500.0,142.9
Birmingham,2016,411000,285500,Birmingham_411000_285500,1,0,0,0,1,,-0.0,,,
Birmingham,2016,411000,286000,Birmingham_411000_286000,1,1,0,1,0,0.0,-0.0,4900.0,4900.0,75.8
Birmingham,2016,411000,286250,Birmingham_411000_286250,11,6,0,6,5,0.0,-0.0,57700.0,4550.0,891.9100000000001
Birmingham,2016,411000,286750,Birmingham_411000_286750,1,0,0,0,1,,-0.0,5600.0,5600.0,74.9
Birmingham,2016,411000,287500,Birmingham_411000_287500,10,6,1,7,3,0.14285714285714285,0.3250829733914482,49675.0,5500.0,591.93
Birmingham,2016,411000,288750,Birmingham_411000_288750,4,0,0,0,4,,-0.0,6000.0,3000.0,343.09999999999997
Birmingham,2016,411000,290000,Birmingham_411000_290000,11,7,1,8,3,0.125,-0.0,49000.0,4500.0,1212.92
Birmingham,2016,411000,290750,Birmingham_411000_290750,3,2,0,2,1,0.0,1.0986122886681096,278750.0,30750.0,1777.0
Birmingham,2016,411000,291250,Birmingham_411000_291250,6,3,0,3,3,0.0,-0.0,11675.0,2487.5,303.7
Birmingham,2016,411000,291500,Birmingham_411000_291500,2,1,0,1,1,0.0,-0.0,6900.0,3450.0,121.9
Birmingham,2016,411000,291750,Birmingham_411000_291750,152,55,12,67,85,0.1791044776119403,0.33471074511541005,2395670.0,11625.0,31560.620000000003
Birmingham,2016,411000,292000,Birmingham_411000_292000,60,27,9,36,24,0.25,0.3701390942780787,425225.0,5550.0,5844.29
Birmingham,2016,411000,293000,Birmingham_411000_293000,2,1,0,1,1,0.0,0.6931471805599453,24700.0,12350.0,180.72
Birmingham,2016,411000,293250,Birmingham_411000_293250,20,13,0,13,7,0.0,0.39439769144744274,123075.0,5600.0,1999.81
Birmingham,2016,411000,294250,Birmingham_411000_294250,1,0,0,0,1,,-0.0,3900.0,3900.0,109.8
Birmingham,2016,411000,294750,Birmingham_411000_294750,1,0,0,0,1,,-0.0,,,31.6
Birmingham,2016,411000,298750,Birmingham_411000_298750,8,3,1,4,4,0.25,0.37677016125643675,89145.0,3600.0,770.82
Birmingham,2016,411250,280250,Birmingham_411250_280250,47,28,2,30,17,0.06666666666666667,0.2780063622733909,442480.0,9400.0,4778.17
Birmingham,2016,411250,280500,Birmingham_411250_280500,13,10,0,10,3,0.0,-0.0,101650.0,8250.0,1182.11
Birmingham,2016,411250,281500,Birmingham_411250_281500,14,10,0,10,4,0.0,0.25731864054383163,99650.0,4550.0,1000.4399999999999
Birmingham,2016,411250,282500,Birmingham_411250_282500,12,7,0,7,5,0.0,-0.0,41700.0,3550.0,583.3000000000001
Birmingham,2016,411250,282750,Birmingham_411250_282750,54,38,0,38,16,0.0,0.4452280101187498,493150.0,5600.0,5947.050000000001
Birmingham,2016,411250,283250,Birmingham_411250_283250,1,1,0,1,0,0.0,-0.0,3650.0,3650.0,66.9
Birmingham,2016,411250,283750,Birmingham_411250_283750,6,3,0,3,3,0.0,1.0114042647073516,64150.0,2700.0,668.45
Birmingham,2016,411250,284000,Birmingham_411250_284000,4,1,1,2,2,0.5,0.5623351446188083,40200.0,10000.0,958.41
Birmingham,2016,411250,284750,Birmingham_411250_284750,1,0,0,0,1,,-0.0,1525.0,1525.0,43.5
Birmingham,2016,411250,285000,Birmingham_411250_285000,24,13,2,15,9,0.13333333333333333,0.2868359830561607,140600.0,5300.0,2952.98
Birmingham,2016,411250,286750,Birmingham_411250_286750,26,17,1,18,8,0.05555555555555555,0.32450838693107065,178300.0,5600.0,2171.6200000000003
Birmingham,2016,411250,287500,Birmingham_411250_287500,24,17,0,17,7,0.0,-0.0,186850.0,6250.0,3145.82
Birmingham,2016,411250,287750,Birmingham_411250_287750,1,1,0,1,0,0.0,-0.0,3200.0,3200.0,52.8
Birmingham,2016,411250,288000,Birmingham_411250_288000,2,1,0,1,1,0.0,-0.0,4650.0,2325.0,71.55
Birmingham,2016,411250,288250,Birmingham_411250_288250,37,19,0,19,18,0.0,0.12425083738963087,205100.0,5600.0,4536.709999999999
Birmingham,2016,411250,288500,Birmingham_411250_288500,4,2,1,3,1,0.3333333333333333,-0.0,7375.0,2550.0,185.1
Birmingham,2016,411250,289000,Birmingham_411250_289000,2,1,0,1,1,0.0,-0.0,7700.0,3850.0,127.80000000000001
Birmingham,2016,411250,290000,Birmingham_411250_290000,2,0,0,0,2,,-0.0,12750.0,12750.0,321.4
Birmingham,2016,411250,290250,Birmingham_411250_290250,7,3,0,3,4,0.0,1.277034259466139,288050.0,32000.0,3181.66
Birmingham,2016,411250,290500,Birmingham_411250_290500,10,4,0,4,6,0.0,0.3250829733914482,28775.0,3000.0,874.9799999999999
Birmingham,2016,411250,291250,Birmingham_411250_291250,1,0,0,0,1,,-0.0,3450.0,3450.0,80.6
Birmingham,2016,411250,291500,Birmingham_411250_291500,1,1,0,1,0,0.0,-0.0,3250.0,3250.0,188.09
Birmingham,2016,411250,291750,Birmingham_411250_291750,13,7,0,7,6,0.0,-0.0,44500.0,4650.0,1186.82
Birmingham,2016,411250,292000,Birmingham_411250_292000,2,0,0,0,2,,-0.0,20000.0,20000.0,
Birmingham,2016,411250,292250,Birmingham_411250_292250,1,1,0,1,0,0.0,-0.0,4950.0,4950.0,14.2
Birmingham,2016,411250,292500,Birmingham_411250_292500,3,0,0,0,3,,-0.0,,,149.7
Birmingham,2016,411250,293000,Birmingham_411250_293000,7,6,0,6,1,0.0,-0.0,24750.0,2700.0,558.0
Birmingham,2016,411250,293250,Birmingham_411250_293250,1,0,0,0,1,,-0.0,6600.0,6600.0,199.56
Birmingham,2016,411250,296250,Birmingham_411250_296250,3,1,0,1,2,0.0,0.6365141682948128,116950.0,3950.0,46.64
Birmingham,2016,411250,299250,Birmingham_411250_299250,4,1,0,1,3,0.0,0.6931471805599453,83500.0,19800.0,186.10000000000002
Birmingham,2016,411250,299500,Birmingham_411250_299500,1,1,0,1,0,0.0,-0.0,26250.0,26250.0,185.4
Birmingham,2016,411500,280500,Birmingham_411500_280500,3,3,0,3,0,0.0,-0.0,19450.0,6000.0,262.14
Birmingham,2016,411500,281750,Birmingham_411500_281750,4,0,0,0,4,,-0.0,6575.0,1612.5,114.9
Birmingham,2016,411500,282000,Birmingham_411500_282000,3,2,0,2,1,0.0,-0.0,14675.0,3950.0,187.7
Birmingham,2016,411500,282500,Birmingham_411500_282500,3,2,0,2,1,0.0,-0.0,9550.0,3200.0,88.4
Birmingham,2016,411500,282750,Birmingham_411500_282750,1,1,0,1,0,0.0,-0.0,11250.0,11250.0,78.6
Birmingham,2016,411500,283500,Birmingham_411500_283500,7,3,0,3,4,0.0,-0.0,21000.0,5200.0,919.9399999999998
Birmingham,2016,411500,283750,Birmingham_411500_283750,1,0,0,0,1,,-0.0,175000.0,175000.0,2957.8
Birmingham,2016,411500,284000,Birmingham_411500_284000,1,0,0,0,1,,-0.0,,,36.2
Birmingham,2016,411500,284250,Birmingham_411500_284250,2,0,0,0,2,,0.6931471805599453,,,567.78
Birmingham,2016,411500,284500,Birmingham_411500_284500,2,1,0,1,1,0.0,-0.0,15750.0,15750.0,2084.2200000000003
Birmingham,2016,411500,284750,Birmingham_411500_284750,3,2,1,3,0,0.3333333333333333,-0.0,21850.0,6300.0,777.53
Birmingham,2016,411500,285000,Birmingham_411500_285000,24,12,0,12,12,0.0,0.3445982481028228,95200.0,4825.0,2649.14
Birmingham,2016,411500,285250,Birmingham_411500_285250,1,0,0,0,1,,-0.0,7700.0,7700.0,250.0
Birmingham,2016,411500,285750,Birmingham_411500_285750,18,10,0,10,8,0.0,0.45056120886630463,80650.0,4375.0,2042.99
Birmingham,2016,411500,286250,Birmingham_411500_286250,2,0,0,0,2,,-0.0,,,1291.5
Birmingham,2016,411500,287500,Birmingham_411500_287500,9,6,0,6,3,0.0,-0.0,19435.0,1737.5,376.41
Birmingham,2016,411500,287750,Birmingham_411500_287750,52,26,2,28,24,0.07142857142857142,0.6076195618254389,426975.0,6050.0,7696.2699999999995
Birmingham,2016,411500,288000,Birmingham_411500_288000,8,4,0,4,4,0.0,-0.0,28100.0,5600.0,365.6
Birmingham,2016,411500,288250,Birmingham_411500_288250,38,25,0,25,13,0.0,0.12169240267806193,200825.0,4425.0,2721.04
Birmingham,2016,411500,288500,Birmingham_411500_288500,1,0,0,0,1,,-0.0,,,
Birmingham,2016,411500,288750,Birmingham_411500_288750,6,4,0,4,2,0.0,-0.0,16650.0,2500.0,393.6600000000001
Birmingham,2016,411500,289000,Birmingham_411500_289000,11,3,1,4,7,0.25,-0.0,15500.0,2750.0,592.97
Birmingham,2016,411500,289250,Birmingham_411500_289250,6,2,0,2,4,0.0,0.8675632284814612,7900.0,2700.0,520.87
Birmingham,2016,411500,289500,Birmingham_411500_289500,5,0,0,0,5,,-0.0,181000.0,90500.0,9179.94
Birmingham,2016,411500,290250,Birmingham_411500_290250,4,3,1,4,0,0.25,1.0397207708399179,113550.0,4525.0,1162.12
Birmingham,2016,411500,290500,Birmingham_411500_290500,2,0,0,0,2,,-0.0,4550.0,4550.0,138.5
Birmingham,2016,411500,292750,Birmingham_411500_292750,7,5,0,5,2,0.0,0.410116318288409,64450.0,9200.0,482.44000000000005
Birmingham,2016,411500,293000,Birmingham_411500_293000,1,1,0,1,0,0.0,-0.0,5200.0,5200.0,144.3
Birmingham,2016,411500,293250,Birmingham_411500_293250,1,1,0,1,0,0.0,-0.0,2800.0,2800.0,93.7
Birmingham,2016,411500,295000,Birmingham_411500_295000,21,14,0,14,7,0.0,0.31449220128141064,227625.0,12000.0,2032.84
Birmingham,2016,411500,296000,Birmingham_411500_296000,1,0,0,0,1,,-0.0,16250.0,16250.0,157.47
Birmingham,2016,411500,296250,Birmingham_411500_296250,1,0,0,0,1,,-0.0,18000.0,18000.0,278.7
Birmingham,2016,411500,298250,Birmingham_411500_298250,7,5,0,5,2,0.0,0.5982695885852573,135000.0,6050.0,459.91
Birmingham,2016,411500,298500,Birmingham_411500_298500,45,22,0,22,23,0.0,0.5275283691885324,820725.0,17375.0,8692.149999999998
Birmingham,2016,411500,298750,Birmingham_411500_298750,55,20,1,21,34,0.047619047619047616,0.7092555623422562,1024175.0,13875.0,10051.529999999999
Birmingham,2016,411500,299000,Birmingham_411500_299000,4,2,0,2,2,0.0,-0.0,37000.0,12500.0,449.88
Birmingham,2016,411750,281000,Birmingham_411750_281000,3,3,0,3,0,0.0,-0.0,6950.0,2900.0,197.0
Birmingham,2016,411750,281250,Birmingham_411750_281250,23,10,2,12,11,0.16666666666666666,0.355712859746894,116775.0,3800.0,2259.92
Birmingham,2016,411750,281750,Birmingham_411750_281750,4,2,0,2,2,0.0,-0.0,6250.0,2000.0,157.2
Birmingham,2016,411750,282250,Birmingham_411750_282250,4,3,0,3,1,0.0,-0.0,14450.0,3175.0,211.83999999999997
Birmingham,2016,411750,282500,Birmingham_411750_282500,2,2,0,2,0,0.0,-0.0,16600.0,8300.0,257.61
Birmingham,2016,411750,283000,Birmingham_411750_283000,14,7,0,7,7,0.0,0.8304717124362917,142850.0,10525.0,910.4
Birmingham,2016,411750,283250,Birmingham_411750_283250,8,3,0,3,5,0.0,0.7356219397587946,82775.0,9400.0,631.5799999999999
Birmingham,2016,411750,283750,Birmingham_411750_283750,4,3,0,3,1,0.0,-0.0,17170.0,2600.0,406.9
Birmingham,2016,411750,284250,Birmingham_411750_284250,5,2,0,2,3,0.0,0.5004024235381879,209475.0,3325.0,3467.6
Birmingham,2016,411750,285000,Birmingham_411750_285000,10,6,0,6,4,0.0,0.8018185525433372,124375.0,4200.0,1609.43
Birmingham,2016,411750,286000,Birmingham_411750_286000,1,1,0,1,0,0.0,-0.0,4550.0,4550.0,66.4
Birmingham,2016,411750,286750,Birmingham_411750_286750,11,8,0,8,3,0.0,-0.0,69600.0,5200.0,1074.68
Birmingham,2016,411750,287250,Birmingham_411750_287250,2,1,0,1,1,0.0,-0.0,12625.0,6312.5,287.5
Birmingham,2016,411750,287500,Birmingham_411750_287500,2,0,0,0,2,,-0.0,7250.0,3625.0,163.05
Birmingham,2016,411750,288000,Birmingham_411750_288000,32,15,3,18,14,0.16666666666666666,0.2337916587064593,180620.0,5500.0,4223.719999999999
Birmingham,2016,411750,288250,Birmingham_411750_288250,3,2,1,3,0,0.3333333333333333,-0.0,12750.0,3750.0,168.49
Birmingham,2016,411750,288750,Birmingham_411750_288750,1,0,1,1,0,1.0,-0.0,1475.0,1475.0,14.8
Birmingham,2016,411750,289000,Birmingham_411750_289000,6,0,0,0,6,,-0.0,8925.0,2850.0,455.71999999999997
Birmingham,2016,411750,290250,Birmingham_411750_290250,27,20,1,21,6,0.047619047619047616,-0.0,161275.0,5800.0,2742.12
Birmingham,2016,411750,291500,Birmingham_411750_291500,1,0,0,0,1,,-0.0,,,337.54
Birmingham,2016,411750,291750,Birmingham_411750_291750,1,1,0,1,0,0.0,-0.0,4900.0,4900.0,111.25
Birmingham,2016,411750,292750,Birmingham_411750_292750,14,9,0,9,5,0.0,0.7589367727620595,256850.0,9650.0,1186.31
Birmingham,2016,411750,293000,Birmingham_411750_293000,72,39,1,40,32,0.025,0.49641520050711685,1084250.0,12750.0,9759.2
Birmingham,2016,411750,293250,Birmingham_411750_293250,18,9,0,9,9,0.0,0.42584844923858145,203800.0,8800.0,2386.53
Birmingham,2016,411750,293750,Birmingham_411750_293750,1,1,0,1,0,0.0,-0.0,86500.0,86500.0,
Birmingham,2016,411750,294750,Birmingham_411750_294750,1,1,0,1,0,0.0,-0.0,120000.0,120000.0,
Birmingham,2016,411750,295000,Birmingham_411750_295000,1,1,0,1,0,0.0,-0.0,70000.0,70000.0,656.31
Birmingham,2016,411750,295250,Birmingham_411750_295250,16,10,0,10,6,0.0,1.040839837423239,293150.0,15625.0,3765.71
Birmingham,2016,411750,295500,Birmingham_411750_295500,41,23,2,25,16,0.08,0.4866813679134715,687850.0,14625.0,5706.469999999999
Birmingham,2016,411750,295750,Birmingham_411750_295750,28,8,2,10,18,0.2,1.2452432493192798,1655750.0,38750.0,9195.86
Birmingham,2016,411750,296000,Birmingham_411750_296000,76,43,2,45,31,0.044444444444444446,0.399877780428179,5502651.0,55500.0,27897.050000000003
Birmingham,2016,411750,296250,Birmingham_411750_296250,2,2,0,2,0,0.0,-0.0,9500.0,4750.0,99.8
Birmingham,2016,411750,297250,Birmingham_411750_297250,2,0,0,0,2,,-0.0,200000.0,100000.0,
Birmingham,2016,411750,298250,Birmingham_411750_298250,1,1,0,1,0,0.0,-0.0,18500.0,18500.0,24.7
Birmingham,2016,411750,298750,Birmingham_411750_298750,11,6,0,6,5,0.0,0.5859526183035508,1760300.0,12125.0,14356.9
Birmingham,2016,411750,299000,Birmingham_411750_299000,1,1,0,1,0,0.0,-0.0,13500.0,13500.0,
Birmingham,2016,412000,283000,Birmingham_412000_283000,56,31,4,35,21,0.11428571428571428,0.6908427606966324,2009250.0,26000.0,18276.17
Birmingham,2016,412000,283250,Birmingham_412000_283250,3,2,0,2,1,0.0,0.6365141682948128,20350.0,6800.0,480.88
Birmingham,2016,412000,284250,Birmingham_412000_284250,11,6,0,6,5,0.0,0.30463609734923813,22400.0,1950.0,796.89
Birmingham,2016,412000,284500,Birmingham_412000_284500,3,2,0,2,1,0.0,-0.0,7250.0,3625.0,206.1
Birmingham,2016,412000,284750,Birmingham_412000_284750,3,2,0,2,1,0.0,1.0986122886681096,417000.0,56000.0,2592.76
Birmingham,2016,412000,286750,Birmingham_412000_286750,5,3,0,3,2,0.0,-0.0,28500.0,5100.0,297.13
Birmingham,2016,412000,287500,Birmingham_412000_287500,4,2,0,2,2,0.0,-0.0,4955.0,1950.0,282.41
Birmingham,2016,412000,288000,Birmingham_412000_288000,3,1,0,1,2,0.0,0.6365141682948128,40950.0,6700.0,553.69
Birmingham,2016,412000,288250,Birmingham_412000_288250,14,8,1,9,5,0.1111111111111111,0.410116318288409,99775.0,5750.0,1540.8499999999997
Birmingham,2016,412000,289500,Birmingham_412000_289500,1,1,0,1,0,0.0,-0.0,6400.0,6400.0,101.7
Birmingham,2016,412000,290000,Birmingham_412000_290000,50,23,3,26,24,0.11538461538461539,0.915594938493882,13339000.0,194500.0,35686.850000000006
Birmingham,2016,412000,290500,Birmingham_412000_290500,5,1,0,1,4,0.0,-0.0,997500.0,498750.0,17012.62
Birmingham,2016,412000,291000,Birmingham_412000_291000,29,23,1,24,5,0.041666666666666664,0.14999492361041503,149275.0,4650.0,2739.3100000000004
Birmingham,2016,412000,291250,Birmingham_412000_291250,3,1,1,2,1,0.5,-0.0,11575.0,4100.0,228.62
Birmingham,2016,412000,292250,Birmingham_412000_292250,1,0,0,0,1,,-0.0,,,1807.26
Birmingham,2016,412000,294500,Birmingham_412000_294500,1,1,0,1,0,0.0,-0.0,8000.0,8000.0,82.5
Birmingham,2016,412000,295500,Birmingham_412000_295500,10,9,0,9,1,0.0,0.3250829733914482,146700.0,6900.0,887.54
Birmingham,2016,412000,295750,Birmingham_412000_295750,111,35,5,40,71,0.125,0.17539937110126844,1370000.0,3225.0,8091.540000000002
Birmingham,2016,412000,296000,Birmingham_412000_296000,56,24,3,27,29,0.1111111111111111,0.827571204816495,4076450.0,50250.0,36356.18
Birmingham,2016,412000,296250,Birmingham_412000_296250,32,17,0,17,15,0.0,0.5115867519685875,488825.0,10000.0,2187.05
Birmingham,2016,412000,296500,Birmingham_412000_296500,6,4,0,4,2,0.0,0.45056120886630463,59600.0,8450.0,607.41
Birmingham,2016,412000,297000,Birmingham_412000_297000,1,0,0,0,1,,-0.0,,,2024.3
Birmingham,2016,412000,298500,Birmingham_412000_298500,1,1,0,1,0,0.0,-0.0,10750.0,10750.0,121.7
Birmingham,2016,412000,298750,Birmingham_412000_298750,4,3,0,3,1,0.0,-0.0,17200.0,3900.0,186.64
Birmingham,2016,412000,299250,Birmingham_412000_299250,4,3,0,3,1,0.0,-0.0,13250.0,3225.0,217.92000000000002
Birmingham,2016,412250,282000,Birmingham_412250_282000,1,1,0,1,0,0.0,-0.0,2100.0,2100.0,60.2
Birmingham,2016,412250,283000,Birmingham_412250_283000,64,37,1,38,26,0.02631578947368421,0.37080235808948786,1045250.0,14750.0,8403.95
Birmingham,2016,412250,283500,Birmingham_412250_283500,10,5,1,6,4,0.16666666666666666,0.3250829733914482,69900.0,3700.0,563.1500000000001
Birmingham,2016,412250,283750,Birmingham_412250_283750,30,21,1,22,8,0.045454545454545456,0.29113983883196504,112950.0,3850.0,2129.8599999999997
Birmingham,2016,412250,284000,Birmingham_412250_284000,14,4,0,4,10,0.0,0.25731864054383163,31300.0,3550.0,759.6800000000001
Birmingham,2016,412250,284250,Birmingham_412250_284250,2,1,0,1,1,0.0,-0.0,4475.0,2237.5,76.9
Birmingham,2016,412250,284500,Birmingham_412250_284500,3,2,0,2,1,0.0,0.6365141682948128,24850.0,12425.0,576.64
Birmingham,2016,412250,284750,Birmingham_412250_284750,7,5,0,5,2,0.0,0.410116318288409,139750.0,5200.0,1322.8100000000002
Birmingham,2016,412250,285250,Birmingham_412250_285250,7,5,0,5,2,0.0,-0.0,28025.0,2950.0,897.6200000000001
Birmingham,2016,412250,285500,Birmingham_412250_285500,1,0,1,1,0,1.0,-0.0,4050.0,4050.0,46.7
Birmingham,2016,412250,288250,Birmingham_412250_288250,97,44,2,46,51,0.043478260869565216,0.7075643792174751,2185775.0,9400.0,31237.389999999996
Birmingham,2016,412250,288500,Birmingham_412250_288500,2,0,0,0,2,,-0.0,1775.0,1775.0,205.73
Birmingham,2016,412250,289750,Birmingham_412250_289750,9,4,0,4,5,0.0,-0.0,49650.0,4000.0,1127.7399999999998
Birmingham,2016,412250,290000,Birmingham_412250_290000,7,2,0,2,5,0.0,-0.0,676500.0,213000.0,19731.0
Birmingham,2016,412250,290750,Birmingham_412250_290750,3,2,0,2,1,0.0,-0.0,101250.0,32750.0,1380.3000000000002
Birmingham,2016,412250,291000,Birmingham_412250_291000,19,10,0,10,9,0.0,0.20619205063323187,64200.0,4250.0,1860.6599999999999
Birmingham,2016,412250,294000,Birmingham_412250_294000,2,0,0,0,2,,-0.0,,,
Birmingham,2016,412250,295250,Birmingham_412250_295250,3,3,0,3,0,0.0,-0.0,8800.0,3500.0,230.91
Birmingham,2016,412250,296000,Birmingham_412250_296000,2,0,0,0,2,,-0.0,18500.0,18500.0,
Birmingham,2016,412250,296250,Birmingham_412250_296250,4,2,0,2,2,0.0,-0.0,23100.0,4150.0,212.60000000000002
Birmingham,2016,412250,298500,Birmingham_412250_298500,4,2,0,2,2,0.0,0.5623351446188083,56850.0,8225.0,182.2
Birmingham,2016,412250,298750,Birmingham_412250_298750,2,1,0,1,1,0.0,-0.0,7550.0,3775.0,102.9
Birmingham,2016,412500,282000,Birmingham_412500_282000,1,1,0,1,0,0.0,-0.0,2050.0,2050.0,34.2
Birmingham,2016,412500,282750,Birmingham_412500_282750,7,3,0,3,4,0.0,0.5982695885852573,272800.0,64500.0,3426.37
Birmingham,2016,412500,283000,Birmingham_412500_283000,21,15,0,15,6,0.0,0.5670609309552819,116125.0,7300.0,2322.98
Birmingham,2016,412500,283500,Birmingham_412500_283500,1,0,0,0,1,,-0.0,,,168.92
Birmingham,2016,412500,283750,Birmingham_412500_283750,1,1,0,1,0,0.0,-0.0,2025.0,2025.0,36.6
Birmingham,2016,412500,284500,Birmingham_412500_284500,14,3,0,3,11,0.0,0.410116318288409,48600.0,3650.0,1738.1
Birmingham,2016,412500,284750,Birmingham_412500_284750,1,0,0,0,1,,-0.0,9300.0,9300.0,231.7
Birmingham,2016,412500,286500,Birmingham_412500_286500,13,9,0,9,4,0.0,0.2711893730418441,40300.0,4000.0,905.5200000000001
Birmingham,2016,412500,286750,Birmingham_412500_286750,2,0,1,1,1,1.0,-0.0,12300.0,6150.0,467.70000000000005
Birmingham,2016,412500,287500,Birmingham_412500_287500,1,1,0,1,0,0.0,-0.0,5000.0,5000.0,89.6
Birmingham,2016,412500,288000,Birmingham_412500_288000,18,11,0,11,7,0.0,0.2145591551764051,285425.0,4100.0,3052.8599999999997
Birmingham,2016,412500,288250,Birmingham_412500_288250,6,5,0,5,1,0.0,0.45056120886630463,38050.0,6400.0,601.6899999999999
Birmingham,2016,412500,290000,Birmingham_412500_290000,16,5,0,5,11,0.0,0.2337916587064593,277100.0,15250.0,5239.469999999999
Birmingham,2016,412500,290750,Birmingham_412500_290750,8,5,0,5,3,0.0,0.5623351446188083,129250.0,9225.0,2106.99
Birmingham,2016,412500,291000,Birmingham_412500_291000,18,11,0,11,7,0.0,0.42584844923858145,89700.0,4950.0,2474.0900000000006
Birmingham,2016,412500,291750,Birmingham_412500_291750,3,1,0,1,2,0.0,-0.0,10100.0,2325.0,222.2
Birmingham,2016,412500,292250,Birmingham_412500_292250,1,1,0,1,0,0.0,-0.0,59000.0,59000.0,
Birmingham,2016,412500,292500,Birmingham_412500_292500,2,1,0,1,1,0.0,-0.0,2550.0,2550.0,76.5
Birmingham,2016,412500,293250,Birmingham_412500_293250,1,0,0,0,1,,-0.0,12250.0,12250.0,115.0
Birmingham,2016,412500,295500,Birmingham_412500_295500,1,1,0,1,0,0.0,-0.0,4150.0,4150.0,33.6
Birmingham,2016,412500,295750,Birmingham_412500_295750,1,0,0,0,1,,-0.0,141000.0,141000.0,1365.9
Birmingham,2016,412500,296000,Birmingham_412500_296000,3,0,0,0,3,,0.6365141682948128,20650.0,6600.0,434.5
Birmingham,2016,412500,296250,Birmingham_412500_296250,1,0,0,0,1,,-0.0,,,15.9
Birmingham,2016,412750,282500,Birmingham_412750_282500,2,0,0,0,2,,-0.0,30000.0,30000.0,
Birmingham,2016,412750,282750,Birmingham_412750_282750,7,5,0,5,2,0.0,0.5982695885852573,68825.0,10175.0,1484.0800000000002
Birmingham,2016,412750,283000,Birmingham_412750_283000,1,0,0,0,1,,-0.0,3050.0,3050.0,73.6
Birmingham,2016,412750,283250,Birmingham_412750_283250,2,2,0,2,0,0.0,-0.0,4975.0,2487.5,92.6
Birmingham,2016,412750,283750,Birmingham_412750_283750,1,1,0,1,0,0.0,-0.0,930.0,930.0,12.4
Birmingham,2016,412750,284750,Birmingham_412750_284750,96,21,2,23,73,0.08695652173913043,0.26195173426060336,3507650.0,21000.0,53260.66000000001
Birmingham,2016,412750,285000,Birmingham_412750_285000,4,2,0,2,2,0.0,-0.0,9925.0,2387.5,193.52
Birmingham,2016,412750,285250,Birmingham_412750_285250,7,6,0,6,1,0.0,0.410116318288409,55000.0,7400.0,912.0200000000001
Birmingham,2016,412750,285500,Birmingham_412750_285500,35,13,1,14,21,0.07142857142857142,0.7412417095961681,461250.0,10000.0,7530.889999999999
Birmingham,2016,412750,286000,Birmingham_412750_286000,5,4,0,4,1,0.0,-0.0,7325.0,1550.0,323.1
Birmingham,2016,412750,286500,Birmingham_412750_286500,4,4,0,4,0,0.0,-0.0,15325.0,3625.0,309.29999999999995
Birmingham,2016,412750,286750,Birmingham_412750_286750,11,8,2,10,1,0.2,-0.0,26650.0,2625.0,814.6999999999999
Birmingham,2016,412750,287250,Birmingham_412750_287250,14,7,1,8,6,0.125,0.6559757323365467,77850.0,5100.0,5694.200000000001
Birmingham,2016,412750,288500,Birmingham_412750_288500,1,0,1,1,0,1.0,-0.0,1475.0,1475.0,29.0
Birmingham,2016,412750,291250,Birmingham_412750_291250,1,0,0,0,1,,-0.0,16250.0,16250.0,52.7
Birmingham,2016,412750,291750,Birmingham_412750_291750,12,5,0,5,7,0.0,0.2868359830561607,84950.0,7200.0,1217.46
Birmingham,2016,412750,295750,Birmingham_412750_295750,1,1,0,1,0,0.0,-0.0,73000.0,73000.0,539.21
Birmingham,2016,413000,283000,Birmingham_413000_283000,2,1,0,1,1,0.0,-0.0,16250.0,8125.0,256.26
Birmingham,2016,413000,283250,Birmingham_413000_283250,2,2,0,2,0,0.0,-0.0,46950.0,23475.0,410.66999999999996
Birmingham,2016,413000,283500,Birmingham_413000_283500,2,2,0,2,0,0.0,-0.0,15500.0,7750.0,182.29000000000002
Birmingham,2016,413000,283750,Birmingham_413000_283750,9,6,0,6,3,0.0,-0.0,26175.0,3325.0,522.52
Birmingham,2016,413000,284000,Birmingham_413000_284000,3,1,0,1,2,0.0,0.6365141682948128,99600.0,49800.0,245.0
Birmingham,2016,413000,284750,Birmingham_413000_284750,12,8,1,9,3,0.1111111111111111,-0.0,144100.0,6000.0,2593.7000000000003
Birmingham,2016,413000,285000,Birmingham_413000_285000,4,0,0,0,4,,-0.0,13850.0,4350.0,241.7
Birmingham,2016,413000,285250,Birmingham_413000_285250,14,8,0,8,6,0.0,0.509137344082687,174700.0,10000.0,1884.2
Birmingham,2016,413000,285500,Birmingham_413000_285500,49,25,3,28,21,0.10714285714285714,0.2975855177331088,432950.0,7400.0,5982.220000000001
Birmingham,2016,413000,286500,Birmingham_413000_286500,1,1,0,1,0,0.0,-0.0,1025.0,1025.0,14.78
Birmingham,2016,413000,287000,Birmingham_413000_287000,12,9,0,9,3,0.0,0.2868359830561607,71400.0,4525.0,1461.85
Birmingham,2016,413000,287250,Birmingham_413000_287250,18,11,0,11,7,0.0,-0.0,72925.0,3925.0,2801.72
Birmingham,2016,413000,287500,Birmingham_413000_287500,21,8,1,9,12,0.1111111111111111,0.8515842539195699,1396050.0,54500.0,10388.73
Birmingham,2016,413000,287750,Birmingham_413000_287750,7,5,0,5,2,0.0,0.7963116401738131,39575.0,5700.0,673.4
Birmingham,2016,413000,289250,Birmingham_413000_289250,1,1,0,1,0,0.0,-0.0,460.0,460.0,7.68
Birmingham,2016,413000,289500,Birmingham_413000_289500,5,1,0,1,4,0.0,-0.0,11400.0,3000.0,475.29999999999995
Birmingham,2016,413000,289750,Birmingham_413000_289750,2,2,0,2,0,0.0,-0.0,13900.0,6950.0,286.0
Birmingham,2016,413000,291000,Birmingham_413000_291000,6,2,1,3,3,0.3333333333333333,-0.0,12025.0,3050.0,637.0099999999999
Birmingham,2016,413000,291500,Birmingham_413000_291500,3,1,0,1,2,0.0,-0.0,18350.0,9175.0,383.4
Birmingham,2016,413000,295750,Birmingham_413000_295750,5,5,0,5,0,0.0,-0.0,48125.0,3900.0,1138.92
Birmingham,2016,413000,296500,Birmingham_413000_296500,1,1,0,1,0,0.0,-0.0,55000.0,55000.0,
Birmingham,2016,413000,297500,Birmingham_413000_297500,1,1,0,1,0,0.0,-0.0,25250.0,25250.0,33.7
Birmingham,2016,413000,298500,Birmingham_413000_298500,39,13,0,13,26,0.0,-0.0,128050.0,6300.0,2494.9
Birmingham,2016,413000,299000,Birmingham_413000_299000,1,1,0,1,0,0.0,-0.0,61000.0,61000.0,
Birmingham,2016,413250,284750,Birmingham_413250_284750,3,1,0,1,2,0.0,-0.0,12285.0,5000.0,175.88
Birmingham,2016,413250,286000,Birmingham_413250_286000,1,0,1,1,0,1.0,-0.0,1075.0,1075.0,22.0
Birmingham,2016,413250,287000,Birmingham_413250_287000,1,0,0,0,1,,-0.0,,,83.5
Birmingham,2016,413250,287500,Birmingham_413250_287500,2,1,0,1,1,0.0,-0.0,9100.0,4550.0,126.5
Birmingham,2016,413250,287750,Birmingham_413250_287750,1,0,0,0,1,,-0.0,,,89.5
Birmingham,2016,413250,289000,Birmingham_413250_289000,8,6,0,6,2,0.0,0.37677016125643675,173950.0,5100.0,434.30999999999995
Birmingham,2016,413250,289250,Birmingham_413250_289250,4,3,0,3,1,0.0,-0.0,40200.0,6550.0,492.65999999999997
Birmingham,2016,413250,290000,Birmingham_413250_290000,2,0,0,0,2,,0.6931471805599453,3900.0,3900.0,70.0
Birmingham,2016,413250,291000,Birmingham_413250_291000,15,8,1,9,6,0.1111111111111111,0.39267446722755217,2130850.0,142000.0,19118.789999999997
Birmingham,2016,413250,291250,Birmingham_413250_291250,6,3,0,3,3,0.0,1.0114042647073516,334400.0,76500.0,3385.71
Birmingham,2016,413250,291500,Birmingham_413250_291500,11,7,0,7,4,0.0,-0.0,60900.0,5450.0,939.24
Birmingham,2016,413250,291750,Birmingham_413250_291750,1,0,0,0,1,,-0.0,73500.0,73500.0,
Birmingham,2016,413250,295750,Birmingham_413250_295750,11,7,0,7,4,0.0,0.30463609734923813,87650.0,6700.0,2279.7000000000003
Birmingham,2016,413250,297000,Birmingham_413250_297000,9,4,1,5,4,0.2,0.34883209584303193,210200.0,10250.0,778.4000000000001
Birmingham,2016,413500,284250,Birmingham_413500_284250,3,2,1,3,0,0.3333333333333333,0.6365141682948128,68450.0,8400.0,1074.53
Birmingham,2016,413500,284500,Birmingham_413500_284500,17,15,0,15,2,0.0,0.7086880282185832,213900.0,8900.0,2034.5700000000002
Birmingham,2016,413500,286750,Birmingham_413500_286750,1,1,0,1,0,0.0,-0.0,79000.0,79000.0,
Birmingham,2016,413500,288500,Birmingham_413500_288500,6,5,0,5,1,0.0,-0.0,24000.0,2950.0,509.57
Birmingham,2016,413500,288750,Birmingham_413500_288750,4,2,0,2,2,0.0,-0.0,17200.0,4350.0,778.47
Birmingham,2016,413500,289000,Birmingham_413500_289000,1,0,0,0,1,,-0.0,,,1574.57
Birmingham,2016,413500,289250,Birmingham_413500_289250,7,4,0,4,3,0.0,0.5982695885852573,22600.0,4150.0,704.62
Birmingham,2016,413500,290250,Birmingham_413500_290250,6,2,0,2,4,0.0,0.45056120886630463,3330000.0,520000.0,22417.13
Birmingham,2016,413500,291250,Birmingham_413500_291250,4,3,0,3,1,0.0,0.6931471805599453,75050.0,8400.0,247.13
Birmingham,2016,413500,291750,Birmingham_413500_291750,6,4,0,4,2,0.0,-0.0,11225.0,2537.5,241.64
Birmingham,2016,413500,292000,Birmingham_413500_292000,4,1,0,1,3,0.0,0.6931471805599453,14200.0,7100.0,874.6899999999999
Birmingham,2016,413500,292250,Birmingham_413500_292250,8,7,0,7,1,0.0,-0.0,60320.0,7700.0,810.02
Birmingham,2016,413500,292500,Birmingham_413500_292500,1,1,0,1,0,0.0,-0.0,5900.0,5900.0,96.29
Birmingham,2016,413500,293500,Birmingham_413500_293500,32,24,0,24,8,0.0,0.2771133574914559,504925.0,11250.0,2605.95
Birmingham,2016,413500,295500,Birmingham_413500_295500,1,1,0,1,0,0.0,-0.0,35500.0,35500.0,
Birmingham,2016,413500,295750,Birmingham_413500_295750,3,3,0,3,0,0.0,-0.0,12100.0,3950.0,108.10000000000001
Birmingham,2016,413500,297000,Birmingham_413500_297000,1,0,0,0,1,,-0.0,3250.0,3250.0,52.3
Birmingham,2016,413750,284250,Birmingham_413750_284250,2,0,0,0,2,,0.6931471805599453,26500.0,26500.0,230.51999999999998
Birmingham,2016,413750,285250,Birmingham_413750_285250,4,4,0,4,0,0.0,-0.0,18675.0,4675.0,257.8
Birmingham,2016,413750,286250,Birmingham_413750_286250,1,1,0,1,0,0.0,-0.0,6200.0,6200.0,68.5
Birmingham,2016,413750,287250,Birmingham_413750_287250,1,1,0,1,0,0.0,-0.0,26500.0,26500.0,
Birmingham,2016,413750,288500,Birmingham_413750_288500,1,0,0,0,1,,-0.0,70000.0,70000.0,
Birmingham,2016,413750,291000,Birmingham_413750_291000,8,4,0,4,4,0.0,0.9743147528693494,1798251.0,16500.0,22610.58
Birmingham,2016,413750,291500,Birmingham_413750_291500,2,2,0,2,0,0.0,0.6931471805599453,11420.0,5710.0,28.98
Birmingham,2016,413750,293250,Birmingham_413750_293250,1,1,0,1,0,0.0,-0.0,392500.0,392500.0,2725.2
Birmingham,2016,413750,293750,Birmingham_413750_293750,1,0,0,0,1,,-0.0,,,182.6
Birmingham,2016,413750,296500,Birmingham_413750_296500,2,2,0,2,0,0.0,-0.0,7800.0,3900.0,95.6
Birmingham,2016,414000,284000,Birmingham_414000_284000,4,1,0,1,3,0.0,0.5623351446188083,240500.0,18500.0,2589.06
Birmingham,2016,414000,284500,Birmingham_414000_284500,4,4,0,4,0,0.0,-0.0,16725.0,4300.0,212.8
Birmingham,2016,414000,284750,Birmingham_414000_284750,1,0,0,0,1,,-0.0,70000.0,70000.0,
Birmingham,2016,414000,285250,Birmingham_414000_285250,4,3,0,3,1,0.0,-0.0,14300.0,3400.0,207.75
Birmingham,2016,414000,285750,Birmingham_414000_285750,2,1,0,1,1,0.0,-0.0,42500.0,42500.0,
Birmingham,2016,414000,286000,Birmingham_414000_286000,1,1,0,1,0,0.0,-0.0,5300.0,5300.0,80.71
Birmingham,2016,414000,286250,Birmingham_414000_286250,13,9,0,9,4,0.0,-0.0,51700.0,4100.0,716.4800000000001
Birmingham,2016,414000,287500,Birmingham_414000_287500,19,9,2,11,8,0.18181818181818182,0.20619205063323187,72750.0,3750.0,1742.2599999999998
Birmingham,2016,414000,287750,Birmingham_414000_287750,24,16,1,17,7,0.058823529411764705,0.1732052067491771,152900.0,6950.0,2687.48
Birmingham,2016,414000,288000,Birmingham_414000_288000,6,6,0,6,0,0.0,0.45056120886630463,37200.0,3475.0,663.7
Birmingham,2016,414000,290250,Birmingham_414000_290250,1,1,0,1,0,0.0,-0.0,2175.0,2175.0,18.9
Birmingham,2016,414000,290500,Birmingham_414000_290500,1,1,0,1,0,0.0,-0.0,4100.0,4100.0,59.5
Birmingham,2016,414000,291000,Birmingham_414000_291000,2,0,0,0,2,,0.6931471805599453,276000.0,138000.0,1227.0
Birmingham,2016,414000,291750,Birmingham_414000_291750,2,0,1,1,1,1.0,-0.0,7600.0,7600.0,215.0
Birmingham,2016,414000,293500,Birmingham_414000_293500,2,2,0,2,0,0.0,0.6931471805599453,56250.0,28125.0,161.15
Birmingham,2016,414250,284000,Birmingham_414250_284000,20,12,1,13,7,0.07692307692307693,0.3250829733914482,437825.0,5550.0,7902.760000000001
Birmingham,2016,414250,284500,Birmingham_414250_284500,1,0,0,0,1,,-0.0,42000.0,42000.0,
Birmingham,2016,414250,285500,Birmingham_414250_285500,13,10,0,10,3,0.0,0.2711893730418441,48600.0,4150.0,933.0899999999999
Birmingham,2016,414250,286500,Birmingham_414250_286500,35,9,4,13,22,0.3076923076923077,0.48160237879386447,323975.0,3300.0,8763.109999999999
Birmingham,2016,414250,287000,Birmingham_414250_287000,3,3,0,3,0,0.0,-0.0,16750.0,3450.0,243.99999999999997
Birmingham,2016,414250,287500,Birmingham_414250_287500,2,2,0,2,0,0.0,-0.0,8450.0,4225.0,130.97
Birmingham,2016,414250,288250,Birmingham_414250_288250,2,1,1,2,0,0.5,0.6931471805599453,38750.0,19375.0,32.4
Birmingham,2016,414250,288750,Birmingham_414250_288750,17,13,0,13,4,0.0,0.4437572842601484,48075.0,2700.0,1545.91
Birmingham,2016,414250,289000,Birmingham_414250_289000,1,0,1,1,0,1.0,-0.0,18500.0,18500.0,
Birmingham,2016,414250,290500,Birmingham_414250_290500,1,1,0,1,0,0.0,-0.0,8100.0,8100.0,142.8
Birmingham,2016,414250,290750,Birmingham_414250_290750,5,2,0,2,3,0.0,0.5004024235381879,16675.0,3100.0,374.94
Birmingham,2016,414250,291000,Birmingham_414250_291000,1,0,0,0,1,,-0.0,3100.0,3100.0,95.4
Birmingham,2016,414250,291500,Birmingham_414250_291500,1,0,0,0,1,,-0.0,7400.0,7400.0,108.8
Birmingham,2016,414250,292000,Birmingham_414250_292000,1,0,1,1,0,1.0,-0.0,2025.0,2025.0,34.8
Birmingham,2016,414250,296000,Birmingham_414250_296000,15,9,0,9,6,0.0,-0.0,60250.0,4075.0,1260.35
Birmingham,2016,414500,283750,Birmingham_414500_283750,7,5,0,5,2,0.0,0.9556998911125343,253000.0,26125.0,2099.97
Birmingham,2016,414500,284750,Birmingham_414500_284750,1,0,0,0,1,,-0.0,,,
Birmingham,2016,414500,285750,Birmingham_414500_285750,1,1,0,1,0,0.0,-0.0,15000.0,15000.0,1433.9
Birmingham,2016,414500,291500,Birmingham_414500_291500,2,2,0,2,0,0.0,-0.0,16400.0,8200.0,130.78
Birmingham,2016,414500,292000,Birmingham_414500_292000,2,0,0,0,2,,0.6931471805599453,83250.0,41625.0,591.83
Birmingham,2016,414500,292250,Birmingham_414500_292250,12,7,2,9,3,0.2222222222222222,0.2868359830561607,50440.0,2487.5,3028.8099999999995
Birmingham,2016,414500,292750,Birmingham_414500_292750,6,3,0,3,3,0.0,0.6365141682948128,3065700.0,205350.0,53523.59999999999
Birmingham,2016,414500,295500,Birmingham_414500_295500,1,0,0,0,1,,-0.0,20750.0,20750.0,188.0
Birmingham,2016,414500,295750,Birmingham_414500_295750,2,1,0,1,1,0.0,0.6931471805599453,36250.0,18125.0,52.2
Birmingham,2016,414750,283500,Birmingham_414750_283500,18,8,1,9,9,0.1111111111111111,0.8838756262717337,281500.0,7800.0,1249.97
Birmingham,2016,414750,283750,Birmingham_414750_283750,39,17,3,20,19,0.15,0.4017726493509475,861700.0,19250.0,7173.77
Birmingham,2016,414750,284500,Birmingham_414750_284500,2,1,0,1,1,0.0,-0.0,12700.0,6350.0,183.02
Birmingham,2016,414750,284750,Birmingham_414750_284750,6,1,0,1,5,0.0,-0.0,38750.0,19375.0,863.2100000000002
Birmingham,2016,414750,285500,Birmingham_414750_285500,9,1,0,1,8,0.0,0.5297061990576545,6400.0,6400.0,1080.72
Birmingham,2016,414750,285750,Birmingham_414750_285750,1,1,0,1,0,0.0,-0.0,47500.0,47500.0,556.0
Birmingham,2016,414750,286500,Birmingham_414750_286500,1,0,0,0,1,,-0.0,53500.0,53500.0,198.93
Birmingham,2016,414750,287250,Birmingham_414750_287250,5,1,1,2,3,0.5,-0.0,36150.0,12250.0,1053.63
Birmingham,2016,414750,288250,Birmingham_414750_288250,1,0,0,0,1,,-0.0,15500.0,15500.0,
Birmingham,2016,414750,289000,Birmingham_414750_289000,1,0,0,0,1,,-0.0,,,177.2
Birmingham,2016,414750,291250,Birmingham_414750_291250,9,6,0,6,3,0.0,-0.0,108200.0,8600.0,1026.41
Birmingham,2016,415000,283500,Birmingham_415000_283500,19,2,0,2,17,0.0,0.336495757583516,1987250.0,21875.0,17349.92
Birmingham,2016,415000,283750,Birmingham_415000_283750,48,27,3,30,18,0.1,0.6635081132409048,528150.0,10625.0,7362.439999999999
Birmingham,2016,415000,284250,Birmingham_415000_284250,7,6,0,6,1,0.0,-0.0,26375.0,4100.0,427.4
Birmingham,2016,415000,285000,Birmingham_415000_285000,20,12,0,12,8,0.0,0.1985152433458726,102050.0,5700.0,1460.2499999999998
Birmingham,2016,415000,286250,Birmingham_415000_286250,9,3,1,4,5,0.25,-0.0,24770.0,4875.0,854.1299999999999
Birmingham,2016,415000,286750,Birmingham_415000_286750,2,1,0,1,1,0.0,-0.0,5200.0,5200.0,47.6
Birmingham,2016,415000,287000,Birmingham_415000_287000,12,10,0,10,2,0.0,0.2868359830561607,50750.0,3775.0,942.37
Birmingham,2016,415000,287250,Birmingham_415000_287250,25,23,0,23,2,0.0,-0.0,149550.0,4750.0,3113.0000000000005
Birmingham,2016,415000,288500,Birmingham_415000_288500,39,6,0,6,33,0.0,-0.0,200650.0,10500.0,3478.7900000000004
Birmingham,2016,415250,283500,Birmingham_415250_283500,8,4,0,4,4,0.0,-0.0,57850.0,8000.0,1088.5700000000002
Birmingham,2016,415250,284250,Birmingham_415250_284250,2,0,1,1,1,1.0,-0.0,95000.0,95000.0,
Birmingham,2016,415250,285000,Birmingham_415250_285000,29,19,1,20,9,0.05,0.3984405075837697,197970.0,6500.0,3495.5799999999995
Birmingham,2016,415250,285250,Birmingham_415250_285250,3,0,0,0,3,,0.6365141682948128,57250.0,28625.0,701.0799999999999
Birmingham,2016,415250,286250,Birmingham_415250_286250,3,1,0,1,2,0.0,-0.0,46500.0,23250.0,926.74
Birmingham,2016,415250,286750,Birmingham_415250_286750,2,1,1,2,0,0.5,0.6931471805599453,7900.0,7900.0,614.23
Birmingham,2016,415250,287000,Birmingham_415250_287000,1,1,0,1,0,0.0,-0.0,7700.0,7700.0,290.7
Birmingham,2016,415250,288500,Birmingham_415250_288500,1,0,0,0,1,,-0.0,,,85.55
Birmingham,2016,415250,289250,Birmingham_415250_289250,2,1,1,2,0,0.5,-0.0,19500.0,9750.0,144.7
Birmingham,2016,415250,291500,Birmingham_415250_291500,17,12,0,12,5,0.0,-0.0,36725.0,2487.5,661.7
Birmingham,2016,415250,292250,Birmingham_415250_292250,1,0,0,0,1,,-0.0,20000.0,20000.0,
Birmingham,2016,415500,283750,Birmingham_415500_283750,14,10,1,11,3,0.09090909090909091,0.5195798391305154,195500.0,5000.0,1179.03
Birmingham,2016,415500,286750,Birmingham_415500_286750,4,1,1,2,2,0.5,0.6931471805599453,279200.0,6400.0,3966.34
Birmingham,2016,415500,287000,Birmingham_415500_287000,19,11,0,11,8,0.0,0.5366645624845252,101000.0,4800.0,2970.8100000000004
Birmingham,2016,415500,289000,Birmingham_415500_289000,1,0,0,0,1,,-0.0,15500.0,15500.0,
Birmingham,2016,415500,289250,Birmingham_415500_289250,30,13,3,16,14,0.1875,0.3887343902209295,509500.0,14500.0,7384.54
Birmingham,2016,415500,292250,Birmingham_415500_292250,1,0,0,0,1,,-0.0,6900.0,6900.0,75.8
Birmingham,2016,415750,284250,Birmingham_415750_284250,4,3,0,3,1,0.0,-0.0,20900.0,4575.0,308.16999999999996
Birmingham,2016,415750,284500,Birmingham_415750_284500,1,1,0,1,0,0.0,-0.0,4250.0,4250.0,72.4
Birmingham,2016,415750,285750,Birmingham_415750_285750,2,0,0,0,2,,-0.0,,,1715.31
Birmingham,2016,415750,286750,Birmingham_415750_286750,1,0,0,0,1,,-0.0,7100.0,7100.0,165.38
Birmingham,2016,415750,292000,Birmingham_415750_292000,1,0,0,0,1,,-0.0,28000.0,28000.0,
Birmingham,2016,415750,292250,Birmingham_415750_292250,1,1,0,1,0,0.0,-0.0,2650.0,2650.0,102.8
Birmingham,2016,415750,292750,Birmingham_415750_292750,1,1,0,1,0,0.0,-0.0,8300.0,8300.0,397.4
Birmingham,2016,416000,283750,Birmingham_416000_283750,3,1,1,2,1,0.5,-0.0,39900.0,19950.0,1313.12
Birmingham,2016,416000,286000,Birmingham_416000_286000,6,1,1,2,4,0.5,0.8675632284814612,26275.0,3475.0,517.67
Birmingham,2016,416000,286500,Birmingham_416000_286500,1,1,0,1,0,0.0,-0.0,1850.0,1850.0,27.1
Birmingham,2016,416000,287250,Birmingham_416000_287250,1,0,0,0,1,,-0.0,93500.0,93500.0,
Birmingham,2016,416000,288750,Birmingham_416000_288750,5,3,0,3,2,0.0,-0.0,19300.0,2125.0,521.07
Birmingham,2016,416000,289000,Birmingham_416000_289000,5,5,0,5,0,0.0,0.5004024235381879,1008600.0,14500.0,5709.509999999999
Birmingham,2016,416000,292250,Birmingham_416000_292250,2,1,0,1,1,0.0,0.6931471805599453,73250.0,36625.0,217.0
Birmingham,2016,416250,286000,Birmingham_416250_286000,10,8,0,8,2,0.0,-0.0,31250.0,3400.0,837.6600000000001
Birmingham,2016,416250,286750,Birmingham_416250_286750,11,9,0,9,2,0.0,-0.0,38550.0,3750.0,1192.17
Birmingham,2016,416250,287000,Birmingham_416250_287000,1,0,0,0,1,,-0.0,,,278.7
Birmingham,2016,416250,287250,Birmingham_416250_287250,1,0,0,0,1,,-0.0,81500.0,81500.0,
Birmingham,2016,416250,288000,Birmingham_416250_288000,1,0,1,1,0,1.0,-0.0,760.0,760.0,21.9
Birmingham,2016,416500,286000,Birmingham_416500_286000,6,3,0,3,3,0.0,0.6365141682948128,34525.0,3200.0,629.38
Birmingham,2016,416750,292500,Birmingham_416750_292500,1,0,0,0,1,,-0.0,,,
Birmingham,2025,398250,278250,Birmingham_398250_278250,3,0,0,0,3,,1.0986122886681096,24300.0,6100.0,309.5
Birmingham,2025,398750,277500,Birmingham_398750_277500,1,0,0,0,1,,-0.0,16000.0,16000.0,202.4
Birmingham,2025,398750,278250,Birmingham_398750_278250,10,5,0,5,5,0.0,0.3250829733914482,93300.0,6550.0,1604.72
Birmingham,2025,399000,277250,Birmingham_399000_277250,1,1,0,1,0,0.0,-0.0,146000.0,146000.0,1720.76
Birmingham,2025,399000,282500,Birmingham_399000_282500,1,0,0,0,1,,-0.0,9300.0,9300.0,122.3
Birmingham,2025,399000,282750,Birmingham_399000_282750,1,1,0,1,0,0.0,-0.0,4150.0,4150.0,47.4
Birmingham,2025,399000,283000,Birmingham_399000_283000,1,0,0,0,1,,-0.0,28000.0,28000.0,
Birmingham,2025,399000,284750,Birmingham_399000_284750,2,2,0,2,0,0.0,0.6931471805599453,21300.0,10650.0,164.0
Birmingham,2025,399250,276750,Birmingham_399250_276750,1,0,0,0,1,,-0.0,3100.0,3100.0,
Birmingham,2025,399250,277250,Birmingham_399250_277250,4,3,1,4,0,0.25,-0.0,34500.0,8650.0,283.40000000000003
Birmingham,2025,399250,277500,Birmingham_399250_277500,2,1,0,1,1,0.0,-0.0,122500.0,61250.0,713.5899999999999
Birmingham,2025,399250,278750,Birmingham_399250_278750,1,0,0,0,1,,-0.0,11500.0,11500.0,133.8
Birmingham,2025,399250,281000,Birmingham_399250_281000,1,1,0,1,0,0.0,-0.0,6400.0,6400.0,65.1
Birmingham,2025,399250,282000,Birmingham_399250_282000,6,5,0,5,1,0.0,0.45056120886630463,38000.0,4475.0,711.74
Birmingham,2025,399250,282500,Birmingham_399250_282500,1,1,0,1,0,0.0,-0.0,5200.0,5200.0,78.6
Birmingham,2025,399250,282750,Birmingham_399250_282750,7,4,0,4,3,0.0,0.410116318288409,56250.0,9200.0,783.1899999999999
Birmingham,2025,399250,283750,Birmingham_399250_283750,1,0,0,0,1,,-0.0,,,887.53
Birmingham,2025,399250,284750,Birmingham_399250_284750,9,8,0,8,1,0.0,-0.0,78210.0,4000.0,899.9300000000001
Birmingham,2025,399500,277500,Birmingham_399500_277500,3,2,0,2,1,0.0,0.6365141682948128,1530000.0,765000.0,16436.1
Birmingham,2025,399500,277750,Birmingham_399500_277750,1,1,0,1,0,0.0,-0.0,155000.0,155000.0,
Birmingham,2025,399500,281500,Birmingham_399500_281500,22,12,0,12,10,0.0,0.18490739916777568,127525.0,4650.0,2133.9700000000003
Birmingham,2025,399500,281750,Birmingham_399500_281750,1,1,0,1,0,0.0,-0.0,4800.0,4800.0,63.7
Birmingham,2025,399500,284750,Birmingham_399500_284750,3,2,0,2,1,0.0,-0.0,25100.0,8700.0,326.59
Birmingham,2025,399750,276750,Birmingham_399750_276750,12,8,0,8,4,0.0,0.2868359830561607,66700.0,4400.0,799.95
Birmingham,2025,399750,278250,Birmingham_399750_278250,1,0,0,0,1,,-0.0,10250.0,10250.0,88.2
Birmingham,2025,399750,278750,Birmingham_399750_278750,4,3,0,3,1,0.0,0.5623351446188083,30750.0,6250.0,232.79999999999998
Birmingham,2025,399750,281250,Birmingham_399750_281250,1,0,0,0,1,,-0.0,4000.0,4000.0,
Birmingham,2025,399750,281750,Birmingham_399750_281750,1,1,0,1,0,0.0,-0.0,5100.0,5100.0,57.2
Birmingham,2025,399750,282000,Birmingham_399750_282000,2,1,1,2,0,0.5,-0.0,7350.0,3675.0,91.4
Birmingham,2025,399750,284000,Birmingham_399750_284000,2,0,0,0,2,,-0.0,21550.0,10775.0,217.64
Birmingham,2025,399750,284250,Birmingham_399750_284250,3,2,0,2,1,0.0,-0.0,22500.0,7500.0,190.61
Birmingham,2025,399750,284500,Birmingham_399750_284500,1,1,0,1,0,0.0,-0.0,477500.0,477500.0,2724.3
Birmingham,2025,400000,276250,Birmingham_400000_276250,1,0,0,0,1,,-0.0,19500.0,19500.0,129.9
Birmingham,2025,400000,276750,Birmingham_400000_276750,8,4,1,5,3,0.2,-0.0,44150.0,4750.0,614.03
Birmingham,2025,400000,277250,Birmingham_400000_277250,2,1,0,1,1,0.0,-0.0,19700.0,9850.0,276.8
Birmingham,2025,400000,277500,Birmingham_400000_277500,7,4,1,5,2,0.2,0.410116318288409,102500.0,11750.0,1129.6299999999999
Birmingham,2025,400000,278250,Birmingham_400000_278250,1,0,0,0,1,,-0.0,12000.0,12000.0,44.3
Birmingham,2025,400000,284500,Birmingham_400000_284500,1,0,0,0,1,,-0.0,2350.0,2350.0,13.9
Birmingham,2025,400250,277500,Birmingham_400250_277500,19,8,1,9,10,0.1111111111111111,0.708018976056273,294750.0,8100.0,2356.61
Birmingham,2025,400250,278750,Birmingham_400250_278750,8,7,0,7,1,0.0,0.37677016125643675,98600.0,5850.0,1202.25
Birmingham,2025,400250,281750,Birmingham_400250_281750,5,2,0,2,3,0.0,0.5004024235381879,56400.0,7300.0,668.9000000000001
Birmingham,2025,400250,282000,Birmingham_400250_282000,1,1,0,1,0,0.0,-0.0,3100.0,3100.0,
Birmingham,2025,400250,282750,Birmingham_400250_282750,1,1,0,1,0,0.0,-0.0,5900.0,5900.0,106.29
Birmingham,2025,400250,283750,Birmingham_400250_283750,2,2,0,2,0,0.0,-0.0,14250.0,7125.0,199.7
Birmingham,2025,400250,284500,Birmingham_400250_284500,6,2,0,2,4,0.0,-0.0,34300.0,4925.0,340.61
Birmingham,2025,400250,284750,Birmingham_400250_284750,2,1,0,1,1,0.0,-0.0,76750.0,38375.0,717.9000000000001
Birmingham,2025,400250,285000,Birmingham_400250_285000,1,1,0,1,0,0.0,-0.0,149000.0,149000.0,
Birmingham,2025,400500,276250,Birmingham_400500_276250,1,1,0,1,0,0.0,-0.0,27250.0,27250.0,1692.0
Birmingham,2025,400500,277000,Birmingham_400500_277000,1,0,1,1,0,1.0,-0.0,5800.0,5800.0,58.0
Birmingham,2025,400500,277250,Birmingham_400500_277250,7,6,0,6,1,0.0,-0.0,49950.0,7600.0,605.1
Birmingham,2025,400500,278500,Birmingham_400500_278500,3,2,0,2,1,0.0,0.6365141682948128,16250.0,5800.0,192.8
Birmingham,2025,400500,279000,Birmingham_400500_279000,1,0,0,0,1,,-0.0,9900.0,9900.0,164.0
Birmingham,2025,400500,279250,Birmingham_400500_279250,2,2,0,2,0,0.0,-0.0,8600.0,4300.0,134.7
Birmingham,2025,400500,282000,Birmingham_400500_282000,1,0,0,0,1,,-0.0,2500.0,2500.0,43.9
Birmingham,2025,400500,282250,Birmingham_400500_282250,2,1,0,1,1,0.0,-0.0,15150.0,7575.0,234.94
Birmingham,2025,400500,282500,Birmingham_400500_282500,8,3,0,3,5,0.0,0.7356219397587946,58900.0,4650.0,1048.27
Birmingham,2025,400500,283750,Birmingham_400500_283750,3,3,0,3,0,0.0,-0.0,19900.0,6900.0,198.5
Birmingham,2025,400500,284250,Birmingham_400500_284250,14,11,0,11,3,0.0,-0.0,75775.0,5100.0,944.9
Birmingham,2025,400750,277250,Birmingham_400750_277250,4,1,0,1,3,0.0,0.5623351446188083,26650.0,4625.0,286.85
Birmingham,2025,400750,277750,Birmingham_400750_277750,1,1,0,1,0,0.0,-0.0,4850.0,4850.0,69.0
Birmingham,2025,400750,279250,Birmingham_400750_279250,1,1,0,1,0,0.0,-0.0,6200.0,6200.0,99.1
Birmingham,2025,400750,282750,Birmingham_400750_282750,1,0,0,0,1,,-0.0,7400.0,7400.0,131.2
Birmingham,2025,400750,283750,Birmingham_400750_283750,9,5,0,5,4,0.0,-0.0,77400.0,7900.0,898.4100000000001
Birmingham,2025,400750,284250,Birmingham_400750_284250,1,1,0,1,0,0.0,-0.0,8700.0,8700.0,96.6
Birmingham,2025,400750,284750,Birmingham_400750_284750,1,0,0,0,1,,-0.0,1575.0,1575.0,21.1
Birmingham,2025,400750,285000,Birmingham_400750_285000,26,13,1,14,12,0.07142857142857142,0.2711893730418441,448750.0,8000.0,3652.01
Birmingham,2025,401000,277250,Birmingham_401000_277250,26,17,0,17,9,0.0,0.6189772142016319,3763000.0,31125.0,28799.19
Birmingham,2025,401000,277750,Birmingham_401000_277750,4,3,0,3,1,0.0,-0.0,21750.0,5025.0,200.07999999999998
Birmingham,2025,401000,279750,Birmingham_401000_279750,9,5,0,5,4,0.0,-0.0,48800.0,4050.0,897.34
Birmingham,2025,401000,280500,Birmingham_401000_280500,2,2,0,2,0,0.0,-0.0,19050.0,9525.0,247.0
Birmingham,2025,401000,281250,Birmingham_401000_281250,8,5,0,5,3,0.0,-0.0,42800.0,4125.0,601.85
Birmingham,2025,401000,285000,Birmingham_401000_285000,1,0,0,0,1,,-0.0,18000.0,18000.0,356.73
Birmingham,2025,401000,285250,Birmingham_401000_285250,2,2,0,2,0,0.0,0.6931471805599453,65000.0,32500.0,2733.63
Birmingham,2025,401250,277250,Birmingham_401250_277250,10,7,0,7,3,0.0,0.639031859650177,128700.0,7650.0,1014.52
Birmingham,2025,401250,277500,Birmingham_401250_277500,5,0,0,0,5,,-0.0,54000.0,9300.0,303.86
Birmingham,2025,401250,277750,Birmingham_401250_277750,1,1,0,1,0,0.0,-0.0,12000.0,12000.0,201.37
Birmingham,2025,401250,278250,Birmingham_401250_278250,16,9,0,9,7,0.0,0.7774621319109288,165200.0,8350.0,1988.72
Birmingham,2025,401250,279500,Birmingham_401250_279500,1,1,0,1,0,0.0,-0.0,3850.0,3850.0,71.9
Birmingham,2025,401250,280750,Birmingham_401250_280750,1,1,0,1,0,0.0,-0.0,4200.0,4200.0,
Birmingham,2025,401250,282500,Birmingham_401250_282500,9,5,0,5,4,0.0,-0.0,65500.0,6800.0,783.68
Birmingham,2025,401250,283750,Birmingham_401250_283750,9,4,0,4,5,0.0,0.5297061990576545,93800.0,6000.0,486.98
Birmingham,2025,401250,284500,Birmingham_401250_284500,6,5,0,5,1,0.0,0.45056120886630463,76500.0,7150.0,656.08
Birmingham,2025,401250,284750,Birmingham_401250_284750,3,2,0,2,1,0.0,-0.0,45650.0,6900.0,378.0
Birmingham,2025,401500,276750,Birmingham_401500_276750,5,1,0,1,4,0.0,-0.0,13950.0,3700.0,290.4
Birmingham,2025,401500,277000,Birmingham_401500_277000,2,1,0,1,1,0.0,0.6931471805599453,12600.0,6300.0,113.9
Birmingham,2025,401500,277250,Birmingham_401500_277250,3,1,0,1,2,0.0,-0.0,19450.0,7400.0,228.0
Birmingham,2025,401500,278500,Birmingham_401500_278500,31,13,0,13,18,0.0,0.3795349255810947,217700.0,6800.0,3106.3500000000004
Birmingham,2025,401500,278750,Birmingham_401500_278750,3,0,0,0,3,,-0.0,22400.0,6500.0,246.9
Birmingham,2025,401500,280000,Birmingham_401500_280000,2,0,0,0,2,,-0.0,10000.0,5000.0,103.94999999999999
Birmingham,2025,401500,282500,Birmingham_401500_282500,4,3,0,3,1,0.0,0.5623351446188083,96500.0,3825.0,346.39000000000004
Birmingham,2025,401500,282750,Birmingham_401500_282750,1,1,0,1,0,0.0,-0.0,1430000.0,1430000.0,7173.64
Birmingham,2025,401500,284000,Birmingham_401500_284000,1,0,0,0,1,,-0.0,10750.0,10750.0,22.1
Birmingham,2025,401500,284750,Birmingham_401500_284750,1,1,0,1,0,0.0,-0.0,44500.0,44500.0,
Birmingham,2025,401750,277250,Birmingham_401750_277250,1,1,0,1,0,0.0,-0.0,5900.0,5900.0,70.3
Birmingham,2025,401750,278250,Birmingham_401750_278250,1,0,0,0,1,,-0.0,,,128.03
Birmingham,2025,401750,279000,Birmingham_401750_279000,12,6,0,6,6,0.0,0.45056120886630463,207150.0,7900.0,1221.8100000000002
Birmingham,2025,401750,279250,Birmingham_401750_279250,71,18,0,18,53,0.0,0.37511221830412345,1514375.0,8200.0,16983.569999999996
Birmingham,2025,401750,279500,Birmingham_401750_279500,15,7,0,7,8,0.0,0.7201248812718097,248350.0,11750.0,2372.17
Birmingham,2025,401750,279750,Birmingham_401750_279750,1,1,0,1,0,0.0,-0.0,55000.0,55000.0,195.48
Birmingham,2025,401750,280750,Birmingham_401750_280750,8,3,0,3,5,0.0,-0.0,71300.0,7200.0,724.44
Birmingham,2025,401750,281000,Birmingham_401750_281000,1,0,0,0,1,,-0.0,1475.0,1475.0,23.4
Birmingham,2025,401750,281500,Birmingham_401750_281500,1,0,0,0,1,,-0.0,10800.0,10800.0,
Birmingham,2025,401750,283750,Birmingham_401750_283750,3,1,0,1,2,0.0,0.6365141682948128,32750.0,8400.0,415.98
Birmingham,2025,401750,284000,Birmingham_401750_284000,1,1,0,1,0,0.0,-0.0,8700.0,8700.0,102.0
Birmingham,2025,401750,284500,Birmingham_401750_284500,10,8,0,8,2,0.0,-0.0,86050.0,6750.0,999.7800000000001
Birmingham,2025,401750,284750,Birmingham_401750_284750,3,2,0,2,1,0.0,-0.0,16150.0,5600.0,183.59000000000003
Birmingham,2025,402000,278000,Birmingham_402000_278000,1,0,0,0,1,,-0.0,7000.0,7000.0,
Birmingham,2025,402000,278250,Birmingham_402000_278250,5,1,0,1,4,0.0,0.5004024235381879,66350.0,7400.0,1006.11
Birmingham,2025,402000,279250,Birmingham_402000_279250,3,0,1,1,2,1.0,0.6365141682948128,79100.0,15000.0,741.22
Birmingham,2025,402000,279500,Birmingham_402000_279500,48,21,0,21,27,0.0,0.788072791682896,1253675.0,16125.0,15430.380000000001
Birmingham,2025,402000,279750,Birmingham_402000_279750,89,46,0,46,43,0.0,0.3603284611488492,1674355.0,14250.0,19362.67
Birmingham,2025,402000,281250,Birmingham_402000_281250,1,0,0,0,1,,-0.0,25500.0,25500.0,145.1
Birmingham,2025,402000,282000,Birmingham_402000_282000,48,25,0,25,23,0.0,0.10126481756679193,744370.0,13500.0,6559.8
Birmingham,2025,402000,282250,Birmingham_402000_282250,5,3,0,3,2,0.0,-0.0,80500.0,12500.0,516.6999999999999
Birmingham,2025,402000,282500,Birmingham_402000_282500,1,0,0,0,1,,-0.0,39000.0,39000.0,1351.89
Birmingham,2025,402000,284500,Birmingham_402000_284500,2,2,0,2,0,0.0,-0.0,18200.0,9100.0,199.8
Birmingham,2025,402000,284750,Birmingham_402000_284750,4,2,0,2,2,0.0,-0.0,30300.0,7250.0,252.20999999999998
Birmingham,2025,402000,285250,Birmingham_402000_285250,1,1,0,1,0,0.0,-0.0,910.0,910.0,13.4
Birmingham,2025,402250,277000,Birmingham_402250_277000,3,2,0,2,1,0.0,-0.0,13950.0,3300.0,183.8
Birmingham,2025,402250,277500,Birmingham_402250_277500,17,7,0,7,10,0.0,-0.0,82200.0,3300.0,2008.0200000000002
Birmingham,2025,402250,277750,Birmingham_402250_277750,2,0,0,0,2,,-0.0,6525.0,3262.5,122.4
Birmingham,2025,402250,278250,Birmingham_402250_278250,4,2,0,2,2,0.0,-0.0,22200.0,5750.0,215.60000000000002
Birmingham,2025,402250,278750,Birmingham_402250_278750,5,4,0,4,1,0.0,0.5004024235381879,19160.0,4700.0,418.36999999999995
Birmingham,2025,402250,279250,Birmingham_402250_279250,1,1,0,1,0,0.0,-0.0,52500.0,52500.0,
Birmingham,2025,402250,279500,Birmingham_402250_279500,1,0,0,0,1,,-0.0,,,82.38
Birmingham,2025,402250,280000,Birmingham_402250_280000,10,7,0,7,3,0.0,0.3250829733914482,77000.0,7800.0,492.28
Birmingham,2025,402250,282000,Birmingham_402250_282000,9,7,0,7,2,0.0,0.5297061990576545,132200.0,12875.0,1223.57
Birmingham,2025,402250,282750,Birmingham_402250_282750,3,2,0,2,1,0.0,-0.0,12725.0,2200.0,136.22
Birmingham,2025,402250,283250,Birmingham_402250_283250,6,4,0,4,2,0.0,-0.0,75250.0,10275.0,1063.52
Birmingham,2025,402250,283500,Birmingham_402250_283500,1,1,0,1,0,0.0,-0.0,20000.0,20000.0,453.2
Birmingham,2025,402250,284000,Birmingham_402250_284000,9,4,0,4,5,0.0,0.34883209584303193,60550.0,6000.0,1392.5800000000002
Birmingham,2025,402250,285250,Birmingham_402250_285250,1,1,0,1,0,0.0,-0.0,57500.0,57500.0,
Birmingham,2025,402250,285500,Birmingham_402250_285500,1,0,0,0,1,,-0.0,2950.0,2950.0,24.52
Birmingham,2025,402250,286000,Birmingham_402250_286000,1,0,0,0,1,,-0.0,65000.0,65000.0,
Birmingham,2025,402250,286250,Birmingham_402250_286250,2,0,0,0,2,,0.6931471805599453,35750.0,17875.0,587.11
Birmingham,2025,402500,277750,Birmingham_402500_277750,2,0,0,0,2,,0.6931471805599453,14500.0,7250.0,139.3
Birmingham,2025,402500,278750,Birmingham_402500_278750,15,12,0,12,3,0.0,0.48509409130221154,216950.0,4900.0,1741.1000000000001
Birmingham,2025,402500,279000,Birmingham_402500_279000,1,1,0,1,0,0.0,-0.0,3900.0,3900.0,58.7
Birmingham,2025,402500,280000,Birmingham_402500_280000,1,1,0,1,0,0.0,-0.0,8100.0,8100.0,288.47
Birmingham,2025,402500,283000,Birmingham_402500_283000,2,2,0,2,0,0.0,-0.0,5375.0,2687.5,105.7
Birmingham,2025,402500,284000,Birmingham_402500_284000,2,1,0,1,1,0.0,-0.0,8250.0,4125.0,101.3
Birmingham,2025,402500,284250,Birmingham_402500_284250,1,0,0,0,1,,-0.0,7700.0,7700.0,73.0
Birmingham,2025,402500,284500,Birmingham_402500_284500,1,0,0,0,1,,-0.0,34250.0,34250.0,69.65
Birmingham,2025,402500,286000,Birmingham_402500_286000,1,0,0,0,1,,-0.0,2125.0,2125.0,19.35
Birmingham,2025,402500,286250,Birmingham_402500_286250,1,0,0,0,1,,-0.0,,,1.0
Birmingham,2025,402500,287000,Birmingham_402500_287000,1,0,0,0,1,,-0.0,7200.0,7200.0,57.7
Birmingham,2025,402500,289750,Birmingham_402500_289750,6,2,0,2,4,0.0,-0.0,92200.0,14625.0,2200.96
Birmingham,2025,402750,276750,Birmingham_402750_276750,1,1,0,1,0,0.0,-0.0,8700.0,8700.0,159.0
Birmingham,2025,402750,277500,Birmingham_402750_277500,1,1,0,1,0,0.0,-0.0,4750.0,4750.0,64.8
Birmingham,2025,402750,277750,Birmingham_402750_277750,27,15,0,15,12,0.0,0.5735160760972796,246625.0,6300.0,2793.99
Birmingham,2025,402750,278750,Birmingham_402750_278750,1,1,0,1,0,0.0,-0.0,9200.0,9200.0,73.2
Birmingham,2025,402750,281250,Birmingham_402750_281250,3,3,0,3,0,0.0,-0.0,17400.0,5700.0,203.3
Birmingham,2025,402750,281750,Birmingham_402750_281750,3,2,0,2,1,0.0,-0.0,43500.0,12500.0,303.81000000000006
Birmingham,2025,402750,283250,Birmingham_402750_283250,1,0,0,0,1,,-0.0,43500.0,43500.0,
Birmingham,2025,402750,283750,Birmingham_402750_283750,1,1,0,1,0,0.0,-0.0,41000.0,41000.0,
Birmingham,2025,402750,284250,Birmingham_402750_284250,7,4,1,5,2,0.2,0.7963116401738131,82650.0,8300.0,614.68
Birmingham,2025,402750,284500,Birmingham_402750_284500,12,4,0,4,8,0.0,0.2868359830561607,85800.0,9375.0,1094.25
Birmingham,2025,402750,286000,Birmingham_402750_286000,3,1,0,1,2,0.0,0.6365141682948128,110500.0,55250.0,775.18
Birmingham,2025,402750,286750,Birmingham_402750_286750,2,1,0,1,1,0.0,-0.0,20600.0,10300.0,231.7
Birmingham,2025,402750,287000,Birmingham_402750_287000,2,1,0,1,1,0.0,-0.0,15400.0,7700.0,174.60000000000002
Birmingham,2025,402750,289500,Birmingham_402750_289500,2,1,1,2,0,0.5,-0.0,7550.0,3775.0,86.07000000000001
Birmingham,2025,402750,290000,Birmingham_402750_290000,3,0,0,0,3,,0.6365141682948128,309000.0,154500.0,5565.03
Birmingham,2025,403000,277250,Birmingham_403000_277250,1,1,0,1,0,0.0,-0.0,46000.0,46000.0,
Birmingham,2025,403000,280750,Birmingham_403000_280750,1,1,0,1,0,0.0,-0.0,70500.0,70500.0,594.25
Birmingham,2025,403000,281000,Birmingham_403000_281000,4,4,0,4,0,0.0,-0.0,19125.0,4250.0,396.29999999999995
Birmingham,2025,403000,282500,Birmingham_403000_282500,6,4,0,4,2,0.0,0.45056120886630463,76750.0,7200.0,594.5
Birmingham,2025,403000,282750,Birmingham_403000_282750,1,1,0,1,0,0.0,-0.0,22500.0,22500.0,167.3
Birmingham,2025,403000,283500,Birmingham_403000_283500,9,4,1,5,4,0.2,-0.0,50475.0,4750.0,565.5
Birmingham,2025,403000,284250,Birmingham_403000_284250,35,18,1,19,16,0.05263157894736842,0.355382896246011,465150.0,9100.0,3208.68
Birmingham,2025,403000,284750,Birmingham_403000_284750,2,1,0,1,1,0.0,-0.0,15200.0,7600.0,275.7
Birmingham,2025,403000,285500,Birmingham_403000_285500,7,4,0,4,3,0.0,-0.0,65200.0,9600.0,482.34
Birmingham,2025,403000,286000,Birmingham_403000_286000,10,3,0,3,7,0.0,0.3250829733914482,162300.0,13625.0,1951.35
Birmingham,2025,403000,286750,Birmingham_403000_286750,1,0,0,0,1,,-0.0,940.0,940.0,7.4
Birmingham,2025,403000,289500,Birmingham_403000_289500,4,4,0,4,0,0.0,0.5623351446188083,15600.0,4025.0,221.8
Birmingham,2025,403000,289750,Birmingham_403000_289750,1,1,0,1,0,0.0,-0.0,7900.0,7900.0,86.9
Birmingham,2025,403000,290000,Birmingham_403000_290000,12,7,0,7,5,0.0,0.7214636866925115,607200.0,6300.0,9440.57
Birmingham,2025,403250,279250,Birmingham_403250_279250,1,0,0,0,1,,-0.0,14750.0,14750.0,157.7
Birmingham,2025,403250,280000,Birmingham_403250_280000,2,0,0,0,2,,-0.0,9000.0,9000.0,122.3
Birmingham,2025,403250,281000,Birmingham_403250_281000,3,3,0,3,0,0.0,-0.0,15300.0,5700.0,121.18
Birmingham,2025,403250,282000,Birmingham_403250_282000,1,1,0,1,0,0.0,-0.0,4850.0,4850.0,83.24
Birmingham,2025,403250,282250,Birmingham_403250_282250,6,3,0,3,3,0.0,-0.0,73650.0,10900.0,377.0
Birmingham,2025,403250,284250,Birmingham_403250_284250,13,7,1,8,5,0.125,0.5402041423888608,284400.0,10000.0,1388.96
Birmingham,2025,403250,284500,Birmingham_403250_284500,2,1,0,1,1,0.0,0.6931471805599453,22650.0,11325.0,204.2
Birmingham,2025,403250,286250,Birmingham_403250_286250,1,0,0,0,1,,-0.0,580.0,580.0,9.92
Birmingham,2025,403250,289250,Birmingham_403250_289250,1,1,0,1,0,0.0,-0.0,4900.0,4900.0,112.2
Birmingham,2025,403250,289500,Birmingham_403250_289500,1,1,0,1,0,0.0,-0.0,2900.0,2900.0,22.5
Birmingham,2025,403250,289750,Birmingham_403250_289750,40,26,0,26,14,0.0,0.6804536337918952,406150.0,7750.0,4389.629999999999
Birmingham,2025,403500,277500,Birmingham_403500_277500,9,4,0,4,5,0.0,0.6837389058487535,109350.0,7600.0,1045.26
Birmingham,2025,403500,277750,Birmingham_403500_277750,3,1,0,1,2,0.0,-0.0,10575.0,2700.0,78.6
Birmingham,2025,403500,278000,Birmingham_403500_278000,1,1,0,1,0,0.0,-0.0,7800.0,7800.0,82.2
Birmingham,2025,403500,279000,Birmingham_403500_279000,15,3,0,3,12,0.0,0.48509409130221154,101650.0,5600.0,1109.95
Birmingham,2025,403500,280000,Birmingham_403500_280000,2,1,0,1,1,0.0,-0.0,20950.0,10475.0,187.9
Birmingham,2025,403500,280750,Birmingham_403500_280750,1,0,1,1,0,1.0,-0.0,6200.0,6200.0,56.4
Birmingham,2025,403500,283000,Birmingham_403500_283000,2,2,0,2,0,0.0,-0.0,267000.0,133500.0,1200.65
Birmingham,2025,403500,283250,Birmingham_403500_283250,12,9,0,9,3,0.0,0.2868359830561607,73930.0,4650.0,986.84
Birmingham,2025,403500,284000,Birmingham_403500_284000,1,1,0,1,0,0.0,-0.0,5000.0,5000.0,56.0
Birmingham,2025,403500,284250,Birmingham_403500_284250,3,1,0,1,2,0.0,0.6365141682948128,20490.0,8400.0,217.7
Birmingham,2025,403500,284500,Birmingham_403500_284500,81,37,1,38,43,0.02631578947368421,0.7143189968911964,2503250.0,23125.0,14480.539999999997
Birmingham,2025,403500,284750,Birmingham_403500_284750,4,0,0,0,4,,-0.0,18850.0,4850.0,270.08
Birmingham,2025,403500,285000,Birmingham_403500_285000,2,0,0,0,2,,-0.0,22800.0,11400.0,273.12
Birmingham,2025,403500,287250,Birmingham_403500_287250,2,1,0,1,1,0.0,-0.0,9150.0,4575.0,236.79999999999998
Birmingham,2025,403500,287500,Birmingham_403500_287500,16,9,0,9,7,0.0,-0.0,148575.0,8850.0,1233.82
Birmingham,2025,403500,289250,Birmingham_403500_289250,1,0,0,0,1,,-0.0,44250.0,44250.0,931.33
Birmingham,2025,403500,289500,Birmingham_403500_289500,2,1,0,1,1,0.0,-0.0,12100.0,6050.0,97.93
Birmingham,2025,403500,289750,Birmingham_403500_289750,4,2,0,2,2,0.0,0.5623351446188083,25600.0,5800.0,317.6
Birmingham,2025,403500,290500,Birmingham_403500_290500,6,4,0,4,2,0.0,-0.0,35850.0,5800.0,374.5
Birmingham,2025,403750,277000,Birmingham_403750_277000,1,0,0,0,1,,-0.0,,,362.7
Birmingham,2025,403750,277250,Birmingham_403750_277250,1,0,0,0,1,,-0.0,5900.0,5900.0,77.7
Birmingham,2025,403750,277750,Birmingham_403750_277750,3,1,0,1,2,0.0,-0.0,13775.0,5800.0,110.53
Birmingham,2025,403750,278500,Birmingham_403750_278500,4,1,0,1,3,0.0,0.5623351446188083,46400.0,10700.0,399.36
Birmingham,2025,403750,282000,Birmingham_403750_282000,1,1,0,1,0,0.0,-0.0,30000.0,30000.0,
Birmingham,2025,403750,283250,Birmingham_403750_283250,1,1,0,1,0,0.0,-0.0,7500.0,7500.0,59.8
Birmingham,2025,403750,284500,Birmingham_403750_284500,34,7,0,7,27,0.0,1.0659980904624247,1440500.0,28000.0,10551.38
Birmingham,2025,403750,284750,Birmingham_403750_284750,9,1,0,1,8,0.0,0.34883209584303193,199500.0,13250.0,640.18
Birmingham,2025,403750,287500,Birmingham_403750_287500,55,25,1,26,29,0.038461538461538464,0.4392536933797388,806400.0,11625.0,6864.55
Birmingham,2025,403750,289250,Birmingham_403750_289250,1,1,0,1,0,0.0,-0.0,4200.0,4200.0,78.0
Birmingham,2025,403750,289500,Birmingham_403750_289500,10,6,1,7,3,0.14285714285714285,0.639031859650177,155100.0,8100.0,1889.54
Birmingham,2025,403750,290500,Birmingham_403750_290500,4,4,0,4,0,0.0,-0.0,15450.0,3475.0,197.7
Birmingham,2025,403750,290750,Birmingham_403750_290750,1,0,0,0,1,,-0.0,3250.0,3250.0,79.7
Birmingham,2025,404000,282000,Birmingham_404000_282000,6,3,0,3,3,0.0,0.45056120886630463,59200.0,8700.0,409.15999999999997
Birmingham,2025,404000,282250,Birmingham_404000_282250,26,7,2,9,17,0.2222222222222222,0.2711893730418441,249400.0,8700.0,2201.63
Birmingham,2025,404000,282500,Birmingham_404000_282500,11,6,0,6,5,0.0,0.30463609734923813,1845500.0,221000.0,14125.880000000001
Birmingham,2025,404000,282750,Birmingham_404000_282750,20,12,0,12,8,0.0,0.9376369622724492,4113500.0,73000.0,20829.27
Birmingham,2025,404000,285750,Birmingham_404000_285750,4,2,0,2,2,0.0,0.5623351446188083,468750.0,131000.0,2324.24
Birmingham,2025,404000,286000,Birmingham_404000_286000,3,0,0,0,3,,1.0986122886681096,154500.0,56500.0,853.2
Birmingham,2025,404000,287500,Birmingham_404000_287500,43,27,1,28,15,0.03571428571428571,-0.0,293550.0,6400.0,3858.1300000000006
Birmingham,2025,404000,288250,Birmingham_404000_288250,11,2,0,2,9,0.0,0.47413931305783735,51100.0,4100.0,714.2
Birmingham,2025,404000,288500,Birmingham_404000_288500,2,2,0,2,0,0.0,-0.0,10550.0,5275.0,98.9
Birmingham,2025,404000,289000,Birmingham_404000_289000,3,0,0,0,3,,-0.0,5550.0,2775.0,122.30000000000001
Birmingham,2025,404000,289250,Birmingham_404000_289250,3,2,0,2,1,0.0,-0.0,15050.0,4650.0,229.14
Birmingham,2025,404000,289500,Birmingham_404000_289500,65,29,1,30,35,0.03333333333333333,0.29516265334653136,1007700.0,9800.0,8441.08
Birmingham,2025,404000,289750,Birmingham_404000_289750,14,4,0,4,10,0.0,0.5195798391305154,106275.0,7750.0,1338.16
Birmingham,2025,404000,290000,Birmingham_404000_290000,25,11,4,15,10,0.26666666666666666,0.49875846591288275,198650.0,6100.0,2082.5299999999997
Birmingham,2025,404000,290250,Birmingham_404000_290250,30,25,0,25,5,0.0,0.1461447460085638,220000.0,5800.0,1958.93
Birmingham,2025,404000,290500,Birmingham_404000_290500,34,14,1,15,19,0.06666666666666667,-0.0,200720.0,5750.0,2307.1699999999996
Birmingham,2025,404000,290750,Birmingham_404000_290750,4,2,1,3,1,0.3333333333333333,-0.0,25700.0,6100.0,192.1
Birmingham,2025,404250,277250,Birmingham_404250_277250,8,6,0,6,2,0.0,0.7356219397587946,85250.0,6150.0,1200.14
Birmingham,2025,404250,277750,Birmingham_404250_277750,1,1,0,1,0,0.0,-0.0,250000.0,250000.0,1529.83
Birmingham,2025,404250,279250,Birmingham_404250_279250,3,2,0,2,1,0.0,-0.0,11975.0,3450.0,197.57
Birmingham,2025,404250,280500,Birmingham_404250_280500,6,4,0,4,2,0.0,-0.0,64850.0,11250.0,375.13000000000005
Birmingham,2025,404250,281500,Birmingham_404250_281500,2,1,0,1,1,0.0,0.6931471805599453,45750.0,22875.0,2903.88
Birmingham,2025,404250,282250,Birmingham_404250_282250,22,11,0,11,11,0.0,0.36764947740014225,308750.0,8850.0,2729.1800000000003
Birmingham,2025,404250,282500,Birmingham_404250_282500,1,0,0,0,1,,-0.0,29250.0,29250.0,541.0
Birmingham,2025,404250,282750,Birmingham_404250_282750,18,8,0,8,10,0.0,0.6837389058487535,432250.0,10500.0,3486.69
Birmingham,2025,404250,283750,Birmingham_404250_283750,1,0,0,0,1,,-0.0,,,61.5
Birmingham,2025,404250,284500,Birmingham_404250_284500,1,1,0,1,0,0.0,-0.0,490.0,490.0,11.0
Birmingham,2025,404250,285250,Birmingham_404250_285250,12,6,0,6,6,0.0,0.5623351446188083,99500.0,8900.0,1296.05
Birmingham,2025,404250,285750,Birmingham_404250_285750,1,1,0,1,0,0.0,-0.0,79000.0,79000.0,
Birmingham,2025,404250,286000,Birmingham_404250_286000,1,0,0,0,1,,-0.0,61500.0,61500.0,311.38
Birmingham,2025,404250,287250,Birmingham_404250_287250,3,2,0,2,1,0.0,1.0986122886681096,47175.0,2225.0,295.14
Birmingham,2025,404250,287500,Birmingham_404250_287500,28,14,0,14,14,0.0,0.657598949867696,498900.0,5500.0,4537.43
Birmingham,2025,404250,287750,Birmingham_404250_287750,1,0,0,0,1,,-0.0,18750.0,18750.0,48.8
Birmingham,2025,404250,288000,Birmingham_404250_288000,1,1,0,1,0,0.0,-0.0,10250.0,10250.0,68.0
Birmingham,2025,404250,288500,Birmingham_404250_288500,2,2,0,2,0,0.0,0.6931471805599453,14700.0,7350.0,144.8
Birmingham,2025,404250,289000,Birmingham_404250_289000,4,2,0,2,2,0.0,-0.0,20400.0,5100.0,184.20000000000002
Birmingham,2025,404250,289250,Birmingham_404250_289250,1,1,0,1,0,0.0,-0.0,3100.0,3100.0,81.9
Birmingham,2025,404250,289500,Birmingham_404250_289500,113,50,2,52,61,0.038461538461538464,0.29149387374350366,2010525.0,16000.0,12898.18
Birmingham,2025,404250,289750,Birmingham_404250_289750,5,5,0,5,0,0.0,-0.0,2800.0,2800.0,180.1
Birmingham,2025,404250,290000,Birmingham_404250_290000,5,3,0,3,2,0.0,0.5004024235381879,49025.0,7300.0,1058.82
Birmingham,2025,404250,290500,Birmingham_404250_290500,11,8,0,8,3,0.0,-0.0,122550.0,4850.0,957.5399999999998
Birmingham,2025,404250,290750,Birmingham_404250_290750,3,1,0,1,2,0.0,1.0986122886681096,11550.0,5775.0,504.95
Birmingham,2025,404250,292250,Birmingham_404250_292250,7,4,0,4,3,0.0,-0.0,41950.0,5000.0,589.04
Birmingham,2025,404500,279250,Birmingham_404500_279250,2,1,0,1,1,0.0,-0.0,100000.0,50000.0,
Birmingham,2025,404500,279750,Birmingham_404500_279750,1,1,0,1,0,0.0,-0.0,1875.0,1875.0,33.2
Birmingham,2025,404500,280000,Birmingham_404500_280000,2,1,0,1,1,0.0,-0.0,18650.0,9325.0,569.06
Birmingham,2025,404500,280250,Birmingham_404500_280250,1,1,0,1,0,0.0,-0.0,13750.0,13750.0,86.6
Birmingham,2025,404500,280500,Birmingham_404500_280500,10,5,0,5,5,0.0,-0.0,67300.0,6600.0,467.2699999999999
Birmingham,2025,404500,281250,Birmingham_404500_281250,13,7,0,7,6,0.0,-0.0,112550.0,9500.0,997.3999999999999
Birmingham,2025,404500,282750,Birmingham_404500_282750,18,9,1,10,8,0.1,0.45056120886630463,225175.0,9850.0,1371.7900000000002
Birmingham,2025,404500,283000,Birmingham_404500_283000,35,14,0,14,21,0.0,0.48160237879386447,635350.0,12000.0,3153.89
Birmingham,2025,404500,283750,Birmingham_404500_283750,1,0,0,0,1,,-0.0,415.0,415.0,4.4
Birmingham,2025,404500,284250,Birmingham_404500_284250,1,1,0,1,0,0.0,-0.0,203000.0,203000.0,203.57
Birmingham,2025,404500,285250,Birmingham_404500_285250,1,1,0,1,0,0.0,-0.0,120000.0,120000.0,
Birmingham,2025,404500,286000,Birmingham_404500_286000,14,0,0,0,14,,0.410116318288409,225850.0,12625.0,1570.9400000000003
Birmingham,2025,404500,286250,Birmingham_404500_286250,1,0,0,0,1,,-0.0,33500.0,33500.0,111.2
Birmingham,2025,404500,286500,Birmingham_404500_286500,3,1,0,1,2,0.0,0.6365141682948128,12000.0,3700.0,193.60000000000002
Birmingham,2025,404500,287000,Birmingham_404500_287000,3,3,0,3,0,0.0,0.6365141682948128,19450.0,4950.0,179.8
Birmingham,2025,404500,287250,Birmingham_404500_287250,1,1,0,1,0,0.0,-0.0,6000.0,6000.0,111.7
Birmingham,2025,404500,287500,Birmingham_404500_287500,2,1,0,1,1,0.0,-0.0,14100.0,7050.0,175.3
Birmingham,2025,404500,288500,Birmingham_404500_288500,8,3,0,3,5,0.0,-0.0,46350.0,4600.0,469.28999999999996
Birmingham,2025,404500,288750,Birmingham_404500_288750,2,1,0,1,1,0.0,-0.0,4800.0,2400.0,29.42
Birmingham,2025,404500,289000,Birmingham_404500_289000,15,8,0,8,7,0.0,0.24493002679463532,84275.0,3900.0,993.29
Birmingham,2025,404500,289250,Birmingham_404500_289250,131,43,0,43,88,0.0,0.3653137858447133,2109950.0,13500.0,15161.39
Birmingham,2025,404500,289500,Birmingham_404500_289500,25,13,0,13,12,0.0,0.167944147734173,154500.0,5800.0,1931.2
Birmingham,2025,404500,289750,Birmingham_404500_289750,29,17,0,17,12,0.0,0.14999492361041503,162550.0,5200.0,2034.73
Birmingham,2025,404500,290000,Birmingham_404500_290000,2,2,0,2,0,0.0,-0.0,5650.0,2825.0,62.4
Birmingham,2025,404500,290500,Birmingham_404500_290500,27,20,0,20,7,0.0,0.4195558923202333,242550.0,6600.0,1735.8300000000002
Birmingham,2025,404500,290750,Birmingham_404500_290750,8,2,0,2,6,0.0,-0.0,52700.0,5050.0,898.1099999999999
Birmingham,2025,404500,294000,Birmingham_404500_294000,26,21,0,21,5,0.0,0.5402041423888608,351475.0,10625.0,4184.78
Birmingham,2025,404750,277500,Birmingham_404750_277500,1,1,0,1,0,0.0,-0.0,8700.0,8700.0,66.9
Birmingham,2025,404750,278500,Birmingham_404750_278500,1,0,0,0,1,,-0.0,8400.0,8400.0,94.2
Birmingham,2025,404750,278750,Birmingham_404750_278750,40,17,0,17,23,0.0,0.5757564557894752,287460.0,5750.0,3207.3399999999997
Birmingham,2025,404750,279250,Birmingham_404750_279250,1,1,0,1,0,0.0,-0.0,216000.0,216000.0,1350.14
Birmingham,2025,404750,279500,Birmingham_404750_279500,24,14,0,14,10,0.0,0.8151862107956462,477900.0,12750.0,3767.6599999999994
Birmingham,2025,404750,279750,Birmingham_404750_279750,79,35,0,35,44,0.0,0.33465397084281745,1060150.0,11500.0,9527.38
Birmingham,2025,404750,280000,Birmingham_404750_280000,3,3,0,3,0,0.0,-0.0,17650.0,5800.0,120.5
Birmingham,2025,404750,282000,Birmingham_404750_282000,30,18,2,20,10,0.1,0.24493002679463532,382800.0,8500.0,2541.74
Birmingham,2025,404750,282250,Birmingham_404750_282250,1,1,0,1,0,0.0,-0.0,9500.0,9500.0,60.6
Birmingham,2025,404750,282500,Birmingham_404750_282500,1,0,0,0,1,,-0.0,4450.0,4450.0,16.5
Birmingham,2025,404750,282750,Birmingham_404750_282750,1,1,0,1,0,0.0,-0.0,2275.0,2275.0,38.0
Birmingham,2025,404750,283000,Birmingham_404750_283000,18,4,0,4,14,0.0,0.760755259244303,326650.0,13500.0,2046.5300000000002
Birmingham,2025,404750,283500,Birmingham_404750_283500,1,0,0,0,1,,-0.0,24500.0,24500.0,75.9
Birmingham,2025,404750,283750,Birmingham_404750_283750,15,3,1,4,11,0.25,0.24493002679463532,344350.0,10875.0,1369.94
Birmingham,2025,404750,285750,Birmingham_404750_285750,2,2,0,2,0,0.0,0.6931471805599453,50500.0,25250.0,390.92999999999995
Birmingham,2025,404750,286000,Birmingham_404750_286000,29,16,1,17,12,0.058823529411764705,0.3325942143118925,273600.0,8900.0,2273.4199999999996
Birmingham,2025,404750,287000,Birmingham_404750_287000,5,2,0,2,3,0.0,-0.0,100000.0,19000.0,1195.5100000000002
Birmingham,2025,404750,287500,Birmingham_404750_287500,1,0,0,0,1,,-0.0,2500.0,2500.0,
Birmingham,2025,404750,288250,Birmingham_404750_288250,1,1,0,1,0,0.0,-0.0,2500.0,2500.0,
Birmingham,2025,404750,288750,Birmingham_404750_288750,5,1,1,2,3,0.5,0.6730116670092565,38425.0,5000.0,284.28999999999996
Birmingham,2025,404750,289250,Birmingham_404750_289250,53,17,2,19,34,0.10526315789473684,0.31988090733211266,717850.0,12000.0,8276.58
Birmingham,2025,404750,289750,Birmingham_404750_289750,1,0,0,0,1,,-0.0,13000.0,13000.0,197.96
Birmingham,2025,404750,290500,Birmingham_404750_290500,2,1,0,1,1,0.0,0.6931471805599453,97750.0,48875.0,734.64
Birmingham,2025,404750,292000,Birmingham_404750_292000,6,1,1,2,4,0.5,0.45056120886630463,64200.0,6100.0,440.84
Birmingham,2025,404750,292250,Birmingham_404750_292250,3,0,0,0,3,,0.6365141682948128,447300.0,23000.0,2384.26
Birmingham,2025,404750,292500,Birmingham_404750_292500,13,7,0,7,6,0.0,0.4293230219306162,154350.0,11000.0,1288.1200000000001
Birmingham,2025,404750,292750,Birmingham_404750_292750,12,5,1,6,6,0.16666666666666666,-0.0,77550.0,6500.0,635.55
Birmingham,2025,404750,293000,Birmingham_404750_293000,3,3,0,3,0,0.0,-0.0,28550.0,9900.0,262.43
Birmingham,2025,404750,294000,Birmingham_404750_294000,3,1,0,1,2,0.0,-0.0,14950.0,4650.0,175.13
Birmingham,2025,405000,278000,Birmingham_405000_278000,13,6,0,6,7,0.0,-0.0,104600.0,6100.0,1335.9
Birmingham,2025,405000,278250,Birmingham_405000_278250,1,1,0,1,0,0.0,-0.0,31250.0,31250.0,363.34
Birmingham,2025,405000,278750,Birmingham_405000_278750,1,0,0,0,1,,-0.0,85000.0,85000.0,
Birmingham,2025,405000,279250,Birmingham_405000_279250,1,1,0,1,0,0.0,-0.0,32250.0,32250.0,403.29
Birmingham,2025,405000,279500,Birmingham_405000_279500,1,0,0,0,1,,-0.0,81500.0,81500.0,256.06
Birmingham,2025,405000,279750,Birmingham_405000_279750,25,7,1,8,17,0.125,0.2787693717685874,206500.0,5700.0,3280.58
Birmingham,2025,405000,280000,Birmingham_405000_280000,6,2,0,2,4,0.0,-0.0,33650.0,3700.0,311.09999999999997
Birmingham,2025,405000,280500,Birmingham_405000_280500,1,0,0,0,1,,-0.0,,,88.53
Birmingham,2025,405000,280750,Birmingham_405000_280750,1,0,0,0,1,,-0.0,5700.0,5700.0,19.0
Birmingham,2025,405000,281000,Birmingham_405000_281000,3,2,0,2,1,0.0,-0.0,13725.0,5600.0,133.3
Birmingham,2025,405000,281250,Birmingham_405000_281250,2,1,0,1,1,0.0,-0.0,2200.0,2200.0,83.7
Birmingham,2025,405000,282000,Birmingham_405000_282000,1,0,0,0,1,,-0.0,34500.0,34500.0,379.17
Birmingham,2025,405000,282250,Birmingham_405000_282250,1,1,0,1,0,0.0,-0.0,12000.0,12000.0,156.5
Birmingham,2025,405000,284250,Birmingham_405000_284250,1,0,0,0,1,,-0.0,89000.0,89000.0,769.1
Birmingham,2025,405000,285750,Birmingham_405000_285750,2,2,0,2,0,0.0,0.6931471805599453,148750.0,74375.0,117.9
Birmingham,2025,405000,286000,Birmingham_405000_286000,1,0,0,0,1,,-0.0,3950.0,3950.0,69.8
Birmingham,2025,405000,286500,Birmingham_405000_286500,1,1,0,1,0,0.0,-0.0,5100.0,5100.0,66.6
Birmingham,2025,405000,287000,Birmingham_405000_287000,1,0,0,0,1,,-0.0,41500.0,41500.0,2554.35
Birmingham,2025,405000,287250,Birmingham_405000_287250,4,0,0,0,4,,0.6931471805599453,23950.0,5850.0,348.61
Birmingham,2025,405000,287500,Birmingham_405000_287500,5,1,2,3,2,0.6666666666666666,0.5004024235381879,54475.0,4100.0,1085.12
Birmingham,2025,405000,287750,Birmingham_405000_287750,4,3,0,3,1,0.0,-0.0,8675.0,2337.5,220.07
Birmingham,2025,405000,288500,Birmingham_405000_288500,6,4,1,5,1,0.2,0.8675632284814612,45525.0,4550.0,872.3299999999999
Birmingham,2025,405000,288750,Birmingham_405000_288750,5,3,1,4,1,0.25,-0.0,11375.0,2400.0,218.39
Birmingham,2025,405000,289000,Birmingham_405000_289000,8,4,0,4,4,0.0,0.37677016125643675,37975.0,3900.0,365.81000000000006
Birmingham,2025,405000,289250,Birmingham_405000_289250,6,4,0,4,2,0.0,0.45056120886630463,80200.0,11500.0,1167.28
Birmingham,2025,405000,289500,Birmingham_405000_289500,1,1,0,1,0,0.0,-0.0,3950.0,3950.0,38.9
Birmingham,2025,405250,278750,Birmingham_405250_278750,1,0,0,0,1,,-0.0,8000.0,8000.0,198.5
Birmingham,2025,405250,280000,Birmingham_405250_280000,12,5,0,5,7,0.0,-0.0,95250.0,6100.0,1144.44
Birmingham,2025,405250,280250,Birmingham_405250_280250,3,2,0,2,1,0.0,-0.0,7530.0,2050.0,74.1
Birmingham,2025,405250,280500,Birmingham_405250_280500,38,23,0,23,15,0.0,0.3264420409566655,585930.0,8250.0,7295.749999999999
Birmingham,2025,405250,280750,Birmingham_405250_280750,82,46,2,48,34,0.041666666666666664,0.3914585922340471,921575.0,8150.0,8308.9
Birmingham,2025,405250,281000,Birmingham_405250_281000,33,14,0,14,19,0.0,0.7900557453395436,1207925.0,8300.0,13996.83
Birmingham,2025,405250,281250,Birmingham_405250_281250,15,7,1,8,7,0.125,0.6277052571971504,229800.0,7200.0,3064.5299999999997
Birmingham,2025,405250,281500,Birmingham_405250_281500,3,1,0,1,2,0.0,-0.0,61000.0,20000.0,1343.92
Birmingham,2025,405250,285500,Birmingham_405250_285500,3,1,0,1,2,0.0,-0.0,211250.0,80500.0,1618.96
Birmingham,2025,405250,285750,Birmingham_405250_285750,22,10,0,10,12,0.0,0.6496877127476234,1149450.0,16250.0,6814.610000000001
Birmingham,2025,405250,286000,Birmingham_405250_286000,4,1,0,1,3,0.0,0.6931471805599453,69470.0,5450.0,513.08
Birmingham,2025,405250,286250,Birmingham_405250_286250,6,1,1,2,4,0.5,0.45056120886630463,115000.0,18875.0,771.9599999999999
Birmingham,2025,405250,286500,Birmingham_405250_286500,16,9,1,10,6,0.1,0.46341355882643,143300.0,8150.0,1375.5900000000001
Birmingham,2025,405250,286750,Birmingham_405250_286750,6,0,0,0,6,,-0.0,18835.0,3500.0,716.4
Birmingham,2025,405250,287000,Birmingham_405250_287000,1,1,0,1,0,0.0,-0.0,15000.0,15000.0,40.2
Birmingham,2025,405250,287250,Birmingham_405250_287250,17,8,1,9,8,0.1111111111111111,0.5783252866601273,116000.0,6600.0,1584.6200000000001
Birmingham,2025,405250,287500,Birmingham_405250_287500,6,2,0,2,4,0.0,0.8675632284814612,1301550.0,13500.0,7489.09
Birmingham,2025,405250,288000,Birmingham_405250_288000,10,7,0,7,3,0.0,0.3250829733914482,59850.0,5700.0,1628.4300000000003
Birmingham,2025,405250,289000,Birmingham_405250_289000,11,1,1,2,9,0.5,0.30463609734923813,30225.0,2250.0,1177.75
Birmingham,2025,405250,289250,Birmingham_405250_289250,1,0,0,0,1,,-0.0,5300.0,5300.0,51.0
Birmingham,2025,405250,289500,Birmingham_405250_289500,1,1,0,1,0,0.0,-0.0,3550.0,3550.0,29.6
Birmingham,2025,405250,290500,Birmingham_405250_290500,1,1,0,1,0,0.0,-0.0,5200.0,5200.0,
Birmingham,2025,405250,291500,Birmingham_405250_291500,6,1,0,1,5,0.0,-0.0,35550.0,5350.0,483.59999999999997
Birmingham,2025,405250,292500,Birmingham_405250_292500,8,3,0,3,5,0.0,-0.0,63250.0,6550.0,523.31
Birmingham,2025,405250,293000,Birmingham_405250_293000,1,1,0,1,0,0.0,-0.0,61500.0,61500.0,
Birmingham,2025,405250,293250,Birmingham_405250_293250,3,2,0,2,1,0.0,-0.0,19400.0,5600.0,275.9
Birmingham,2025,405250,293500,Birmingham_405250_293500,2,2,0,2,0,0.0,-0.0,10600.0,5300.0,122.8
Birmingham,2025,405500,278250,Birmingham_405500_278250,1,1,0,1,0,0.0,-0.0,6900.0,6900.0,133.5
Birmingham,2025,405500,278750,Birmingham_405500_278750,5,4,0,4,1,0.0,-0.0,47700.0,9700.0,383.56
Birmingham,2025,405500,280250,Birmingham_405500_280250,2,0,1,1,1,1.0,-0.0,9150.0,4575.0,99.8
Birmingham,2025,405500,281250,Birmingham_405500_281250,26,9,2,11,15,0.18181818181818182,0.5158361211027406,256800.0,6400.0,2892.56
Birmingham,2025,405500,281750,Birmingham_405500_281750,17,10,1,11,6,0.09090909090909091,0.5783252866601273,488150.0,6800.0,4073.2799999999997
Birmingham,2025,405500,285750,Birmingham_405500_285750,4,4,0,4,0,0.0,0.5623351446188083,81525.0,1525.0,437.25
Birmingham,2025,405500,286000,Birmingham_405500_286000,29,10,0,10,19,0.0,0.6415758075523197,491450.0,13250.0,4278.070000000001
Birmingham,2025,405500,286250,Birmingham_405500_286250,6,2,0,2,4,0.0,1.329661348854758,93200.0,13500.0,523.9200000000001
Birmingham,2025,405500,286500,Birmingham_405500_286500,10,4,0,4,6,0.0,0.3250829733914482,123800.0,11250.0,807.68
Birmingham,2025,405500,286750,Birmingham_405500_286750,3,1,0,1,2,0.0,0.6365141682948128,67900.0,13250.0,123.72
Birmingham,2025,405500,287250,Birmingham_405500_287250,3,0,0,0,3,,0.6365141682948128,19025.0,9512.5,522.98
Birmingham,2025,405500,287500,Birmingham_405500_287500,2,0,0,0,2,,0.6931471805599453,13700.0,6850.0,94.98
Birmingham,2025,405500,288250,Birmingham_405500_288250,23,13,1,14,9,0.07142857142857142,0.17884491271684755,134150.0,3600.0,3468.9
Birmingham,2025,405500,288500,Birmingham_405500_288500,3,2,0,2,1,0.0,-0.0,10375.0,2325.0,474.97
Birmingham,2025,405500,288750,Birmingham_405500_288750,3,3,0,3,0,0.0,-0.0,8350.0,2425.0,125.75999999999999
Birmingham,2025,405500,289000,Birmingham_405500_289000,31,8,0,8,23,0.0,-0.0,121400.0,2025.0,1639.5100000000004
Birmingham,2025,405500,289250,Birmingham_405500_289250,46,34,1,35,11,0.02857142857142857,0.10473243910508653,351850.0,6450.0,4878.890000000002
Birmingham,2025,405500,289500,Birmingham_405500_289500,3,1,0,1,2,0.0,-0.0,23630.0,8400.0,339.95
Birmingham,2025,405500,289750,Birmingham_405500_289750,1,1,0,1,0,0.0,-0.0,6200.0,6200.0,81.4
Birmingham,2025,405500,290000,Birmingham_405500_290000,1,1,0,1,0,0.0,-0.0,4200.0,4200.0,37.0
Birmingham,2025,405500,292750,Birmingham_405500_292750,13,8,0,8,5,0.0,0.2711893730418441,180950.0,9800.0,1978.6600000000003
Birmingham,2025,405500,293000,Birmingham_405500_293000,8,5,0,5,3,0.0,-0.0,56100.0,6650.0,609.12
Birmingham,2025,405500,293500,Birmingham_405500_293500,1,0,0,0,1,,-0.0,30000.0,30000.0,
Birmingham,2025,405500,293750,Birmingham_405500_293750,7,6,0,6,1,0.0,-0.0,59050.0,7900.0,568.1099999999999
Birmingham,2025,405750,280000,Birmingham_405750_280000,1,1,0,1,0,0.0,-0.0,8600.0,8600.0,113.8
Birmingham,2025,405750,280500,Birmingham_405750_280500,1,1,0,1,0,0.0,-0.0,29250.0,29250.0,569.58
Birmingham,2025,405750,282000,Birmingham_405750_282000,6,4,0,4,2,0.0,-0.0,22850.0,6600.0,296.93
Birmingham,2025,405750,282250,Birmingham_405750_282250,6,2,0,2,4,0.0,-0.0,55650.0,9750.0,423.70000000000005
Birmingham,2025,405750,282500,Birmingham_405750_282500,2,0,0,0,2,,-0.0,22150.0,11075.0,206.46
Birmingham,2025,405750,282750,Birmingham_405750_282750,5,1,0,1,4,0.0,-0.0,48550.0,8500.0,368.14000000000004
Birmingham,2025,405750,283000,Birmingham_405750_283000,12,7,0,7,5,0.0,0.45056120886630463,151900.0,9550.0,787.1
Birmingham,2025,405750,285250,Birmingham_405750_285250,6,1,0,1,5,0.0,0.45056120886630463,86900.0,8200.0,701.1
Birmingham,2025,405750,285750,Birmingham_405750_285750,2,0,0,0,2,,0.6931471805599453,126250.0,63125.0,771.65
Birmingham,2025,405750,286000,Birmingham_405750_286000,9,1,0,1,8,0.0,0.6365141682948128,234550.0,27125.0,1442.5000000000002
Birmingham,2025,405750,286250,Birmingham_405750_286250,12,5,0,5,7,0.0,0.8239592165010823,888500.0,73000.0,4016.3799999999997
Birmingham,2025,405750,286500,Birmingham_405750_286500,13,1,1,2,11,0.5,0.8587409130062867,943350.0,62000.0,3773.7699999999995
Birmingham,2025,405750,286750,Birmingham_405750_286750,2,1,0,1,1,0.0,-0.0,188000.0,94000.0,318.3
Birmingham,2025,405750,287000,Birmingham_405750_287000,4,2,0,2,2,0.0,0.5623351446188083,215750.0,16875.0,6798.400000000001
Birmingham,2025,405750,287250,Birmingham_405750_287250,7,2,0,2,5,0.0,0.410116318288409,91200.0,11500.0,978.48
Birmingham,2025,405750,287500,Birmingham_405750_287500,24,5,1,6,18,0.16666666666666666,0.7621042220469585,304985.0,11250.0,2427.3100000000004
Birmingham,2025,405750,287750,Birmingham_405750_287750,4,4,0,4,0,0.0,0.5623351446188083,15350.0,3925.0,218.29999999999998
Birmingham,2025,405750,288000,Birmingham_405750_288000,9,8,0,8,1,0.0,-0.0,29260.0,1775.0,434.7
Birmingham,2025,405750,288250,Birmingham_405750_288250,2,2,0,2,0,0.0,-0.0,28200.0,14100.0,1142.72
Birmingham,2025,405750,288500,Birmingham_405750_288500,25,16,0,16,9,0.0,0.3669249912727096,162300.0,5200.0,2305.43
Birmingham,2025,405750,288750,Birmingham_405750_288750,1,1,0,1,0,0.0,-0.0,3650.0,3650.0,83.33
Birmingham,2025,405750,289250,Birmingham_405750_289250,29,14,0,14,15,0.0,0.2509548043576197,265975.0,6550.0,3269.8000000000006
Birmingham,2025,405750,289500,Birmingham_405750_289500,4,1,0,1,3,0.0,-0.0,17550.0,4375.0,255.8
Birmingham,2025,405750,290250,Birmingham_405750_290250,8,5,0,5,3,0.0,0.37677016125643675,31550.0,4200.0,483.0
Birmingham,2025,405750,290500,Birmingham_405750_290500,1,1,0,1,0,0.0,-0.0,4900.0,4900.0,82.5
Birmingham,2025,405750,293500,Birmingham_405750_293500,1,1,0,1,0,0.0,-0.0,5900.0,5900.0,68.9
Birmingham,2025,405750,294000,Birmingham_405750_294000,1,1,0,1,0,0.0,-0.0,3600.0,3600.0,50.7
Birmingham,2025,405750,294250,Birmingham_405750_294250,3,3,0,3,0,0.0,-0.0,7550.0,2475.0,114.80000000000001
Birmingham,2025,405750,294500,Birmingham_405750_294500,1,0,0,0,1,,-0.0,33250.0,33250.0,120.34
Birmingham,2025,406000,279000,Birmingham_406000_279000,3,2,0,2,1,0.0,0.6365141682948128,19800.0,5400.0,179.8
Birmingham,2025,406000,280500,Birmingham_406000_280500,2,1,0,1,1,0.0,-0.0,23450.0,11725.0,214.12
Birmingham,2025,406000,280750,Birmingham_406000_280750,1,1,0,1,0,0.0,-0.0,36500.0,36500.0,
Birmingham,2025,406000,283000,Birmingham_406000_283000,1,1,0,1,0,0.0,-0.0,3150.0,3150.0,53.24
Birmingham,2025,406000,283250,Birmingham_406000_283250,5,1,0,1,4,0.0,0.5004024235381879,150000.0,30500.0,1593.5
Birmingham,2025,406000,285750,Birmingham_406000_285750,1,1,0,1,0,0.0,-0.0,1500.0,1500.0,21.67
Birmingham,2025,406000,286250,Birmingham_406000_286250,2,0,0,0,2,,0.6931471805599453,119050.0,59525.0,4689.74
Birmingham,2025,406000,286500,Birmingham_406000_286500,41,19,1,20,21,0.05,0.4318194025848072,4376725.0,93500.0,6785.659999999999
Birmingham,2025,406000,286750,Birmingham_406000_286750,7,2,0,2,5,0.0,0.6829081047004717,204400.0,28125.0,1976.63
Birmingham,2025,406000,287000,Birmingham_406000_287000,8,2,0,2,6,0.0,0.5623351446188083,577400.0,11800.0,5234.9
Birmingham,2025,406000,287250,Birmingham_406000_287250,15,2,0,2,13,0.0,1.0625354080615974,273000.0,10600.0,2604.5600000000004
Birmingham,2025,406000,287500,Birmingham_406000_287500,81,37,1,38,43,0.02631578947368421,1.0202897537558488,1220820.0,13500.0,8316.889999999998
Birmingham,2025,406000,287750,Birmingham_406000_287750,75,37,0,37,38,0.0,0.7466381451032729,807165.0,7350.0,6594.8
Birmingham,2025,406000,288000,Birmingham_406000_288000,62,19,1,20,42,0.05,0.494236085653798,471450.0,6100.0,8096.329999999999
Birmingham,2025,406000,288250,Birmingham_406000_288250,14,5,0,5,9,0.0,0.7963116401738131,135300.0,8900.0,3503.9399999999996
Birmingham,2025,406000,288750,Birmingham_406000_288750,9,7,0,7,2,0.0,-0.0,44525.0,4400.0,533.3399999999999
Birmingham,2025,406000,289000,Birmingham_406000_289000,2,2,0,2,0,0.0,-0.0,5000.0,2500.0,55.959999999999994
Birmingham,2025,406000,289250,Birmingham_406000_289250,19,10,1,11,8,0.09090909090909091,0.20619205063323187,155800.0,8300.0,1488.7900000000002
Birmingham,2025,406000,289500,Birmingham_406000_289500,4,2,0,2,2,0.0,-0.0,39200.0,7650.0,402.59999999999997
Birmingham,2025,406000,289750,Birmingham_406000_289750,4,2,0,2,2,0.0,-0.0,20700.0,4850.0,322.67
Birmingham,2025,406000,290000,Birmingham_406000_290000,5,3,0,3,2,0.0,-0.0,26925.0,3850.0,350.29999999999995
Birmingham,2025,406000,290250,Birmingham_406000_290250,6,5,1,6,0,0.16666666666666666,-0.0,26850.0,4450.0,328.6
Birmingham,2025,406000,290500,Birmingham_406000_290500,1,0,1,1,0,1.0,-0.0,10500.0,10500.0,183.73
Birmingham,2025,406000,290750,Birmingham_406000_290750,3,2,0,2,1,0.0,0.6365141682948128,21400.0,4350.0,67.8
Birmingham,2025,406000,292250,Birmingham_406000_292250,14,5,0,5,9,0.0,-0.0,139600.0,8700.0,1222.53
Birmingham,2025,406000,293250,Birmingham_406000_293250,8,5,0,5,3,0.0,-0.0,37600.0,4200.0,424.97
Birmingham,2025,406000,294500,Birmingham_406000_294500,4,2,0,2,2,0.0,0.6931471805599453,2041500.0,21500.0,23647.0
Birmingham,2025,406250,278500,Birmingham_406250_278500,1,1,0,1,0,0.0,-0.0,8100.0,8100.0,114.1
Birmingham,2025,406250,278750,Birmingham_406250_278750,1,1,0,1,0,0.0,-0.0,9400.0,9400.0,109.2
Birmingham,2025,406250,279250,Birmingham_406250_279250,5,3,0,3,2,0.0,-0.0,35150.0,6500.0,428.19000000000005
Birmingham,2025,406250,279750,Birmingham_406250_279750,9,3,0,3,6,0.0,-0.0,37725.0,3950.0,644.1
Birmingham,2025,406250,280500,Birmingham_406250_280500,1,1,0,1,0,0.0,-0.0,4800.0,4800.0,35.6
Birmingham,2025,406250,280750,Birmingham_406250_280750,8,5,0,5,3,0.0,0.37677016125643675,73300.0,7900.0,752.38
Birmingham,2025,406250,281000,Birmingham_406250_281000,24,11,0,11,13,0.0,0.1732052067491771,250450.0,7400.0,2024.5300000000002
Birmingham,2025,406250,281250,Birmingham_406250_281250,1,1,0,1,0,0.0,-0.0,,,262.4
Birmingham,2025,406250,282000,Birmingham_406250_282000,7,5,0,5,2,0.0,0.410116318288409,59550.0,5700.0,592.35
Birmingham,2025,406250,284000,Birmingham_406250_284000,1,1,0,1,0,0.0,-0.0,229000.0,229000.0,1391.59
Birmingham,2025,406250,284250,Birmingham_406250_284250,8,3,0,3,5,0.0,0.37677016125643675,70750.0,8300.0,577.8499999999999
Birmingham,2025,406250,284750,Birmingham_406250_284750,1,0,0,0,1,,-0.0,9800.0,9800.0,58.9
Birmingham,2025,406250,285250,Birmingham_406250_285250,1,1,0,1,0,0.0,-0.0,131000.0,131000.0,507.7
Birmingham,2025,406250,285750,Birmingham_406250_285750,1,0,0,0,1,,-0.0,27250.0,27250.0,239.61
Birmingham,2025,406250,286000,Birmingham_406250_286000,2,1,0,1,1,0.0,0.6931471805599453,111250.0,55625.0,441.2
Birmingham,2025,406250,286250,Birmingham_406250_286250,36,9,2,11,25,0.18181818181818182,0.8004267581481478,2371700.0,58250.0,7438.549999999999
Birmingham,2025,406250,286500,Birmingham_406250_286500,3,1,0,1,2,0.0,0.6365141682948128,110550.0,34250.0,922.73
Birmingham,2025,406250,286750,Birmingham_406250_286750,1,1,0,1,0,0.0,-0.0,250000.0,250000.0,
Birmingham,2025,406250,287000,Birmingham_406250_287000,10,2,0,2,8,0.0,0.6108643020548935,386800.0,42625.0,3016.05
Birmingham,2025,406250,287250,Birmingham_406250_287250,17,3,0,3,14,0.0,0.649248354870898,258250.0,13250.0,2388.5699999999997
Birmingham,2025,406250,287500,Birmingham_406250_287500,33,11,0,11,22,0.0,0.7733057755573662,215975.0,7200.0,2254.71
Birmingham,2025,406250,287750,Birmingham_406250_287750,41,11,1,12,29,0.08333333333333333,0.8588504361098751,509425.0,8600.0,6226.9400000000005
Birmingham,2025,406250,288000,Birmingham_406250_288000,17,3,2,5,12,0.4,0.803742107316203,249400.0,11875.0,6175.03
Birmingham,2025,406250,289000,Birmingham_406250_289000,2,1,0,1,1,0.0,-0.0,3400.0,1700.0,94.52
Birmingham,2025,406250,289250,Birmingham_406250_289250,50,29,0,29,21,0.0,0.2651583725982932,517350.0,9700.0,6505.3
Birmingham,2025,406250,289500,Birmingham_406250_289500,2,0,0,0,2,,0.6931471805599453,68400.0,34200.0,313.57
Birmingham,2025,406250,289750,Birmingham_406250_289750,3,3,0,3,0,0.0,0.6365141682948128,14600.0,3500.0,175.8
Birmingham,2025,406250,290000,Birmingham_406250_290000,9,4,0,4,5,0.0,-0.0,57100.0,4050.0,791.86
Birmingham,2025,406250,290250,Birmingham_406250_290250,1,1,0,1,0,0.0,-0.0,3600.0,3600.0,29.0
Birmingham,2025,406250,290750,Birmingham_406250_290750,1,1,0,1,0,0.0,-0.0,,,732.97
Birmingham,2025,406250,293000,Birmingham_406250_293000,9,3,0,3,6,0.0,0.34883209584303193,80750.0,7800.0,726.5
Birmingham,2025,406250,294750,Birmingham_406250_294750,5,2,0,2,3,0.0,0.5004024235381879,43200.0,8500.0,569.7
Birmingham,2025,406500,285000,Birmingham_406500_285000,3,2,0,2,1,0.0,-0.0,43850.0,15250.0,473.55
Birmingham,2025,406500,285250,Birmingham_406500_285250,2,2,0,2,0,0.0,-0.0,13600.0,6800.0,129.3
Birmingham,2025,406500,286000,Birmingham_406500_286000,16,2,1,3,13,0.3333333333333333,0.7029189307735104,198210.0,6250.0,1801.5100000000002
Birmingham,2025,406500,286250,Birmingham_406500_286250,15,4,1,5,10,0.2,0.7298712099831165,1291500.0,37250.0,8486.5
Birmingham,2025,406500,286500,Birmingham_406500_286500,21,5,0,5,16,0.0,0.5010469137590966,464500.0,11000.0,2038.0400000000002
Birmingham,2025,406500,286750,Birmingham_406500_286750,18,5,1,6,12,0.16666666666666666,0.8277381569989198,1374800.0,68000.0,2840.2699999999995
Birmingham,2025,406500,287000,Birmingham_406500_287000,50,19,3,22,28,0.13636363636363635,0.6282087954682233,601275.0,1937.5,4327.500000000001
Birmingham,2025,406500,287250,Birmingham_406500_287250,10,3,0,3,7,0.0,0.6730116670092565,268100.0,24250.0,1897.4
Birmingham,2025,406500,287500,Birmingham_406500_287500,22,6,0,6,16,0.0,0.47413931305783735,217800.0,9850.0,3916.21
Birmingham,2025,406500,287750,Birmingham_406500_287750,18,2,0,2,16,0.0,0.45056120886630463,299600.0,6400.0,3010.0599999999995
Birmingham,2025,406500,288000,Birmingham_406500_288000,11,8,0,8,3,0.0,0.30463609734923813,67600.0,5300.0,1046.24
Birmingham,2025,406500,288750,Birmingham_406500_288750,9,3,3,6,3,0.5,-0.0,50250.0,4950.0,665.48
Birmingham,2025,406500,289000,Birmingham_406500_289000,2,2,0,2,0,0.0,0.6931471805599453,29200.0,14600.0,100.0
Birmingham,2025,406500,289250,Birmingham_406500_289250,29,15,0,15,14,0.0,0.2509548043576197,324050.0,8900.0,3937.6300000000006
Birmingham,2025,406500,289500,Birmingham_406500_289500,4,3,0,3,1,0.0,-0.0,46250.0,10450.0,682.87
Birmingham,2025,406500,289750,Birmingham_406500_289750,19,9,0,9,10,0.0,0.5366645624845252,209500.0,9300.0,2422.23
Birmingham,2025,406500,290750,Birmingham_406500_290750,33,16,1,17,16,0.058823529411764705,0.13579395875159386,219425.0,5700.0,2765.36
Birmingham,2025,406500,291000,Birmingham_406500_291000,79,29,0,29,50,0.0,0.3029829313783752,1158600.0,9100.0,4217.76
Birmingham,2025,406500,291750,Birmingham_406500_291750,11,5,0,5,6,0.0,0.30463609734923813,151100.0,10500.0,1294.0800000000002
Birmingham,2025,406500,293000,Birmingham_406500_293000,9,5,0,5,4,0.0,0.8486855577264172,159550.0,6000.0,600.52
Birmingham,2025,406500,293250,Birmingham_406500_293250,6,4,0,4,2,0.0,-0.0,32900.0,5500.0,320.7
Birmingham,2025,406500,293750,Birmingham_406500_293750,8,3,0,3,5,0.0,0.37677016125643675,58925.0,8500.0,541.99
Birmingham,2025,406500,294000,Birmingham_406500_294000,5,3,0,3,2,0.0,-0.0,47100.0,9500.0,560.1600000000001
Birmingham,2025,406500,295000,Birmingham_406500_295000,4,3,0,3,1,0.0,-0.0,20500.0,5050.0,245.82999999999998
Birmingham,2025,406750,278500,Birmingham_406750_278500,6,5,0,5,1,0.0,0.8675632284814612,36650.0,4650.0,641.5
Birmingham,2025,406750,279500,Birmingham_406750_279500,3,1,0,1,2,0.0,1.0986122886681096,29100.0,9700.0,396.79999999999995
Birmingham,2025,406750,280000,Birmingham_406750_280000,8,5,0,5,3,0.0,-0.0,41550.0,5150.0,481.05
Birmingham,2025,406750,281000,Birmingham_406750_281000,2,2,0,2,0,0.0,0.6931471805599453,79550.0,39775.0,74.0
Birmingham,2025,406750,281750,Birmingham_406750_281750,5,2,0,2,3,0.0,-0.0,25900.0,4450.0,516.9
Birmingham,2025,406750,285000,Birmingham_406750_285000,4,3,0,3,1,0.0,-0.0,42200.0,10050.0,478.34
Birmingham,2025,406750,285250,Birmingham_406750_285250,1,0,0,0,1,,-0.0,10750.0,10750.0,163.63
Birmingham,2025,406750,285500,Birmingham_406750_285500,3,3,0,3,0,0.0,0.6365141682948128,393750.0,52000.0,4838.139999999999
Birmingham,2025,406750,285750,Birmingham_406750_285750,15,5,0,5,10,0.0,0.39267446722755217,134100.0,7800.0,1453.3899999999999
Birmingham,2025,406750,286000,Birmingham_406750_286000,26,6,0,6,20,0.0,0.8101502323878819,498850.0,18750.0,5773.12
Birmingham,2025,406750,286250,Birmingham_406750_286250,61,17,0,17,44,0.0,0.8498045474331789,1973250.0,18250.0,14726.93
Birmingham,2025,406750,286500,Birmingham_406750_286500,102,44,2,46,56,0.043478260869565216,0.703470396447307,3816125.0,28875.0,37999.93
Birmingham,2025,406750,286750,Birmingham_406750_286750,182,66,2,68,114,0.029411764705882353,0.7378034361440606,9884770.0,41875.0,31129.449999999997
Birmingham,2025,406750,287000,Birmingham_406750_287000,44,14,0,14,30,0.0,0.6921137666782082,2179320.0,46000.0,9659.68
Birmingham,2025,406750,287250,Birmingham_406750_287250,10,2,0,2,8,0.0,0.6730116670092565,255800.0,21500.0,1872.4299999999998
Birmingham,2025,406750,287500,Birmingham_406750_287500,17,11,0,11,6,0.0,0.9586918593253719,172450.0,8000.0,2273.85
Birmingham,2025,406750,287750,Birmingham_406750_287750,10,5,0,5,5,0.0,0.5004024235381879,94050.0,7650.0,1164.3
Birmingham,2025,406750,288000,Birmingham_406750_288000,8,4,0,4,4,0.0,0.6615632381579821,41595.0,3500.0,295.6
Birmingham,2025,406750,288250,Birmingham_406750_288250,2,1,0,1,1,0.0,-0.0,19850.0,9925.0,239.1
Birmingham,2025,406750,288500,Birmingham_406750_288500,3,1,0,1,2,0.0,0.6365141682948128,11800.0,5900.0,425.13
Birmingham,2025,406750,289250,Birmingham_406750_289250,7,4,0,4,3,0.0,-0.0,78562.0,8200.0,1355.3600000000001
Birmingham,2025,406750,289500,Birmingham_406750_289500,22,14,0,14,8,0.0,0.36764947740014225,171600.0,6500.0,2647.8
Birmingham,2025,406750,289750,Birmingham_406750_289750,1,1,0,1,0,0.0,-0.0,13000.0,13000.0,45.8
Birmingham,2025,406750,290500,Birmingham_406750_290500,18,9,0,9,9,0.0,0.42584844923858145,219000.0,7400.0,2846.0899999999997
Birmingham,2025,406750,290750,Birmingham_406750_290750,3,2,0,2,1,0.0,1.0986122886681096,16500.0,6000.0,172.1
Birmingham,2025,406750,291250,Birmingham_406750_291250,50,26,0,26,24,0.0,0.9536031589152923,4510150.0,47750.0,30682.23
Birmingham,2025,406750,293500,Birmingham_406750_293500,1,1,0,1,0,0.0,-0.0,28500.0,28500.0,400.0
Birmingham,2025,406750,294500,Birmingham_406750_294500,2,1,0,1,1,0.0,-0.0,16400.0,8200.0,158.43
Birmingham,2025,406750,294750,Birmingham_406750_294750,1,1,0,1,0,0.0,-0.0,3750.0,3750.0,96.6
Birmingham,2025,407000,278250,Birmingham_407000_278250,1,1,0,1,0,0.0,-0.0,8100.0,8100.0,59.2
Birmingham,2025,407000,279000,Birmingham_407000_279000,1,1,0,1,0,0.0,-0.0,10750.0,10750.0,154.72
Birmingham,2025,407000,281250,Birmingham_407000_281250,1,1,0,1,0,0.0,-0.0,6800.0,6800.0,41.3
Birmingham,2025,407000,281500,Birmingham_407000_281500,4,1,0,1,3,0.0,0.5623351446188083,50050.0,10500.0,464.55
Birmingham,2025,407000,281750,Birmingham_407000_281750,15,8,1,9,6,0.1111111111111111,0.24493002679463532,528550.0,8250.0,3789.45
Birmingham,2025,407000,282000,Birmingham_407000_282000,2,1,0,1,1,0.0,0.6931471805599453,16800.0,8400.0,246.69
Birmingham,2025,407000,284250,Birmingham_407000_284250,21,12,1,13,8,0.07692307692307693,-0.0,141225.0,5300.0,1500.61
Birmingham,2025,407000,284500,Birmingham_407000_284500,5,4,0,4,1,0.0,-0.0,36250.0,6200.0,330.20000000000005
Birmingham,2025,407000,285500,Birmingham_407000_285500,1,1,0,1,0,0.0,-0.0,4000.0,4000.0,54.1
Birmingham,2025,407000,285750,Birmingham_407000_285750,5,1,0,1,4,0.0,0.5004024235381879,24260.0,7200.0,375.19
Birmingham,2025,407000,286000,Birmingham_407000_286000,33,8,0,8,25,0.0,0.6704776487973955,755900.0,19125.0,3856.36
Birmingham,2025,407000,286250,Birmingham_407000_286250,94,31,2,33,61,0.06060606060606061,0.8255864865825787,2466475.0,16875.0,14463.66
Birmingham,2025,407000,286500,Birmingham_407000_286500,232,114,6,120,112,0.05,0.5314160156273691,25161925.0,70500.0,68165.76999999999
Birmingham,2025,407000,286750,Birmingham_407000_286750,138,45,4,49,89,0.08163265306122448,0.8044422862698695,13567401.0,53500.0,78960.36
Birmingham,2025,407000,287000,Birmingham_407000_287000,102,31,0,31,71,0.0,0.4673200476011003,2901605.0,20125.0,61333.170000000006
Birmingham,2025,407000,287250,Birmingham_407000_287250,12,1,1,2,10,0.5,0.6791932659915256,145500.0,7400.0,871.9100000000001
Birmingham,2025,407000,287500,Birmingham_407000_287500,7,0,0,0,7,,0.5982695885852573,42610.0,5500.0,652.6
Birmingham,2025,407000,287750,Birmingham_407000_287750,9,3,0,3,6,0.0,0.8486855577264172,90150.0,10500.0,2309.9
Birmingham,2025,407000,288000,Birmingham_407000_288000,13,8,0,8,5,0.0,0.8305178252872478,71585.0,3650.0,1114.7
Birmingham,2025,407000,288250,Birmingham_407000_288250,3,2,0,2,1,0.0,0.6365141682948128,134200.0,10500.0,2277.8
Birmingham,2025,407000,288500,Birmingham_407000_288500,2,2,0,2,0,0.0,-0.0,16000.0,8000.0,107.5
Birmingham,2025,407000,288750,Birmingham_407000_288750,20,14,0,14,6,0.0,0.39439769144744274,380950.0,11125.0,4265.91
Birmingham,2025,407000,289000,Birmingham_407000_289000,1,0,0,0,1,,-0.0,1725.0,1725.0,41.9
Birmingham,2025,407000,289250,Birmingham_407000_289250,6,4,0,4,2,0.0,-0.0,49500.0,7850.0,416.40000000000003
Birmingham,2025,407000,289500,Birmingham_407000_289500,3,0,0,0,3,,-0.0,28650.0,6100.0,156.26
Birmingham,2025,407000,289750,Birmingham_407000_289750,3,1,0,1,2,0.0,-0.0,34250.0,17125.0,390.53
Birmingham,2025,407000,290000,Birmingham_407000_290000,1,1,0,1,0,0.0,-0.0,10250.0,10250.0,76.1
Birmingham,2025,407000,290500,Birmingham_407000_290500,1,0,0,0,1,,-0.0,6300.0,6300.0,21.96
Birmingham,2025,407000,290750,Birmingham_407000_290750,1,0,0,0,1,,-0.0,3500.0,3500.0,
Birmingham,2025,407000,291000,Birmingham_407000_291000,1,0,0,0,1,,-0.0,13500.0,13500.0,192.2
Birmingham,2025,407000,291500,Birmingham_407000_291500,1,0,0,0,1,,-0.0,13500.0,13500.0,138.0
Birmingham,2025,407000,291750,Birmingham_407000_291750,1,1,0,1,0,0.0,-0.0,13250.0,13250.0,118.3
Birmingham,2025,407000,292000,Birmingham_407000_292000,5,4,0,4,1,0.0,0.9502705392332347,132150.0,5700.0,761.0699999999999
Birmingham,2025,407000,292500,Birmingham_407000_292500,1,0,0,0,1,,-0.0,53000.0,53000.0,925.25
Birmingham,2025,407000,292750,Birmingham_407000_292750,3,2,0,2,1,0.0,0.6365141682948128,13175.0,3350.0,149.4
Birmingham,2025,407000,293250,Birmingham_407000_293250,10,6,0,6,4,0.0,0.3250829733914482,70300.0,6800.0,587.17
Birmingham,2025,407000,293500,Birmingham_407000_293500,1,1,0,1,0,0.0,-0.0,43750.0,43750.0,
Birmingham,2025,407000,293750,Birmingham_407000_293750,4,2,0,2,2,0.0,0.5623351446188083,24800.0,6250.0,179.26999999999998
Birmingham,2025,407000,294000,Birmingham_407000_294000,1,1,0,1,0,0.0,-0.0,23750.0,23750.0,255.46
Birmingham,2025,407000,294500,Birmingham_407000_294500,3,2,0,2,1,0.0,-0.0,13000.0,4100.0,159.3
Birmingham,2025,407000,294750,Birmingham_407000_294750,4,2,1,3,1,0.3333333333333333,0.5623351446188083,46900.0,7750.0,362.3
Birmingham,2025,407000,295750,Birmingham_407000_295750,6,5,0,5,1,0.0,-0.0,85850.0,7500.0,724.36
Birmingham,2025,407250,278750,Birmingham_407250_278750,1,0,0,0,1,,-0.0,5700.0,5700.0,124.2
Birmingham,2025,407250,280250,Birmingham_407250_280250,20,8,0,8,12,0.0,0.5875009311062073,347850.0,10275.0,2773.7
Birmingham,2025,407250,280500,Birmingham_407250_280500,7,6,0,6,1,0.0,0.410116318288409,74650.0,9600.0,358.59999999999997
Birmingham,2025,407250,281000,Birmingham_407250_281000,1,1,0,1,0,0.0,-0.0,14250.0,14250.0,32.3
Birmingham,2025,407250,281250,Birmingham_407250_281250,14,7,0,7,7,0.0,0.509137344082687,648000.0,15750.0,6018.549999999998
Birmingham,2025,407250,281500,Birmingham_407250_281500,41,20,1,21,20,0.047619047619047616,0.8074088301105418,1142000.0,22500.0,6977.22
Birmingham,2025,407250,281750,Birmingham_407250_281750,117,55,2,57,60,0.03508771929824561,0.6764472373996577,2941525.0,16750.0,20743.370000000003
Birmingham,2025,407250,282000,Birmingham_407250_282000,65,29,0,29,36,0.0,0.7371047925171174,1342950.0,10750.0,12964.29
Birmingham,2025,407250,283250,Birmingham_407250_283250,1,0,0,0,1,,-0.0,2225.0,2225.0,32.7
Birmingham,2025,407250,284000,Birmingham_407250_284000,7,4,0,4,3,0.0,-0.0,50150.0,7600.0,499.16999999999996
Birmingham,2025,407250,284250,Birmingham_407250_284250,17,13,0,13,4,0.0,0.4437572842601484,96775.0,5200.0,1587.25
Birmingham,2025,407250,285250,Birmingham_407250_285250,18,11,0,11,7,0.0,0.6546695645285008,179000.0,8150.0,2200.43
Birmingham,2025,407250,285500,Birmingham_407250_285500,16,4,0,4,12,0.0,1.0433534269422904,217400.0,6700.0,4874.09
Birmingham,2025,407250,285750,Birmingham_407250_285750,20,9,1,10,10,0.1,0.8451132568429528,136150.0,6000.0,1554.5400000000002
Birmingham,2025,407250,286000,Birmingham_407250_286000,10,5,0,5,5,0.0,0.5004024235381879,108130.0,8200.0,1201.89
Birmingham,2025,407250,286250,Birmingham_407250_286250,172,101,0,101,71,0.0,0.0990108885395036,1315213.0,5000.0,5166.49
Birmingham,2025,407250,286500,Birmingham_407250_286500,42,10,2,12,30,0.16666666666666666,0.824948166730584,5601150.0,82500.0,42406.02
Birmingham,2025,407250,286750,Birmingham_407250_286750,37,9,0,9,28,0.0,0.8864614501334259,4056500.0,20250.0,45333.52999999999
Birmingham,2025,407250,287000,Birmingham_407250_287000,84,17,0,17,67,0.0,0.7813759077185234,2129490.0,14625.0,32492.19
Birmingham,2025,407250,287250,Birmingham_407250_287250,35,2,0,2,33,0.0,0.7056865701326933,487715.0,13000.0,4596.54
Birmingham,2025,407250,287500,Birmingham_407250_287500,1,0,0,0,1,,-0.0,13250.0,13250.0,209.13
Birmingham,2025,407250,287750,Birmingham_407250_287750,4,2,0,2,2,0.0,1.0397207708399179,99750.0,17750.0,1099.1
Birmingham,2025,407250,288000,Birmingham_407250_288000,3,2,0,2,1,0.0,0.6365141682948128,413550.0,206775.0,4144.5
Birmingham,2025,407250,288500,Birmingham_407250_288500,9,6,1,7,2,0.14285714285714285,0.34883209584303193,761800.0,30250.0,2410.8900000000003
Birmingham,2025,407250,288750,Birmingham_407250_288750,2,1,0,1,1,0.0,0.6931471805599453,44500.0,22250.0,232.4
Birmingham,2025,407250,289250,Birmingham_407250_289250,1,1,0,1,0,0.0,-0.0,16500.0,16500.0,141.5
Birmingham,2025,407250,289500,Birmingham_407250_289500,7,7,0,7,0,0.0,-0.0,58550.0,7000.0,396.46999999999997
Birmingham,2025,407250,289750,Birmingham_407250_289750,24,18,0,18,6,0.0,0.1732052067491771,227525.0,9875.0,1611.71
Birmingham,2025,407250,290000,Birmingham_407250_290000,11,10,0,10,1,0.0,-0.0,156500.0,13500.0,1104.5900000000001
Birmingham,2025,407250,290250,Birmingham_407250_290250,15,4,0,4,11,0.0,-0.0,100950.0,5700.0,1261.98
Birmingham,2025,407250,290500,Birmingham_407250_290500,4,1,0,1,3,0.0,-0.0,26150.0,5250.0,269.01
Birmingham,2025,407250,292000,Birmingham_407250_292000,3,1,0,1,2,0.0,0.6365141682948128,411000.0,205500.0,6060.9
Birmingham,2025,407250,292250,Birmingham_407250_292250,2,2,0,2,0,0.0,-0.0,12200.0,6100.0,131.34
Birmingham,2025,407250,292500,Birmingham_407250_292500,3,0,0,0,3,,-0.0,153000.0,153000.0,8505.92
Birmingham,2025,407250,292750,Birmingham_407250_292750,3,3,0,3,0,0.0,-0.0,13250.0,4350.0,126.5
Birmingham,2025,407250,293000,Birmingham_407250_293000,3,1,0,1,2,0.0,0.6365141682948128,12530.0,5700.0,99.4
Birmingham,2025,407250,293250,Birmingham_407250_293250,3,0,0,0,3,,-0.0,23100.0,7700.0,285.92
Birmingham,2025,407250,293500,Birmingham_407250_293500,2,1,0,1,1,0.0,-0.0,14400.0,7200.0,201.28
Birmingham,2025,407250,294000,Birmingham_407250_294000,1,0,0,0,1,,-0.0,7000.0,7000.0,
Birmingham,2025,407250,295000,Birmingham_407250_295000,1,1,0,1,0,0.0,-0.0,7500.0,7500.0,89.2
Birmingham,2025,407250,295500,Birmingham_407250_295500,10,5,0,5,5,0.0,0.8018185525433372,82550.0,6750.0,820.5999999999999
Birmingham,2025,407250,295750,Birmingham_407250_295750,1,1,0,1,0,0.0,-0.0,37000.0,37000.0,
Birmingham,2025,407500,278500,Birmingham_407500_278500,1,1,0,1,0,0.0,-0.0,62500.0,62500.0,167.82
Birmingham,2025,407500,278750,Birmingham_407500_278750,5,2,0,2,3,0.0,-0.0,41550.0,5300.0,647.4
Birmingham,2025,407500,279500,Birmingham_407500_279500,1,1,0,1,0,0.0,-0.0,2600.0,2600.0,26.15
Birmingham,2025,407500,280250,Birmingham_407500_280250,1,0,0,0,1,,-0.0,3850.0,3850.0,103.3
Birmingham,2025,407500,281000,Birmingham_407500_281000,1,0,0,0,1,,-0.0,16750.0,16750.0,87.27
Birmingham,2025,407500,281250,Birmingham_407500_281250,4,1,0,1,3,0.0,-0.0,43000.0,11000.0,909.0
Birmingham,2025,407500,281500,Birmingham_407500_281500,4,3,0,3,1,0.0,1.0397207708399179,28750.0,9900.0,283.74
Birmingham,2025,407500,281750,Birmingham_407500_281750,16,9,1,10,6,0.1,0.37677016125643675,164275.0,7950.0,1479.33
Birmingham,2025,407500,282000,Birmingham_407500_282000,9,3,0,3,6,0.0,0.6837389058487535,75500.0,9650.0,556.96
Birmingham,2025,407500,282250,Birmingham_407500_282250,2,0,1,1,1,1.0,-0.0,23250.0,11625.0,192.49
Birmingham,2025,407500,282750,Birmingham_407500_282750,3,1,0,1,2,0.0,0.6365141682948128,77300.0,10000.0,320.45
Birmingham,2025,407500,283000,Birmingham_407500_283000,37,16,0,16,21,0.0,0.8136815193565088,689700.0,15125.0,5250.08
Birmingham,2025,407500,283250,Birmingham_407500_283250,18,8,0,8,10,0.0,0.7298429194806347,481000.0,12250.0,4483.39
Birmingham,2025,407500,283500,Birmingham_407500_283500,3,1,0,1,2,0.0,0.6365141682948128,126000.0,15500.0,1631.3400000000001
Birmingham,2025,407500,283750,Birmingham_407500_283750,1,1,0,1,0,0.0,-0.0,7000.0,7000.0,78.5
Birmingham,2025,407500,284000,Birmingham_407500_284000,2,0,1,1,1,1.0,0.6931471805599453,18150.0,9075.0,30.0
Birmingham,2025,407500,284250,Birmingham_407500_284250,3,2,0,2,1,0.0,0.6365141682948128,19400.0,8200.0,130.6
Birmingham,2025,407500,284500,Birmingham_407500_284500,1,1,0,1,0,0.0,-0.0,18000.0,18000.0,169.63
Birmingham,2025,407500,285000,Birmingham_407500_285000,3,0,0,0,3,,0.6365141682948128,43450.0,8500.0,263.12
Birmingham,2025,407500,285250,Birmingham_407500_285250,7,5,0,5,2,0.0,-0.0,45900.0,7800.0,434.00000000000006
Birmingham,2025,407500,285500,Birmingham_407500_285500,11,4,0,4,7,0.0,0.9347698978582794,60300.0,6000.0,3916.99
Birmingham,2025,407500,285750,Birmingham_407500_285750,5,1,0,1,4,0.0,0.6730116670092565,48600.0,8200.0,1579.79
Birmingham,2025,407500,286000,Birmingham_407500_286000,7,4,0,4,3,0.0,0.7963116401738131,105350.0,10000.0,1696.56
Birmingham,2025,407500,286250,Birmingham_407500_286250,31,15,0,15,16,0.0,0.7336648693813445,437750.0,12000.0,3587.52
Birmingham,2025,407500,286500,Birmingham_407500_286500,15,3,0,3,12,0.0,0.5004024235381879,302600.0,16750.0,3282.3599999999997
Birmingham,2025,407500,286750,Birmingham_407500_286750,7,0,1,1,6,1.0,0.410116318288409,99450.0,13550.0,1276.87
Birmingham,2025,407500,287000,Birmingham_407500_287000,15,1,0,1,14,0.0,0.48509409130221154,407500.0,24250.0,1971.3499999999997
Birmingham,2025,407500,287500,Birmingham_407500_287500,8,4,0,4,4,0.0,0.9002560512685369,188500.0,18000.0,1004.5
Birmingham,2025,407500,287750,Birmingham_407500_287750,2,1,0,1,1,0.0,0.6931471805599453,144000.0,72000.0,303.48
Birmingham,2025,407500,288000,Birmingham_407500_288000,1,1,0,1,0,0.0,-0.0,6800.0,6800.0,96.2
Birmingham,2025,407500,288500,Birmingham_407500_288500,32,15,0,15,17,0.0,-0.0,120275.0,2775.0,3300.53
Birmingham,2025,407500,288750,Birmingham_407500_288750,1,1,0,1,0,0.0,-0.0,12000.0,12000.0,103.2
Birmingham,2025,407500,289250,Birmingham_407500_289250,3,2,0,2,1,0.0,-0.0,35600.0,8900.0,308.79999999999995
Birmingham,2025,407500,289500,Birmingham_407500_289500,5,3,0,3,2,0.0,-0.0,26850.0,4300.0,345.8
Birmingham,2025,407500,289750,Birmingham_407500_289750,2,0,0,0,2,,-0.0,24550.0,12275.0,441.54999999999995
Birmingham,2025,407500,290000,Birmingham_407500_290000,42,25,0,25,17,0.0,-0.0,430925.0,8050.0,2871.75
Birmingham,2025,407500,290250,Birmingham_407500_290250,11,6,1,7,4,0.14285714285714285,-0.0,105750.0,8900.0,659.2900000000001
Birmingham,2025,407500,290500,Birmingham_407500_290500,6,4,0,4,2,0.0,-0.0,29475.0,4425.0,402.81
Birmingham,2025,407500,292500,Birmingham_407500_292500,1,0,0,0,1,,-0.0,12750.0,12750.0,185.5
Birmingham,2025,407500,293000,Birmingham_407500_293000,11,7,0,7,4,0.0,0.30463609734923813,110000.0,8100.0,1161.2800000000002
Birmingham,2025,407500,295000,Birmingham_407500_295000,5,3,0,3,2,0.0,-0.0,23100.0,5000.0,307.65999999999997
Birmingham,2025,407500,295500,Birmingham_407500_295500,1,1,0,1,0,0.0,-0.0,2400.0,2400.0,19.94
Birmingham,2025,407750,278250,Birmingham_407750_278250,1,1,0,1,0,0.0,-0.0,1420000.0,1420000.0,7205.1
Birmingham,2025,407750,278500,Birmingham_407750_278500,26,15,0,15,11,0.0,0.5359610497090694,656550.0,14125.0,5026.0599999999995
Birmingham,2025,407750,278750,Birmingham_407750_278750,1,1,0,1,0,0.0,-0.0,14750.0,14750.0,155.0
Birmingham,2025,407750,279000,Birmingham_407750_279000,12,7,0,7,5,0.0,0.7214636866925115,117200.0,8500.0,1642.4000000000003
Birmingham,2025,407750,279250,Birmingham_407750_279250,9,6,0,6,3,0.0,-0.0,83650.0,8300.0,827.2699999999999
Birmingham,2025,407750,279500,Birmingham_407750_279500,1,0,0,0,1,,-0.0,8800.0,8800.0,
Birmingham,2025,407750,280250,Birmingham_407750_280250,1,0,0,0,1,,-0.0,3600.0,3600.0,14.43
Birmingham,2025,407750,281250,Birmingham_407750_281250,2,2,0,2,0,0.0,-0.0,6300.0,3150.0,78.9
Birmingham,2025,407750,281750,Birmingham_407750_281750,1,1,0,1,0,0.0,-0.0,5700.0,5700.0,189.9
Birmingham,2025,407750,283000,Birmingham_407750_283000,46,19,0,19,27,0.0,0.648791269581887,1003600.0,12250.0,6514.499999999999
Birmingham,2025,407750,283250,Birmingham_407750_283250,19,8,1,9,10,0.1111111111111111,0.6581099875431143,226950.0,10250.0,1600.7800000000002
Birmingham,2025,407750,283750,Birmingham_407750_283750,2,2,0,2,0,0.0,0.6931471805599453,18150.0,9075.0,176.1
Birmingham,2025,407750,284000,Birmingham_407750_284000,23,13,0,13,10,0.0,1.0014223119682,623650.0,10500.0,4561.349999999999
Birmingham,2025,407750,284250,Birmingham_407750_284250,25,10,0,10,15,0.0,0.8622684782952406,310650.0,10000.0,4616.51
Birmingham,2025,407750,284500,Birmingham_407750_284500,28,10,1,11,17,0.09090909090909091,0.558577924073418,402000.0,8500.0,7487.820000000001
Birmingham,2025,407750,284750,Birmingham_407750_284750,4,1,0,1,3,0.0,1.0397207708399179,148250.0,26625.0,2918.0200000000004
Birmingham,2025,407750,285000,Birmingham_407750_285000,2,2,0,2,0,0.0,-0.0,466500.0,233250.0,3841.55
Birmingham,2025,407750,285250,Birmingham_407750_285250,5,1,0,1,4,0.0,0.9502705392332347,184650.0,11000.0,2259.69
Birmingham,2025,407750,285500,Birmingham_407750_285500,1,1,0,1,0,0.0,-0.0,13250.0,13250.0,154.6
Birmingham,2025,407750,285750,Birmingham_407750_285750,4,2,0,2,2,0.0,1.0397207708399179,34250.0,6000.0,441.35
Birmingham,2025,407750,286000,Birmingham_407750_286000,5,1,0,1,4,0.0,0.6730116670092565,58300.0,9200.0,402.5
Birmingham,2025,407750,286250,Birmingham_407750_286250,45,14,1,15,30,0.06666666666666667,0.24493002679463532,668700.0,12500.0,4245.47
Birmingham,2025,407750,286500,Birmingham_407750_286500,9,1,0,1,8,0.0,0.34883209584303193,147850.0,9500.0,559.22
Birmingham,2025,407750,286750,Birmingham_407750_286750,4,2,0,2,2,0.0,0.5623351446188083,74300.0,15875.0,1003.4200000000001
Birmingham,2025,407750,287000,Birmingham_407750_287000,2,0,0,0,2,,-0.0,24000.0,12000.0,136.61
Birmingham,2025,407750,287500,Birmingham_407750_287500,1,0,0,0,1,,-0.0,,,
Birmingham,2025,407750,287750,Birmingham_407750_287750,1,0,0,0,1,,-0.0,20500.0,20500.0,206.62
Birmingham,2025,407750,288250,Birmingham_407750_288250,16,5,0,5,11,0.0,-0.0,31500.0,1175.0,487.26000000000005
Birmingham,2025,407750,288500,Birmingham_407750_288500,2,2,0,2,0,0.0,0.6931471805599453,51500.0,25750.0,591.85
Birmingham,2025,407750,289250,Birmingham_407750_289250,1,0,0,0,1,,-0.0,18000.0,18000.0,42.7
Birmingham,2025,407750,290250,Birmingham_407750_290250,16,12,0,12,4,0.0,-0.0,156950.0,8600.0,1409.99
Birmingham,2025,407750,290500,Birmingham_407750_290500,12,8,0,8,4,0.0,0.8369882167858358,1469750.0,11375.0,8338.24
Birmingham,2025,407750,292000,Birmingham_407750_292000,1,1,0,1,0,0.0,-0.0,5900.0,5900.0,84.0
Birmingham,2025,407750,293250,Birmingham_407750_293250,1,0,0,0,1,,-0.0,6300.0,6300.0,60.9
Birmingham,2025,407750,293500,Birmingham_407750_293500,36,18,0,18,18,0.0,0.42584844923858145,494150.0,12500.0,5720.15
Birmingham,2025,407750,293750,Birmingham_407750_293750,22,12,0,12,10,0.0,0.5763820666248933,282300.0,12000.0,2425.59
Birmingham,2025,407750,294000,Birmingham_407750_294000,10,6,0,6,4,0.0,0.639031859650177,58050.0,5100.0,1125.33
Birmingham,2025,407750,294250,Birmingham_407750_294250,4,2,0,2,2,0.0,-0.0,18800.0,5025.0,221.60000000000002
Birmingham,2025,407750,294500,Birmingham_407750_294500,1,1,0,1,0,0.0,-0.0,7600.0,7600.0,85.4
Birmingham,2025,407750,294750,Birmingham_407750_294750,13,11,0,11,2,0.0,0.5402041423888608,189950.0,10750.0,2185.21
Birmingham,2025,407750,295000,Birmingham_407750_295000,36,7,0,7,29,0.0,0.33987883041406175,98650.0,5700.0,5279.41
Birmingham,2025,407750,295250,Birmingham_407750_295250,3,2,0,2,1,0.0,-0.0,15300.0,4550.0,139.66
Birmingham,2025,407750,295500,Birmingham_407750_295500,4,1,0,1,3,0.0,0.5623351446188083,21200.0,4850.0,218.51
Birmingham,2025,408000,279500,Birmingham_408000_279500,1,1,0,1,0,0.0,-0.0,382500.0,382500.0,2114.51
Birmingham,2025,408000,282000,Birmingham_408000_282000,3,2,0,2,1,0.0,-0.0,44500.0,13250.0,341.87
Birmingham,2025,408000,282250,Birmingham_408000_282250,1,0,0,0,1,,-0.0,8000.0,8000.0,55.2
Birmingham,2025,408000,283000,Birmingham_408000_283000,1,0,0,0,1,,-0.0,13500.0,13500.0,97.78
Birmingham,2025,408000,283500,Birmingham_408000_283500,2,2,0,2,0,0.0,-0.0,21300.0,10650.0,250.2
Birmingham,2025,408000,284000,Birmingham_408000_284000,6,2,0,2,4,0.0,0.45056120886630463,47000.0,7500.0,714.6099999999999
Birmingham,2025,408000,284250,Birmingham_408000_284250,4,2,0,2,2,0.0,-0.0,38900.0,7950.0,972.02
Birmingham,2025,408000,284500,Birmingham_408000_284500,3,3,0,3,0,0.0,-0.0,17300.0,6600.0,591.9
Birmingham,2025,408000,284750,Birmingham_408000_284750,2,0,0,0,2,,0.6931471805599453,23100.0,11550.0,302.41
Birmingham,2025,408000,285000,Birmingham_408000_285000,6,4,0,4,2,0.0,0.8675632284814612,65600.0,11250.0,1390.31
Birmingham,2025,408000,285250,Birmingham_408000_285250,3,1,0,1,2,0.0,0.6365141682948128,555300.0,260000.0,4587.530000000001
Birmingham,2025,408000,285500,Birmingham_408000_285500,2,1,0,1,1,0.0,-0.0,23200.0,11600.0,633.0799999999999
Birmingham,2025,408000,285750,Birmingham_408000_285750,8,2,0,2,6,0.0,0.6615632381579821,183650.0,25750.0,1609.08
Birmingham,2025,408000,286000,Birmingham_408000_286000,5,1,0,1,4,0.0,0.6730116670092565,32495.0,8200.0,215.53
Birmingham,2025,408000,286250,Birmingham_408000_286250,22,7,0,7,15,0.0,0.5763820666248933,349500.0,11000.0,1887.6599999999999
Birmingham,2025,408000,286500,Birmingham_408000_286500,7,0,0,0,7,,0.410116318288409,290500.0,34500.0,35.6
Birmingham,2025,408000,286750,Birmingham_408000_286750,1,1,0,1,0,0.0,-0.0,4300.0,4300.0,132.1
Birmingham,2025,408000,287250,Birmingham_408000_287250,2,0,0,0,2,,0.6931471805599453,54750.0,27375.0,404.46
Birmingham,2025,408000,287750,Birmingham_408000_287750,2,0,0,0,2,,0.6931471805599453,84000.0,84000.0,2474.8
Birmingham,2025,408000,288000,Birmingham_408000_288000,2,0,0,0,2,,-0.0,13200.0,6600.0,99.5
Birmingham,2025,408000,288500,Birmingham_408000_288500,2,0,0,0,2,,-0.0,20400.0,10200.0,346.14
Birmingham,2025,408000,288750,Birmingham_408000_288750,7,3,0,3,4,0.0,0.9556998911125343,261250.0,10000.0,4701.57
Birmingham,2025,408000,289000,Birmingham_408000_289000,6,2,0,2,4,0.0,1.0114042647073516,179600.0,10500.0,1693.35
Birmingham,2025,408000,289750,Birmingham_408000_289750,1,1,0,1,0,0.0,-0.0,27250.0,27250.0,584.2
Birmingham,2025,408000,290000,Birmingham_408000_290000,1,1,0,1,0,0.0,-0.0,7500.0,7500.0,50.3
Birmingham,2025,408000,290500,Birmingham_408000_290500,13,10,0,10,3,0.0,-0.0,75900.0,5500.0,885.8399999999999
Birmingham,2025,408000,290750,Birmingham_408000_290750,1,1,0,1,0,0.0,-0.0,6000.0,6000.0,
Birmingham,2025,408000,291750,Birmingham_408000_291750,1,0,0,0,1,,-0.0,8000.0,8000.0,
Birmingham,2025,408000,293250,Birmingham_408000_293250,16,10,0,10,6,0.0,0.2337916587064593,140650.0,8800.0,1679.5500000000002
Birmingham,2025,408000,293500,Birmingham_408000_293500,1,0,0,0,1,,-0.0,10500.0,10500.0,85.8
Birmingham,2025,408000,295000,Birmingham_408000_295000,21,11,0,11,10,0.0,0.3805062184775959,276650.0,10500.0,3239.639999999999
Birmingham,2025,408000,296000,Birmingham_408000_296000,7,5,0,5,2,0.0,-0.0,54600.0,8200.0,436.78000000000003
Birmingham,2025,408250,278500,Birmingham_408250_278500,7,2,0,2,5,0.0,-0.0,43300.0,5800.0,588.2
Birmingham,2025,408250,278750,Birmingham_408250_278750,4,4,0,4,0,0.0,-0.0,29150.0,7250.0,263.46000000000004
Birmingham,2025,408250,279500,Birmingham_408250_279500,1,0,0,0,1,,-0.0,22000.0,22000.0,368.75
Birmingham,2025,408250,280250,Birmingham_408250_280250,14,1,0,1,13,0.0,-0.0,85025.0,6300.0,1390.8999999999999
Birmingham,2025,408250,280500,Birmingham_408250_280500,10,1,0,1,9,0.0,0.3250829733914482,66650.0,5175.0,880.2299999999999
Birmingham,2025,408250,281500,Birmingham_408250_281500,1,1,0,1,0,0.0,-0.0,67000.0,67000.0,
Birmingham,2025,408250,283750,Birmingham_408250_283750,73,35,0,35,38,0.0,0.5079053640494121,816500.0,8900.0,7199.41
Birmingham,2025,408250,284000,Birmingham_408250_284000,15,3,0,3,12,0.0,0.6909233093138181,220900.0,13500.0,2823.24
Birmingham,2025,408250,284250,Birmingham_408250_284250,69,47,0,47,22,0.0,0.41380853183815924,928875.0,10750.0,7306.2
Birmingham,2025,408250,284500,Birmingham_408250_284500,16,6,0,6,10,0.0,0.6019239717322894,178700.0,7400.0,2513.5
Birmingham,2025,408250,284750,Birmingham_408250_284750,1,0,0,0,1,,-0.0,,,
Birmingham,2025,408250,285000,Birmingham_408250_285000,55,26,0,26,29,0.0,0.2606370995339223,461875.0,8800.0,3679.1
Birmingham,2025,408250,285250,Birmingham_408250_285250,66,34,1,35,31,0.02857142857142857,0.39658193959536103,462700.0,4450.0,4552.450000000001
Birmingham,2025,408250,285750,Birmingham_408250_285750,2,1,0,1,1,0.0,0.6931471805599453,32350.0,16175.0,515.0799999999999
Birmingham,2025,408250,286000,Birmingham_408250_286000,26,9,1,10,16,0.1,0.6441798059733927,503500.0,5400.0,9269.880000000001
Birmingham,2025,408250,286250,Birmingham_408250_286250,3,0,0,0,3,,0.6365141682948128,58000.0,29000.0,137.6
Birmingham,2025,408250,286500,Birmingham_408250_286500,7,1,1,2,5,0.5,0.9556998911125343,178250.0,26500.0,4337.04
Birmingham,2025,408250,286750,Birmingham_408250_286750,3,1,0,1,2,0.0,0.6365141682948128,836100.0,300000.0,6582.570000000001
Birmingham,2025,408250,287250,Birmingham_408250_287250,7,4,0,4,3,0.0,0.410116318288409,58225.0,10750.0,846.8900000000001
Birmingham,2025,408250,288250,Birmingham_408250_288250,6,4,0,4,2,0.0,0.8675632284814612,69400.0,7900.0,717.5299999999999
Birmingham,2025,408250,288500,Birmingham_408250_288500,3,0,0,0,3,,1.0986122886681096,28700.0,8400.0,325.7
Birmingham,2025,408250,288750,Birmingham_408250_288750,1,0,0,0,1,,-0.0,34500.0,34500.0,433.67
Birmingham,2025,408250,289000,Birmingham_408250_289000,3,1,0,1,2,0.0,0.6365141682948128,10450.0,4300.0,116.38999999999999
Birmingham,2025,408250,289750,Birmingham_408250_289750,1,0,0,0,1,,-0.0,32000.0,32000.0,
Birmingham,2025,408250,290250,Birmingham_408250_290250,5,3,0,3,2,0.0,0.6730116670092565,24125.0,5300.0,367.3
Birmingham,2025,408250,290750,Birmingham_408250_290750,3,1,0,1,2,0.0,0.6365141682948128,19450.0,5900.0,309.4
Birmingham,2025,408250,292750,Birmingham_408250_292750,7,4,0,4,3,0.0,0.410116318288409,184700.0,6600.0,1829.5800000000002
Birmingham,2025,408250,293250,Birmingham_408250_293250,21,12,1,13,8,0.07692307692307693,0.31449220128141064,199175.0,6000.0,2918.75
Birmingham,2025,408250,293750,Birmingham_408250_293750,11,4,0,4,7,0.0,0.30463609734923813,123375.0,6200.0,825.28
Birmingham,2025,408250,296000,Birmingham_408250_296000,3,2,0,2,1,0.0,-0.0,22700.0,7300.0,215.0
Birmingham,2025,408250,296250,Birmingham_408250_296250,3,1,0,1,2,0.0,1.0986122886681096,275550.0,134000.0,1213.0
Birmingham,2025,408500,280000,Birmingham_408500_280000,1,0,0,0,1,,-0.0,2850.0,2850.0,43.3
Birmingham,2025,408500,280250,Birmingham_408500_280250,4,3,0,3,1,0.0,0.5623351446188083,27400.0,6100.0,303.99
Birmingham,2025,408500,281250,Birmingham_408500_281250,1,1,0,1,0,0.0,-0.0,4100.0,4100.0,43.99
Birmingham,2025,408500,283750,Birmingham_408500_283750,18,7,0,7,11,0.0,0.2145591551764051,123375.0,7600.0,1352.44
Birmingham,2025,408500,284000,Birmingham_408500_284000,17,11,0,11,6,0.0,0.362210557135449,186175.0,8200.0,2539.78
Birmingham,2025,408500,284250,Birmingham_408500_284250,35,18,2,20,15,0.1,0.6236633064750114,393400.0,7600.0,5412.68
Birmingham,2025,408500,284500,Birmingham_408500_284500,30,19,1,20,10,0.05,0.7026180057670108,430175.0,8800.0,6894.219999999999
Birmingham,2025,408500,284750,Birmingham_408500_284750,6,3,0,3,3,0.0,1.0114042647073516,159000.0,16750.0,2244.3
Birmingham,2025,408500,285000,Birmingham_408500_285000,12,8,0,8,4,0.0,0.5660857389596289,127400.0,8600.0,891.23
Birmingham,2025,408500,285250,Birmingham_408500_285250,1,0,0,0,1,,-0.0,9000.0,9000.0,98.1
Birmingham,2025,408500,285500,Birmingham_408500_285500,1,0,0,0,1,,-0.0,51500.0,51500.0,3800.0
Birmingham,2025,408500,285750,Birmingham_408500_285750,10,5,0,5,5,0.0,-0.0,62050.0,4900.0,633.1
Birmingham,2025,408500,286000,Birmingham_408500_286000,1,0,0,0,1,,-0.0,120000.0,120000.0,481.19
Birmingham,2025,408500,286250,Birmingham_408500_286250,7,3,0,3,4,0.0,0.6829081047004717,177500.0,33125.0,1984.53
Birmingham,2025,408500,286500,Birmingham_408500_286500,1,1,0,1,0,0.0,-0.0,78000.0,78000.0,733.4
Birmingham,2025,408500,286750,Birmingham_408500_286750,7,3,0,3,4,0.0,1.0042424730540764,160800.0,9700.0,1111.26
Birmingham,2025,408500,287250,Birmingham_408500_287250,4,1,1,2,2,0.5,0.5623351446188083,35300.0,12500.0,761.63
Birmingham,2025,408500,287500,Birmingham_408500_287500,20,14,0,14,6,0.0,0.3250829733914482,179700.0,7550.0,2162.51
Birmingham,2025,408500,289000,Birmingham_408500_289000,3,1,0,1,2,0.0,-0.0,15850.0,2600.0,276.65000000000003
Birmingham,2025,408500,289250,Birmingham_408500_289250,6,2,1,3,3,0.3333333333333333,-0.0,64800.0,9250.0,633.54
Birmingham,2025,408500,289750,Birmingham_408500_289750,1,1,0,1,0,0.0,-0.0,56500.0,56500.0,
Birmingham,2025,408500,290250,Birmingham_408500_290250,9,6,0,6,3,0.0,0.34883209584303193,154425.0,10500.0,2047.4199999999998
Birmingham,2025,408500,290500,Birmingham_408500_290500,1,0,0,0,1,,-0.0,7000.0,7000.0,44.13
Birmingham,2025,408500,290750,Birmingham_408500_290750,4,1,1,2,2,0.5,-0.0,33150.0,8700.0,684.92
Birmingham,2025,408500,291500,Birmingham_408500_291500,6,2,0,2,4,0.0,-0.0,55850.0,5700.0,682.94
Birmingham,2025,408500,292500,Birmingham_408500_292500,1,1,0,1,0,0.0,-0.0,4000.0,4000.0,38.0
Birmingham,2025,408500,293000,Birmingham_408500_293000,20,8,0,8,12,0.0,0.7305880613711224,517550.0,11000.0,4423.860000000001
Birmingham,2025,408500,294250,Birmingham_408500_294250,1,0,0,0,1,,-0.0,7500.0,7500.0,52.0
Birmingham,2025,408500,294500,Birmingham_408500_294500,2,1,1,2,0,0.5,-0.0,12300.0,6150.0,114.69999999999999
Birmingham,2025,408500,294750,Birmingham_408500_294750,13,4,1,5,8,0.2,-0.0,69900.0,6400.0,1240.94
Birmingham,2025,408500,295500,Birmingham_408500_295500,4,3,0,3,1,0.0,-0.0,32200.0,6450.0,309.8
Birmingham,2025,408750,279250,Birmingham_408750_279250,1,0,0,0,1,,-0.0,8900.0,8900.0,92.09
Birmingham,2025,408750,279500,Birmingham_408750_279500,25,16,0,16,9,0.0,0.5296435025403523,412250.0,12000.0,3612.6200000000003
Birmingham,2025,408750,279750,Birmingham_408750_279750,1,0,0,0,1,,-0.0,21000.0,21000.0,394.67
Birmingham,2025,408750,280250,Birmingham_408750_280250,1,1,0,1,0,0.0,-0.0,10750.0,10750.0,132.0
Birmingham,2025,408750,280500,Birmingham_408750_280500,1,0,0,0,1,,-0.0,31000.0,31000.0,439.2
Birmingham,2025,408750,280750,Birmingham_408750_280750,10,7,0,7,3,0.0,-0.0,69575.0,6050.0,841.8
Birmingham,2025,408750,281000,Birmingham_408750_281000,12,8,1,9,3,0.1111111111111111,0.2868359830561607,105175.0,7150.0,1263.91
Birmingham,2025,408750,282250,Birmingham_408750_282250,2,1,0,1,1,0.0,0.6931471805599453,56000.0,28000.0,46.3
Birmingham,2025,408750,283000,Birmingham_408750_283000,2,2,0,2,0,0.0,-0.0,9750.0,4875.0,73.7
Birmingham,2025,408750,284000,Birmingham_408750_284000,7,1,2,3,4,0.6666666666666666,-0.0,56750.0,8700.0,468.33
Birmingham,2025,408750,284250,Birmingham_408750_284250,71,33,1,34,37,0.029411764705882353,0.380961549459493,791125.0,10375.0,7167.150000000001
Birmingham,2025,408750,284500,Birmingham_408750_284500,38,19,0,19,19,0.0,0.20619205063323187,399350.0,9900.0,3615.32
Birmingham,2025,408750,284750,Birmingham_408750_284750,1,0,0,0,1,,-0.0,32250.0,32250.0,95.9
Birmingham,2025,408750,285250,Birmingham_408750_285250,1,1,0,1,0,0.0,-0.0,4400.0,4400.0,29.58
Birmingham,2025,408750,285750,Birmingham_408750_285750,1,0,0,0,1,,-0.0,215000.0,215000.0,1314.65
Birmingham,2025,408750,286500,Birmingham_408750_286500,3,1,0,1,2,0.0,-0.0,22600.0,5800.0,198.9
Birmingham,2025,408750,286750,Birmingham_408750_286750,2,1,0,1,1,0.0,0.6931471805599453,6250.0,3125.0,65.1
Birmingham,2025,408750,287500,Birmingham_408750_287500,1,1,0,1,0,0.0,-0.0,335.0,335.0,4.5
Birmingham,2025,408750,287750,Birmingham_408750_287750,6,6,0,6,0,0.0,-0.0,43500.0,7200.0,378.28999999999996
Birmingham,2025,408750,288000,Birmingham_408750_288000,1,1,0,1,0,0.0,-0.0,2650.0,2650.0,30.52
Birmingham,2025,408750,288250,Birmingham_408750_288250,6,1,0,1,5,0.0,1.0114042647073516,85200.0,9800.0,954.0
Birmingham,2025,408750,288500,Birmingham_408750_288500,3,1,0,1,2,0.0,-0.0,23700.0,7200.0,226.58
Birmingham,2025,408750,288750,Birmingham_408750_288750,10,3,1,4,6,0.25,0.8018185525433372,96100.0,7500.0,1413.17
Birmingham,2025,408750,289500,Birmingham_408750_289500,7,6,0,6,1,0.0,0.6829081047004717,46350.0,5300.0,570.9
Birmingham,2025,408750,289750,Birmingham_408750_289750,1,1,0,1,0,0.0,-0.0,18250.0,18250.0,124.4
Birmingham,2025,408750,291500,Birmingham_408750_291500,5,3,0,3,2,0.0,-0.0,29750.0,5600.0,426.98
Birmingham,2025,408750,293500,Birmingham_408750_293500,13,8,0,8,5,0.0,0.5402041423888608,127600.0,8800.0,971.9499999999998
Birmingham,2025,408750,293750,Birmingham_408750_293750,2,0,0,0,2,,0.6931471805599453,145250.0,72625.0,722.2
Birmingham,2025,409000,279000,Birmingham_409000_279000,8,4,1,5,3,0.2,-0.0,48150.0,6450.0,492.3
Birmingham,2025,409000,279250,Birmingham_409000_279250,7,3,1,4,3,0.25,-0.0,95200.0,8300.0,1285.11
Birmingham,2025,409000,279500,Birmingham_409000_279500,1,0,0,0,1,,-0.0,26250.0,26250.0,141.1
Birmingham,2025,409000,283500,Birmingham_409000_283500,12,4,0,4,8,0.0,0.2868359830561607,61300.0,4925.0,753.5699999999999
Birmingham,2025,409000,283750,Birmingham_409000_283750,94,45,0,45,49,0.0,0.20547074980230556,843980.0,8800.0,5867.119999999999
Birmingham,2025,409000,284000,Birmingham_409000_284000,57,32,0,32,25,0.0,0.15200531083620292,980350.0,14000.0,6988.28
Birmingham,2025,409000,284250,Birmingham_409000_284250,30,14,0,14,16,0.0,0.1461447460085638,344875.0,10500.0,2526.8200000000006
Birmingham,2025,409000,284500,Birmingham_409000_284500,22,14,1,15,7,0.06666666666666667,0.47413931305783735,114950.0,5550.0,1207.3600000000001
Birmingham,2025,409000,284750,Birmingham_409000_284750,8,6,0,6,2,0.0,0.37677016125643675,59975.0,6800.0,842.9200000000001
Birmingham,2025,409000,285500,Birmingham_409000_285500,1,1,0,1,0,0.0,-0.0,9800.0,9800.0,57.7
Birmingham,2025,409000,285750,Birmingham_409000_285750,27,17,0,17,10,0.0,0.34883209584303193,109750.0,2550.0,673.1400000000001
Birmingham,2025,409000,286000,Birmingham_409000_286000,2,1,0,1,1,0.0,-0.0,102000.0,51000.0,2389.24
Birmingham,2025,409000,286250,Birmingham_409000_286250,12,4,0,4,8,0.0,0.8675632284814612,2034750.0,96500.0,22096.050000000003
Birmingham,2025,409000,286500,Birmingham_409000_286500,1,0,0,0,1,,-0.0,18250.0,18250.0,
Birmingham,2025,409000,287000,Birmingham_409000_287000,2,2,0,2,0,0.0,0.6931471805599453,8600.0,4300.0,156.5
Birmingham,2025,409000,288250,Birmingham_409000_288250,4,2,0,2,2,0.0,0.6931471805599453,21600.0,6800.0,450.15
Birmingham,2025,409000,288750,Birmingham_409000_288750,5,2,0,2,3,0.0,-0.0,59950.0,11750.0,440.64
Birmingham,2025,409000,289000,Birmingham_409000_289000,3,2,0,2,1,0.0,-0.0,24900.0,8600.0,331.43
Birmingham,2025,409000,289250,Birmingham_409000_289250,2,0,0,0,2,,-0.0,12000.0,12000.0,351.4
Birmingham,2025,409000,289500,Birmingham_409000_289500,7,3,0,3,4,0.0,0.410116318288409,50500.0,6100.0,1014.3399999999999
Birmingham,2025,409000,289750,Birmingham_409000_289750,4,1,0,1,3,0.0,0.5623351446188083,44550.0,9450.0,665.6199999999999
Birmingham,2025,409000,293000,Birmingham_409000_293000,14,3,1,4,10,0.25,-0.0,113850.0,6250.0,1308.4299999999998
Birmingham,2025,409000,293250,Birmingham_409000_293250,1,0,0,0,1,,-0.0,28750.0,28750.0,102.81
Birmingham,2025,409000,293750,Birmingham_409000_293750,7,4,0,4,3,0.0,0.410116318288409,76900.0,9100.0,613.77
Birmingham,2025,409000,294000,Birmingham_409000_294000,1,0,0,0,1,,-0.0,5700.0,5700.0,106.1
Birmingham,2025,409000,294500,Birmingham_409000_294500,1,0,0,0,1,,-0.0,7500.0,7500.0,
Birmingham,2025,409250,279500,Birmingham_409250_279500,3,1,0,1,2,0.0,-0.0,38900.0,10250.0,331.89
Birmingham,2025,409250,279750,Birmingham_409250_279750,2,1,0,1,1,0.0,-0.0,15300.0,7650.0,150.10000000000002
Birmingham,2025,409250,280250,Birmingham_409250_280250,2,1,0,1,1,0.0,-0.0,9350.0,4675.0,148.0
Birmingham,2025,409250,280500,Birmingham_409250_280500,6,5,0,5,1,0.0,-0.0,44600.0,6000.0,518.11
Birmingham,2025,409250,282250,Birmingham_409250_282250,1,1,0,1,0,0.0,-0.0,2100.0,2100.0,14.59
Birmingham,2025,409250,283000,Birmingham_409250_283000,6,3,0,3,3,0.0,-0.0,30400.0,5400.0,543.51
Birmingham,2025,409250,283250,Birmingham_409250_283250,6,1,0,1,5,0.0,-0.0,36550.0,4650.0,577.12
Birmingham,2025,409250,283500,Birmingham_409250_283500,8,3,0,3,5,0.0,-0.0,70550.0,9300.0,922.74
Birmingham,2025,409250,283750,Birmingham_409250_283750,28,19,1,20,8,0.05,-0.0,201070.0,5900.0,2202.5599999999995
Birmingham,2025,409250,284000,Birmingham_409250_284000,2,1,0,1,1,0.0,-0.0,11500.0,5750.0,181.01999999999998
Birmingham,2025,409250,284250,Birmingham_409250_284250,7,6,0,6,1,0.0,0.410116318288409,40650.0,3600.0,626.95
Birmingham,2025,409250,284500,Birmingham_409250_284500,5,5,0,5,0,0.0,-0.0,16350.0,3750.0,175.1
Birmingham,2025,409250,284750,Birmingham_409250_284750,14,6,0,6,8,0.0,-0.0,49675.0,2600.0,529.3599999999999
Birmingham,2025,409250,285000,Birmingham_409250_285000,4,1,0,1,3,0.0,0.5623351446188083,11425.0,1587.5,182.51
Birmingham,2025,409250,285250,Birmingham_409250_285250,1,0,0,0,1,,-0.0,30250.0,30250.0,100.96
Birmingham,2025,409250,285500,Birmingham_409250_285500,14,6,0,6,8,0.0,-0.0,104950.0,9950.0,2014.6100000000001
Birmingham,2025,409250,285750,Birmingham_409250_285750,192,122,3,125,67,0.024,0.3232053885687,1434680.0,4700.0,9989.56
Birmingham,2025,409250,286000,Birmingham_409250_286000,40,25,1,26,14,0.038461538461538464,0.9096718251130578,993500.0,16750.0,9122.09
Birmingham,2025,409250,286250,Birmingham_409250_286250,1,0,0,0,1,,-0.0,4400.0,4400.0,
Birmingham,2025,409250,286500,Birmingham_409250_286500,2,1,0,1,1,0.0,0.6931471805599453,34750.0,17375.0,836.51
Birmingham,2025,409250,287250,Birmingham_409250_287250,2,1,0,1,1,0.0,0.6931471805599453,21400.0,10700.0,265.08
Birmingham,2025,409250,287500,Birmingham_409250_287500,10,3,0,3,7,0.0,0.3250829733914482,18440.0,1737.5,549.39
Birmingham,2025,409250,288000,Birmingham_409250_288000,1,0,0,0,1,,-0.0,3200.0,3200.0,60.0
Birmingham,2025,409250,288750,Birmingham_409250_288750,6,4,0,4,2,0.0,-0.0,14800.0,2125.0,194.29999999999998
Birmingham,2025,409250,289000,Birmingham_409250_289000,1,0,0,0,1,,-0.0,19000.0,19000.0,520.2
Birmingham,2025,409250,289250,Birmingham_409250_289250,2,2,0,2,0,0.0,0.6931471805599453,11900.0,5950.0,139.71
Birmingham,2025,409250,289500,Birmingham_409250_289500,1,0,0,0,1,,-0.0,2700.0,2700.0,37.6
Birmingham,2025,409250,289750,Birmingham_409250_289750,4,1,0,1,3,0.0,-0.0,35300.0,8500.0,349.82
Birmingham,2025,409250,291250,Birmingham_409250_291250,1,0,1,1,0,1.0,-0.0,,,35.25
Birmingham,2025,409250,291750,Birmingham_409250_291750,4,0,0,0,4,,0.5623351446188083,78400.0,7750.0,247.2
Birmingham,2025,409250,292750,Birmingham_409250_292750,3,1,0,1,2,0.0,-0.0,17400.0,5800.0,149.15
Birmingham,2025,409250,293500,Birmingham_409250_293500,1,1,0,1,0,0.0,-0.0,13250.0,13250.0,117.86
Birmingham,2025,409250,294000,Birmingham_409250_294000,7,3,1,4,3,0.25,-0.0,76650.0,9200.0,466.8
Birmingham,2025,409250,294500,Birmingham_409250_294500,1,0,0,0,1,,-0.0,94500.0,94500.0,924.27
Birmingham,2025,409500,279500,Birmingham_409500_279500,2,1,0,1,1,0.0,-0.0,11900.0,5950.0,144.2
Birmingham,2025,409500,281000,Birmingham_409500_281000,10,6,0,6,4,0.0,-0.0,49750.0,4625.0,563.4399999999999
Birmingham,2025,409500,281500,Birmingham_409500_281500,2,1,0,1,1,0.0,-0.0,10500.0,5250.0,95.8
Birmingham,2025,409500,281750,Birmingham_409500_281750,2,2,0,2,0,0.0,-0.0,20600.0,10300.0,258.9
Birmingham,2025,409500,282750,Birmingham_409500_282750,24,13,0,13,11,0.0,0.4563344322932884,282100.0,7150.0,2663.51
Birmingham,2025,409500,283000,Birmingham_409500_283000,120,58,1,59,61,0.01694915254237288,0.3141230258900314,1982850.0,13250.0,14250.02
Birmingham,2025,409500,283250,Birmingham_409500_283250,66,29,1,30,36,0.03333333333333333,-0.0,479975.0,6400.0,4004.16
Birmingham,2025,409500,283500,Birmingham_409500_283500,1,1,0,1,0,0.0,-0.0,3650.0,3650.0,24.6
Birmingham,2025,409500,283750,Birmingham_409500_283750,1,0,0,0,1,,-0.0,15500.0,15500.0,62.97
Birmingham,2025,409500,284000,Birmingham_409500_284000,21,9,0,9,12,0.0,0.3805062184775959,332500.0,6100.0,4670.05
Birmingham,2025,409500,284250,Birmingham_409500_284250,2,1,0,1,1,0.0,-0.0,14600.0,7300.0,152.65
Birmingham,2025,409500,284500,Birmingham_409500_284500,9,6,0,6,3,0.0,0.34883209584303193,80400.0,6000.0,2302.65
Birmingham,2025,409500,285000,Birmingham_409500_285000,2,1,0,1,1,0.0,0.6931471805599453,18400.0,9200.0,165.79000000000002
Birmingham,2025,409500,285250,Birmingham_409500_285250,3,2,0,2,1,0.0,0.6365141682948128,32275.0,6900.0,831.9
Birmingham,2025,409500,285500,Birmingham_409500_285500,25,13,1,14,11,0.07142857142857142,0.167944147734173,245000.0,10875.0,2079.2599999999998
Birmingham,2025,409500,285750,Birmingham_409500_285750,67,45,1,46,21,0.021739130434782608,0.2113372209411319,902450.0,8550.0,6059.48
Birmingham,2025,409500,286000,Birmingham_409500_286000,3,3,0,3,0,0.0,-0.0,15575.0,3850.0,107.49
Birmingham,2025,409500,286250,Birmingham_409500_286250,1,1,0,1,0,0.0,-0.0,14250.0,14250.0,610.43
Birmingham,2025,409500,286500,Birmingham_409500_286500,1,0,0,0,1,,-0.0,3000.0,3000.0,44.7
Birmingham,2025,409500,287250,Birmingham_409500_287250,1,1,0,1,0,0.0,-0.0,14000.0,14000.0,311.52
Birmingham,2025,409500,287750,Birmingham_409500_287750,4,4,0,4,0,0.0,-0.0,59750.0,14625.0,324.08
Birmingham,2025,409500,288000,Birmingham_409500_288000,48,23,1,24,24,0.041666666666666664,0.5140966973399506,634450.0,11000.0,5963.38
Birmingham,2025,409500,288250,Birmingham_409500_288250,2,0,0,0,2,,-0.0,10600.0,5300.0,65.47
Birmingham,2025,409500,288500,Birmingham_409500_288500,1,1,0,1,0,0.0,-0.0,,,229.0
Birmingham,2025,409500,288750,Birmingham_409500_288750,1,1,0,1,0,0.0,-0.0,10750.0,10750.0,467.4
Birmingham,2025,409500,289000,Birmingham_409500_289000,1,0,0,0,1,,-0.0,10750.0,10750.0,642.0
Birmingham,2025,409500,289500,Birmingham_409500_289500,1,0,0,0,1,,-0.0,5700.0,5700.0,54.79
Birmingham,2025,409500,289750,Birmingham_409500_289750,1,0,0,0,1,,-0.0,25000.0,25000.0,742.42
Birmingham,2025,409500,290000,Birmingham_409500_290000,2,1,0,1,1,0.0,-0.0,10450.0,5225.0,178.1
Birmingham,2025,409500,290500,Birmingham_409500_290500,1,1,0,1,0,0.0,-0.0,5200.0,5200.0,90.9
Birmingham,2025,409500,290750,Birmingham_409500_290750,1,1,0,1,0,0.0,-0.0,2200.0,2200.0,34.2
Birmingham,2025,409500,291000,Birmingham_409500_291000,2,2,0,2,0,0.0,-0.0,7800.0,3900.0,107.2
Birmingham,2025,409500,291500,Birmingham_409500_291500,2,1,0,1,1,0.0,0.6931471805599453,32200.0,16100.0,376.90000000000003
Birmingham,2025,409500,291750,Birmingham_409500_291750,28,14,0,14,14,0.0,0.15407610367102942,272750.0,8600.0,2370.5699999999997
Birmingham,2025,409500,292000,Birmingham_409500_292000,1,0,0,0,1,,-0.0,6100.0,6100.0,83.8
Birmingham,2025,409500,292500,Birmingham_409500_292500,15,5,0,5,10,0.0,0.24493002679463532,112000.0,7700.0,1134.57
Birmingham,2025,409500,292750,Birmingham_409500_292750,2,1,0,1,1,0.0,-0.0,25600.0,12800.0,242.33
Birmingham,2025,409500,294250,Birmingham_409500_294250,16,4,0,4,12,0.0,0.2337916587064593,547300.0,17250.0,3692.9
Birmingham,2025,409500,294500,Birmingham_409500_294500,43,27,0,27,16,0.0,1.0745569610633976,2260250.0,9900.0,13294.49
Birmingham,2025,409500,294750,Birmingham_409500_294750,11,4,0,4,7,0.0,0.5859526183035508,2362250.0,61000.0,32149.17
Birmingham,2025,409500,295000,Birmingham_409500_295000,6,1,0,1,5,0.0,-0.0,46200.0,7800.0,551.6499999999999
Birmingham,2025,409750,279500,Birmingham_409750_279500,7,2,0,2,5,0.0,-0.0,39650.0,6000.0,379.15000000000003
Birmingham,2025,409750,280250,Birmingham_409750_280250,15,13,0,13,2,0.0,0.6277052571971504,100800.0,5600.0,946.79
Birmingham,2025,409750,281000,Birmingham_409750_281000,5,3,0,3,2,0.0,0.5004024235381879,24500.0,4250.0,235.42999999999998
Birmingham,2025,409750,281500,Birmingham_409750_281500,2,1,0,1,1,0.0,-0.0,11500.0,5750.0,155.3
Birmingham,2025,409750,281750,Birmingham_409750_281750,1,1,0,1,0,0.0,-0.0,6700.0,6700.0,50.5
Birmingham,2025,409750,282750,Birmingham_409750_282750,25,9,0,9,16,0.0,-0.0,292750.0,9400.0,3492.42
Birmingham,2025,409750,283250,Birmingham_409750_283250,4,2,1,3,1,0.3333333333333333,-0.0,34400.0,7950.0,297.35
Birmingham,2025,409750,284000,Birmingham_409750_284000,5,2,1,3,2,0.3333333333333333,0.9502705392332347,59150.0,10250.0,1687.11
Birmingham,2025,409750,284500,Birmingham_409750_284500,1,0,0,0,1,,-0.0,7700.0,7700.0,97.9
Birmingham,2025,409750,285250,Birmingham_409750_285250,2,1,0,1,1,0.0,-0.0,8750.0,4375.0,51.72
Birmingham,2025,409750,285500,Birmingham_409750_285500,66,26,1,27,39,0.037037037037037035,0.21383986136299446,1016825.0,13250.0,6566.34
Birmingham,2025,409750,285750,Birmingham_409750_285750,13,6,0,6,7,0.0,0.2711893730418441,81700.0,5500.0,936.2299999999999
Birmingham,2025,409750,286000,Birmingham_409750_286000,5,2,1,3,2,0.3333333333333333,0.5004024235381879,40550.0,7000.0,509.33000000000004
Birmingham,2025,409750,286250,Birmingham_409750_286250,2,2,0,2,0,0.0,0.6931471805599453,15200.0,7600.0,796.9
Birmingham,2025,409750,286500,Birmingham_409750_286500,40,21,0,21,19,0.0,0.49029326913593657,266500.0,6000.0,2898.06
Birmingham,2025,409750,286750,Birmingham_409750_286750,16,13,1,14,2,0.07142857142857142,0.2337916587064593,78095.0,4100.0,2116.8900000000003
Birmingham,2025,409750,287000,Birmingham_409750_287000,1,0,0,0,1,,-0.0,,,139.2
Birmingham,2025,409750,287250,Birmingham_409750_287250,6,4,0,4,2,0.0,-0.0,22500.0,2875.0,411.99999999999994
Birmingham,2025,409750,287500,Birmingham_409750_287500,2,2,0,2,0,0.0,-0.0,5950.0,2975.0,81.30000000000001
Birmingham,2025,409750,287750,Birmingham_409750_287750,2,0,0,0,2,,-0.0,27000.0,13500.0,85.00999999999999
Birmingham,2025,409750,288000,Birmingham_409750_288000,95,46,0,46,49,0.0,0.14018861839510885,1614150.0,14250.0,12902.33
Birmingham,2025,409750,288250,Birmingham_409750_288250,4,2,0,2,2,0.0,1.0397207708399179,100250.0,22625.0,599.1
Birmingham,2025,409750,288500,Birmingham_409750_288500,1,0,0,0,1,,-0.0,6000.0,6000.0,68.0
Birmingham,2025,409750,289250,Birmingham_409750_289250,22,5,0,5,17,0.0,0.6765259604934999,924050.0,42500.0,10073.129999999997
Birmingham,2025,409750,289500,Birmingham_409750_289500,3,2,0,2,1,0.0,1.0986122886681096,201750.0,36750.0,1240.1999999999998
Birmingham,2025,409750,290000,Birmingham_409750_290000,1,0,0,0,1,,-0.0,12250.0,12250.0,187.53
Birmingham,2025,409750,290500,Birmingham_409750_290500,11,6,0,6,5,0.0,0.30463609734923813,62600.0,6200.0,793.44
Birmingham,2025,409750,290750,Birmingham_409750_290750,32,15,2,17,15,0.11764705882352941,0.13906079845474112,148000.0,4775.0,1685.2
Birmingham,2025,409750,291000,Birmingham_409750_291000,32,19,2,21,11,0.09523809523809523,0.2337916587064593,202025.0,4825.0,3772.55
Birmingham,2025,409750,291250,Birmingham_409750_291250,3,2,0,2,1,0.0,-0.0,14300.0,5100.0,191.29999999999998
Birmingham,2025,409750,291750,Birmingham_409750_291750,11,2,0,2,9,0.0,-0.0,132050.0,6950.0,852.98
Birmingham,2025,409750,292000,Birmingham_409750_292000,4,4,0,4,0,0.0,-0.0,112200.0,10675.0,712.4300000000001
Birmingham,2025,409750,292500,Birmingham_409750_292500,4,4,0,4,0,0.0,-0.0,16175.0,2587.5,179.10999999999999
Birmingham,2025,409750,293250,Birmingham_409750_293250,1,1,0,1,0,0.0,-0.0,7600.0,7600.0,87.81
Birmingham,2025,409750,294250,Birmingham_409750_294250,10,5,0,5,5,0.0,0.639031859650177,701500.0,9200.0,5353.869999999999
Birmingham,2025,409750,294500,Birmingham_409750_294500,1,0,0,0,1,,-0.0,21750.0,21750.0,49.44
Birmingham,2025,410000,279250,Birmingham_410000_279250,3,3,0,3,0,0.0,-0.0,26450.0,9200.0,210.60000000000002
Birmingham,2025,410000,280500,Birmingham_410000_280500,1,0,0,0,1,,-0.0,6600.0,6600.0,72.4
Birmingham,2025,410000,280750,Birmingham_410000_280750,1,1,0,1,0,0.0,-0.0,12250.0,12250.0,152.55
Birmingham,2025,410000,282500,Birmingham_410000_282500,6,2,0,2,4,0.0,-0.0,36850.0,5700.0,315.14
Birmingham,2025,410000,282750,Birmingham_410000_282750,5,0,1,1,4,1.0,0.5004024235381879,18625.0,3550.0,130.28
Birmingham,2025,410000,283750,Birmingham_410000_283750,8,4,0,4,4,0.0,0.5623351446188083,86150.0,4875.0,937.78
Birmingham,2025,410000,284000,Birmingham_410000_284000,3,1,0,1,2,0.0,-0.0,26000.0,13000.0,664.8
Birmingham,2025,410000,285500,Birmingham_410000_285500,62,37,0,37,25,0.0,0.41422321384689104,894650.0,12500.0,5713.3099999999995
Birmingham,2025,410000,285750,Birmingham_410000_285750,2,2,0,2,0,0.0,-0.0,20450.0,10225.0,218.31
Birmingham,2025,410000,286000,Birmingham_410000_286000,33,23,0,23,10,0.0,0.2706407936167973,207550.0,5800.0,2584.0600000000004
Birmingham,2025,410000,286250,Birmingham_410000_286250,11,7,0,7,4,0.0,-0.0,59350.0,4950.0,791.3499999999999
Birmingham,2025,410000,286500,Birmingham_410000_286500,20,15,0,15,5,0.0,1.122372129066931,406000.0,7000.0,3437.9200000000005
Birmingham,2025,410000,286750,Birmingham_410000_286750,6,2,0,2,4,0.0,0.45056120886630463,34550.0,6000.0,617.87
Birmingham,2025,410000,287000,Birmingham_410000_287000,1,1,0,1,0,0.0,-0.0,4200.0,4200.0,72.06
Birmingham,2025,410000,287250,Birmingham_410000_287250,1,1,0,1,0,0.0,-0.0,1925.0,1925.0,15.5
Birmingham,2025,410000,287500,Birmingham_410000_287500,4,3,0,3,1,0.0,-0.0,17675.0,2825.0,155.37
Birmingham,2025,410000,287750,Birmingham_410000_287750,99,51,0,51,48,0.0,0.2252725069238836,1428550.0,12375.0,9693.05
Birmingham,2025,410000,288000,Birmingham_410000_288000,9,5,0,5,4,0.0,0.34883209584303193,139750.0,13500.0,2130.0600000000004
Birmingham,2025,410000,288250,Birmingham_410000_288250,3,1,0,1,2,0.0,-0.0,16250.0,4150.0,225.44
Birmingham,2025,410000,288500,Birmingham_410000_288500,27,22,0,22,5,0.0,0.3153962874226617,217250.0,6500.0,2669.6699999999996
Birmingham,2025,410000,289250,Birmingham_410000_289250,1,0,0,0,1,,-0.0,332500.0,332500.0,2556.5
Birmingham,2025,410000,289750,Birmingham_410000_289750,4,4,0,4,0,0.0,-0.0,6250.0,1700.0,113.60000000000001
Birmingham,2025,410000,291000,Birmingham_410000_291000,3,0,0,0,3,,-0.0,2075.0,2075.0,165.20000000000002
Birmingham,2025,410000,293000,Birmingham_410000_293000,1,1,0,1,0,0.0,-0.0,15750.0,15750.0,193.0
Birmingham,2025,410000,293250,Birmingham_410000_293250,3,1,0,1,2,0.0,-0.0,14900.0,4700.0,177.92000000000002
Birmingham,2025,410000,294000,Birmingham_410000_294000,1,1,0,1,0,0.0,-0.0,63000.0,63000.0,4133.01
Birmingham,2025,410250,279500,Birmingham_410250_279500,1,1,0,1,0,0.0,-0.0,31000.0,31000.0,293.56
Birmingham,2025,410250,279750,Birmingham_410250_279750,2,1,0,1,1,0.0,-0.0,4200.0,4200.0,92.4
Birmingham,2025,410250,280500,Birmingham_410250_280500,12,5,0,5,7,0.0,-0.0,137600.0,7600.0,1391.64
Birmingham,2025,410250,280750,Birmingham_410250_280750,14,8,0,8,6,0.0,-0.0,97625.0,6150.0,1004.8600000000001
Birmingham,2025,410250,282000,Birmingham_410250_282000,17,8,0,8,9,0.0,0.5783252866601273,551100.0,14000.0,4000.46
Birmingham,2025,410250,282250,Birmingham_410250_282250,48,22,0,22,26,0.0,0.6787856051972713,817950.0,14125.0,6156.45
Birmingham,2025,410250,282500,Birmingham_410250_282500,3,1,0,1,2,0.0,-0.0,14450.0,5100.0,115.94999999999999
Birmingham,2025,410250,282750,Birmingham_410250_282750,2,1,0,1,1,0.0,-0.0,12200.0,6100.0,180.08
Birmingham,2025,410250,283250,Birmingham_410250_283250,1,1,0,1,0,0.0,-0.0,7200.0,7200.0,57.39
Birmingham,2025,410250,283500,Birmingham_410250_283500,5,3,1,4,1,0.25,0.5004024235381879,106600.0,3650.0,474.02
Birmingham,2025,410250,283750,Birmingham_410250_283750,9,4,0,4,5,0.0,-0.0,42100.0,4725.0,663.72
Birmingham,2025,410250,284000,Birmingham_410250_284000,1,1,0,1,0,0.0,-0.0,2475.0,2475.0,13.1
Birmingham,2025,410250,284750,Birmingham_410250_284750,3,0,0,0,3,,0.6365141682948128,218300.0,2800.0,2353.2000000000003
Birmingham,2025,410250,285000,Birmingham_410250_285000,1,0,0,0,1,,-0.0,8700.0,8700.0,75.45
Birmingham,2025,410250,285250,Birmingham_410250_285250,26,9,2,11,15,0.18181818181818182,0.32450838693107065,358950.0,9725.0,2190.02
Birmingham,2025,410250,285500,Birmingham_410250_285500,3,0,0,0,3,,-0.0,36150.0,10000.0,224.26999999999998
Birmingham,2025,410250,286000,Birmingham_410250_286000,1,0,0,0,1,,-0.0,15500.0,15500.0,221.2
Birmingham,2025,410250,286250,Birmingham_410250_286250,18,12,0,12,6,0.0,-0.0,93875.0,4700.0,1164.1200000000001
Birmingham,2025,410250,286500,Birmingham_410250_286500,7,3,1,4,3,0.25,0.9556998911125343,400600.0,9300.0,3082.3900000000003
Birmingham,2025,410250,287000,Birmingham_410250_287000,4,3,0,3,1,0.0,-0.0,12700.0,2800.0,109.64999999999999
Birmingham,2025,410250,287250,Birmingham_410250_287250,9,3,1,4,5,0.25,0.34883209584303193,32425.0,2750.0,393.32000000000005
Birmingham,2025,410250,287500,Birmingham_410250_287500,4,4,0,4,0,0.0,0.5623351446188083,60850.0,9950.0,493.74
Birmingham,2025,410250,287750,Birmingham_410250_287750,91,47,1,48,43,0.020833333333333332,0.16589319843770653,837325.0,8550.0,5285.05
Birmingham,2025,410250,288000,Birmingham_410250_288000,5,3,0,3,2,0.0,-0.0,17425.0,2550.0,227.56
Birmingham,2025,410250,288500,Birmingham_410250_288500,1,0,0,0,1,,-0.0,427500.0,427500.0,4503.15
Birmingham,2025,410250,291500,Birmingham_410250_291500,3,2,0,2,1,0.0,-0.0,9725.0,3600.0,140.63
Birmingham,2025,410250,292250,Birmingham_410250_292250,1,0,0,0,1,,-0.0,2850.0,2850.0,39.2
Birmingham,2025,410250,293500,Birmingham_410250_293500,3,1,0,1,2,0.0,0.6365141682948128,22350.0,11175.0,406.11
Birmingham,2025,410250,293750,Birmingham_410250_293750,7,6,0,6,1,0.0,-0.0,35200.0,5000.0,433.49999999999994
Birmingham,2025,410250,294500,Birmingham_410250_294500,1,0,0,0,1,,-0.0,9400.0,9400.0,86.8
Birmingham,2025,410250,299000,Birmingham_410250_299000,15,13,0,13,2,0.0,0.24493002679463532,331300.0,13500.0,1460.42
Birmingham,2025,410250,300000,Birmingham_410250_300000,10,8,0,8,2,0.0,-0.0,91400.0,8900.0,786.9399999999999
Birmingham,2025,410250,300250,Birmingham_410250_300250,1,1,0,1,0,0.0,-0.0,57500.0,57500.0,313.5
Birmingham,2025,410500,279500,Birmingham_410500_279500,21,13,0,13,8,0.0,-0.0,185600.0,6900.0,2249.4199999999996
Birmingham,2025,410500,280500,Birmingham_410500_280500,1,1,0,1,0,0.0,-0.0,2175.0,2175.0,52.0
Birmingham,2025,410500,280750,Birmingham_410500_280750,2,1,0,1,1,0.0,-0.0,28225.0,14112.5,202.2
Birmingham,2025,410500,281250,Birmingham_410500_281250,5,2,0,2,3,0.0,-0.0,111500.0,12500.0,1092.9299999999998
Birmingham,2025,410500,281500,Birmingham_410500_281500,1,0,0,0,1,,-0.0,,,
Birmingham,2025,410500,281750,Birmingham_410500_281750,13,8,0,8,5,0.0,0.2711893730418441,145850.0,8000.0,1015.87
Birmingham,2025,410500,282000,Birmingham_410500_282000,7,2,0,2,5,0.0,0.410116318288409,133700.0,13000.0,817.52
Birmingham,2025,410500,282250,Birmingham_410500_282250,1,1,0,1,0,0.0,-0.0,2200.0,2200.0,54.4
Birmingham,2025,410500,282500,Birmingham_410500_282500,9,2,0,2,7,0.0,0.6837389058487535,151400.0,8575.0,1586.6299999999999
Birmingham,2025,410500,282750,Birmingham_410500_282750,3,2,0,2,1,0.0,-0.0,40800.0,12250.0,782.74
Birmingham,2025,410500,283000,Birmingham_410500_283000,1,0,0,0,1,,-0.0,9400.0,9400.0,231.44
Birmingham,2025,410500,283750,Birmingham_410500_283750,12,5,0,5,7,0.0,0.2868359830561607,111950.0,7000.0,1424.9299999999998
Birmingham,2025,410500,284750,Birmingham_410500_284750,1,0,0,0,1,,-0.0,645000.0,645000.0,8248.58
Birmingham,2025,410500,285250,Birmingham_410500_285250,10,7,0,7,3,0.0,-0.0,116050.0,11250.0,774.0
Birmingham,2025,410500,285750,Birmingham_410500_285750,2,2,0,2,0,0.0,-0.0,12050.0,6025.0,99.9
Birmingham,2025,410500,286000,Birmingham_410500_286000,2,2,0,2,0,0.0,-0.0,13500.0,6750.0,107.1
Birmingham,2025,410500,286250,Birmingham_410500_286250,17,5,1,6,11,0.16666666666666666,0.22371807606583377,158300.0,6100.0,2872.7999999999997
Birmingham,2025,410500,286500,Birmingham_410500_286500,31,17,1,18,13,0.05555555555555555,0.1425058673927378,215130.0,5500.0,1801.9400000000003
Birmingham,2025,410500,287000,Birmingham_410500_287000,1,1,0,1,0,0.0,-0.0,4850.0,4850.0,45.9
Birmingham,2025,410500,287500,Birmingham_410500_287500,2,2,0,2,0,0.0,-0.0,6075.0,3037.5,76.9
Birmingham,2025,410500,287750,Birmingham_410500_287750,19,14,0,14,5,0.0,-0.0,241950.0,12750.0,1609.05
Birmingham,2025,410500,288250,Birmingham_410500_288250,2,1,1,2,0,0.5,-0.0,15350.0,7675.0,188.12
Birmingham,2025,410500,288500,Birmingham_410500_288500,3,0,0,0,3,,-0.0,13400.0,4350.0,110.35
Birmingham,2025,410500,288750,Birmingham_410500_288750,1,1,0,1,0,0.0,-0.0,2900.0,2900.0,19.5
Birmingham,2025,410500,290000,Birmingham_410500_290000,6,4,0,4,2,0.0,-0.0,41975.0,5700.0,492.6400000000001
Birmingham,2025,410500,291000,Birmingham_410500_291000,2,2,0,2,0,0.0,-0.0,3900.0,1950.0,39.01
Birmingham,2025,410500,291250,Birmingham_410500_291250,14,9,0,9,5,0.0,0.509137344082687,208900.0,6000.0,1744.5500000000004
Birmingham,2025,410500,291500,Birmingham_410500_291500,47,17,0,17,30,0.0,0.5814356652329407,630850.0,10500.0,9283.719999999998
Birmingham,2025,410500,291750,Birmingham_410500_291750,4,3,0,3,1,0.0,-0.0,16950.0,3775.0,279.7
Birmingham,2025,410500,292000,Birmingham_410500_292000,5,3,0,3,2,0.0,-0.0,49050.0,4000.0,776.53
Birmingham,2025,410500,292250,Birmingham_410500_292250,4,1,0,1,3,0.0,0.5623351446188083,9725.0,2750.0,105.69999999999999
Birmingham,2025,410500,292500,Birmingham_410500_292500,1,0,0,0,1,,-0.0,5700.0,5700.0,74.4
Birmingham,2025,410500,293500,Birmingham_410500_293500,2,1,0,1,1,0.0,-0.0,19750.0,9875.0,531.22
Birmingham,2025,410500,294500,Birmingham_410500_294500,7,5,0,5,2,0.0,-0.0,54050.0,8000.0,499.49
Birmingham,2025,410500,295250,Birmingham_410500_295250,1,1,0,1,0,0.0,-0.0,250000.0,250000.0,
Birmingham,2025,410500,300500,Birmingham_410500_300500,1,1,0,1,0,0.0,-0.0,34500.0,34500.0,
Birmingham,2025,410750,279500,Birmingham_410750_279500,1,1,0,1,0,0.0,-0.0,65000.0,65000.0,
Birmingham,2025,410750,281000,Birmingham_410750_281000,43,22,1,23,20,0.043478260869565216,0.8337068538944646,1030950.0,8800.0,7986.0
Birmingham,2025,410750,282000,Birmingham_410750_282000,1,0,0,0,1,,-0.0,15000.0,15000.0,204.64
Birmingham,2025,410750,282500,Birmingham_410750_282500,5,2,0,2,3,0.0,-0.0,20900.0,4450.0,236.20000000000002
Birmingham,2025,410750,283000,Birmingham_410750_283000,6,3,0,3,3,0.0,0.8675632284814612,62250.0,6900.0,540.19
Birmingham,2025,410750,283750,Birmingham_410750_283750,11,9,1,10,1,0.1,-0.0,60400.0,6000.0,915.4000000000001
Birmingham,2025,410750,284250,Birmingham_410750_284250,4,1,0,1,3,0.0,-0.0,19075.0,3100.0,212.5
Birmingham,2025,410750,284500,Birmingham_410750_284500,25,11,0,11,14,0.0,0.44330669146808716,162375.0,5200.0,2512.96
Birmingham,2025,410750,285000,Birmingham_410750_285000,6,3,1,4,2,0.25,1.0114042647073516,594600.0,113750.0,3142.2499999999995
Birmingham,2025,410750,285250,Birmingham_410750_285250,2,2,0,2,0,0.0,0.6931471805599453,1490000.0,745000.0,9543.64
Birmingham,2025,410750,285500,Birmingham_410750_285500,1,0,0,0,1,,-0.0,10750.0,10750.0,99.3
Birmingham,2025,410750,285750,Birmingham_410750_285750,6,2,1,3,3,0.3333333333333333,-0.0,37800.0,6500.0,346.27
Birmingham,2025,410750,286000,Birmingham_410750_286000,1,1,0,1,0,0.0,-0.0,2850.0,2850.0,16.9
Birmingham,2025,410750,286250,Birmingham_410750_286250,35,25,0,25,10,0.0,0.3470668257548097,267150.0,6100.0,2932.77
Birmingham,2025,410750,286500,Birmingham_410750_286500,4,1,0,1,3,0.0,-0.0,12975.0,3250.0,66.6
Birmingham,2025,410750,286750,Birmingham_410750_286750,2,2,0,2,0,0.0,-0.0,20750.0,10375.0,173.75
Birmingham,2025,410750,287250,Birmingham_410750_287250,2,1,0,1,1,0.0,-0.0,19450.0,9725.0,93.7
Birmingham,2025,410750,287500,Birmingham_410750_287500,1,1,0,1,0,0.0,-0.0,3100.0,3100.0,35.6
Birmingham,2025,410750,287750,Birmingham_410750_287750,29,17,0,17,12,0.0,0.14999492361041503,278150.0,8350.0,1829.22
Birmingham,2025,410750,288000,Birmingham_410750_288000,1,1,0,1,0,0.0,-0.0,4800.0,4800.0,106.2
Birmingham,2025,410750,288500,Birmingham_410750_288500,8,6,0,6,2,0.0,0.37677016125643675,74700.0,7450.0,754.73
Birmingham,2025,410750,288750,Birmingham_410750_288750,1,1,0,1,0,0.0,-0.0,7900.0,7900.0,61.9
Birmingham,2025,410750,290000,Birmingham_410750_290000,4,2,1,3,1,0.3333333333333333,0.5623351446188083,79450.0,22500.0,2715.8
Birmingham,2025,410750,291000,Birmingham_410750_291000,1,1,0,1,0,0.0,-0.0,20750.0,20750.0,57.2
Birmingham,2025,410750,291250,Birmingham_410750_291250,8,2,0,2,6,0.0,0.37677016125643675,66250.0,7950.0,850.4200000000001
Birmingham,2025,410750,291500,Birmingham_410750_291500,80,33,2,35,45,0.05714285714285714,0.6082960567007135,1105600.0,10250.0,15364.41
Birmingham,2025,410750,291750,Birmingham_410750_291750,27,7,0,7,20,0.0,0.6551416497122078,334250.0,5200.0,2782.76
Birmingham,2025,410750,292000,Birmingham_410750_292000,29,15,0,15,14,0.0,0.2509548043576197,171775.0,5100.0,2126.59
Birmingham,2025,410750,292250,Birmingham_410750_292250,18,8,2,10,8,0.2,0.5566469035821068,129750.0,5400.0,1704.85
Birmingham,2025,410750,292500,Birmingham_410750_292500,20,11,0,11,9,0.0,0.1985152433458726,93775.0,3625.0,1410.6700000000003
Birmingham,2025,410750,292750,Birmingham_410750_292750,2,2,0,2,0,0.0,0.6931471805599453,230300.0,115150.0,7187.68
Birmingham,2025,410750,294000,Birmingham_410750_294000,1,0,0,0,1,,-0.0,10250.0,10250.0,156.77
Birmingham,2025,410750,294250,Birmingham_410750_294250,21,9,0,9,12,0.0,0.6680178186607535,355100.0,12125.0,2782.0099999999998
Birmingham,2025,410750,294500,Birmingham_410750_294500,69,24,0,24,45,0.0,0.5597946016081159,1101775.0,12750.0,7616.46
Birmingham,2025,410750,294750,Birmingham_410750_294750,3,0,0,0,3,,0.6365141682948128,36000.0,18000.0,745.5400000000001
Birmingham,2025,410750,297000,Birmingham_410750_297000,1,0,0,0,1,,-0.0,8000.0,8000.0,70.5
Birmingham,2025,410750,299250,Birmingham_410750_299250,2,1,0,1,1,0.0,-0.0,14400.0,7200.0,283.2
Birmingham,2025,410750,300500,Birmingham_410750_300500,3,1,0,1,2,0.0,-0.0,24700.0,8400.0,273.70000000000005
Birmingham,2025,411000,280250,Birmingham_411000_280250,1,1,0,1,0,0.0,-0.0,14000.0,14000.0,177.6
Birmingham,2025,411000,280500,Birmingham_411000_280500,1,1,0,1,0,0.0,-0.0,138000.0,138000.0,
Birmingham,2025,411000,281500,Birmingham_411000_281500,1,0,0,0,1,,-0.0,6600.0,6600.0,62.2
Birmingham,2025,411000,282250,Birmingham_411000_282250,9,5,0,5,4,0.0,0.34883209584303193,65350.0,5200.0,514.6
Birmingham,2025,411000,283000,Birmingham_411000_283000,7,3,0,3,4,0.0,0.7963116401738131,54875.0,5000.0,1396.6299999999999
Birmingham,2025,411000,283500,Birmingham_411000_283500,1,0,0,0,1,,-0.0,139000.0,139000.0,1913.42
Birmingham,2025,411000,283750,Birmingham_411000_283750,14,8,0,8,6,0.0,0.410116318288409,125150.0,5500.0,1506.85
Birmingham,2025,411000,284000,Birmingham_411000_284000,3,1,0,1,2,0.0,0.6365141682948128,9320.0,4660.0,209.52
Birmingham,2025,411000,284250,Birmingham_411000_284250,2,1,0,1,1,0.0,-0.0,10350.0,5175.0,108.6
Birmingham,2025,411000,284500,Birmingham_411000_284500,1,0,0,0,1,,-0.0,6200.0,6200.0,91.2
Birmingham,2025,411000,285000,Birmingham_411000_285000,25,11,0,11,14,0.0,0.44330669146808716,331150.0,10250.0,3172.87
Birmingham,2025,411000,285250,Birmingham_411000_285250,3,3,0,3,0,0.0,-0.0,22600.0,6300.0,142.9
Birmingham,2025,411000,286000,Birmingham_411000_286000,1,1,0,1,0,0.0,-0.0,10250.0,10250.0,75.8
Birmingham,2025,411000,286250,Birmingham_411000_286250,9,5,0,5,4,0.0,-0.0,78650.0,7500.0,749.6600000000001
Birmingham,2025,411000,286750,Birmingham_411000_286750,1,1,0,1,0,0.0,-0.0,8700.0,8700.0,74.9
Birmingham,2025,411000,287500,Birmingham_411000_287500,8,2,0,2,6,0.0,0.37677016125643675,69850.0,9850.0,560.45
Birmingham,2025,411000,288750,Birmingham_411000_288750,2,2,0,2,0,0.0,-0.0,9400.0,4700.0,116.7
Birmingham,2025,411000,290000,Birmingham_411000_290000,10,6,0,6,4,0.0,-0.0,97400.0,9000.0,1162.8200000000002
Birmingham,2025,411000,290750,Birmingham_411000_290750,3,2,0,2,1,0.0,1.0986122886681096,315300.0,7000.0,2001.2
Birmingham,2025,411000,291250,Birmingham_411000_291250,4,4,0,4,0,0.0,-0.0,18875.0,3875.0,329.4
Birmingham,2025,411000,291500,Birmingham_411000_291500,2,2,0,2,0,0.0,-0.0,4100.0,4100.0,121.9
Birmingham,2025,411000,291750,Birmingham_411000_291750,136,52,0,52,84,0.0,0.3138382044724868,1816978.0,4975.0,26027.140000000003
Birmingham,2025,411000,292000,Birmingham_411000_292000,50,24,1,25,25,0.04,0.4623797696243157,377575.0,6450.0,4916.110000000001
Birmingham,2025,411000,293000,Birmingham_411000_293000,2,1,0,1,1,0.0,0.6931471805599453,25500.0,12750.0,180.72
Birmingham,2025,411000,293250,Birmingham_411000_293250,17,8,0,8,9,0.0,0.4437572842601484,117625.0,5200.0,1689.0100000000002
Birmingham,2025,411000,294250,Birmingham_411000_294250,1,1,0,1,0,0.0,-0.0,5800.0,5800.0,109.8
Birmingham,2025,411000,294500,Birmingham_411000_294500,1,0,0,0,1,,-0.0,1250.0,1250.0,25.0
Birmingham,2025,411000,298750,Birmingham_411000_298750,5,2,0,2,3,0.0,0.5004024235381879,107540.0,3850.0,147.0
Birmingham,2025,411250,280250,Birmingham_411250_280250,46,19,1,20,26,0.05,0.282600106577289,635015.0,14125.0,4525.36
Birmingham,2025,411250,280500,Birmingham_411250_280500,12,8,0,8,4,0.0,-0.0,119850.0,11500.0,1110.41
Birmingham,2025,411250,281500,Birmingham_411250_281500,14,6,1,7,7,0.14285714285714285,0.25731864054383163,139050.0,7550.0,958.11
Birmingham,2025,411250,282500,Birmingham_411250_282500,11,5,0,5,6,0.0,-0.0,85600.0,7400.0,464.30000000000007
Birmingham,2025,411250,282750,Birmingham_411250_282750,49,23,1,24,25,0.041666666666666664,0.4265104867145486,642150.0,8750.0,5286.17
Birmingham,2025,411250,283250,Birmingham_411250_283250,1,1,0,1,0,0.0,-0.0,5400.0,5400.0,66.9
Birmingham,2025,411250,283750,Birmingham_411250_283750,6,1,0,1,5,0.0,1.0114042647073516,283350.0,12750.0,2146.5499999999997
Birmingham,2025,411250,284000,Birmingham_411250_284000,2,0,0,0,2,,-0.0,9400.0,9400.0,391.9
Birmingham,2025,411250,284750,Birmingham_411250_284750,1,1,0,1,0,0.0,-0.0,3950.0,3950.0,43.5
Birmingham,2025,411250,285000,Birmingham_411250_285000,20,9,0,9,11,0.0,0.1985152433458726,305200.0,11500.0,2778.6
Birmingham,2025,411250,286750,Birmingham_411250_286750,24,14,1,15,9,0.06666666666666667,0.623848004006291,256320.0,9200.0,2495.95
Birmingham,2025,411250,287500,Birmingham_411250_287500,22,12,0,12,10,0.0,-0.0,290750.0,10000.0,2910.83
Birmingham,2025,411250,287750,Birmingham_411250_287750,1,1,0,1,0,0.0,-0.0,5300.0,5300.0,52.8
Birmingham,2025,411250,288000,Birmingham_411250_288000,6,2,0,2,4,0.0,-0.0,29200.0,4625.0,190.61999999999998
Birmingham,2025,411250,288250,Birmingham_411250_288250,32,20,0,20,12,0.0,0.13906079845474112,351100.0,8900.0,3332.08
Birmingham,2025,411250,288500,Birmingham_411250_288500,4,3,1,4,0,0.25,-0.0,15500.0,4050.0,241.43
Birmingham,2025,411250,289000,Birmingham_411250_289000,2,2,0,2,0,0.0,-0.0,12050.0,6025.0,127.80000000000001
Birmingham,2025,411250,290000,Birmingham_411250_290000,1,1,0,1,0,0.0,-0.0,17000.0,17000.0,705.0
Birmingham,2025,411250,290250,Birmingham_411250_290250,6,3,0,3,3,0.0,1.0114042647073516,849950.0,24775.0,6006.200000000001
Birmingham,2025,411250,290500,Birmingham_411250_290500,7,4,0,4,3,0.0,0.410116318288409,35900.0,3750.0,459.31
Birmingham,2025,411250,291250,Birmingham_411250_291250,1,1,0,1,0,0.0,-0.0,7500.0,7500.0,80.6
Birmingham,2025,411250,291500,Birmingham_411250_291500,1,1,0,1,0,0.0,-0.0,5100.0,5100.0,188.09
Birmingham,2025,411250,291750,Birmingham_411250_291750,9,3,0,3,6,0.0,-0.0,44500.0,4650.0,666.7600000000001
Birmingham,2025,411250,292000,Birmingham_411250_292000,1,0,0,0,1,,-0.0,365000.0,365000.0,2275.0
Birmingham,2025,411250,292250,Birmingham_411250_292250,1,0,0,0,1,,-0.0,5000.0,5000.0,14.2
Birmingham,2025,411250,293000,Birmingham_411250_293000,7,4,0,4,3,0.0,-0.0,32575.0,3700.0,558.0
Birmingham,2025,411250,293250,Birmingham_411250_293250,1,0,0,0,1,,-0.0,8700.0,8700.0,145.06
Birmingham,2025,411250,293500,Birmingham_411250_293500,1,0,0,0,1,,-0.0,39750.0,39750.0,498.6
Birmingham,2025,411250,295000,Birmingham_411250_295000,1,1,0,1,0,0.0,-0.0,3600.0,3600.0,27.66
Birmingham,2025,411250,296250,Birmingham_411250_296250,3,2,0,2,1,0.0,0.6365141682948128,99600.0,6600.0,46.64
Birmingham,2025,411250,299250,Birmingham_411250_299250,4,0,1,1,3,1.0,0.6931471805599453,86350.0,13600.0,186.10000000000002
Birmingham,2025,411250,299500,Birmingham_411250_299500,1,1,0,1,0,0.0,-0.0,26250.0,26250.0,185.4
Birmingham,2025,411500,280500,Birmingham_411500_280500,4,2,0,2,2,0.0,-0.0,26250.0,7900.0,347.03999999999996
Birmingham,2025,411500,281750,Birmingham_411500_281750,4,4,0,4,0,0.0,-0.0,7525.0,1812.5,114.9
Birmingham,2025,411500,282000,Birmingham_411500_282000,3,2,0,2,1,0.0,-0.0,21900.0,5900.0,187.7
Birmingham,2025,411500,282500,Birmingham_411500_282500,3,2,0,2,1,0.0,-0.0,15800.0,5000.0,88.4
Birmingham,2025,411500,282750,Birmingham_411500_282750,1,0,0,0,1,,-0.0,35750.0,35750.0,436.19
Birmingham,2025,411500,283500,Birmingham_411500_283500,4,2,0,2,2,0.0,-0.0,35500.0,8850.0,384.83
Birmingham,2025,411500,284500,Birmingham_411500_284500,1,0,0,0,1,,-0.0,19000.0,19000.0,500.53
Birmingham,2025,411500,284750,Birmingham_411500_284750,3,1,0,1,2,0.0,-0.0,37000.0,11000.0,777.53
Birmingham,2025,411500,285000,Birmingham_411500_285000,20,9,0,9,11,0.0,0.5181862130502128,227050.0,8750.0,1815.6000000000001
Birmingham,2025,411500,285250,Birmingham_411500_285250,1,0,0,0,1,,-0.0,11750.0,11750.0,250.0
Birmingham,2025,411500,285750,Birmingham_411500_285750,14,7,0,7,7,0.0,0.25731864054383163,135950.0,8700.0,1693.52
Birmingham,2025,411500,287250,Birmingham_411500_287250,1,1,0,1,0,0.0,-0.0,7200.0,7200.0,234.22
Birmingham,2025,411500,287500,Birmingham_411500_287500,6,4,0,4,2,0.0,-0.0,22000.0,3925.0,123.58
Birmingham,2025,411500,287750,Birmingham_411500_287750,39,25,1,26,13,0.038461538461538464,0.5847161491443458,614575.0,9450.0,5598.29
Birmingham,2025,411500,288000,Birmingham_411500_288000,5,3,0,3,2,0.0,-0.0,42500.0,8800.0,257.34999999999997
Birmingham,2025,411500,288250,Birmingham_411500_288250,45,22,1,23,22,0.043478260869565216,0.21262682366313784,351925.0,7000.0,2726.1700000000005
Birmingham,2025,411500,288750,Birmingham_411500_288750,5,3,0,3,2,0.0,0.5004024235381879,33100.0,4400.0,363.80000000000007
Birmingham,2025,411500,289000,Birmingham_411500_289000,7,5,0,5,2,0.0,-0.0,36700.0,4600.0,426.92
Birmingham,2025,411500,289250,Birmingham_411500_289250,4,3,0,3,1,0.0,-0.0,12200.0,4100.0,298.24
Birmingham,2025,411500,289500,Birmingham_411500_289500,2,0,0,0,2,,-0.0,161000.0,80500.0,2559.39
Birmingham,2025,411500,290250,Birmingham_411500_290250,3,0,0,0,3,,1.0986122886681096,125200.0,6200.0,1114.82
Birmingham,2025,411500,290500,Birmingham_411500_290500,1,1,0,1,0,0.0,-0.0,8600.0,8600.0,99.1
Birmingham,2025,411500,292750,Birmingham_411500_292750,7,3,0,3,4,0.0,0.410116318288409,64450.0,9200.0,482.44000000000005
Birmingham,2025,411500,293000,Birmingham_411500_293000,1,0,0,0,1,,-0.0,8400.0,8400.0,144.3
Birmingham,2025,411500,293250,Birmingham_411500_293250,1,1,0,1,0,0.0,-0.0,3950.0,3950.0,93.7
Birmingham,2025,411500,295000,Birmingham_411500_295000,20,11,0,11,9,0.0,0.3250829733914482,329725.0,17000.0,1959.2999999999997
Birmingham,2025,411500,296000,Birmingham_411500_296000,1,1,0,1,0,0.0,-0.0,19750.0,19750.0,157.47
Birmingham,2025,411500,296250,Birmingham_411500_296250,1,1,0,1,0,0.0,-0.0,20500.0,20500.0,278.7
Birmingham,2025,411500,298250,Birmingham_411500_298250,6,4,0,4,2,0.0,0.45056120886630463,167700.0,11625.0,459.91
Birmingham,2025,411500,298500,Birmingham_411500_298500,40,15,1,16,24,0.0625,0.3141230258900314,1101250.0,21000.0,7020.16
Birmingham,2025,411500,298750,Birmingham_411500_298750,55,18,0,18,37,0.0,0.5845267231418056,1432525.0,15750.0,10809.24
Birmingham,2025,411500,299000,Birmingham_411500_299000,3,1,0,1,2,0.0,-0.0,26750.0,13375.0,335.17999999999995
Birmingham,2025,411750,281000,Birmingham_411750_281000,1,1,0,1,0,0.0,-0.0,,,
Birmingham,2025,411750,281250,Birmingham_411750_281250,19,9,3,12,7,0.25,0.20619205063323187,184850.0,5900.0,2072.95
Birmingham,2025,411750,281750,Birmingham_411750_281750,3,2,0,2,1,0.0,-0.0,9350.0,3000.0,100.8
Birmingham,2025,411750,282250,Birmingham_411750_282250,4,2,0,2,2,0.0,-0.0,21600.0,4750.0,211.83999999999997
Birmingham,2025,411750,282500,Birmingham_411750_282500,2,0,0,0,2,,-0.0,25000.0,12500.0,257.61
Birmingham,2025,411750,283000,Birmingham_411750_283000,12,4,0,4,8,0.0,0.5623351446188083,143050.0,12250.0,640.8299999999999
Birmingham,2025,411750,283250,Birmingham_411750_283250,9,5,0,5,4,0.0,0.6837389058487535,111700.0,10500.0,653.56
Birmingham,2025,411750,283750,Birmingham_411750_283750,3,3,0,3,0,0.0,-0.0,29525.0,5500.0,399.66999999999996
Birmingham,2025,411750,284250,Birmingham_411750_284250,3,3,0,3,0,0.0,-0.0,18050.0,4350.0,149.3
Birmingham,2025,411750,285000,Birmingham_411750_285000,12,5,0,5,7,0.0,0.8239592165010823,207600.0,9000.0,3518.3100000000004
Birmingham,2025,411750,286000,Birmingham_411750_286000,1,1,0,1,0,0.0,-0.0,6800.0,6800.0,66.4
Birmingham,2025,411750,286750,Birmingham_411750_286750,9,6,0,6,3,0.0,-0.0,76100.0,8000.0,689.6399999999999
Birmingham,2025,411750,287250,Birmingham_411750_287250,3,1,0,1,2,0.0,0.6365141682948128,21250.0,4400.0,300.5
Birmingham,2025,411750,287500,Birmingham_411750_287500,2,1,0,1,1,0.0,-0.0,12150.0,6075.0,163.05
Birmingham,2025,411750,288000,Birmingham_411750_288000,22,11,1,12,10,0.08333333333333333,0.30463609734923813,211900.0,8600.0,2588.85
Birmingham,2025,411750,288250,Birmingham_411750_288250,2,2,0,2,0,0.0,-0.0,13800.0,6900.0,150.39
Birmingham,2025,411750,288750,Birmingham_411750_288750,1,0,0,0,1,,-0.0,2950.0,2950.0,14.8
Birmingham,2025,411750,289000,Birmingham_411750_289000,3,3,0,3,0,0.0,-0.0,15600.0,5400.0,245.14
Birmingham,2025,411750,290250,Birmingham_411750_290250,27,3,0,3,24,0.0,-0.0,194650.0,8000.0,2742.12
Birmingham,2025,411750,291750,Birmingham_411750_291750,1,1,0,1,0,0.0,-0.0,6100.0,6100.0,111.25
Birmingham,2025,411750,292750,Birmingham_411750_292750,14,5,0,5,9,0.0,0.5982695885852573,263700.0,8450.0,1277.62
Birmingham,2025,411750,293000,Birmingham_411750_293000,62,23,1,24,38,0.041666666666666664,0.571128921000877,929425.0,12250.0,7219.299999999999
Birmingham,2025,411750,293250,Birmingham_411750_293250,20,7,0,7,13,0.0,0.39439769144744274,341250.0,14375.0,2840.73
Birmingham,2025,411750,294750,Birmingham_411750_294750,1,1,0,1,0,0.0,-0.0,111000.0,111000.0,
Birmingham,2025,411750,295250,Birmingham_411750_295250,12,5,0,5,7,0.0,1.1988493129136213,315000.0,16875.0,2942.9900000000002
Birmingham,2025,411750,295500,Birmingham_411750_295500,37,9,0,9,28,0.0,0.5220770639132397,576200.0,13875.0,4924.950000000001
Birmingham,2025,411750,295750,Birmingham_411750_295750,21,9,0,9,12,0.0,1.0063856698202596,1008500.0,30000.0,6719.17
Birmingham,2025,411750,296000,Birmingham_411750_296000,61,16,0,16,45,0.0,0.4715818601326642,3162500.0,36000.0,25816.07
Birmingham,2025,411750,296250,Birmingham_411750_296250,2,1,0,1,1,0.0,-0.0,12700.0,6350.0,99.8
Birmingham,2025,411750,297250,Birmingham_411750_297250,1,1,0,1,0,0.0,-0.0,100000.0,100000.0,
Birmingham,2025,411750,298250,Birmingham_411750_298250,1,0,0,0,1,,-0.0,29500.0,29500.0,24.7
Birmingham,2025,411750,298750,Birmingham_411750_298750,23,8,0,8,15,0.0,0.5235863374812598,1894825.0,13875.0,36563.22
Birmingham,2025,411750,299000,Birmingham_411750_299000,1,1,0,1,0,0.0,-0.0,4000.0,4000.0,
Birmingham,2025,412000,283000,Birmingham_412000_283000,51,24,1,25,26,0.04,0.6532093064595169,1823000.0,24250.0,14417.140000000001
Birmingham,2025,412000,283250,Birmingham_412000_283250,3,3,0,3,0,0.0,0.6365141682948128,26700.0,8300.0,480.88
Birmingham,2025,412000,284250,Birmingham_412000_284250,10,6,0,6,4,0.0,-0.0,49600.0,4275.0,682.3900000000001
Birmingham,2025,412000,284500,Birmingham_412000_284500,1,0,0,0,1,,-0.0,13000.0,13000.0,130.5
Birmingham,2025,412000,284750,Birmingham_412000_284750,4,2,0,2,2,0.0,1.0397207708399179,483450.0,19375.0,2853.83
Birmingham,2025,412000,286750,Birmingham_412000_286750,5,4,0,4,1,0.0,-0.0,42750.0,7800.0,297.13
Birmingham,2025,412000,287500,Birmingham_412000_287500,3,1,0,1,2,0.0,-0.0,4790.0,2395.0,249.78
Birmingham,2025,412000,287750,Birmingham_412000_287750,1,0,0,0,1,,-0.0,6000.0,6000.0,95.42
Birmingham,2025,412000,288000,Birmingham_412000_288000,3,2,0,2,1,0.0,0.6365141682948128,77300.0,10500.0,1033.69
Birmingham,2025,412000,288250,Birmingham_412000_288250,18,8,0,8,10,0.0,0.42584844923858145,195200.0,10500.0,1634.44
Birmingham,2025,412000,289500,Birmingham_412000_289500,1,1,0,1,0,0.0,-0.0,10750.0,10750.0,101.7
Birmingham,2025,412000,290000,Birmingham_412000_290000,46,18,1,19,27,0.05263157894736842,0.9899490539341391,5351750.0,61250.0,31060.510000000006
Birmingham,2025,412000,290500,Birmingham_412000_290500,5,1,0,1,4,0.0,0.5004024235381879,1130350.0,212000.0,11063.130000000001
Birmingham,2025,412000,291000,Birmingham_412000_291000,27,12,0,12,15,0.0,0.15841057013179086,187150.0,6900.0,2423.4999999999995
Birmingham,2025,412000,291250,Birmingham_412000_291250,3,1,0,1,2,0.0,-0.0,16575.0,6100.0,228.62
Birmingham,2025,412000,294500,Birmingham_412000_294500,1,1,0,1,0,0.0,-0.0,9300.0,9300.0,82.5
Birmingham,2025,412000,295500,Birmingham_412000_295500,9,5,0,5,4,0.0,0.34883209584303193,213950.0,9300.0,783.44
Birmingham,2025,412000,295750,Birmingham_412000_295750,61,20,0,20,41,0.0,0.4068000505296151,1574500.0,6800.0,8677.48
Birmingham,2025,412000,296000,Birmingham_412000_296000,49,20,0,20,29,0.0,0.8633121802582737,2230275.0,30875.0,29544.370000000003
Birmingham,2025,412000,296250,Birmingham_412000_296250,30,13,0,13,17,0.0,0.4676524865100599,535725.0,10250.0,2154.7999999999997
Birmingham,2025,412000,296500,Birmingham_412000_296500,8,5,1,6,2,0.16666666666666666,0.5623351446188083,145950.0,10250.0,680.8799999999999
Birmingham,2025,412000,298500,Birmingham_412000_298500,1,0,0,0,1,,-0.0,15000.0,15000.0,121.7
Birmingham,2025,412000,298750,Birmingham_412000_298750,4,4,0,4,0,0.0,-0.0,25750.0,6150.0,186.64
Birmingham,2025,412000,299250,Birmingham_412000_299250,4,3,0,3,1,0.0,-0.0,20100.0,4875.0,217.92000000000002
Birmingham,2025,412250,282000,Birmingham_412250_282000,1,1,0,1,0,0.0,-0.0,3150.0,3150.0,60.2
Birmingham,2025,412250,283000,Birmingham_412250_283000,60,24,0,24,36,0.0,0.3887343902209295,925350.0,14750.0,7942.11
Birmingham,2025,412250,283500,Birmingham_412250_283500,9,5,0,5,4,0.0,0.34883209584303193,51550.0,5750.0,487.15000000000003
Birmingham,2025,412250,283750,Birmingham_412250_283750,27,13,0,13,14,0.0,0.3153962874226617,173100.0,5800.0,2012.2700000000002
Birmingham,2025,412250,284000,Birmingham_412250_284000,10,3,1,4,6,0.25,-0.0,49750.0,5800.0,639.75
Birmingham,2025,412250,284250,Birmingham_412250_284250,2,2,0,2,0,0.0,-0.0,8800.0,4400.0,76.9
Birmingham,2025,412250,284500,Birmingham_412250_284500,2,2,0,2,0,0.0,0.6931471805599453,33000.0,16500.0,398.72
Birmingham,2025,412250,284750,Birmingham_412250_284750,7,4,0,4,3,0.0,0.410116318288409,198250.0,9800.0,1237.9900000000002
Birmingham,2025,412250,285250,Birmingham_412250_285250,6,4,0,4,2,0.0,-0.0,48350.0,5050.0,622.51
Birmingham,2025,412250,285500,Birmingham_412250_285500,1,1,0,1,0,0.0,-0.0,3650.0,3650.0,46.7
Birmingham,2025,412250,288250,Birmingham_412250_288250,71,34,1,35,36,0.02857142857142857,0.6562216029472454,2171150.0,13750.0,13965.659999999998
Birmingham,2025,412250,288500,Birmingham_412250_288500,1,0,0,0,1,,-0.0,2150.0,2150.0,27.03
Birmingham,2025,412250,289750,Birmingham_412250_289750,10,2,0,2,8,0.0,0.639031859650177,77050.0,5900.0,1527.7399999999998
Birmingham,2025,412250,290000,Birmingham_412250_290000,3,3,0,3,0,0.0,-0.0,933000.0,322500.0,7446.900000000001
Birmingham,2025,412250,290750,Birmingham_412250_290750,2,1,0,1,1,0.0,-0.0,48750.0,24375.0,673.24
Birmingham,2025,412250,291000,Birmingham_412250_291000,14,11,0,11,3,0.0,0.509137344082687,102150.0,6750.0,1248.06
Birmingham,2025,412250,295250,Birmingham_412250_295250,3,2,0,2,1,0.0,-0.0,15200.0,5600.0,230.91
Birmingham,2025,412250,296000,Birmingham_412250_296000,1,0,0,0,1,,-0.0,6300.0,6300.0,
Birmingham,2025,412250,296250,Birmingham_412250_296250,4,2,0,2,2,0.0,-0.0,28800.0,5150.0,212.60000000000002
Birmingham,2025,412250,298500,Birmingham_412250_298500,4,3,0,3,1,0.0,0.5623351446188083,56550.0,10875.0,182.2
Birmingham,2025,412250,298750,Birmingham_412250_298750,2,1,0,1,1,0.0,-0.0,10050.0,5025.0,102.9
Birmingham,2025,412500,282000,Birmingham_412500_282000,1,1,0,1,0,0.0,-0.0,3850.0,3850.0,34.2
Birmingham,2025,412500,282750,Birmingham_412500_282750,5,2,1,3,2,0.3333333333333333,0.6730116670092565,347450.0,24000.0,2578.9700000000003
Birmingham,2025,412500,283000,Birmingham_412500_283000,16,9,0,9,7,0.0,0.46341355882643,201925.0,13500.0,1719.77
Birmingham,2025,412500,283750,Birmingham_412500_283750,1,1,0,1,0,0.0,-0.0,2475.0,2475.0,36.6
Birmingham,2025,412500,284500,Birmingham_412500_284500,9,5,0,5,4,0.0,0.5297061990576545,88400.0,5400.0,889.1700000000001
Birmingham,2025,412500,284750,Birmingham_412500_284750,1,1,0,1,0,0.0,-0.0,,,
Birmingham,2025,412500,286500,Birmingham_412500_286500,10,6,0,6,4,0.0,0.3250829733914482,56550.0,5600.0,758.89
Birmingham,2025,412500,286750,Birmingham_412500_286750,6,2,0,2,4,0.0,-0.0,34875.0,5950.0,952.53
Birmingham,2025,412500,287500,Birmingham_412500_287500,1,0,0,0,1,,-0.0,4650.0,4650.0,89.6
Birmingham,2025,412500,288000,Birmingham_412500_288000,18,12,0,12,6,0.0,0.5566469035821068,396150.0,6800.0,3344.5699999999997
Birmingham,2025,412500,288250,Birmingham_412500_288250,7,2,0,2,5,0.0,0.5982695885852573,86850.0,14750.0,768.51
Birmingham,2025,412500,290000,Birmingham_412500_290000,8,1,0,1,7,0.0,0.37677016125643675,136000.0,18875.0,1578.27
Birmingham,2025,412500,290750,Birmingham_412500_290750,7,4,0,4,3,0.0,0.410116318288409,144600.0,10500.0,2010.97
Birmingham,2025,412500,291000,Birmingham_412500_291000,12,3,0,3,9,0.0,0.5660857389596289,129600.0,7850.0,1846.48
Birmingham,2025,412500,291750,Birmingham_412500_291750,2,1,0,1,1,0.0,-0.0,13850.0,6925.0,179.7
Birmingham,2025,412500,292250,Birmingham_412500_292250,1,1,0,1,0,0.0,-0.0,44500.0,44500.0,
Birmingham,2025,412500,292500,Birmingham_412500_292500,1,1,0,1,0,0.0,-0.0,4600.0,4600.0,40.7
Birmingham,2025,412500,293250,Birmingham_412500_293250,1,1,0,1,0,0.0,-0.0,12250.0,12250.0,115.0
Birmingham,2025,412500,295500,Birmingham_412500_295500,1,1,0,1,0,0.0,-0.0,5900.0,5900.0,33.6
Birmingham,2025,412500,295750,Birmingham_412500_295750,1,0,0,0,1,,-0.0,170000.0,170000.0,1365.9
Birmingham,2025,412500,296000,Birmingham_412500_296000,4,3,0,3,1,0.0,0.5623351446188083,33550.0,6250.0,487.5
Birmingham,2025,412750,282500,Birmingham_412750_282500,1,0,0,0,1,,-0.0,18000.0,18000.0,
Birmingham,2025,412750,282750,Birmingham_412750_282750,5,1,0,1,4,0.0,0.5004024235381879,83950.0,24250.0,1193.5800000000002
Birmingham,2025,412750,283000,Birmingham_412750_283000,1,0,0,0,1,,-0.0,4550.0,4550.0,73.6
Birmingham,2025,412750,283250,Birmingham_412750_283250,2,1,0,1,1,0.0,-0.0,6200.0,3100.0,92.6
Birmingham,2025,412750,283750,Birmingham_412750_283750,1,1,0,1,0,0.0,-0.0,1550.0,1550.0,12.4
Birmingham,2025,412750,284750,Birmingham_412750_284750,44,26,0,26,18,0.0,0.29230897264561323,2653150.0,15625.0,19135.58
Birmingham,2025,412750,285000,Birmingham_412750_285000,2,2,0,2,0,0.0,-0.0,8500.0,4250.0,65.1
Birmingham,2025,412750,285250,Birmingham_412750_285250,7,4,0,4,3,0.0,0.410116318288409,102400.0,13750.0,973.72
Birmingham,2025,412750,285500,Birmingham_412750_285500,24,6,0,6,18,0.0,0.5623351446188083,553900.0,14000.0,4743.29
Birmingham,2025,412750,286000,Birmingham_412750_286000,4,3,0,3,1,0.0,-0.0,16150.0,3425.0,252.5
Birmingham,2025,412750,286500,Birmingham_412750_286500,5,3,0,3,2,0.0,-0.0,28100.0,6200.0,393.22999999999996
Birmingham,2025,412750,286750,Birmingham_412750_286750,10,4,0,4,6,0.0,-0.0,34875.0,3325.0,690.4
Birmingham,2025,412750,287250,Birmingham_412750_287250,12,7,0,7,5,0.0,0.5660857389596289,99850.0,6400.0,1253.2699999999998
Birmingham,2025,412750,290500,Birmingham_412750_290500,1,0,0,0,1,,-0.0,2700.0,2700.0,9.0
Birmingham,2025,412750,291250,Birmingham_412750_291250,1,1,0,1,0,0.0,-0.0,19000.0,19000.0,57.95
Birmingham,2025,412750,291750,Birmingham_412750_291750,11,5,0,5,6,0.0,0.6001660731596457,86750.0,7100.0,1069.06
Birmingham,2025,412750,294250,Birmingham_412750_294250,1,0,0,0,1,,-0.0,8500.0,8500.0,122.5
Birmingham,2025,412750,295750,Birmingham_412750_295750,1,0,0,0,1,,-0.0,88500.0,88500.0,539.21
Birmingham,2025,412750,299750,Birmingham_412750_299750,1,1,0,1,0,0.0,-0.0,5200.0,5200.0,38.79
Birmingham,2025,413000,283000,Birmingham_413000_283000,2,0,0,0,2,,-0.0,22250.0,11125.0,328.26
Birmingham,2025,413000,283250,Birmingham_413000_283250,2,2,0,2,0,0.0,-0.0,57600.0,28800.0,410.66999999999996
Birmingham,2025,413000,283500,Birmingham_413000_283500,4,1,0,1,3,0.0,-0.0,22050.0,5025.0,180.53
Birmingham,2025,413000,283750,Birmingham_413000_283750,8,7,0,7,1,0.0,-0.0,37150.0,4825.0,432.46
Birmingham,2025,413000,284000,Birmingham_413000_284000,2,1,0,1,1,0.0,0.6931471805599453,60750.0,30375.0,134.4
Birmingham,2025,413000,284750,Birmingham_413000_284750,11,8,0,8,3,0.0,-0.0,99125.0,7750.0,2506.3
Birmingham,2025,413000,285000,Birmingham_413000_285000,2,2,0,2,0,0.0,-0.0,14500.0,7250.0,186.4
Birmingham,2025,413000,285250,Birmingham_413000_285250,14,6,0,6,8,0.0,0.509137344082687,212800.0,13625.0,1838.0
Birmingham,2025,413000,285500,Birmingham_413000_285500,40,23,0,23,17,0.0,0.34878038491802865,601300.0,12000.0,3956.13
Birmingham,2025,413000,285750,Birmingham_413000_285750,1,1,0,1,0,0.0,-0.0,4950.0,4950.0,48.75
Birmingham,2025,413000,286500,Birmingham_413000_286500,1,0,0,0,1,,-0.0,1275.0,1275.0,14.78
Birmingham,2025,413000,287000,Birmingham_413000_287000,14,8,0,8,6,0.0,0.6559757323365467,187750.0,6700.0,1369.62
Birmingham,2025,413000,287250,Birmingham_413000_287250,14,7,0,7,7,0.0,-0.0,113450.0,5150.0,2485.4799999999996
Birmingham,2025,413000,287500,Birmingham_413000_287500,19,12,1,13,6,0.07692307692307693,0.8569977547780645,1163925.0,11250.0,10155.150000000001
Birmingham,2025,413000,287750,Birmingham_413000_287750,6,4,0,4,2,0.0,0.45056120886630463,43650.0,8300.0,596.2
Birmingham,2025,413000,289500,Birmingham_413000_289500,3,2,0,2,1,0.0,-0.0,23800.0,6300.0,273.0
Birmingham,2025,413000,289750,Birmingham_413000_289750,2,1,0,1,1,0.0,-0.0,21800.0,10900.0,198.85
Birmingham,2025,413000,291000,Birmingham_413000_291000,4,4,0,4,0,0.0,-0.0,20350.0,5250.0,434.37
Birmingham,2025,413000,291500,Birmingham_413000_291500,2,1,0,1,1,0.0,-0.0,25000.0,12500.0,314.0
Birmingham,2025,413000,295750,Birmingham_413000_295750,5,3,0,3,2,0.0,-0.0,57225.0,4750.0,1138.92
Birmingham,2025,413000,296500,Birmingham_413000_296500,2,0,0,0,2,,0.6931471805599453,76500.0,38250.0,325.0
Birmingham,2025,413000,297500,Birmingham_413000_297500,1,0,0,0,1,,-0.0,29500.0,29500.0,33.7
Birmingham,2025,413000,298500,Birmingham_413000_298500,19,9,0,9,10,0.0,-0.0,166300.0,8000.0,1206.6
Birmingham,2025,413000,299000,Birmingham_413000_299000,2,1,0,1,1,0.0,0.6931471805599453,130000.0,65000.0,353.8
Birmingham,2025,413250,284750,Birmingham_413250_284750,3,2,0,2,1,0.0,-0.0,16850.0,6500.0,216.06
Birmingham,2025,413250,286000,Birmingham_413250_286000,1,1,0,1,0,0.0,-0.0,2075.0,2075.0,22.0
Birmingham,2025,413250,287500,Birmingham_413250_287500,2,2,0,2,0,0.0,-0.0,11875.0,5937.5,126.5
Birmingham,2025,413250,289000,Birmingham_413250_289000,8,4,0,4,4,0.0,0.37677016125643675,195050.0,6900.0,434.30999999999995
Birmingham,2025,413250,289250,Birmingham_413250_289250,4,2,0,2,2,0.0,-0.0,56650.0,9750.0,482.61
Birmingham,2025,413250,291000,Birmingham_413250_291000,17,9,0,9,8,0.0,0.362210557135449,2592600.0,103000.0,20662.55
Birmingham,2025,413250,291250,Birmingham_413250_291250,5,1,0,1,4,0.0,0.5004024235381879,788000.0,121000.0,5286.75
Birmingham,2025,413250,291500,Birmingham_413250_291500,10,5,0,5,5,0.0,-0.0,79600.0,7100.0,895.91
Birmingham,2025,413250,295750,Birmingham_413250_295750,8,5,0,5,3,0.0,0.37677016125643675,107100.0,7650.0,1357.4
Birmingham,2025,413250,297000,Birmingham_413250_297000,9,4,0,4,5,0.0,0.34883209584303193,215750.0,12250.0,874.96
Birmingham,2025,413500,284250,Birmingham_413500_284250,3,2,0,2,1,0.0,0.6365141682948128,82100.0,11750.0,1074.53
Birmingham,2025,413500,284500,Birmingham_413500_284500,19,7,0,7,12,0.0,0.6605788876520756,294100.0,10000.0,2442.4900000000002
Birmingham,2025,413500,286750,Birmingham_413500_286750,1,1,0,1,0,0.0,-0.0,34000.0,34000.0,
Birmingham,2025,413500,288500,Birmingham_413500_288500,7,3,1,4,3,0.25,0.410116318288409,65100.0,7200.0,606.28
Birmingham,2025,413500,288750,Birmingham_413500_288750,3,2,0,2,1,0.0,-0.0,33450.0,8500.0,389.17
Birmingham,2025,413500,289250,Birmingham_413500_289250,6,3,0,3,3,0.0,0.6365141682948128,54100.0,7850.0,682.42
Birmingham,2025,413500,290250,Birmingham_413500_290250,3,2,0,2,1,0.0,1.0986122886681096,864800.0,105000.0,14280.75
Birmingham,2025,413500,291250,Birmingham_413500_291250,6,3,0,3,3,0.0,0.6365141682948128,79150.0,18625.0,531.08
Birmingham,2025,413500,291750,Birmingham_413500_291750,4,2,1,3,1,0.3333333333333333,-0.0,19550.0,4425.0,159.27
Birmingham,2025,413500,292000,Birmingham_413500_292000,2,1,0,1,1,0.0,0.6931471805599453,37400.0,18700.0,469.3
Birmingham,2025,413500,292250,Birmingham_413500_292250,6,4,0,4,2,0.0,-0.0,79730.0,11000.0,600.6599999999999
Birmingham,2025,413500,292500,Birmingham_413500_292500,1,1,0,1,0,0.0,-0.0,6800.0,6800.0,96.29
Birmingham,2025,413500,293500,Birmingham_413500_293500,31,19,0,19,12,0.0,0.28393626675586414,510750.0,13750.0,2420.44
Birmingham,2025,413500,295500,Birmingham_413500_295500,2,0,0,0,2,,-0.0,49500.0,49500.0,
Birmingham,2025,413500,295750,Birmingham_413500_295750,3,2,0,2,1,0.0,-0.0,13000.0,4250.0,108.10000000000001
Birmingham,2025,413500,297000,Birmingham_413500_297000,1,1,0,1,0,0.0,-0.0,4900.0,4900.0,52.3
Birmingham,2025,413500,299000,Birmingham_413500_299000,2,0,0,0,2,,-0.0,29000.0,14500.0,648.31
Birmingham,2025,413750,284250,Birmingham_413750_284250,1,1,0,1,0,0.0,-0.0,26500.0,26500.0,101.55
Birmingham,2025,413750,285250,Birmingham_413750_285250,6,5,0,5,1,0.0,0.45056120886630463,35600.0,6200.0,402.94
Birmingham,2025,413750,286250,Birmingham_413750_286250,1,1,0,1,0,0.0,-0.0,8800.0,8800.0,68.5
Birmingham,2025,413750,287250,Birmingham_413750_287250,1,0,0,0,1,,-0.0,4200.0,4200.0,
Birmingham,2025,413750,288500,Birmingham_413750_288500,1,1,0,1,0,0.0,-0.0,55000.0,55000.0,
Birmingham,2025,413750,291000,Birmingham_413750_291000,14,9,0,9,5,0.0,0.8982053397041498,2633250.0,50000.0,17104.45
Birmingham,2025,413750,291500,Birmingham_413750_291500,2,1,0,1,1,0.0,0.6931471805599453,13730.0,6865.0,446.4
Birmingham,2025,413750,293250,Birmingham_413750_293250,1,1,0,1,0,0.0,-0.0,282500.0,282500.0,2725.2
Birmingham,2025,413750,293750,Birmingham_413750_293750,1,0,0,0,1,,-0.0,8100.0,8100.0,145.66
Birmingham,2025,413750,296500,Birmingham_413750_296500,2,1,0,1,1,0.0,-0.0,9800.0,4900.0,95.6
Birmingham,2025,414000,284000,Birmingham_414000_284000,2,2,0,2,0,0.0,0.6931471805599453,263500.0,131750.0,1994.24
Birmingham,2025,414000,284500,Birmingham_414000_284500,4,1,0,1,3,0.0,-0.0,20500.0,5250.0,212.8
Birmingham,2025,414000,284750,Birmingham_414000_284750,1,1,0,1,0,0.0,-0.0,55000.0,55000.0,
Birmingham,2025,414000,285250,Birmingham_414000_285250,4,2,1,3,1,0.3333333333333333,-0.0,19500.0,4625.0,207.75
Birmingham,2025,414000,285750,Birmingham_414000_285750,2,2,0,2,0,0.0,-0.0,30750.0,15375.0,353.70000000000005
Birmingham,2025,414000,286000,Birmingham_414000_286000,1,1,0,1,0,0.0,-0.0,7300.0,7300.0,80.71
Birmingham,2025,414000,286250,Birmingham_414000_286250,15,6,0,6,9,0.0,-0.0,83800.0,5300.0,819.1199999999999
Birmingham,2025,414000,287000,Birmingham_414000_287000,1,1,0,1,0,0.0,-0.0,12750.0,12750.0,750.0
Birmingham,2025,414000,287500,Birmingham_414000_287500,17,8,1,9,8,0.1111111111111111,0.22371807606583377,96850.0,5000.0,1506.76
Birmingham,2025,414000,287750,Birmingham_414000_287750,21,12,0,12,9,0.0,0.19144408195771734,220400.0,10500.0,2266.08
Birmingham,2025,414000,288000,Birmingham_414000_288000,1,0,0,0,1,,-0.0,29250.0,29250.0,2247.0
Birmingham,2025,414000,290250,Birmingham_414000_290250,1,0,0,0,1,,-0.0,3100.0,3100.0,18.9
Birmingham,2025,414000,290500,Birmingham_414000_290500,1,1,0,1,0,0.0,-0.0,8200.0,8200.0,59.5
Birmingham,2025,414000,291750,Birmingham_414000_291750,1,0,0,0,1,,-0.0,8000.0,8000.0,107.5
Birmingham,2025,414000,293500,Birmingham_414000_293500,3,0,0,0,3,,0.6365141682948128,41250.0,20625.0,322.3
Birmingham,2025,414000,296000,Birmingham_414000_296000,1,0,0,0,1,,-0.0,71000.0,71000.0,344.0
Birmingham,2025,414250,284000,Birmingham_414250_284000,14,5,1,6,8,0.16666666666666666,0.25731864054383163,497100.0,7650.0,4437.14
Birmingham,2025,414250,284500,Birmingham_414250_284500,1,0,0,0,1,,-0.0,13500.0,13500.0,
Birmingham,2025,414250,285500,Birmingham_414250_285500,11,5,0,5,6,0.0,0.47413931305783735,77450.0,6800.0,1024.4
Birmingham,2025,414250,286500,Birmingham_414250_286500,3,1,0,1,2,0.0,1.0986122886681096,133950.0,10000.0,1160.3799999999999
Birmingham,2025,414250,287000,Birmingham_414250_287000,3,2,0,2,1,0.0,-0.0,18500.0,4950.0,243.99999999999997
Birmingham,2025,414250,287500,Birmingham_414250_287500,2,0,0,0,2,,-0.0,10550.0,5275.0,130.97
Birmingham,2025,414250,288750,Birmingham_414250_288750,13,5,0,5,8,0.0,0.5359610497090694,114050.0,6900.0,1056.51
Birmingham,2025,414250,289000,Birmingham_414250_289000,2,0,0,0,2,,0.6931471805599453,47000.0,23500.0,365.72
Birmingham,2025,414250,290500,Birmingham_414250_290500,1,0,0,0,1,,-0.0,9100.0,9100.0,142.8
Birmingham,2025,414250,290750,Birmingham_414250_290750,4,3,0,3,1,0.0,-0.0,33100.0,6200.0,374.94
Birmingham,2025,414250,291000,Birmingham_414250_291000,1,0,0,0,1,,-0.0,6200.0,6200.0,95.4
Birmingham,2025,414250,291500,Birmingham_414250_291500,1,1,0,1,0,0.0,-0.0,8900.0,8900.0,108.8
Birmingham,2025,414250,292000,Birmingham_414250_292000,1,1,0,1,0,0.0,-0.0,2650.0,2650.0,34.8
Birmingham,2025,414250,294500,Birmingham_414250_294500,1,0,0,0,1,,-0.0,22000.0,22000.0,2988.77
Birmingham,2025,414250,296000,Birmingham_414250_296000,12,6,0,6,6,0.0,0.2868359830561607,65950.0,4475.0,941.1500000000001
Birmingham,2025,414500,283750,Birmingham_414500_283750,7,4,0,4,3,0.0,1.277034259466139,298250.0,40500.0,1972.27
Birmingham,2025,414500,285750,Birmingham_414500_285750,1,0,0,0,1,,-0.0,14250.0,14250.0,1433.9
Birmingham,2025,414500,291500,Birmingham_414500_291500,2,2,0,2,0,0.0,-0.0,19500.0,9750.0,130.78
Birmingham,2025,414500,292000,Birmingham_414500_292000,3,2,0,2,1,0.0,0.6365141682948128,155250.0,41750.0,1748.66
Birmingham,2025,414500,292250,Birmingham_414500_292250,8,7,1,8,0,0.125,0.37677016125643675,78985.0,3050.0,1671.9099999999999
Birmingham,2025,414500,292750,Birmingham_414500_292750,4,3,0,3,1,0.0,0.6931471805599453,1629450.0,152250.0,20563.52
Birmingham,2025,414500,295500,Birmingham_414500_295500,1,1,0,1,0,0.0,-0.0,20750.0,20750.0,188.0
Birmingham,2025,414500,295750,Birmingham_414500_295750,2,1,0,1,1,0.0,0.6931471805599453,17400.0,8700.0,52.2
Birmingham,2025,414750,283500,Birmingham_414750_283500,15,6,0,6,9,0.0,0.24493002679463532,388700.0,9700.0,3600.4900000000002
Birmingham,2025,414750,283750,Birmingham_414750_283750,38,16,0,16,22,0.0,0.40945861869508926,725325.0,17625.0,6569.51
Birmingham,2025,414750,284500,Birmingham_414750_284500,2,1,0,1,1,0.0,-0.0,15000.0,7500.0,183.02
Birmingham,2025,414750,284750,Birmingham_414750_284750,2,1,0,1,1,0.0,-0.0,45500.0,22750.0,428.78
Birmingham,2025,414750,285500,Birmingham_414750_285500,1,1,0,1,0,0.0,-0.0,10500.0,10500.0,121.74
Birmingham,2025,414750,285750,Birmingham_414750_285750,1,1,0,1,0,0.0,-0.0,92000.0,92000.0,798.24
Birmingham,2025,414750,286500,Birmingham_414750_286500,1,0,0,0,1,,-0.0,110000.0,110000.0,355.4
Birmingham,2025,414750,287250,Birmingham_414750_287250,3,1,1,2,1,0.5,-0.0,55000.0,22750.0,823.73
Birmingham,2025,414750,288250,Birmingham_414750_288250,1,0,0,0,1,,-0.0,,,
Birmingham,2025,414750,291250,Birmingham_414750_291250,9,4,0,4,5,0.0,-0.0,130500.0,10250.0,1026.41
Birmingham,2025,415000,283500,Birmingham_415000_283500,6,4,0,4,2,0.0,0.45056120886630463,1593000.0,28750.0,8580.300000000001
Birmingham,2025,415000,283750,Birmingham_415000_283750,47,16,0,16,31,0.0,0.5688299287902492,576700.0,11000.0,4799.9
Birmingham,2025,415000,284250,Birmingham_415000_284250,7,5,0,5,2,0.0,-0.0,36000.0,5600.0,427.4
Birmingham,2025,415000,285000,Birmingham_415000_285000,18,9,0,9,9,0.0,0.2145591551764051,137500.0,7700.0,1312.2499999999998
Birmingham,2025,415000,286250,Birmingham_415000_286250,7,2,0,2,5,0.0,0.410116318288409,48610.0,6700.0,491.1
Birmingham,2025,415000,286750,Birmingham_415000_286750,1,0,0,0,1,,-0.0,10750.0,10750.0,150.0
Birmingham,2025,415000,287000,Birmingham_415000_287000,12,8,0,8,4,0.0,0.2868359830561607,67750.0,5200.0,929.25
Birmingham,2025,415000,287250,Birmingham_415000_287250,24,10,0,10,14,0.0,-0.0,188400.0,6050.0,2850.9
Birmingham,2025,415000,288500,Birmingham_415000_288500,13,9,0,9,4,0.0,-0.0,260850.0,13000.0,1383.8000000000002
Birmingham,2025,415000,292500,Birmingham_415000_292500,1,0,0,0,1,,-0.0,70500.0,70500.0,168.0
Birmingham,2025,415000,292750,Birmingham_415000_292750,1,0,0,0,1,,-0.0,10000.0,10000.0,1.0
Birmingham,2025,415250,283500,Birmingham_415250_283500,7,2,0,2,5,0.0,-0.0,76400.0,10500.0,862.35
Birmingham,2025,415250,284250,Birmingham_415250_284250,1,1,0,1,0,0.0,-0.0,65000.0,65000.0,
Birmingham,2025,415250,285000,Birmingham_415250_285000,27,17,0,17,10,0.0,0.3153962874226617,261800.0,8800.0,2960.41
Birmingham,2025,415250,285250,Birmingham_415250_285250,7,3,0,3,4,0.0,-0.0,129250.0,14000.0,1151.24
Birmingham,2025,415250,286250,Birmingham_415250_286250,1,0,0,0,1,,-0.0,27750.0,27750.0,444.82
Birmingham,2025,415250,286750,Birmingham_415250_286750,1,1,0,1,0,0.0,-0.0,16000.0,16000.0,502.23
Birmingham,2025,415250,287000,Birmingham_415250_287000,1,0,0,0,1,,-0.0,11750.0,11750.0,290.7
Birmingham,2025,415250,289250,Birmingham_415250_289250,2,1,0,1,1,0.0,-0.0,23250.0,11625.0,144.7
Birmingham,2025,415250,291500,Birmingham_415250_291500,16,2,0,2,14,0.0,-0.0,53750.0,3600.0,614.5
Birmingham,2025,415250,292250,Birmingham_415250_292250,1,0,0,0,1,,-0.0,15500.0,15500.0,
Birmingham,2025,415500,283750,Birmingham_415500_283750,12,7,0,7,5,0.0,0.5623351446188083,151450.0,6600.0,1039.13
Birmingham,2025,415500,286000,Birmingham_415500_286000,1,0,0,0,1,,-0.0,13500.0,13500.0,388.0
Birmingham,2025,415500,286750,Birmingham_415500_286750,3,1,2,3,0,0.6666666666666666,0.6365141682948128,366800.0,10750.0,2549.54
Birmingham,2025,415500,287000,Birmingham_415500_287000,19,7,0,7,12,0.0,0.5366645624845252,149250.0,7400.0,2103.53
Birmingham,2025,415500,289000,Birmingham_415500_289000,1,0,0,0,1,,-0.0,3100.0,3100.0,
Birmingham,2025,415500,289250,Birmingham_415500_289250,25,7,0,7,18,0.0,0.6060252027357298,537250.0,16000.0,5931.18
Birmingham,2025,415500,292250,Birmingham_415500_292250,1,0,0,0,1,,-0.0,8200.0,8200.0,75.8
Birmingham,2025,415500,294500,Birmingham_415500_294500,2,1,0,1,1,0.0,-0.0,17200.0,8600.0,262.17
Birmingham,2025,415750,284250,Birmingham_415750_284250,4,1,0,1,3,0.0,-0.0,23600.0,5150.0,308.16999999999996
Birmingham,2025,415750,284500,Birmingham_415750_284500,1,1,0,1,0,0.0,-0.0,4850.0,4850.0,72.4
Birmingham,2025,415750,286750,Birmingham_415750_286750,1,1,0,1,0,0.0,-0.0,19250.0,19250.0,165.38
Birmingham,2025,415750,292000,Birmingham_415750_292000,1,1,0,1,0,0.0,-0.0,52000.0,52000.0,
Birmingham,2025,415750,292250,Birmingham_415750_292250,1,1,0,1,0,0.0,-0.0,3350.0,3350.0,102.8
Birmingham,2025,415750,292750,Birmingham_415750_292750,1,0,0,0,1,,-0.0,,,397.4
Birmingham,2025,416000,286000,Birmingham_416000_286000,6,4,0,4,2,0.0,0.8675632284814612,58200.0,7750.0,517.67
Birmingham,2025,416000,286500,Birmingham_416000_286500,1,1,0,1,0,0.0,-0.0,1850.0,1850.0,27.1
Birmingham,2025,416000,287250,Birmingham_416000_287250,1,1,0,1,0,0.0,-0.0,42000.0,42000.0,
Birmingham,2025,416000,288750,Birmingham_416000_288750,5,3,0,3,2,0.0,-0.0,47150.0,5300.0,521.07
Birmingham,2025,416000,289000,Birmingham_416000_289000,7,3,0,3,4,0.0,0.5982695885852573,892200.0,13000.0,10987.449999999999
Birmingham,2025,416000,292250,Birmingham_416000_292250,2,1,0,1,1,0.0,0.6931471805599453,65750.0,32875.0,217.0
Birmingham,2025,416250,286000,Birmingham_416250_286000,9,5,0,5,4,0.0,-0.0,71900.0,7500.0,698.8000000000001
Birmingham,2025,416250,286250,Birmingham_416250_286250,1,0,0,0,1,,-0.0,1400.0,1400.0,20.87
Birmingham,2025,416250,286750,Birmingham_416250_286750,10,4,0,4,6,0.0,-0.0,59700.0,6250.0,1025.97
Birmingham,2025,416250,287250,Birmingham_416250_287250,1,1,0,1,0,0.0,-0.0,41000.0,41000.0,
Birmingham,2025,416250,288000,Birmingham_416250_288000,1,0,1,1,0,1.0,-0.0,,,21.9
Birmingham,2025,416500,286000,Birmingham_416500_286000,5,2,0,2,3,0.0,0.5004024235381879,43250.0,5000.0,667.0699999999999
Liverpool,2016,333500,390500,Liverpool_333500_390500,1,0,0,0,1,,-0.0,,,73.3
Liverpool,2016,333500,390750,Liverpool_333500_390750,9,4,0,4,5,0.0,0.34883209584303193,112375.0,6300.0,1180.42
Liverpool,2016,333500,391000,Liverpool_333500_391000,3,0,0,0,3,,0.6365141682948128,292850.0,146425.0,2390.05
Liverpool,2016,333500,391500,Liverpool_333500_391500,6,1,0,1,5,0.0,0.45056120886630463,89000.0,10750.0,20856.52
Liverpool,2016,333500,391750,Liverpool_333500_391750,4,3,0,3,1,0.0,0.6931471805599453,38700.0,13750.0,1342.3899999999999
Liverpool,2016,333500,392000,Liverpool_333500_392000,3,0,2,2,1,1.0,-0.0,70000.0,35000.0,
Liverpool,2016,333500,392250,Liverpool_333500_392250,2,1,0,1,1,0.0,0.6931471805599453,4500.0,4500.0,833.03
Liverpool,2016,333500,392500,Liverpool_333500_392500,4,1,0,1,3,0.0,0.5623351446188083,95750.0,26500.0,3752.88
Liverpool,2016,333500,393000,Liverpool_333500_393000,1,0,0,0,1,,-0.0,1725.0,1725.0,75.33
Liverpool,2016,333500,394000,Liverpool_333500_394000,3,1,1,2,1,0.5,0.6365141682948128,19000.0,5900.0,1116.6599999999999
Liverpool,2016,333750,390000,Liverpool_333750_390000,16,8,1,9,7,0.1111111111111111,0.37677016125643675,212910.0,1412.5,3776.46
Liverpool,2016,333750,390250,Liverpool_333750_390250,85,49,1,50,35,0.02,0.06396171410398296,187400.0,1025.0,4311.92
Liverpool,2016,333750,390500,Liverpool_333750_390500,5,2,0,2,3,0.0,0.9502705392332347,84800.0,9800.0,1070.68
Liverpool,2016,333750,390750,Liverpool_333750_390750,8,4,0,4,4,0.0,0.5623351446188083,131450.0,17125.0,2449.1099999999997
Liverpool,2016,333750,391000,Liverpool_333750_391000,1,1,0,1,0,0.0,-0.0,166000.0,166000.0,1939.25
Liverpool,2016,333750,391500,Liverpool_333750_391500,9,2,0,2,7,0.0,0.6837389058487535,129750.0,4750.0,3152.3
Liverpool,2016,333750,391750,Liverpool_333750_391750,13,4,1,5,8,0.2,0.6172417697303416,65975.0,4000.0,3599.9700000000003
Liverpool,2016,333750,392250,Liverpool_333750_392250,5,1,0,1,4,0.0,0.5004024235381879,11050.0,3500.0,1921.26
Liverpool,2016,333750,392500,Liverpool_333750_392500,8,2,0,2,6,0.0,1.0397207708399179,219000.0,16625.0,8230.8
Liverpool,2016,333750,392750,Liverpool_333750_392750,2,1,0,1,1,0.0,0.6931471805599453,3975.0,1987.5,146.39999999999998
Liverpool,2016,333750,393000,Liverpool_333750_393000,4,3,0,3,1,0.0,1.0397207708399179,284850.0,36950.0,3352.12
Liverpool,2016,333750,393750,Liverpool_333750_393750,2,1,0,1,1,0.0,-0.0,9150.0,4575.0,182.71
Liverpool,2016,333750,394000,Liverpool_333750_394000,13,2,1,3,10,0.3333333333333333,0.5359610497090694,332075.0,7200.0,7658.280000000001
Liverpool,2016,334000,389500,Liverpool_334000_389500,40,3,4,7,33,0.5714285714285714,0.5004024235381879,948670.0,19000.0,8924.789999999999
Liverpool,2016,334000,389750,Liverpool_334000_389750,7,2,0,2,5,0.0,0.410116318288409,367250.0,97000.0,864.5
Liverpool,2016,334000,390000,Liverpool_334000_390000,12,1,0,1,11,0.0,0.6365141682948128,240150.0,23125.0,1177.79
Liverpool,2016,334000,390250,Liverpool_334000_390250,188,25,69,94,94,0.7340425531914894,0.6432820763907897,2519425.0,2750.0,27725.260000000002
Liverpool,2016,334000,390500,Liverpool_334000_390500,125,35,12,47,78,0.2553191489361702,0.3963165944880659,1053955.0,2550.0,13638.56
Liverpool,2016,334000,390750,Liverpool_334000_390750,17,4,0,4,13,0.0,0.6598720137848266,261405.0,14750.0,2779.54
Liverpool,2016,334000,391000,Liverpool_334000_391000,1,0,1,1,0,1.0,-0.0,0.0,0.0,734.39
Liverpool,2016,334000,391250,Liverpool_334000_391250,2,1,0,1,1,0.0,0.6931471805599453,88900.0,44450.0,1162.8300000000002
Liverpool,2016,334000,391500,Liverpool_334000_391500,2,1,0,1,1,0.0,0.6931471805599453,38250.0,19125.0,427.30000000000007
Liverpool,2016,334000,392500,Liverpool_334000_392500,3,2,0,2,1,0.0,-0.0,95250.0,47625.0,5351.7
Liverpool,2016,334000,393250,Liverpool_334000_393250,2,0,0,0,2,,0.6931471805599453,219000.0,109500.0,2355.1
Liverpool,2016,334000,393500,Liverpool_334000_393500,4,0,1,1,3,1.0,0.5623351446188083,18000.0,5500.0,459.41
Liverpool,2016,334000,393750,Liverpool_334000_393750,2,0,0,0,2,,-0.0,4050.0,4050.0,573.8299999999999
Liverpool,2016,334000,394000,Liverpool_334000_394000,7,1,0,1,6,0.0,-0.0,38350.0,6600.0,1305.02
Liverpool,2016,334250,389250,Liverpool_334250_389250,1,1,0,1,0,0.0,-0.0,49500.0,49500.0,405.9
Liverpool,2016,334250,389500,Liverpool_334250_389500,1,1,0,1,0,0.0,-0.0,14250.0,14250.0,
Liverpool,2016,334250,389750,Liverpool_334250_389750,6,2,0,2,4,0.0,0.6365141682948128,323800.0,28000.0,3994.76
Liverpool,2016,334250,390000,Liverpool_334250_390000,88,16,0,16,72,0.0,0.3715108191454922,19943800.0,204500.0,80736.67000000001
Liverpool,2016,334250,390250,Liverpool_334250_390250,182,42,17,59,123,0.288135593220339,0.7751981484881406,7105475.0,27625.0,31190.15
Liverpool,2016,334250,390500,Liverpool_334250_390500,119,27,21,48,71,0.4375,0.5958878225938529,1124005.0,5250.0,11653.539999999999
Liverpool,2016,334250,390750,Liverpool_334250_390750,22,3,0,3,19,0.0,0.7088329479943613,481900.0,12750.0,9780.54
Liverpool,2016,334250,391000,Liverpool_334250_391000,2,0,0,0,2,,-0.0,20800.0,10400.0,558.14
Liverpool,2016,334250,391250,Liverpool_334250_391250,12,4,0,4,8,0.0,1.0751393240053735,84100.0,6200.0,2471.58
Liverpool,2016,334250,391500,Liverpool_334250_391500,4,2,0,2,2,0.0,1.0397207708399179,7675.0,1837.5,255.75
Liverpool,2016,334250,391750,Liverpool_334250_391750,2,1,0,1,1,0.0,-0.0,1375.0,1375.0,
Liverpool,2016,334250,392000,Liverpool_334250_392000,2,0,0,0,2,,-0.0,3250.0,3250.0,218.9
Liverpool,2016,334250,392250,Liverpool_334250_392250,2,1,1,2,0,0.5,-0.0,28100.0,14050.0,1134.32
Liverpool,2016,334250,392500,Liverpool_334250_392500,1,0,0,0,1,,-0.0,2050.0,2050.0,75.1
Liverpool,2016,334250,393000,Liverpool_334250_393000,1,1,0,1,0,0.0,-0.0,3375.0,3375.0,
Liverpool,2016,334250,393750,Liverpool_334250_393750,13,5,0,5,8,0.0,0.5359610497090694,89200.0,4550.0,3620.9500000000007
Liverpool,2016,334250,394000,Liverpool_334250_394000,1,0,0,0,1,,-0.0,4100.0,4100.0,
Liverpool,2016,334500,388750,Liverpool_334500_388750,55,0,0,0,55,,0.09087612133300153,169475.0,1925.0,5668.099999999999
Liverpool,2016,334500,389000,Liverpool_334500_389000,5,1,0,1,4,0.0,0.5004024235381879,97975.0,48987.5,769.2
Liverpool,2016,334500,389250,Liverpool_334500_389250,10,3,0,3,7,0.0,0.6730116670092565,326100.0,23250.0,5834.9800000000005
Liverpool,2016,334500,389500,Liverpool_334500_389500,7,3,0,3,4,0.0,0.410116318288409,41300.0,9300.0,417.87000000000006
Liverpool,2016,334500,389750,Liverpool_334500_389750,34,5,0,5,29,0.0,0.6652042646399301,405000.0,10625.0,4797.460000000002
Liverpool,2016,334500,390000,Liverpool_334500_390000,172,39,3,42,130,0.07142857142857142,0.7133126372219375,19431495.0,94500.0,92813.06999999998
Liverpool,2016,334500,390250,Liverpool_334500_390250,199,38,18,56,143,0.32142857142857145,0.638677411835417,16966050.0,43500.0,139772.5
Liverpool,2016,334500,390500,Liverpool_334500_390500,52,8,1,9,43,0.1111111111111111,0.666278442414676,1053095.0,17750.0,7366.4
Liverpool,2016,334500,390750,Liverpool_334500_390750,10,0,0,0,10,,0.6931471805599453,89550.0,14125.0,545.5400000000001
Liverpool,2016,334500,391000,Liverpool_334500_391000,1,0,0,0,1,,-0.0,9200.0,9200.0,62.8
Liverpool,2016,334500,391500,Liverpool_334500_391500,1,0,0,0,1,,-0.0,,,165.55
Liverpool,2016,334500,392000,Liverpool_334500_392000,3,1,0,1,2,0.0,0.6365141682948128,14700.0,3700.0,222.0
Liverpool,2016,334500,392250,Liverpool_334500_392250,5,2,0,2,3,0.0,0.5004024235381879,12400.0,3075.0,391.82000000000005
Liverpool,2016,334500,393000,Liverpool_334500_393000,5,1,0,1,4,0.0,0.9502705392332347,13175.0,2425.0,344.41999999999996
Liverpool,2016,334500,393250,Liverpool_334500_393250,28,7,1,8,20,0.125,0.40869772507431423,62550.0,1937.5,3574.5
Liverpool,2016,334500,393500,Liverpool_334500_393500,5,2,1,3,2,0.3333333333333333,-0.0,9100.0,1825.0,225.22999999999996
Liverpool,2016,334500,394000,Liverpool_334500_394000,1,1,0,1,0,0.0,-0.0,1000.0,1000.0,20.1
Liverpool,2016,334750,388000,Liverpool_334750_388000,8,3,0,3,5,0.0,-0.0,113850.0,13000.0,2174.07
Liverpool,2016,334750,388250,Liverpool_334750_388250,4,0,0,0,4,,0.5623351446188083,20150.0,10075.0,1494.55
Liverpool,2016,334750,388750,Liverpool_334750_388750,7,1,1,2,5,0.5,0.5982695885852573,33200.0,6975.0,3004.7700000000004
Liverpool,2016,334750,389000,Liverpool_334750_389000,7,2,0,2,5,0.0,1.0042424730540764,91750.0,8800.0,3953.52
Liverpool,2016,334750,389250,Liverpool_334750_389250,26,4,0,4,22,0.0,-0.0,78100.0,4150.0,2649.71
Liverpool,2016,334750,389500,Liverpool_334750_389500,1,1,0,1,0,0.0,-0.0,55000.0,55000.0,1329.7
Liverpool,2016,334750,389750,Liverpool_334750_389750,58,10,1,11,47,0.09090909090909091,0.8136879532728944,961179.0,13500.0,7936.089999999999
Liverpool,2016,334750,390000,Liverpool_334750_390000,148,24,2,26,122,0.07692307692307693,0.8413661711639111,11399750.0,63750.0,63603.700000000004
Liverpool,2016,334750,390250,Liverpool_334750_390250,608,39,10,49,559,0.20408163265306123,0.3373810727093295,14250466.0,5600.0,163200.05
Liverpool,2016,334750,390500,Liverpool_334750_390500,18,5,0,5,13,0.0,0.6931471805599453,553500.0,31625.0,2048.0299999999997
Liverpool,2016,334750,390750,Liverpool_334750_390750,4,2,0,2,2,0.0,0.6931471805599453,18250.0,9125.0,600.62
Liverpool,2016,334750,391250,Liverpool_334750_391250,2,0,0,0,2,,-0.0,2725.0,1362.5,86.7
Liverpool,2016,334750,391500,Liverpool_334750_391500,1,0,0,0,1,,-0.0,5900.0,5900.0,57.27
Liverpool,2016,334750,391750,Liverpool_334750_391750,1,0,0,0,1,,-0.0,104000.0,104000.0,
Liverpool,2016,334750,392000,Liverpool_334750_392000,8,3,1,4,4,0.25,0.9002560512685369,26240.0,2075.0,624.0999999999999
Liverpool,2016,334750,392250,Liverpool_334750_392250,13,5,0,5,8,0.0,0.5359610497090694,17365.0,1337.5,2427.0299999999997
Liverpool,2016,334750,392500,Liverpool_334750_392500,1,0,0,0,1,,-0.0,3000.0,3000.0,
Liverpool,2016,334750,392750,Liverpool_334750_392750,5,0,0,0,5,,-0.0,,,634.1
Liverpool,2016,334750,393000,Liverpool_334750_393000,5,0,0,0,5,,-0.0,4525.0,2262.5,439.89
Liverpool,2016,334750,393250,Liverpool_334750_393250,3,0,0,0,3,,0.6365141682948128,2475.0,1237.5,75.5
Liverpool,2016,334750,393500,Liverpool_334750_393500,3,1,1,2,1,0.5,-0.0,2400.0,850.0,505.69999999999993
Liverpool,2016,334750,394000,Liverpool_334750_394000,1,0,1,1,0,1.0,-0.0,0.0,0.0,
Liverpool,2016,334750,394250,Liverpool_334750_394250,5,1,0,1,4,0.0,0.9502705392332347,13550.0,1300.0,430.44000000000005
Liverpool,2016,335000,387250,Liverpool_335000_387250,2,0,2,2,0,1.0,-0.0,12490.0,6245.0,79.2
Liverpool,2016,335000,387750,Liverpool_335000_387750,10,2,0,2,8,0.0,1.0549201679861442,438500.0,27750.0,6716.36
Liverpool,2016,335000,388500,Liverpool_335000_388500,6,1,0,1,5,0.0,-0.0,9400.0,2012.5,282.16999999999996
Liverpool,2016,335000,388750,Liverpool_335000_388750,8,2,0,2,6,0.0,0.9743147528693494,234350.0,7950.0,4294.08
Liverpool,2016,335000,389000,Liverpool_335000_389000,12,3,0,3,9,0.0,-0.0,28735.0,2337.5,1134.85
Liverpool,2016,335000,389500,Liverpool_335000_389500,31,13,4,17,14,0.23529411764705882,0.6884572217893625,294150.0,8200.0,5165.57
Liverpool,2016,335000,389750,Liverpool_335000_389750,96,26,1,27,69,0.037037037037037035,0.7062956292392523,2323700.0,21875.0,13078.060000000001
Liverpool,2016,335000,390000,Liverpool_335000_390000,126,34,5,39,87,0.1282051282051282,0.7662666260803248,2729400.0,19375.0,61280.09
Liverpool,2016,335000,390250,Liverpool_335000_390250,33,5,2,7,26,0.2857142857142857,0.5859526183035508,597801.0,20000.0,8552.63
Liverpool,2016,335000,390500,Liverpool_335000_390500,68,24,6,30,38,0.2,0.6192801981342502,1413745.0,8000.0,31256.72
Liverpool,2016,335000,390750,Liverpool_335000_390750,12,2,0,2,10,0.0,0.7214636866925115,78125.0,7500.0,1709.4899999999998
Liverpool,2016,335000,391000,Liverpool_335000_391000,3,2,0,2,1,0.0,0.6365141682948128,43250.0,21625.0,3328.7799999999997
Liverpool,2016,335000,391250,Liverpool_335000_391250,2,0,0,0,2,,0.6931471805599453,7700.0,7700.0,379.0
Liverpool,2016,335000,391500,Liverpool_335000_391500,3,0,0,0,3,,0.6365141682948128,42000.0,42000.0,4696.09
Liverpool,2016,335000,391750,Liverpool_335000_391750,7,2,0,2,5,0.0,0.410116318288409,30600.0,2050.0,1589.2000000000003
Liverpool,2016,335000,392000,Liverpool_335000_392000,29,0,0,0,29,,0.14999492361041503,,,3904.9300000000003
Liverpool,2016,335000,393000,Liverpool_335000_393000,15,1,0,1,14,0.0,0.48509409130221154,50950.0,4900.0,4015.6900000000005
Liverpool,2016,335000,393500,Liverpool_335000_393500,1,1,0,1,0,0.0,-0.0,4500.0,4500.0,
Liverpool,2016,335000,393750,Liverpool_335000_393750,1,1,0,1,0,0.0,-0.0,4500.0,4500.0,
Liverpool,2016,335000,394000,Liverpool_335000_394000,2,0,0,0,2,,0.6931471805599453,4250.0,4250.0,95.4
Liverpool,2016,335000,394250,Liverpool_335000_394250,11,6,1,7,4,0.14285714285714285,0.7595473914748635,68170.0,3400.0,2805.62
Liverpool,2016,335250,387250,Liverpool_335250_387250,1,1,0,1,0,0.0,-0.0,126000.0,126000.0,1389.53
Liverpool,2016,335250,387500,Liverpool_335250_387500,2,1,0,1,1,0.0,0.6931471805599453,83825.0,41912.5,872.77
Liverpool,2016,335250,387750,Liverpool_335250_387750,1,0,0,0,1,,-0.0,2950.0,2950.0,59.1
Liverpool,2016,335250,388250,Liverpool_335250_388250,1,1,0,1,0,0.0,-0.0,2400.0,2400.0,
Liverpool,2016,335250,388500,Liverpool_335250_388500,9,1,2,3,6,0.6666666666666666,-0.0,15500.0,2150.0,1468.34
Liverpool,2016,335250,388750,Liverpool_335250_388750,1,0,1,1,0,1.0,-0.0,0.0,0.0,403.1
Liverpool,2016,335250,389000,Liverpool_335250_389000,2,2,0,2,0,0.0,0.6931471805599453,16250.0,8125.0,366.01
Liverpool,2016,335250,389500,Liverpool_335250_389500,5,4,0,4,1,0.0,0.5004024235381879,65800.0,4400.0,570.0
Liverpool,2016,335250,389750,Liverpool_335250_389750,67,11,2,13,54,0.15384615384615385,0.7380405574041603,967550.0,13125.0,6683.830000000001
Liverpool,2016,335250,390000,Liverpool_335250_390000,27,6,0,6,21,0.0,0.6869615765973234,299750.0,6100.0,3036.41
Liverpool,2016,335250,390500,Liverpool_335250_390500,28,5,0,5,23,0.0,0.509137344082687,106475.0,5800.0,7133.74
Liverpool,2016,335250,390750,Liverpool_335250_390750,39,7,0,7,32,0.0,0.6421508590734746,505250.0,9100.0,15240.58
Liverpool,2016,335250,391250,Liverpool_335250_391250,7,0,1,1,6,1.0,0.410116318288409,16750.0,2212.5,707.78
Liverpool,2016,335250,391500,Liverpool_335250_391500,3,0,0,0,3,,0.6365141682948128,10300.0,5150.0,489.21999999999997
Liverpool,2016,335250,392000,Liverpool_335250_392000,1,1,0,1,0,0.0,-0.0,790.0,790.0,19.8
Liverpool,2016,335250,392500,Liverpool_335250_392500,1,0,0,0,1,,-0.0,,,130.9
Liverpool,2016,335250,392750,Liverpool_335250_392750,3,0,0,0,3,,0.6365141682948128,13825.0,4800.0,148.5
Liverpool,2016,335250,393000,Liverpool_335250_393000,2,0,0,0,2,,0.6931471805599453,9150.0,4575.0,67.75
Liverpool,2016,335250,393250,Liverpool_335250_393250,10,6,0,6,4,0.0,0.5004024235381879,40225.0,2925.0,933.5
Liverpool,2016,335250,393500,Liverpool_335250_393500,12,3,1,4,8,0.25,0.5623351446188083,75300.0,6100.0,1101.7
Liverpool,2016,335250,393750,Liverpool_335250_393750,34,11,1,12,22,0.08333333333333333,0.4175732119168012,238290.0,3750.0,4279.16
Liverpool,2016,335250,394000,Liverpool_335250_394000,6,2,0,2,4,0.0,0.45056120886630463,26065.0,1775.0,284.29999999999995
Liverpool,2016,335250,394250,Liverpool_335250_394250,10,2,0,2,8,0.0,0.3250829733914482,29150.0,2212.5,961.77
Liverpool,2016,335250,394750,Liverpool_335250_394750,1,1,0,1,0,0.0,-0.0,1300.0,1300.0,77.3
Liverpool,2016,335250,396500,Liverpool_335250_396500,1,0,0,0,1,,-0.0,4200.0,4200.0,16.2
Liverpool,2016,335500,387250,Liverpool_335500_387250,1,0,0,0,1,,-0.0,147000.0,147000.0,1686.77
Liverpool,2016,335500,387500,Liverpool_335500_387500,2,0,1,1,1,1.0,0.6931471805599453,600.0,300.0,32.61
Liverpool,2016,335500,387750,Liverpool_335500_387750,3,1,0,1,2,0.0,0.6365141682948128,7025.0,2325.0,113.62
Liverpool,2016,335500,388000,Liverpool_335500_388000,7,4,0,4,3,0.0,-0.0,8790.0,1025.0,277.59999999999997
Liverpool,2016,335500,388250,Liverpool_335500_388250,4,1,0,1,3,0.0,0.5623351446188083,13850.0,1462.5,228.6
Liverpool,2016,335500,388500,Liverpool_335500_388500,2,1,0,1,1,0.0,0.6931471805599453,1950.0,1950.0,57.2
Liverpool,2016,335500,389000,Liverpool_335500_389000,10,1,0,1,9,0.0,0.3250829733914482,54775.0,7100.0,729.8
Liverpool,2016,335500,389250,Liverpool_335500_389250,1,1,0,1,0,0.0,-0.0,2300.0,2300.0,41.7
Liverpool,2016,335500,389500,Liverpool_335500_389500,13,5,0,5,8,0.0,0.6172417697303416,172100.0,13025.0,2447.6299999999997
Liverpool,2016,335500,389750,Liverpool_335500_389750,21,4,0,4,17,0.0,0.5488743844849944,504650.0,33875.0,2352.7700000000004
Liverpool,2016,335500,390000,Liverpool_335500_390000,3,0,1,1,2,1.0,0.6365141682948128,25900.0,12950.0,262.3
Liverpool,2016,335500,390250,Liverpool_335500_390250,7,2,0,2,5,0.0,-0.0,141850.0,19500.0,1163.4
Liverpool,2016,335500,390500,Liverpool_335500_390500,26,5,0,5,21,0.0,0.5158361211027406,131105.0,4050.0,3392.3999999999996
Liverpool,2016,335500,390750,Liverpool_335500_390750,17,5,0,5,12,0.0,0.5783252866601273,196050.0,7950.0,8671.949999999999
Liverpool,2016,335500,391000,Liverpool_335500_391000,1,0,0,0,1,,-0.0,11750.0,11750.0,1675.79
Liverpool,2016,335500,391500,Liverpool_335500_391500,1,0,0,0,1,,-0.0,23500.0,23500.0,149.9
Liverpool,2016,335500,391750,Liverpool_335500_391750,4,1,0,1,3,0.0,1.0397207708399179,9250.0,9250.0,1537.5
Liverpool,2016,335500,392000,Liverpool_335500_392000,1,0,0,0,1,,-0.0,23000.0,23000.0,
Liverpool,2016,335500,392250,Liverpool_335500_392250,1,0,0,0,1,,-0.0,6475.0,6475.0,
Liverpool,2016,335500,392500,Liverpool_335500_392500,2,0,0,0,2,,-0.0,23230.0,11615.0,132.43
Liverpool,2016,335500,393000,Liverpool_335500_393000,1,1,0,1,0,0.0,-0.0,16150.0,16150.0,
Liverpool,2016,335500,393500,Liverpool_335500_393500,8,4,0,4,4,0.0,0.9743147528693494,303075.0,15600.0,2857.15
Liverpool,2016,335500,393750,Liverpool_335500_393750,50,18,5,23,27,0.21739130434782608,0.471032578690485,464750.0,8000.0,5645.29
Liverpool,2016,335500,394000,Liverpool_335500_394000,70,17,5,22,48,0.22727272727272727,0.3470668257548097,684550.0,8850.0,11681.71
Liverpool,2016,335500,394250,Liverpool_335500_394250,35,10,2,12,23,0.16666666666666666,0.6915424017606948,349900.0,4550.0,5377.87
Liverpool,2016,335500,394500,Liverpool_335500_394500,42,12,1,13,29,0.07692307692307693,0.11251593411963928,209550.0,4100.0,4565.46
Liverpool,2016,335500,394750,Liverpool_335500_394750,6,3,0,3,3,0.0,0.45056120886630463,21925.0,2125.0,354.5
Liverpool,2016,335500,395000,Liverpool_335500_395000,1,0,0,0,1,,-0.0,1325.0,1325.0,24.1
Liverpool,2016,335500,396500,Liverpool_335500_396500,27,10,1,11,16,0.09090909090909091,0.4195558923202333,94575.0,3100.0,1737.1
Liverpool,2016,335750,386750,Liverpool_335750_386750,2,0,0,0,2,,-0.0,134600.0,67300.0,940.9
Liverpool,2016,335750,387250,Liverpool_335750_387250,5,3,0,3,2,0.0,0.6730116670092565,17560.0,1325.0,121.0
Liverpool,2016,335750,387500,Liverpool_335750_387500,19,3,2,5,14,0.4,0.5366645624845252,26095.0,1500.0,970.0
Liverpool,2016,335750,387750,Liverpool_335750_387750,36,15,0,15,21,0.0,0.5660857389596289,2105700.0,4900.0,30356.589999999997
Liverpool,2016,335750,388000,Liverpool_335750_388000,25,2,1,3,22,0.3333333333333333,0.44330669146808716,278950.0,3350.0,7340.159999999999
Liverpool,2016,335750,388250,Liverpool_335750_388250,2,0,0,0,2,,0.6931471805599453,8820.0,8820.0,35.5
Liverpool,2016,335750,388500,Liverpool_335750_388500,18,5,0,5,13,0.0,-0.0,29120.0,1450.0,963.52
Liverpool,2016,335750,389000,Liverpool_335750_389000,5,1,1,2,3,0.5,0.6730116670092565,14575.0,2425.0,480.69
Liverpool,2016,335750,389250,Liverpool_335750_389250,1,1,0,1,0,0.0,-0.0,19500.0,19500.0,
Liverpool,2016,335750,389500,Liverpool_335750_389500,12,0,0,0,12,,0.45056120886630463,19000.0,19000.0,1575.4899999999998
Liverpool,2016,335750,389750,Liverpool_335750_389750,12,1,0,1,11,0.0,1.0114042647073516,202325.0,10500.0,1816.4699999999998
Liverpool,2016,335750,390000,Liverpool_335750_390000,5,1,0,1,4,0.0,1.0549201679861442,104400.0,19500.0,879.51
Liverpool,2016,335750,390250,Liverpool_335750_390250,12,1,1,2,10,0.5,0.2868359830561607,97450.0,22750.0,7204.54
Liverpool,2016,335750,390750,Liverpool_335750_390750,20,3,0,3,17,0.0,0.7999027794271169,167225.0,9825.0,2433.97
Liverpool,2016,335750,391000,Liverpool_335750_391000,1,0,0,0,1,,-0.0,111000.0,111000.0,931.4
Liverpool,2016,335750,391250,Liverpool_335750_391250,2,1,0,1,1,0.0,-0.0,16750.0,16750.0,98.08
Liverpool,2016,335750,392250,Liverpool_335750_392250,1,0,0,0,1,,-0.0,8300.0,8300.0,
Liverpool,2016,335750,392750,Liverpool_335750_392750,10,2,0,2,8,0.0,0.3250829733914482,12525.0,2100.0,624.7
Liverpool,2016,335750,393000,Liverpool_335750_393000,17,3,0,3,14,0.0,0.6779087256441981,49630.0,1800.0,1150.7
Liverpool,2016,335750,393250,Liverpool_335750_393250,1,0,0,0,1,,-0.0,24000.0,24000.0,604.0
Liverpool,2016,335750,393500,Liverpool_335750_393500,2,0,0,0,2,,0.6931471805599453,68750.0,34375.0,715.5
Liverpool,2016,335750,393750,Liverpool_335750_393750,7,1,1,2,5,0.5,0.410116318288409,20595.0,1020.0,211.70000000000002
Liverpool,2016,335750,394000,Liverpool_335750_394000,25,9,0,9,16,0.0,0.33422114621338295,65245.0,2150.0,1525.99
Liverpool,2016,335750,394250,Liverpool_335750_394250,5,1,0,1,4,0.0,-0.0,10230.0,1775.0,297.6
Liverpool,2016,335750,394500,Liverpool_335750_394500,51,10,4,14,37,0.2857142857142857,0.26116008596552864,291025.0,3300.0,5941.79
Liverpool,2016,335750,394750,Liverpool_335750_394750,11,5,0,5,6,0.0,0.30463609734923813,35175.0,2800.0,974.83
Liverpool,2016,335750,395000,Liverpool_335750_395000,21,4,0,4,17,0.0,0.8359373644898985,161075.0,6000.0,1963.9200000000003
Liverpool,2016,335750,395500,Liverpool_335750_395500,1,0,0,0,1,,-0.0,230000.0,230000.0,1740.63
Liverpool,2016,335750,396500,Liverpool_335750_396500,31,8,0,8,23,0.0,0.1425058673927378,87375.0,2825.0,1747.95
Liverpool,2016,335750,396750,Liverpool_335750_396750,9,2,0,2,7,0.0,0.6837389058487535,89775.0,3300.0,410.35
Liverpool,2016,336000,387500,Liverpool_336000_387500,1,0,0,0,1,,-0.0,,,48.6
Liverpool,2016,336000,387750,Liverpool_336000_387750,13,3,0,3,10,0.0,0.5359610497090694,34800.0,2525.0,828.4799999999999
Liverpool,2016,336000,388000,Liverpool_336000_388000,5,0,0,0,5,,0.5004024235381879,5750.0,1350.0,457.24
Liverpool,2016,336000,388250,Liverpool_336000_388250,23,7,0,7,16,0.0,0.2954391918721161,41530.0,1625.0,1178.09
Liverpool,2016,336000,389000,Liverpool_336000_389000,1,0,0,0,1,,-0.0,1325.0,1325.0,26.9
Liverpool,2016,336000,389250,Liverpool_336000_389250,2,1,0,1,1,0.0,-0.0,3450.0,1725.0,122.9
Liverpool,2016,336000,389750,Liverpool_336000_389750,3,1,0,1,2,0.0,-0.0,15800.0,4200.0,300.86
Liverpool,2016,336000,390000,Liverpool_336000_390000,1,1,0,1,0,0.0,-0.0,1850.0,1850.0,
Liverpool,2016,336000,390250,Liverpool_336000_390250,2,0,0,0,2,,-0.0,15400.0,7700.0,145.5
Liverpool,2016,336000,390750,Liverpool_336000_390750,15,1,0,1,14,0.0,0.24493002679463532,104350.0,6000.0,3659.1200000000003
Liverpool,2016,336000,391250,Liverpool_336000_391250,2,1,0,1,1,0.0,-0.0,28250.0,28250.0,948.6
Liverpool,2016,336000,392000,Liverpool_336000_392000,4,0,1,1,3,1.0,0.5623351446188083,13900.0,4250.0,344.31
Liverpool,2016,336000,392250,Liverpool_336000_392250,27,6,1,7,20,0.14285714285714285,0.4195558923202333,42675.0,2062.5,1560.73
Liverpool,2016,336000,392500,Liverpool_336000_392500,2,0,0,0,2,,-0.0,1900.0,1900.0,131.5
Liverpool,2016,336000,392750,Liverpool_336000_392750,10,1,1,2,8,0.5,0.6108643020548935,22380.0,2875.0,549.72
Liverpool,2016,336000,393000,Liverpool_336000_393000,22,4,2,6,16,0.3333333333333333,0.30463609734923813,37350.0,2012.5,1280.94
Liverpool,2016,336000,393750,Liverpool_336000_393750,2,1,0,1,1,0.0,0.6931471805599453,29850.0,14925.0,2688.4
Liverpool,2016,336000,394000,Liverpool_336000_394000,1,0,0,0,1,,-0.0,900.0,900.0,20.0
Liverpool,2016,336000,394250,Liverpool_336000_394250,1,0,0,0,1,,-0.0,1375.0,1375.0,25.3
Liverpool,2016,336000,394500,Liverpool_336000_394500,6,2,1,3,3,0.3333333333333333,0.6365141682948128,14575.0,2150.0,221.88
Liverpool,2016,336000,394750,Liverpool_336000_394750,1,0,0,0,1,,-0.0,0.0,0.0,630.42
Liverpool,2016,336000,395250,Liverpool_336000_395250,6,1,0,1,5,0.0,0.6365141682948128,2335500.0,28000.0,31442.53
Liverpool,2016,336000,395500,Liverpool_336000_395500,43,8,1,9,34,0.1111111111111111,0.41763147583118515,189350.0,4350.0,3238.71
Liverpool,2016,336000,395750,Liverpool_336000_395750,20,7,1,8,12,0.125,0.9433483923290391,192620.0,7350.0,5296.63
Liverpool,2016,336000,396000,Liverpool_336000_396000,2,0,0,0,2,,0.6931471805599453,77100.0,38550.0,365.2
Liverpool,2016,336000,396250,Liverpool_336000_396250,28,7,1,8,20,0.125,0.15407610367102942,157550.0,6200.0,2040.86
Liverpool,2016,336000,396500,Liverpool_336000_396500,19,10,0,10,9,0.0,-0.0,56350.0,3150.0,1027.9299999999998
Liverpool,2016,336000,396750,Liverpool_336000_396750,6,2,0,2,4,0.0,-0.0,8130.0,1500.0,648.64
Liverpool,2016,336000,397000,Liverpool_336000_397000,1,0,0,0,1,,-0.0,,,21.7
Liverpool,2016,336250,387250,Liverpool_336250_387250,5,4,0,4,1,0.0,-0.0,6450.0,1200.0,172.2
Liverpool,2016,336250,387500,Liverpool_336250_387500,1,1,0,1,0,0.0,-0.0,16250.0,16250.0,82.1
Liverpool,2016,336250,388000,Liverpool_336250_388000,1,1,0,1,0,0.0,-0.0,9850.0,9850.0,
Liverpool,2016,336250,388250,Liverpool_336250_388250,5,1,2,3,2,0.6666666666666666,-0.0,8680.0,1450.0,312.92999999999995
Liverpool,2016,336250,388750,Liverpool_336250_388750,10,3,0,3,7,0.0,0.3250829733914482,15825.0,1637.5,540.87
Liverpool,2016,336250,389000,Liverpool_336250_389000,24,6,0,6,18,0.0,-0.0,19700.0,1675.0,1439.4700000000003
Liverpool,2016,336250,390250,Liverpool_336250_390250,2,0,0,0,2,,-0.0,2000.0,2000.0,
Liverpool,2016,336250,390500,Liverpool_336250_390500,3,1,0,1,2,0.0,-0.0,1650.0,825.0,80.39999999999999
Liverpool,2016,336250,390750,Liverpool_336250_390750,18,5,1,6,12,0.16666666666666666,0.2145591551764051,25775.0,2175.0,1146.04
Liverpool,2016,336250,391000,Liverpool_336250_391000,3,1,1,2,1,0.5,-0.0,19300.0,6800.0,493.24
Liverpool,2016,336250,391250,Liverpool_336250_391250,2,0,0,0,2,,0.6931471805599453,10075.0,5037.5,301.4
Liverpool,2016,336250,391500,Liverpool_336250_391500,1,0,0,0,1,,-0.0,4400.0,4400.0,44.4
Liverpool,2016,336250,392000,Liverpool_336250_392000,68,29,2,31,37,0.06451612903225806,0.7670313045837412,1550325.0,6525.0,23654.38
Liverpool,2016,336250,392250,Liverpool_336250_392250,5,2,2,4,1,0.5,0.6730116670092565,15150.0,4025.0,160.03
Liverpool,2016,336250,392500,Liverpool_336250_392500,29,12,2,14,15,0.14285714285714285,0.3325942143118925,54375.0,1712.5,1706.2499999999998
Liverpool,2016,336250,392750,Liverpool_336250_392750,27,6,0,6,21,0.0,0.5718327393983101,165425.0,3800.0,1588.5600000000002
Liverpool,2016,336250,394250,Liverpool_336250_394250,2,1,0,1,1,0.0,0.6931471805599453,1500.0,1500.0,17.7
Liverpool,2016,336250,394500,Liverpool_336250_394500,29,7,1,8,21,0.125,0.3984405075837697,102000.0,3500.0,2165.0499999999997
Liverpool,2016,336250,395500,Liverpool_336250_395500,4,1,0,1,3,0.0,-0.0,3850.0,1925.0,139.94
Liverpool,2016,336250,395750,Liverpool_336250_395750,1,0,0,0,1,,-0.0,,,
Liverpool,2016,336250,396250,Liverpool_336250_396250,6,1,1,2,4,0.5,0.45056120886630463,38050.0,7200.0,842.07
Liverpool,2016,336250,396500,Liverpool_336250_396500,61,18,2,20,41,0.1,0.1960946596209072,921500.0,12375.0,7723.380000000001
Liverpool,2016,336250,396750,Liverpool_336250_396750,35,7,1,8,27,0.125,-0.0,532875.0,16000.0,5601.749999999999
Liverpool,2016,336500,387250,Liverpool_336500_387250,23,6,0,6,17,0.0,-0.0,79050.0,3350.0,1869.0599999999997
Liverpool,2016,336500,387500,Liverpool_336500_387500,4,2,0,2,2,0.0,0.5623351446188083,85400.0,42700.0,666.5
Liverpool,2016,336500,389000,Liverpool_336500_389000,1,0,0,0,1,,-0.0,1525.0,1525.0,37.3
Liverpool,2016,336500,389250,Liverpool_336500_389250,6,3,0,3,3,0.0,-0.0,26550.0,5950.0,488.81000000000006
Liverpool,2016,336500,390000,Liverpool_336500_390000,13,0,1,1,12,1.0,0.6870920273799715,250800.0,4150.0,19441.54
Liverpool,2016,336500,390250,Liverpool_336500_390250,25,4,2,6,19,0.3333333333333333,0.806816703850445,917725.0,4900.0,13533.94
Liverpool,2016,336500,390750,Liverpool_336500_390750,16,2,0,2,14,0.0,0.46341355882643,17750.0,2375.0,1393.6
Liverpool,2016,336500,391250,Liverpool_336500_391250,6,2,0,2,4,0.0,0.6931471805599453,8725.0,4362.5,315.76
Liverpool,2016,336500,391500,Liverpool_336500_391500,5,3,0,3,2,0.0,-0.0,48250.0,10250.0,1469.2099999999998
Liverpool,2016,336500,391750,Liverpool_336500_391750,1,0,0,0,1,,-0.0,,,209.2
Liverpool,2016,336500,392000,Liverpool_336500_392000,3,1,1,2,1,0.5,-0.0,9200.0,4600.0,483.58
Liverpool,2016,336500,392250,Liverpool_336500_392250,61,12,5,17,44,0.29411764705882354,0.33871278370949853,223625.0,3100.0,5337.449999999999
Liverpool,2016,336500,392500,Liverpool_336500_392500,2,1,0,1,1,0.0,-0.0,5525.0,2762.5,53.4
Liverpool,2016,336500,392750,Liverpool_336500_392750,9,4,0,4,5,0.0,0.34883209584303193,28675.0,3000.0,636.84
Liverpool,2016,336500,394250,Liverpool_336500_394250,7,0,1,1,6,1.0,0.410116318288409,83500.0,6000.0,1181.6000000000001
Liverpool,2016,336500,394500,Liverpool_336500_394500,2,0,0,0,2,,-0.0,2850.0,2850.0,59.0
Liverpool,2016,336500,395500,Liverpool_336500_395500,2,1,0,1,1,0.0,-0.0,1375.0,1375.0,60.3
Liverpool,2016,336500,396750,Liverpool_336500_396750,42,17,2,19,23,0.10526315789473684,0.6634002521106612,354250.0,6000.0,6638.120000000001
Liverpool,2016,336500,397000,Liverpool_336500_397000,2,0,0,0,2,,0.6931471805599453,10700.0,5350.0,497.1
Liverpool,2016,336500,397250,Liverpool_336500_397250,16,4,0,4,12,0.0,-0.0,52300.0,3350.0,1290.3600000000001
Liverpool,2016,336500,397500,Liverpool_336500_397500,20,3,0,3,17,0.0,0.42270908780599087,101725.0,3250.0,1406.4099999999999
Liverpool,2016,336750,387000,Liverpool_336750_387000,1,0,1,1,0,1.0,-0.0,9500.0,9500.0,
Liverpool,2016,336750,387250,Liverpool_336750_387250,39,16,0,16,23,0.0,0.20227300179743635,223950.0,5500.0,3006.7
Liverpool,2016,336750,388750,Liverpool_336750_388750,16,5,1,6,10,0.16666666666666666,0.2337916587064593,44550.0,2575.0,1139.48
Liverpool,2016,336750,389000,Liverpool_336750_389000,49,14,1,15,34,0.06666666666666667,0.32864378983167314,181550.0,2950.0,4031.7499999999995
Liverpool,2016,336750,389250,Liverpool_336750_389250,11,4,0,4,7,0.0,0.7595473914748635,48700.0,4500.0,982.92
Liverpool,2016,336750,389500,Liverpool_336750_389500,6,3,0,3,3,0.0,-0.0,22450.0,3650.0,957.49
Liverpool,2016,336750,390000,Liverpool_336750_390000,49,1,3,4,45,0.75,0.17052985644751145,27725.0,2475.0,3656.44
Liverpool,2016,336750,390250,Liverpool_336750_390250,1,0,0,0,1,,-0.0,,,
Liverpool,2016,336750,390500,Liverpool_336750_390500,5,2,0,2,3,0.0,0.5004024235381879,25475.0,12737.5,1929.91
Liverpool,2016,336750,390750,Liverpool_336750_390750,6,3,0,3,3,0.0,1.0114042647073516,20275.0,3250.0,529.9
Liverpool,2016,336750,391000,Liverpool_336750_391000,34,10,0,10,24,0.0,0.22371807606583377,97050.0,2550.0,2553.11
Liverpool,2016,336750,391250,Liverpool_336750_391250,14,4,1,5,9,0.2,0.410116318288409,47775.0,2975.0,1455.04
Liverpool,2016,336750,391500,Liverpool_336750_391500,4,0,1,1,3,1.0,0.5623351446188083,1950.0,975.0,355.66999999999996
Liverpool,2016,336750,392000,Liverpool_336750_392000,4,0,0,0,4,,-0.0,13800.0,6900.0,1060.31
Liverpool,2016,336750,392250,Liverpool_336750_392250,2,0,0,0,2,,-0.0,3150.0,3150.0,105.55
Liverpool,2016,336750,392500,Liverpool_336750_392500,39,10,2,12,27,0.16666666666666666,0.2711893730418441,141250.0,2900.0,3473.64
Liverpool,2016,336750,392750,Liverpool_336750_392750,28,7,1,8,20,0.125,0.40869772507431423,139725.0,3925.0,4456.969999999999
Liverpool,2016,336750,393000,Liverpool_336750_393000,27,11,0,11,16,0.0,0.15841057013179086,129050.0,4150.0,2399.8599999999997
Liverpool,2016,336750,393500,Liverpool_336750_393500,26,11,0,11,15,0.0,0.16302362949436594,113250.0,3150.0,2837.42
Liverpool,2016,336750,394000,Liverpool_336750_394000,3,2,0,2,1,0.0,-0.0,6475.0,1150.0,152.07999999999998
Liverpool,2016,336750,394250,Liverpool_336750_394250,17,5,0,5,12,0.0,0.22371807606583377,75700.0,4100.0,1400.1399999999999
Liverpool,2016,336750,394500,Liverpool_336750_394500,7,2,0,2,5,0.0,-0.0,22450.0,4100.0,495.3
Liverpool,2016,336750,396250,Liverpool_336750_396250,7,0,0,0,7,,0.9556998911125343,84800.0,15500.0,3249.02
Liverpool,2016,336750,396750,Liverpool_336750_396750,15,4,0,4,11,0.0,0.24493002679463532,66175.0,3250.0,1043.1200000000001
Liverpool,2016,336750,397000,Liverpool_336750_397000,1,1,0,1,0,0.0,-0.0,4250.0,4250.0,140.8
Liverpool,2016,336750,397250,Liverpool_336750_397250,1,0,0,0,1,,-0.0,1700.0,1700.0,43.2
Liverpool,2016,337000,387000,Liverpool_337000_387000,18,8,0,8,10,0.0,0.2145591551764051,175300.0,6500.0,4790.0199999999995
Liverpool,2016,337000,387250,Liverpool_337000_387250,16,4,0,4,12,0.0,0.6210863745552451,179975.0,8000.0,1424.1299999999999
Liverpool,2016,337000,387500,Liverpool_337000_387500,28,8,1,9,19,0.1111111111111111,0.410116318288409,229000.0,5700.0,2737.3
Liverpool,2016,337000,388500,Liverpool_337000_388500,1,0,0,0,1,,-0.0,2700.0,2700.0,69.5
Liverpool,2016,337000,388750,Liverpool_337000_388750,3,1,0,1,2,0.0,-0.0,21550.0,10775.0,1225.0900000000001
Liverpool,2016,337000,389250,Liverpool_337000_389250,21,10,0,10,11,0.0,0.19144408195771734,60150.0,1925.0,1900.0100000000002
Liverpool,2016,337000,389500,Liverpool_337000_389500,1,0,0,0,1,,-0.0,13000.0,13000.0,65.7
Liverpool,2016,337000,389750,Liverpool_337000_389750,2,2,0,2,0,0.0,-0.0,20750.0,10375.0,652.5999999999999
Liverpool,2016,337000,390000,Liverpool_337000_390000,7,2,0,2,5,0.0,0.410116318288409,52525.0,7900.0,760.4399999999999
Liverpool,2016,337000,390250,Liverpool_337000_390250,8,0,0,0,8,,0.37677016125643675,7100.0,1850.0,253.7
Liverpool,2016,337000,390500,Liverpool_337000_390500,28,7,0,7,21,0.0,0.15407610367102942,31670.0,1300.0,1421.2499999999998
Liverpool,2016,337000,390750,Liverpool_337000_390750,28,6,0,6,22,0.0,0.7400661909751662,378075.0,6400.0,4148.280000000001
Liverpool,2016,337000,391000,Liverpool_337000_391000,22,5,1,6,16,0.16666666666666666,0.36764947740014225,106200.0,4100.0,2906.74
Liverpool,2016,337000,391250,Liverpool_337000_391250,3,1,0,1,2,0.0,-0.0,13675.0,2700.0,365.7
Liverpool,2016,337000,391500,Liverpool_337000_391500,7,4,1,5,2,0.2,0.410116318288409,17075.0,2162.5,500.40999999999997
Liverpool,2016,337000,392000,Liverpool_337000_392000,10,2,0,2,8,0.0,0.8979457248567797,140965.0,7500.0,3677.5199999999995
Liverpool,2016,337000,392500,Liverpool_337000_392500,3,1,0,1,2,0.0,-0.0,1275.0,1275.0,65.1
Liverpool,2016,337000,392750,Liverpool_337000_392750,32,7,2,9,23,0.2222222222222222,0.65619279201862,193025.0,5300.0,4931.08
Liverpool,2016,337000,396250,Liverpool_337000_396250,7,1,1,2,5,0.5,-0.0,91500.0,32250.0,4804.9800000000005
Liverpool,2016,337000,396750,Liverpool_337000_396750,3,0,0,0,3,,-0.0,4600.0,4600.0,436.74
Liverpool,2016,337000,397000,Liverpool_337000_397000,24,8,0,8,16,0.0,0.37677016125643675,154425.0,3650.0,1495.0999999999997
Liverpool,2016,337000,397500,Liverpool_337000_397500,3,0,0,0,3,,0.6365141682948128,7600.0,3800.0,207.8
Liverpool,2016,337250,387500,Liverpool_337250_387500,16,4,0,4,12,0.0,0.8647400965276372,234850.0,9200.0,1607.69
Liverpool,2016,337250,389000,Liverpool_337250_389000,17,1,5,6,11,0.8333333333333334,0.362210557135449,25500.0,2000.0,672.69
Liverpool,2016,337250,389250,Liverpool_337250_389250,24,3,1,4,20,0.25,0.3445982481028228,33125.0,1975.0,1592.8
Liverpool,2016,337250,389500,Liverpool_337250_389500,2,1,0,1,1,0.0,0.6931471805599453,16950.0,8475.0,53.7
Liverpool,2016,337250,390500,Liverpool_337250_390500,1,0,0,0,1,,-0.0,2025.0,2025.0,42.4
Liverpool,2016,337250,391000,Liverpool_337250_391000,35,9,0,9,26,0.0,0.3470668257548097,209475.0,4550.0,4640.92
Liverpool,2016,337250,392000,Liverpool_337250_392000,24,6,1,7,17,0.14285714285714285,-0.0,69150.0,3100.0,1197.04
Liverpool,2016,337250,392250,Liverpool_337250_392250,14,3,0,3,11,0.0,0.25731864054383163,26045.0,1487.5,579.3
Liverpool,2016,337250,392750,Liverpool_337250_392750,6,1,0,1,5,0.0,0.8675632284814612,38075.0,3325.0,543.1
Liverpool,2016,337250,393000,Liverpool_337250_393000,4,0,0,0,4,,0.5623351446188083,22975.0,2250.0,265.3
Liverpool,2016,337250,393750,Liverpool_337250_393750,11,1,1,2,9,0.5,0.6001660731596457,68875.0,3850.0,1895.4499999999998
Liverpool,2016,337250,394750,Liverpool_337250_394750,1,1,0,1,0,0.0,-0.0,930.0,930.0,17.44
Liverpool,2016,337250,395250,Liverpool_337250_395250,5,3,0,3,2,0.0,0.6730116670092565,456650.0,24250.0,10845.42
Liverpool,2016,337250,395750,Liverpool_337250_395750,3,1,0,1,2,0.0,0.6365141682948128,19950.0,8100.0,945.6
Liverpool,2016,337250,396000,Liverpool_337250_396000,3,1,0,1,2,0.0,-0.0,47900.0,23950.0,2684.75
Liverpool,2016,337250,396500,Liverpool_337250_396500,2,1,0,1,1,0.0,-0.0,81500.0,40750.0,3958.59
Liverpool,2016,337250,397000,Liverpool_337250_397000,7,3,0,3,4,0.0,-0.0,22200.0,3200.0,564.0
Liverpool,2016,337500,386250,Liverpool_337500_386250,1,0,0,0,1,,-0.0,8300.0,8300.0,41.7
Liverpool,2016,337500,386750,Liverpool_337500_386750,15,4,1,5,10,0.2,-0.0,41350.0,2800.0,671.96
Liverpool,2016,337500,389000,Liverpool_337500_389000,14,5,0,5,9,0.0,0.25731864054383163,35500.0,2237.5,1577.99
Liverpool,2016,337500,389250,Liverpool_337500_389250,11,0,1,1,10,1.0,0.30463609734923813,17800.0,2750.0,901.02
Liverpool,2016,337500,389500,Liverpool_337500_389500,2,1,0,1,1,0.0,0.6931471805599453,1100.0,1100.0,22.2
Liverpool,2016,337500,390250,Liverpool_337500_390250,1,0,0,0,1,,-0.0,28500.0,28500.0,697.12
Liverpool,2016,337500,390500,Liverpool_337500_390500,1,0,0,0,1,,-0.0,,,
Liverpool,2016,337500,391000,Liverpool_337500_391000,48,11,1,12,36,0.08333333333333333,0.5140966973399506,134850.0,3000.0,4294.999999999999
Liverpool,2016,337500,392000,Liverpool_337500_392000,9,3,1,4,5,0.25,0.34883209584303193,41100.0,3400.0,1923.3200000000002
Liverpool,2016,337500,392250,Liverpool_337500_392250,7,0,0,0,7,,-0.0,29225.0,2950.0,661.6999999999999
Liverpool,2016,337500,393250,Liverpool_337500_393250,1,1,0,1,0,0.0,-0.0,930.0,930.0,17.44
Liverpool,2016,337500,393750,Liverpool_337500_393750,2,0,0,0,2,,-0.0,3600.0,3600.0,77.68
Liverpool,2016,337500,394250,Liverpool_337500_394250,4,1,0,1,3,0.0,-0.0,2360000.0,1180000.0,26353.3
Liverpool,2016,337500,394750,Liverpool_337500_394750,1,0,0,0,1,,-0.0,8800.0,8800.0,342.4
Liverpool,2016,337500,395250,Liverpool_337500_395250,7,0,1,1,6,1.0,-0.0,46860.0,4500.0,1283.0100000000002
Liverpool,2016,337500,396250,Liverpool_337500_396250,3,0,1,1,2,1.0,-0.0,8300.0,8300.0,1452.8100000000002
Liverpool,2016,337500,397250,Liverpool_337500_397250,16,7,0,7,9,0.0,0.2337916587064593,245050.0,3550.0,2361.24
Liverpool,2016,337750,386500,Liverpool_337750_386500,12,5,0,5,7,0.0,0.7214636866925115,57750.0,3650.0,742.1
Liverpool,2016,337750,386750,Liverpool_337750_386750,14,6,1,7,7,0.14285714285714285,0.6559757323365467,56025.0,3150.0,1431.3999999999999
Liverpool,2016,337750,388750,Liverpool_337750_388750,11,4,0,4,7,0.0,0.47413931305783735,119000.0,12000.0,969.1999999999999
Liverpool,2016,337750,389000,Liverpool_337750_389000,7,3,0,3,4,0.0,0.9556998911125343,146550.0,9150.0,2327.53
Liverpool,2016,337750,389250,Liverpool_337750_389250,56,20,0,20,36,0.0,0.2677539868376054,163255.0,2675.0,3397.0300000000007
Liverpool,2016,337750,389500,Liverpool_337750_389500,4,1,0,1,3,0.0,-0.0,11125.0,4150.0,554.06
Liverpool,2016,337750,389750,Liverpool_337750_389750,13,1,0,1,12,0.0,0.5359610497090694,17875.0,2037.5,1445.5400000000002
Liverpool,2016,337750,390500,Liverpool_337750_390500,2,0,0,0,2,,-0.0,24500.0,12250.0,490.90000000000003
Liverpool,2016,337750,391000,Liverpool_337750_391000,22,2,1,3,19,0.3333333333333333,0.9075352941050092,167000.0,4100.0,3926.4800000000005
Liverpool,2016,337750,392250,Liverpool_337750_392250,22,6,0,6,16,0.0,0.5763820666248933,127625.0,4525.0,2290.25
Liverpool,2016,337750,392500,Liverpool_337750_392500,1,0,0,0,1,,-0.0,6500.0,6500.0,
Liverpool,2016,337750,393250,Liverpool_337750_393250,12,2,0,2,10,0.0,-0.0,63625.0,3050.0,1548.2
Liverpool,2016,337750,393500,Liverpool_337750_393500,7,1,0,1,6,0.0,-0.0,29400.0,2225.0,406.6
Liverpool,2016,337750,393750,Liverpool_337750_393750,5,1,0,1,4,0.0,0.6730116670092565,101600.0,10500.0,1566.84
Liverpool,2016,337750,394250,Liverpool_337750_394250,1,0,0,0,1,,-0.0,2400.0,2400.0,38.6
Liverpool,2016,337750,395000,Liverpool_337750_395000,9,4,0,4,5,0.0,0.34883209584303193,46875.0,5250.0,628.47
Liverpool,2016,337750,395250,Liverpool_337750_395250,4,1,0,1,3,0.0,-0.0,4150.0,4150.0,584.3
Liverpool,2016,337750,395500,Liverpool_337750_395500,1,1,0,1,0,0.0,-0.0,1950.0,1950.0,42.42
Liverpool,2016,337750,397250,Liverpool_337750_397250,12,5,1,6,6,0.16666666666666666,0.7214636866925115,84600.0,5225.0,818.61
Liverpool,2016,338000,385500,Liverpool_338000_385500,2,1,0,1,1,0.0,0.6931471805599453,123000.0,61500.0,251.6
Liverpool,2016,338000,386250,Liverpool_338000_386250,10,3,1,4,6,0.25,-0.0,36300.0,3750.0,648.9
Liverpool,2016,338000,386500,Liverpool_338000_386500,15,7,0,7,8,0.0,-0.0,49300.0,3650.0,1212.37
Liverpool,2016,338000,386750,Liverpool_338000_386750,6,1,0,1,5,0.0,-0.0,19795.0,3525.0,328.3
Liverpool,2016,338000,387000,Liverpool_338000_387000,1,0,0,0,1,,-0.0,23750.0,23750.0,
Liverpool,2016,338000,388500,Liverpool_338000_388500,74,24,1,25,49,0.04,0.3634075907839065,2311050.0,5050.0,22549.010000000002
Liverpool,2016,338000,389000,Liverpool_338000_389000,6,1,0,1,5,0.0,0.45056120886630463,14950.0,4225.0,817.5000000000001
Liverpool,2016,338000,389250,Liverpool_338000_389250,8,2,0,2,6,0.0,0.37677016125643675,27975.0,2950.0,657.6
Liverpool,2016,338000,389500,Liverpool_338000_389500,9,4,1,5,4,0.2,0.8486855577264172,31100.0,2000.0,424.40000000000003
Liverpool,2016,338000,389750,Liverpool_338000_389750,6,1,1,2,4,0.5,0.45056120886630463,11200.0,2800.0,481.53000000000003
Liverpool,2016,338000,390250,Liverpool_338000_390250,2,0,0,0,2,,0.6931471805599453,14500.0,14500.0,393.70000000000005
Liverpool,2016,338000,390500,Liverpool_338000_390500,5,0,0,0,5,,0.5004024235381879,3450.0,3450.0,3661.8499999999995
Liverpool,2016,338000,390750,Liverpool_338000_390750,4,0,1,1,3,1.0,1.0397207708399179,92750.0,22725.0,634.8
Liverpool,2016,338000,391000,Liverpool_338000_391000,3,2,0,2,1,0.0,-0.0,9025.0,2750.0,142.0
Liverpool,2016,338000,392250,Liverpool_338000_392250,56,14,0,14,42,0.0,0.24299873038903588,454200.0,7050.0,6779.960000000001
Liverpool,2016,338000,392500,Liverpool_338000_392500,8,2,0,2,6,0.0,-0.0,10400.0,2100.0,281.20000000000005
Liverpool,2016,338000,392750,Liverpool_338000_392750,2,1,0,1,1,0.0,-0.0,4350.0,2175.0,90.0
Liverpool,2016,338000,393000,Liverpool_338000_393000,9,4,0,4,5,0.0,-0.0,12225.0,1250.0,554.1999999999999
Liverpool,2016,338000,393250,Liverpool_338000_393250,11,6,0,6,5,0.0,0.30463609734923813,87125.0,1600.0,611.7
Liverpool,2016,338000,394000,Liverpool_338000_394000,4,1,0,1,3,0.0,1.0397207708399179,47050.0,9750.0,197.26999999999998
Liverpool,2016,338000,394250,Liverpool_338000_394250,6,0,0,0,6,,0.45056120886630463,34800.0,7800.0,459.01
Liverpool,2016,338000,395250,Liverpool_338000_395250,2,1,0,1,1,0.0,-0.0,76500.0,38250.0,775.7
Liverpool,2016,338250,386000,Liverpool_338250_386000,9,2,0,2,7,0.0,0.34883209584303193,31035.0,3350.0,849.94
Liverpool,2016,338250,388250,Liverpool_338250_388250,9,5,0,5,4,0.0,-0.0,25900.0,2950.0,381.2
Liverpool,2016,338250,388500,Liverpool_338250_388500,28,5,0,5,23,0.0,0.3068291534409705,159050.0,5900.0,3579.4799999999996
Liverpool,2016,338250,389000,Liverpool_338250_389000,8,1,0,1,7,0.0,0.5623351446188083,2050.0,2050.0,7185.900000000001
Liverpool,2016,338250,389250,Liverpool_338250_389250,17,3,0,3,14,0.0,0.22371807606583377,57885.0,5600.0,2230.2799999999997
Liverpool,2016,338250,389500,Liverpool_338250_389500,36,12,2,14,22,0.14285714285714285,0.4113137785784551,131525.0,2800.0,3196.2999999999993
Liverpool,2016,338250,390500,Liverpool_338250_390500,3,0,0,0,3,,0.6365141682948128,30700.0,15350.0,504.4
Liverpool,2016,338250,390750,Liverpool_338250_390750,17,3,0,3,14,0.0,0.5783252866601273,177900.0,5250.0,2411.76
Liverpool,2016,338250,392000,Liverpool_338250_392000,5,2,0,2,3,0.0,0.5004024235381879,19700.0,3100.0,302.9
Liverpool,2016,338250,392250,Liverpool_338250_392250,25,8,0,8,17,0.0,0.44330669146808716,322550.0,7300.0,5211.5
Liverpool,2016,338250,392500,Liverpool_338250_392500,10,2,0,2,8,0.0,0.3250829733914482,44950.0,2475.0,475.29999999999995
Liverpool,2016,338250,392750,Liverpool_338250_392750,8,4,0,4,4,0.0,-0.0,17450.0,2200.0,347.5
Liverpool,2016,338250,393250,Liverpool_338250_393250,9,2,2,4,5,0.5,0.5297061990576545,46400.0,4950.0,669.4
Liverpool,2016,338250,394000,Liverpool_338250_394000,41,11,2,13,28,0.15384615384615385,0.42112677087610795,774600.0,14625.0,7917.160000000001
Liverpool,2016,338250,394250,Liverpool_338250_394250,34,13,0,13,21,0.0,0.13269142083987176,544800.0,14500.0,3798.19
Liverpool,2016,338250,395500,Liverpool_338250_395500,22,2,0,2,20,0.0,-0.0,25100.0,3400.0,1790.5700000000002
Liverpool,2016,338250,397250,Liverpool_338250_397250,20,4,0,4,16,0.0,0.1985152433458726,143725.0,5450.0,2015.7399999999996
Liverpool,2016,338500,385750,Liverpool_338500_385750,10,1,0,1,9,0.0,-0.0,34950.0,4775.0,784.31
Liverpool,2016,338500,388250,Liverpool_338500_388250,27,6,0,6,21,0.0,0.3153962874226617,213850.0,5600.0,3070.2999999999997
Liverpool,2016,338500,388500,Liverpool_338500_388500,21,6,0,6,15,0.0,0.410116318288409,236825.0,4225.0,1546.1899999999998
Liverpool,2016,338500,389500,Liverpool_338500_389500,32,9,0,9,23,0.0,0.37080235808948786,208800.0,3900.0,4686.96
Liverpool,2016,338500,390000,Liverpool_338500_390000,8,3,0,3,5,0.0,0.5623351446188083,32775.0,3350.0,1104.1999999999998
Liverpool,2016,338500,390500,Liverpool_338500_390500,9,1,0,1,8,0.0,1.0608569471580214,259950.0,68125.0,5647.04
Liverpool,2016,338500,390750,Liverpool_338500_390750,6,0,0,0,6,,-0.0,285000.0,285000.0,7904.0599999999995
Liverpool,2016,338500,391000,Liverpool_338500_391000,6,0,0,0,6,,0.45056120886630463,26125.0,3675.0,265.35
Liverpool,2016,338500,391250,Liverpool_338500_391250,71,31,0,31,40,0.0,0.1478439782073591,139800.0,2375.0,3935.05
Liverpool,2016,338500,391750,Liverpool_338500_391750,13,8,0,8,5,0.0,0.2711893730418441,85900.0,3350.0,1518.9799999999998
Liverpool,2016,338500,392000,Liverpool_338500_392000,5,1,0,1,4,0.0,-0.0,10950.0,3400.0,308.1
Liverpool,2016,338500,393250,Liverpool_338500_393250,15,6,0,6,9,0.0,-0.0,70500.0,4750.0,1016.7199999999999
Liverpool,2016,338500,394000,Liverpool_338500_394000,52,5,1,6,46,0.16666666666666666,0.09503011725564635,243250.0,23750.0,3391.45
Liverpool,2016,338500,394250,Liverpool_338500_394250,12,6,0,6,6,0.0,0.5660857389596289,417250.0,24750.0,4380.540000000001
Liverpool,2016,338750,385500,Liverpool_338750_385500,1,0,0,0,1,,-0.0,5500.0,5500.0,113.2
Liverpool,2016,338750,388000,Liverpool_338750_388000,18,5,1,6,12,0.16666666666666666,0.34883209584303193,79000.0,2650.0,1416.53
Liverpool,2016,338750,388250,Liverpool_338750_388250,24,11,0,11,13,0.0,0.2868359830561607,177550.0,4675.0,2064.2999999999997
Liverpool,2016,338750,388500,Liverpool_338750_388500,9,5,0,5,4,0.0,0.34883209584303193,103150.0,6400.0,1569.6000000000001
Liverpool,2016,338750,389500,Liverpool_338750_389500,38,9,0,9,29,0.0,0.5879259686124404,211050.0,4125.0,6863.4
Liverpool,2016,338750,390250,Liverpool_338750_390250,15,2,0,2,13,0.0,-0.0,6750.0,1512.5,952.78
Liverpool,2016,338750,390500,Liverpool_338750_390500,7,3,0,3,4,0.0,0.410116318288409,7750.0,2900.0,1307.3999999999996
Liverpool,2016,338750,390750,Liverpool_338750_390750,1,0,0,0,1,,-0.0,82500.0,82500.0,271.88
Liverpool,2016,338750,391000,Liverpool_338750_391000,1,0,0,0,1,,-0.0,1025.0,1025.0,18.8
Liverpool,2016,338750,391250,Liverpool_338750_391250,40,8,0,8,32,0.0,0.1985152433458726,127525.0,2700.0,4202.6
Liverpool,2016,338750,391500,Liverpool_338750_391500,18,7,0,7,11,0.0,1.161591334329453,121575.0,6100.0,3869.21
Liverpool,2016,338750,392000,Liverpool_338750_392000,2,0,0,0,2,,-0.0,2375.0,2375.0,91.0
Liverpool,2016,338750,393250,Liverpool_338750_393250,8,4,0,4,4,0.0,-0.0,25550.0,2475.0,1225.8
Liverpool,2016,338750,394750,Liverpool_338750_394750,3,1,0,1,2,0.0,-0.0,12100.0,3700.0,265.7
Liverpool,2016,338750,395750,Liverpool_338750_395750,1,0,0,0,1,,-0.0,2475.0,2475.0,52.21
Liverpool,2016,338750,397250,Liverpool_338750_397250,8,3,0,3,5,0.0,-0.0,37500.0,4675.0,502.1
Liverpool,2016,339000,385500,Liverpool_339000_385500,13,2,0,2,11,0.0,0.8587409130062867,184850.0,4875.0,949.3000000000001
Liverpool,2016,339000,385750,Liverpool_339000_385750,1,0,0,0,1,,-0.0,15750.0,15750.0,748.0
Liverpool,2016,339000,387250,Liverpool_339000_387250,17,7,0,7,10,0.0,0.22371807606583377,71700.0,4150.0,1579.8899999999999
Liverpool,2016,339000,388250,Liverpool_339000_388250,38,15,1,16,22,0.0625,0.27619092240707505,396625.0,8250.0,5989.210000000001
Liverpool,2016,339000,388500,Liverpool_339000_388500,16,2,0,2,14,0.0,0.48257756517701206,384500.0,31500.0,6746.74
Liverpool,2016,339000,389250,Liverpool_339000_389250,28,11,0,11,17,0.0,0.9255162785403126,203675.0,4900.0,1930.63
Liverpool,2016,339000,389500,Liverpool_339000_389500,1,0,0,0,1,,-0.0,8300.0,8300.0,194.1
Liverpool,2016,339000,390250,Liverpool_339000_390250,3,1,0,1,2,0.0,0.6365141682948128,4650.0,2325.0,122.0
Liverpool,2016,339000,390500,Liverpool_339000_390500,4,0,0,0,4,,0.5623351446188083,606000.0,210000.0,6880.2
Liverpool,2016,339000,390750,Liverpool_339000_390750,2,1,0,1,1,0.0,-0.0,46000.0,46000.0,
Liverpool,2016,339000,391000,Liverpool_339000_391000,8,1,1,2,6,0.5,0.5623351446188083,1560850.0,4650.0,13975.650000000001
Liverpool,2016,339000,391250,Liverpool_339000_391250,43,13,2,15,28,0.13333333333333333,0.2530369754479396,188675.0,3600.0,3096.56
Liverpool,2016,339000,391500,Liverpool_339000_391500,6,3,0,3,3,0.0,0.6931471805599453,33200.0,4875.0,494.7
Liverpool,2016,339000,392250,Liverpool_339000_392250,2,1,0,1,1,0.0,-0.0,10550.0,5275.0,510.52
Liverpool,2016,339000,392500,Liverpool_339000_392500,2,1,0,1,1,0.0,-0.0,410000.0,205000.0,
Liverpool,2016,339000,393250,Liverpool_339000_393250,4,2,0,2,2,0.0,-0.0,18500.0,4775.0,268.2
Liverpool,2016,339000,393500,Liverpool_339000_393500,3,1,0,1,2,0.0,-0.0,23450.0,11725.0,321.31
Liverpool,2016,339000,394500,Liverpool_339000_394500,1,1,0,1,0,0.0,-0.0,11250.0,11250.0,57.4
Liverpool,2016,339000,394750,Liverpool_339000_394750,28,6,0,6,22,0.0,0.15407610367102942,87350.0,3450.0,2585.5799999999995
Liverpool,2016,339000,395750,Liverpool_339000_395750,3,0,0,0,3,,0.6365141682948128,44500.0,14750.0,792.9000000000001
Liverpool,2016,339250,384500,Liverpool_339250_384500,1,1,0,1,0,0.0,-0.0,2500.0,2500.0,99.6
Liverpool,2016,339250,385000,Liverpool_339250_385000,14,4,0,4,10,0.0,-0.0,63325.0,4325.0,813.1
Liverpool,2016,339250,386000,Liverpool_339250_386000,15,4,1,5,10,0.2,-0.0,92850.0,5900.0,1342.3000000000002
Liverpool,2016,339250,387250,Liverpool_339250_387250,32,13,0,13,19,0.0,0.5818786450459387,223800.0,5600.0,3504.2400000000002
Liverpool,2016,339250,387500,Liverpool_339250_387500,1,1,0,1,0,0.0,-0.0,6700.0,6700.0,50.1
Liverpool,2016,339250,387750,Liverpool_339250_387750,8,1,1,2,6,0.5,-0.0,23400.0,2775.0,387.2
Liverpool,2016,339250,388250,Liverpool_339250_388250,66,20,4,24,42,0.16666666666666666,0.439561090571321,1154400.0,16750.0,12674.82
Liverpool,2016,339250,389250,Liverpool_339250_389250,2,0,0,0,2,,-0.0,86000.0,86000.0,4320.2
Liverpool,2016,339250,390250,Liverpool_339250_390250,20,4,0,4,16,0.0,0.3250829733914482,57525.0,2850.0,818.8
Liverpool,2016,339250,390500,Liverpool_339250_390500,1,1,0,1,0,0.0,-0.0,123000.0,123000.0,1472.3
Liverpool,2016,339250,390750,Liverpool_339250_390750,2,0,0,0,2,,0.6931471805599453,130000.0,65000.0,5137.1
Liverpool,2016,339250,391000,Liverpool_339250_391000,55,28,0,28,27,0.0,0.5028037247019579,939875.0,6550.0,9513.09
Liverpool,2016,339250,391250,Liverpool_339250_391250,21,7,0,7,14,0.0,0.6849547610531581,124250.0,2950.0,1580.0
Liverpool,2016,339250,391500,Liverpool_339250_391500,26,9,0,9,17,0.0,0.16302362949436594,94500.0,3700.0,1256.2
Liverpool,2016,339250,391750,Liverpool_339250_391750,13,5,0,5,8,0.0,-0.0,58750.0,4300.0,790.8799999999999
Liverpool,2016,339250,392000,Liverpool_339250_392000,11,1,0,1,10,0.0,0.5859526183035508,182200.0,4300.0,610.18
Liverpool,2016,339250,392500,Liverpool_339250_392500,1,0,0,0,1,,-0.0,3150.0,3150.0,78.4
Liverpool,2016,339250,393250,Liverpool_339250_393250,3,1,0,1,2,0.0,-0.0,3850.0,1925.0,2136.85
Liverpool,2016,339250,393500,Liverpool_339250_393500,7,3,0,3,4,0.0,0.410116318288409,60650.0,5200.0,1078.98
Liverpool,2016,339250,393750,Liverpool_339250_393750,29,10,0,10,19,0.0,0.2987580581893401,151925.0,5500.0,2401.5600000000004
Liverpool,2016,339250,395000,Liverpool_339250_395000,2,1,0,1,1,0.0,-0.0,24350.0,12175.0,410.6
Liverpool,2016,339250,396000,Liverpool_339250_396000,1,0,0,0,1,,-0.0,70500.0,70500.0,
Liverpool,2016,339500,384750,Liverpool_339500_384750,9,4,1,5,4,0.2,-0.0,31400.0,3350.0,403.40000000000003
Liverpool,2016,339500,385000,Liverpool_339500_385000,12,6,1,7,5,0.14285714285714285,0.2868359830561607,45400.0,3750.0,596.8
Liverpool,2016,339500,385250,Liverpool_339500_385250,10,2,0,2,8,0.0,-0.0,42800.0,3300.0,463.88
Liverpool,2016,339500,386000,Liverpool_339500_386000,1,1,0,1,0,0.0,-0.0,1925.0,1925.0,10.8
Liverpool,2016,339500,386250,Liverpool_339500_386250,12,3,1,4,8,0.25,0.2868359830561607,90650.0,7300.0,1080.6000000000001
Liverpool,2016,339500,387500,Liverpool_339500_387500,5,3,0,3,2,0.0,-0.0,20650.0,4000.0,166.6
Liverpool,2016,339500,387750,Liverpool_339500_387750,9,2,1,3,6,0.3333333333333333,0.5297061990576545,283500.0,26000.0,1516.9
Liverpool,2016,339500,388000,Liverpool_339500_388000,68,23,1,24,44,0.041666666666666664,0.4437572842601484,1227390.0,14625.0,8845.89
Liverpool,2016,339500,388750,Liverpool_339500_388750,19,4,0,4,15,0.0,-0.0,103750.0,7050.0,2039.7999999999997
Liverpool,2016,339500,389000,Liverpool_339500_389000,1,0,0,0,1,,-0.0,2900.0,2900.0,46.6
Liverpool,2016,339500,390000,Liverpool_339500_390000,7,2,0,2,5,0.0,-0.0,20050.0,3450.0,662.6999999999999
Liverpool,2016,339500,390750,Liverpool_339500_390750,2,1,0,1,1,0.0,-0.0,6650.0,3325.0,82.1
Liverpool,2016,339500,391000,Liverpool_339500_391000,57,18,2,20,37,0.1,0.49845089878901444,1441505.0,23000.0,9081.880000000003
Liverpool,2016,339500,391250,Liverpool_339500_391250,19,6,0,6,13,0.0,-0.0,437700.0,17500.0,6144.68
Liverpool,2016,339500,392750,Liverpool_339500_392750,11,2,0,2,9,0.0,0.47413931305783735,44300.0,5100.0,1071.82
Liverpool,2016,339500,393000,Liverpool_339500_393000,24,15,0,15,9,0.0,0.8823830530748153,349075.0,6900.0,2477.87
Liverpool,2016,339500,393250,Liverpool_339500_393250,23,6,0,6,17,0.0,0.38721237518636065,296350.0,7900.0,1430.5600000000002
Liverpool,2016,339500,394000,Liverpool_339500_394000,7,1,1,2,5,0.5,0.9556998911125343,26200.0,4100.0,528.3
Liverpool,2016,339500,394750,Liverpool_339500_394750,15,3,0,3,12,0.0,0.39267446722755217,141750.0,4450.0,2674.5099999999998
Liverpool,2016,339500,395000,Liverpool_339500_395000,2,0,0,0,2,,0.6931471805599453,139000.0,139000.0,2794.6
Liverpool,2016,339500,395750,Liverpool_339500_395750,8,2,0,2,6,0.0,0.6615632381579821,358000.0,51000.0,2630.54
Liverpool,2016,339750,384750,Liverpool_339750_384750,5,4,0,4,1,0.0,0.6730116670092565,114675.0,2900.0,2022.7
Liverpool,2016,339750,385000,Liverpool_339750_385000,1,1,0,1,0,0.0,-0.0,1400.0,1400.0,18.65
Liverpool,2016,339750,385250,Liverpool_339750_385250,4,2,0,2,2,0.0,-0.0,7975.0,2050.0,136.20000000000002
Liverpool,2016,339750,386250,Liverpool_339750_386250,1,0,0,0,1,,-0.0,29500.0,29500.0,357.3
Liverpool,2016,339750,386500,Liverpool_339750_386500,5,1,0,1,4,0.0,0.5004024235381879,139750.0,69875.0,393.5
Liverpool,2016,339750,387000,Liverpool_339750_387000,8,5,0,5,3,0.0,0.37677016125643675,37950.0,2350.0,269.9
Liverpool,2016,339750,387750,Liverpool_339750_387750,9,2,0,2,7,0.0,0.6365141682948128,172500.0,14750.0,1061.58
Liverpool,2016,339750,388000,Liverpool_339750_388000,4,0,0,0,4,,-0.0,26900.0,9200.0,192.89999999999998
Liverpool,2016,339750,390500,Liverpool_339750_390500,3,1,0,1,2,0.0,0.6365141682948128,5000.0,5000.0,244.02
Liverpool,2016,339750,391000,Liverpool_339750_391000,9,1,0,1,8,0.0,0.34883209584303193,86775.0,1925.0,357.2
Liverpool,2016,339750,391250,Liverpool_339750_391250,1,1,0,1,0,0.0,-0.0,89000.0,89000.0,
Liverpool,2016,339750,392750,Liverpool_339750_392750,8,5,0,5,3,0.0,-0.0,25900.0,3800.0,555.9
Liverpool,2016,339750,394000,Liverpool_339750_394000,1,0,0,0,1,,-0.0,,,
Liverpool,2016,339750,395000,Liverpool_339750_395000,1,0,0,0,1,,-0.0,17500.0,17500.0,
Liverpool,2016,339750,396000,Liverpool_339750_396000,5,0,0,0,5,,0.5004024235381879,,,274.4
Liverpool,2016,339750,396750,Liverpool_339750_396750,1,0,0,0,1,,-0.0,,,320.5
Liverpool,2016,340000,383500,Liverpool_340000_383500,15,7,0,7,8,0.0,0.24493002679463532,58131.0,4500.0,2099.04
Liverpool,2016,340000,384000,Liverpool_340000_384000,2,0,1,1,1,1.0,-0.0,5975.0,5975.0,
Liverpool,2016,340000,384250,Liverpool_340000_384250,1,1,0,1,0,0.0,-0.0,2425.0,2425.0,59.53
Liverpool,2016,340000,384500,Liverpool_340000_384500,33,10,1,11,22,0.09090909090909091,0.2706407936167973,127600.0,3000.0,3482.76
Liverpool,2016,340000,385000,Liverpool_340000_385000,2,1,0,1,1,0.0,-0.0,11450.0,5725.0,260.8
Liverpool,2016,340000,385500,Liverpool_340000_385500,10,3,1,4,6,0.25,-0.0,43150.0,4175.0,671.3
Liverpool,2016,340000,385750,Liverpool_340000_385750,2,0,0,0,2,,-0.0,2335.0,1167.5,40.2
Liverpool,2016,340000,386250,Liverpool_340000_386250,4,3,0,3,1,0.0,0.5623351446188083,16600.0,4175.0,285.5
Liverpool,2016,340000,386500,Liverpool_340000_386500,8,4,0,4,4,0.0,0.9743147528693494,1835500.0,8500.0,22713.2
Liverpool,2016,340000,388500,Liverpool_340000_388500,9,4,0,4,5,0.0,0.34883209584303193,139350.0,9100.0,662.4000000000001
Liverpool,2016,340000,389750,Liverpool_340000_389750,4,1,0,1,3,0.0,-0.0,4050.0,2025.0,321.3
Liverpool,2016,340000,390000,Liverpool_340000_390000,2,0,0,0,2,,-0.0,1675.0,1675.0,164.33
Liverpool,2016,340000,390250,Liverpool_340000_390250,15,4,0,4,11,0.0,0.24493002679463532,121400.0,6250.0,4066.0999999999995
Liverpool,2016,340000,390500,Liverpool_340000_390500,1,1,0,1,0,0.0,-0.0,4900.0,4900.0,41.8
Liverpool,2016,340000,391250,Liverpool_340000_391250,15,3,1,4,11,0.25,-0.0,69550.0,5900.0,1306.2999999999997
Liverpool,2016,340000,392500,Liverpool_340000_392500,19,4,0,4,15,0.0,0.20619205063323187,57500.0,2750.0,1516.48
Liverpool,2016,340000,392750,Liverpool_340000_392750,14,6,0,6,8,0.0,0.25731864054383163,46350.0,3350.0,824.4
Liverpool,2016,340000,395000,Liverpool_340000_395000,11,3,0,3,8,0.0,0.47413931305783735,29060.0,3100.0,1366.5
Liverpool,2016,340000,395250,Liverpool_340000_395250,20,1,0,1,19,0.0,0.3250829733914482,28725.0,2300.0,2692.4999999999995
Liverpool,2016,340250,383750,Liverpool_340250_383750,4,1,0,1,3,0.0,-0.0,7040.0,1170.0,382.0
Liverpool,2016,340250,384000,Liverpool_340250_384000,4,1,0,1,3,0.0,0.5623351446188083,2450.0,2450.0,260.5
Liverpool,2016,340250,384250,Liverpool_340250_384250,35,10,0,10,25,0.0,0.6315277672970718,489050.0,3475.0,11193.36
Liverpool,2016,340250,384500,Liverpool_340250_384500,43,13,1,14,29,0.07142857142857142,0.4669872708096832,157950.0,3850.0,3357.75
Liverpool,2016,340250,384750,Liverpool_340250_384750,2,0,0,0,2,,0.6931471805599453,14450.0,7225.0,325.71
Liverpool,2016,340250,385750,Liverpool_340250_385750,9,2,1,3,6,0.3333333333333333,-0.0,25650.0,3600.0,614.15
Liverpool,2016,340250,388500,Liverpool_340250_388500,15,5,0,5,10,0.0,-0.0,68725.0,5200.0,1088.9
Liverpool,2016,340250,388750,Liverpool_340250_388750,2,0,0,0,2,,-0.0,8300.0,4150.0,167.3
Liverpool,2016,340250,389000,Liverpool_340250_389000,5,0,1,1,4,1.0,0.5004024235381879,51050.0,8600.0,623.6
Liverpool,2016,340250,389250,Liverpool_340250_389250,18,6,1,7,11,0.14285714285714285,0.5566469035821068,295800.0,8050.0,1750.07
Liverpool,2016,340250,390000,Liverpool_340250_390000,7,3,0,3,4,0.0,-0.0,24650.0,4025.0,607.56
Liverpool,2016,340250,390250,Liverpool_340250_390250,7,3,0,3,4,0.0,0.7963116401738131,56450.0,5500.0,337.3
Liverpool,2016,340250,391250,Liverpool_340250_391250,3,1,0,1,2,0.0,0.6365141682948128,1756500.0,878250.0,14282.8
Liverpool,2016,340250,391500,Liverpool_340250_391500,4,0,0,0,4,,1.0397207708399179,25700.0,12850.0,1546.5
Liverpool,2016,340250,392000,Liverpool_340250_392000,15,6,0,6,9,0.0,0.24493002679463532,99850.0,7250.0,1656.93
Liverpool,2016,340250,392250,Liverpool_340250_392250,1,1,0,1,0,0.0,-0.0,19750.0,19750.0,419.84
Liverpool,2016,340250,392500,Liverpool_340250_392500,2,2,0,2,0,0.0,-0.0,157500.0,78750.0,
Liverpool,2016,340250,392750,Liverpool_340250_392750,9,3,1,4,5,0.25,-0.0,42975.0,4950.0,591.5000000000001
Liverpool,2016,340250,395250,Liverpool_340250_395250,1,0,0,0,1,,-0.0,,,62.4
Liverpool,2016,340250,395750,Liverpool_340250_395750,1,0,0,0,1,,-0.0,13250.0,13250.0,
Liverpool,2016,340500,383500,Liverpool_340500_383500,1,0,0,0,1,,-0.0,740.0,740.0,49.6
Liverpool,2016,340500,383750,Liverpool_340500_383750,1,0,0,0,1,,-0.0,1000.0,1000.0,25.4
Liverpool,2016,340500,384250,Liverpool_340500_384250,19,6,1,7,12,0.14285714285714285,0.40945861869508926,238300.0,9750.0,4612.339999999999
Liverpool,2016,340500,384500,Liverpool_340500_384500,4,0,0,0,4,,0.6931471805599453,343250.0,171625.0,4192.96
Liverpool,2016,340500,384750,Liverpool_340500_384750,13,3,0,3,10,0.0,0.2711893730418441,41150.0,3350.0,641.5000000000001
Liverpool,2016,340500,385000,Liverpool_340500_385000,3,2,0,2,1,0.0,-0.0,9800.0,3450.0,214.3
Liverpool,2016,340500,385750,Liverpool_340500_385750,9,3,1,4,5,0.25,-0.0,38700.0,5500.0,664.37
Liverpool,2016,340500,387500,Liverpool_340500_387500,1,0,0,0,1,,-0.0,5600.0,5600.0,59.76
Liverpool,2016,340500,388750,Liverpool_340500_388750,6,3,0,3,3,0.0,-0.0,29950.0,6500.0,398.49999999999994
Liverpool,2016,340500,389000,Liverpool_340500_389000,4,2,0,2,2,0.0,0.6931471805599453,23200.0,4975.0,388.23
Liverpool,2016,340500,389250,Liverpool_340500_389250,8,3,0,3,5,0.0,-0.0,45650.0,4950.0,793.7
Liverpool,2016,340500,390250,Liverpool_340500_390250,8,1,0,1,7,0.0,0.37677016125643675,20125.0,2000.0,1599.8
Liverpool,2016,340500,391500,Liverpool_340500_391500,14,3,0,3,11,0.0,0.25731864054383163,80050.0,3925.0,667.3299999999999
Liverpool,2016,340500,391750,Liverpool_340500_391750,5,2,0,2,3,0.0,-0.0,31900.0,8000.0,337.3
Liverpool,2016,340500,392000,Liverpool_340500_392000,7,1,0,1,6,0.0,-0.0,26900.0,6700.0,576.4
Liverpool,2016,340500,393000,Liverpool_340500_393000,1,0,0,0,1,,-0.0,16250.0,16250.0,82.65
Liverpool,2016,340500,395750,Liverpool_340500_395750,14,7,0,7,7,0.0,-0.0,72510.0,4550.0,1280.38
Liverpool,2016,340500,396750,Liverpool_340500_396750,2,0,0,0,2,,-0.0,0.0,0.0,20156.2
Liverpool,2016,340750,383500,Liverpool_340750_383500,2,1,0,1,1,0.0,-0.0,2975.0,1487.5,75.0
Liverpool,2016,340750,388750,Liverpool_340750_388750,16,5,0,5,11,0.0,0.2337916587064593,120150.0,8050.0,1538.49
Liverpool,2016,340750,389000,Liverpool_340750_389000,7,1,0,1,6,0.0,-0.0,43700.0,6400.0,326.59999999999997
Liverpool,2016,340750,389750,Liverpool_340750_389750,3,1,0,1,2,0.0,0.6365141682948128,10850.0,5425.0,247.89999999999998
Liverpool,2016,340750,390000,Liverpool_340750_390000,1,0,0,0,1,,-0.0,54250.0,54250.0,
Liverpool,2016,340750,391000,Liverpool_340750_391000,6,1,0,1,5,0.0,-0.0,13450.0,2800.0,305.4
Liverpool,2016,340750,391500,Liverpool_340750_391500,29,7,1,8,21,0.125,0.813111017499334,162050.0,4525.0,2404.9100000000003
Liverpool,2016,340750,392250,Liverpool_340750_392250,11,0,0,0,11,,0.47413931305783735,71800.0,6800.0,1421.32
Liverpool,2016,340750,396250,Liverpool_340750_396250,3,0,0,0,3,,-0.0,10100.0,3100.0,247.6
Liverpool,2016,341000,385000,Liverpool_341000_385000,1,0,0,0,1,,-0.0,3600.0,3600.0,41.2
Liverpool,2016,341000,389000,Liverpool_341000_389000,3,1,0,1,2,0.0,-0.0,26350.0,13175.0,420.7
Liverpool,2016,341000,389500,Liverpool_341000_389500,10,6,0,6,4,0.0,0.3250829733914482,38275.0,3300.0,749.85
Liverpool,2016,341000,390250,Liverpool_341000_390250,2,1,0,1,1,0.0,-0.0,5200.0,2600.0,102.0
Liverpool,2016,341000,391750,Liverpool_341000_391750,3,2,0,2,1,0.0,0.6365141682948128,323000.0,68000.0,2050.64
Liverpool,2016,341000,393500,Liverpool_341000_393500,11,4,0,4,7,0.0,1.0335620542068176,1142575.0,7350.0,11160.920000000002
Liverpool,2016,341250,383750,Liverpool_341250_383750,2,1,0,1,1,0.0,0.6931471805599453,157700.0,78850.0,902.72
Liverpool,2016,341250,384000,Liverpool_341250_384000,3,0,0,0,3,,-0.0,5825.0,2025.0,110.1
Liverpool,2016,341250,389750,Liverpool_341250_389750,2,0,0,0,2,,-0.0,6250.0,3125.0,93.5
Liverpool,2016,341250,390000,Liverpool_341250_390000,3,0,0,0,3,,-0.0,8600.0,4300.0,180.0
Liverpool,2016,341250,390250,Liverpool_341250_390250,1,0,0,0,1,,-0.0,3800.0,3800.0,57.9
Liverpool,2016,341250,393250,Liverpool_341250_393250,1,0,0,0,1,,-0.0,,,126.2
Liverpool,2016,341500,384000,Liverpool_341500_384000,41,10,1,11,30,0.09090909090909091,0.3083386903452212,13781700.0,345000.0,52792.520000000004
Liverpool,2016,341500,386750,Liverpool_341500_386750,1,0,0,0,1,,-0.0,22500.0,22500.0,
Liverpool,2016,341500,389000,Liverpool_341500_389000,1,1,0,1,0,0.0,-0.0,103000.0,103000.0,
Liverpool,2016,341500,391500,Liverpool_341500_391500,2,1,0,1,1,0.0,-0.0,11600.0,5800.0,225.58
Liverpool,2016,341500,391750,Liverpool_341500_391750,2,0,0,0,2,,-0.0,50050.0,25025.0,932.4
Liverpool,2016,341500,393250,Liverpool_341500_393250,10,5,0,5,5,0.0,-0.0,21100.0,2100.0,597.8199999999999
Liverpool,2016,341500,395000,Liverpool_341500_395000,8,3,1,4,4,0.25,0.37677016125643675,65700.0,5300.0,552.8
Liverpool,2016,341750,384250,Liverpool_341750_384250,1,0,0,0,1,,-0.0,,,218.58
Liverpool,2016,341750,386250,Liverpool_341750_386250,1,0,0,0,1,,-0.0,21500.0,21500.0,476.02
Liverpool,2016,341750,386750,Liverpool_341750_386750,5,2,0,2,3,0.0,0.5004024235381879,30725.0,2850.0,475.99999999999994
Liverpool,2016,341750,387000,Liverpool_341750_387000,4,3,1,4,0,0.25,0.5623351446188083,8450.0,2725.0,155.5
Liverpool,2016,341750,391250,Liverpool_341750_391250,2,0,0,0,2,,-0.0,8100.0,8100.0,
Liverpool,2016,341750,391500,Liverpool_341750_391500,17,2,0,2,15,0.0,-0.0,68450.0,5100.0,1123.63
Liverpool,2016,341750,391750,Liverpool_341750_391750,13,1,0,1,12,0.0,-0.0,76000.0,5000.0,1056.6799999999998
Liverpool,2016,341750,392500,Liverpool_341750_392500,9,4,0,4,5,0.0,0.34883209584303193,43400.0,4000.0,879.75
Liverpool,2016,341750,392750,Liverpool_341750_392750,3,1,0,1,2,0.0,1.0986122886681096,26100.0,13050.0,645.83
Liverpool,2016,341750,393500,Liverpool_341750_393500,2,1,0,1,1,0.0,0.6931471805599453,14575.0,7287.5,25.33
Liverpool,2016,342000,382500,Liverpool_342000_382500,1,1,0,1,0,0.0,-0.0,3250.0,3250.0,
Liverpool,2016,342000,383500,Liverpool_342000_383500,459,302,13,315,144,0.04126984126984127,-0.0,56089.0,93.0,2957.1499999999996
Liverpool,2016,342000,384250,Liverpool_342000_384250,1,0,0,0,1,,-0.0,7000.0,7000.0,218.58
Liverpool,2016,342000,384500,Liverpool_342000_384500,3,0,0,0,3,,0.6365141682948128,75500.0,9200.0,648.2
Liverpool,2016,342000,385250,Liverpool_342000_385250,1,0,0,0,1,,-0.0,78500.0,78500.0,
Liverpool,2016,342000,386250,Liverpool_342000_386250,1,0,0,0,1,,-0.0,20750.0,20750.0,
Liverpool,2016,342000,386500,Liverpool_342000_386500,8,1,0,1,7,0.0,0.9743147528693494,660600.0,24000.0,13329.099999999999
Liverpool,2016,342000,386750,Liverpool_342000_386750,2,0,0,0,2,,0.6931471805599453,,,90.3
Liverpool,2016,342000,388250,Liverpool_342000_388250,2,0,0,0,2,,-0.0,19750.0,19750.0,
Liverpool,2016,342000,388500,Liverpool_342000_388500,29,2,0,2,27,0.0,0.47875333041028967,283750.0,13500.0,4931.209999999999
Liverpool,2016,342000,389000,Liverpool_342000_389000,7,1,0,1,6,0.0,-0.0,23400.0,4350.0,616.5
Liverpool,2016,342000,389250,Liverpool_342000_389250,1,0,0,0,1,,-0.0,,,72.2
Liverpool,2016,342000,389500,Liverpool_342000_389500,2,0,0,0,2,,0.6931471805599453,,,82.1
Liverpool,2016,342000,391000,Liverpool_342000_391000,8,1,0,1,7,0.0,-0.0,61900.0,6550.0,652.08
Liverpool,2016,342000,391750,Liverpool_342000_391750,1,0,0,0,1,,-0.0,14250.0,14250.0,433.24
Liverpool,2016,342000,392500,Liverpool_342000_392500,11,4,0,4,7,0.0,0.30463609734923813,86450.0,3975.0,1405.63
Liverpool,2016,342250,384250,Liverpool_342250_384250,1,1,0,1,0,0.0,-0.0,3850.0,3850.0,151.5
Liverpool,2016,342250,384500,Liverpool_342250_384500,1,1,0,1,0,0.0,-0.0,107000.0,107000.0,1616.3
Liverpool,2016,342250,384750,Liverpool_342250_384750,42,12,1,13,29,0.07692307692307693,0.7322261769722849,3697250.0,16500.0,56201.92
Liverpool,2016,342250,386500,Liverpool_342250_386500,42,8,0,8,34,0.0,0.4451435707843082,362150.0,9450.0,3390.3599999999997
Liverpool,2016,342250,386750,Liverpool_342250_386750,45,14,1,15,30,0.06666666666666667,0.8496229753400615,1357100.0,9400.0,13950.47
Liverpool,2016,342250,387500,Liverpool_342250_387500,1,0,0,0,1,,-0.0,,,3125.3
Liverpool,2016,342250,391500,Liverpool_342250_391500,3,1,1,2,1,0.5,-0.0,15800.0,7900.0,547.91
Liverpool,2016,342500,383000,Liverpool_342500_383000,33,4,3,7,26,0.42857142857142855,-0.0,122700.0,2900.0,2317.2899999999995
Liverpool,2016,342500,383750,Liverpool_342500_383750,2,0,0,0,2,,0.6931471805599453,434500.0,217250.0,14898.55
Liverpool,2016,342500,384000,Liverpool_342500_384000,2,1,0,1,1,0.0,0.6931471805599453,206500.0,103250.0,4630.66
Liverpool,2016,342500,384250,Liverpool_342500_384250,1,1,0,1,0,0.0,-0.0,19000.0,19000.0,488.0
Liverpool,2016,342500,385000,Liverpool_342500_385000,1,1,0,1,0,0.0,-0.0,91500.0,91500.0,
Liverpool,2016,342500,386000,Liverpool_342500_386000,1,0,0,0,1,,-0.0,7800.0,7800.0,187.5
Liverpool,2016,342500,386250,Liverpool_342500_386250,1,0,1,1,0,1.0,-0.0,2025.0,2025.0,19.0
Liverpool,2016,342500,386500,Liverpool_342500_386500,3,1,0,1,2,0.0,1.0986122886681096,17950.0,8975.0,330.70000000000005
Liverpool,2016,342500,387500,Liverpool_342500_387500,8,4,0,4,4,0.0,0.5623351446188083,167650.0,7700.0,1169.1000000000001
Liverpool,2016,342500,387750,Liverpool_342500_387750,10,3,0,3,7,0.0,-0.0,69100.0,8600.0,844.11
Liverpool,2016,342500,388500,Liverpool_342500_388500,1,0,0,0,1,,-0.0,,,
Liverpool,2016,342500,388750,Liverpool_342500_388750,1,0,0,0,1,,-0.0,280.0,280.0,7.0
Liverpool,2016,342750,382750,Liverpool_342750_382750,3,2,1,3,0,0.3333333333333333,-0.0,13400.0,4600.0,312.13
Liverpool,2016,342750,384250,Liverpool_342750_384250,5,0,2,2,3,1.0,0.5004024235381879,487350.0,6600.0,6115.419999999999
Liverpool,2016,342750,385000,Liverpool_342750_385000,1,0,0,0,1,,-0.0,18250.0,18250.0,266.0
Liverpool,2016,342750,386750,Liverpool_342750_386750,9,4,0,4,5,0.0,-0.0,45100.0,4750.0,498.70000000000005
Liverpool,2016,342750,387500,Liverpool_342750_387500,5,0,0,0,5,,0.5004024235381879,26650.0,3300.0,192.40000000000003
Liverpool,2016,342750,388250,Liverpool_342750_388250,1,0,0,0,1,,-0.0,1500000.0,1500000.0,6939.0
Liverpool,2016,342750,388500,Liverpool_342750_388500,64,19,3,22,42,0.13636363636363635,0.13906079845474112,1670150.0,20250.0,25268.04
Liverpool,2016,343000,383500,Liverpool_343000_383500,10,1,0,1,9,0.0,-0.0,26975.0,2325.0,808.83
Liverpool,2016,343000,384000,Liverpool_343000_384000,1,0,0,0,1,,-0.0,100000.0,100000.0,1182.3
Liverpool,2016,343000,384750,Liverpool_343000_384750,12,6,0,6,6,0.0,0.45056120886630463,86100.0,7200.0,1064.29
Liverpool,2016,343000,385000,Liverpool_343000_385000,14,3,0,3,11,0.0,0.509137344082687,141150.0,8350.0,1448.82
Liverpool,2016,343000,385500,Liverpool_343000_385500,1,0,0,0,1,,-0.0,11000.0,11000.0,122.2
Liverpool,2016,343000,386250,Liverpool_343000_386250,10,4,0,4,6,0.0,0.3250829733914482,44500.0,3850.0,840.6000000000001
Liverpool,2016,343000,387750,Liverpool_343000_387750,8,0,0,0,8,,0.7356219397587946,9100.0,9100.0,814.8000000000001
Liverpool,2016,343000,388250,Liverpool_343000_388250,6,3,0,3,3,0.0,0.45056120886630463,67250.0,11250.0,648.0500000000001
Liverpool,2016,343000,388500,Liverpool_343000_388500,1,0,0,0,1,,-0.0,76000.0,76000.0,282.3
Liverpool,2016,343250,382500,Liverpool_343250_382500,1,0,0,0,1,,-0.0,,,751.68
Liverpool,2016,343250,382750,Liverpool_343250_382750,6,4,0,4,2,0.0,-0.0,9175.0,1675.0,347.5
Liverpool,2016,343250,383000,Liverpool_343250_383000,5,3,0,3,2,0.0,-0.0,7850.0,1925.0,431.0
Liverpool,2016,343250,384000,Liverpool_343250_384000,3,0,0,0,3,,0.6365141682948128,10000.0,5000.0,267.28
Liverpool,2016,343250,385000,Liverpool_343250_385000,5,0,1,1,4,1.0,0.9502705392332347,49300.0,10450.0,684.6
Liverpool,2016,343250,385250,Liverpool_343250_385250,1,0,0,0,1,,-0.0,14250.0,14250.0,198.1
Liverpool,2016,343250,386500,Liverpool_343250_386500,2,0,0,0,2,,0.6931471805599453,37650.0,18825.0,62.7
Liverpool,2016,343250,388250,Liverpool_343250_388250,2,1,0,1,1,0.0,0.6931471805599453,31100.0,15550.0,112.6
Liverpool,2016,343250,388750,Liverpool_343250_388750,3,0,0,0,3,,-0.0,6450.0,3225.0,290.6
Liverpool,2016,343500,382750,Liverpool_343500_382750,1,1,0,1,0,0.0,-0.0,21250.0,21250.0,526.9
Liverpool,2016,343500,384000,Liverpool_343500_384000,27,12,0,12,15,0.0,0.4709001279172663,171560.0,4000.0,7466.609999999999
Liverpool,2016,344000,382750,Liverpool_344000_382750,7,3,0,3,4,0.0,0.410116318288409,43800.0,5600.0,1598.4
Liverpool,2016,344000,383250,Liverpool_344000_383250,17,1,1,2,15,0.5,0.6774944044487072,2549250.0,15500.0,27659.88
Liverpool,2016,344000,388000,Liverpool_344000_388000,6,0,0,0,6,,-0.0,18075.0,2637.5,582.3
Liverpool,2016,344000,388500,Liverpool_344000_388500,12,3,0,3,9,0.0,-0.0,34625.0,4100.0,1877.6399999999999
Liverpool,2016,344250,383250,Liverpool_344250_383250,1,0,0,0,1,,-0.0,,,
Liverpool,2016,344250,388500,Liverpool_344250_388500,1,0,0,0,1,,-0.0,5300.0,5300.0,
Liverpool,2016,344750,382750,Liverpool_344750_382750,1,1,0,1,0,0.0,-0.0,3150.0,3150.0,112.02
Liverpool,2016,344750,383250,Liverpool_344750_383250,5,1,0,1,4,0.0,0.5004024235381879,26650.0,2550.0,325.5
Liverpool,2016,345000,383000,Liverpool_345000_383000,16,4,1,5,11,0.2,-0.0,37625.0,2275.0,1299.23
Liverpool,2016,345000,387500,Liverpool_345000_387500,8,2,0,2,6,0.0,-0.0,11400.0,2325.0,532.6
Liverpool,2016,345250,383500,Liverpool_345250_383500,1,1,0,1,0,0.0,-0.0,14500.0,14500.0,83.3
Liverpool,2025,333500,390500,Liverpool_333500_390500,2,0,0,0,2,,0.6931471805599453,40750.0,20375.0,355.91
Liverpool,2025,333500,390750,Liverpool_333500_390750,10,7,0,7,3,0.0,0.6931471805599453,100100.0,8500.0,1530.6200000000003
Liverpool,2025,333500,391000,Liverpool_333500_391000,2,0,0,0,2,,0.6931471805599453,289600.0,144800.0,2451.44
Liverpool,2025,333500,391500,Liverpool_333500_391500,3,3,0,3,0,0.0,0.6365141682948128,52000.0,13250.0,1435.27
Liverpool,2025,333500,391750,Liverpool_333500_391750,5,4,0,4,1,0.0,0.6730116670092565,70500.0,14500.0,1342.3899999999999
Liverpool,2025,333500,392000,Liverpool_333500_392000,2,0,2,2,0,1.0,-0.0,70000.0,35000.0,
Liverpool,2025,333500,392250,Liverpool_333500_392250,1,1,0,1,0,0.0,-0.0,3250.0,3250.0,
Liverpool,2025,333500,392500,Liverpool_333500_392500,4,2,1,3,1,0.3333333333333333,0.5623351446188083,86000.0,23375.0,3224.9700000000003
Liverpool,2025,333500,393000,Liverpool_333500_393000,1,0,1,1,0,1.0,-0.0,4000.0,4000.0,75.33
Liverpool,2025,333500,394000,Liverpool_333500_394000,3,1,0,1,2,0.0,-0.0,18200.0,9100.0,914.9999999999999
Liverpool,2025,333750,390000,Liverpool_333750_390000,14,11,0,11,3,0.0,0.410116318288409,225680.0,2037.5,2763.0600000000004
Liverpool,2025,333750,390250,Liverpool_333750_390250,64,53,0,53,11,0.0,0.13906079845474112,265155.0,1387.5,3826.04
Liverpool,2025,333750,390500,Liverpool_333750_390500,3,3,0,3,0,0.0,1.0986122886681096,110300.0,27500.0,762.1700000000001
Liverpool,2025,333750,390750,Liverpool_333750_390750,5,4,0,4,1,0.0,0.9502705392332347,112450.0,21000.0,661.44
Liverpool,2025,333750,391000,Liverpool_333750_391000,1,1,0,1,0,0.0,-0.0,280000.0,280000.0,2082.28
Liverpool,2025,333750,391500,Liverpool_333750_391500,10,6,1,7,3,0.14285714285714285,0.8018185525433372,130700.0,6800.0,2271.3
Liverpool,2025,333750,391750,Liverpool_333750_391750,15,6,1,7,8,0.14285714285714285,0.8532361505557784,198300.0,7400.0,5429.130000000001
Liverpool,2025,333750,392250,Liverpool_333750_392250,3,1,0,1,2,0.0,0.6365141682948128,14325.0,3150.0,386.5
Liverpool,2025,333750,392500,Liverpool_333750_392500,6,4,0,4,2,0.0,0.8675632284814612,224750.0,17375.0,3899.9
Liverpool,2025,333750,392750,Liverpool_333750_392750,3,2,1,3,0,0.3333333333333333,1.0986122886681096,10650.0,4050.0,1437.6
Liverpool,2025,333750,393000,Liverpool_333750_393000,4,3,0,3,1,0.0,-0.0,431400.0,84250.0,4489.08
Liverpool,2025,333750,393750,Liverpool_333750_393750,2,1,0,1,1,0.0,-0.0,12750.0,6375.0,182.71
Liverpool,2025,333750,394000,Liverpool_333750_394000,10,8,1,9,1,0.1111111111111111,0.3250829733914482,384000.0,6200.0,7419.25
Liverpool,2025,334000,389500,Liverpool_334000_389500,37,21,0,21,16,0.0,0.8343349401576617,1472325.0,34000.0,5310.08
Liverpool,2025,334000,389750,Liverpool_334000_389750,5,2,0,2,3,0.0,-0.0,480000.0,93000.0,2042.6
Liverpool,2025,334000,390000,Liverpool_334000_390000,11,6,0,6,5,0.0,0.8599672810355049,409900.0,26750.0,1449.3700000000001
Liverpool,2025,334000,390250,Liverpool_334000_390250,119,62,15,77,42,0.19480519480519481,0.9579790192772819,2666425.0,6150.0,22369.59
Liverpool,2025,334000,390500,Liverpool_334000_390500,97,71,9,80,17,0.1125,0.7598909604032762,977360.0,4800.0,10932.41
Liverpool,2025,334000,390750,Liverpool_334000_390750,12,7,0,7,5,0.0,0.887694275799104,259270.0,18250.0,1735.8700000000003
Liverpool,2025,334000,391000,Liverpool_334000_391000,1,0,1,1,0,1.0,-0.0,0.0,0.0,
Liverpool,2025,334000,391250,Liverpool_334000_391250,1,1,0,1,0,0.0,-0.0,119000.0,119000.0,1133.13
Liverpool,2025,334000,391500,Liverpool_334000_391500,5,4,0,4,1,0.0,0.5004024235381879,61900.0,8300.0,686.34
Liverpool,2025,334000,392500,Liverpool_334000_392500,2,2,0,2,0,0.0,-0.0,99750.0,49875.0,4339.62
Liverpool,2025,334000,393250,Liverpool_334000_393250,2,0,0,0,2,,0.6931471805599453,275000.0,137500.0,2559.1
Liverpool,2025,334000,393500,Liverpool_334000_393500,3,1,0,1,2,0.0,-0.0,21200.0,6600.0,459.40999999999997
Liverpool,2025,334000,393750,Liverpool_334000_393750,1,1,0,1,0,0.0,-0.0,5000.0,5000.0,268.0
Liverpool,2025,334000,394000,Liverpool_334000_394000,5,3,0,3,2,0.0,-0.0,46500.0,7900.0,994.87
Liverpool,2025,334250,389250,Liverpool_334250_389250,1,1,0,1,0,0.0,-0.0,66000.0,66000.0,405.9
Liverpool,2025,334250,389500,Liverpool_334250_389500,2,1,0,1,1,0.0,0.6931471805599453,91000.0,45500.0,414.37
Liverpool,2025,334250,389750,Liverpool_334250_389750,5,1,0,1,4,0.0,0.6730116670092565,244000.0,91000.0,2321.61
Liverpool,2025,334250,390000,Liverpool_334250_390000,77,45,0,45,32,0.0,0.571055798073383,11542900.0,131500.0,70892.67
Liverpool,2025,334250,390250,Liverpool_334250_390250,152,93,3,96,56,0.03125,1.0361771811538951,6518750.0,26750.0,24409.499999999996
Liverpool,2025,334250,390500,Liverpool_334250_390500,102,65,7,72,30,0.09722222222222222,0.8311708589595075,1292375.0,9200.0,8169.36
Liverpool,2025,334250,390750,Liverpool_334250_390750,16,11,0,11,5,0.0,1.0337005498525014,656300.0,13750.0,8778.16
Liverpool,2025,334250,391000,Liverpool_334250_391000,3,1,0,1,2,0.0,-0.0,66500.0,15250.0,345.24
Liverpool,2025,334250,391250,Liverpool_334250_391250,13,7,0,7,6,0.0,1.1786549963416462,127700.0,5400.0,1955.47
Liverpool,2025,334250,391500,Liverpool_334250_391500,5,2,0,2,3,0.0,0.9502705392332347,22475.0,4950.0,265.75
Liverpool,2025,334250,391750,Liverpool_334250_391750,1,1,0,1,0,0.0,-0.0,2750.0,2750.0,
Liverpool,2025,334250,392000,Liverpool_334250_392000,1,0,0,0,1,,-0.0,6900.0,6900.0,103.5
Liverpool,2025,334250,392250,Liverpool_334250_392250,2,1,1,2,0,0.5,-0.0,,,1134.32
Liverpool,2025,334250,392500,Liverpool_334250_392500,1,0,0,0,1,,-0.0,3400.0,3400.0,75.1
Liverpool,2025,334250,393000,Liverpool_334250_393000,1,1,0,1,0,0.0,-0.0,4150.0,4150.0,128.44
Liverpool,2025,334250,393750,Liverpool_334250_393750,12,6,1,7,5,0.14285714285714285,0.5660857389596289,105200.0,4525.0,3302.6800000000003
Liverpool,2025,334250,394000,Liverpool_334250_394000,1,1,0,1,0,0.0,-0.0,2750.0,2750.0,
Liverpool,2025,334500,388500,Liverpool_334500_388500,1,0,0,0,1,,-0.0,41500.0,41500.0,470.0
Liverpool,2025,334500,388750,Liverpool_334500_388750,55,1,38,39,16,0.9743589743589743,0.09087612133300153,210300.0,2750.0,5730.099999999999
Liverpool,2025,334500,389000,Liverpool_334500_389000,2,2,0,2,0,0.0,0.6931471805599453,108825.0,54412.5,329.65999999999997
Liverpool,2025,334500,389250,Liverpool_334500_389250,10,4,0,4,6,0.0,0.9433483923290391,400425.0,18875.0,5026.41
Liverpool,2025,334500,389500,Liverpool_334500_389500,5,5,0,5,0,0.0,0.5004024235381879,37750.0,7900.0,291.22
Liverpool,2025,334500,389750,Liverpool_334500_389750,40,15,2,17,23,0.11764705882352941,1.0755089684665335,810550.0,11375.0,4712.400000000001
Liverpool,2025,334500,390000,Liverpool_334500_390000,123,72,0,72,51,0.0,1.022416451474727,12944025.0,73750.0,59354.17
Liverpool,2025,334500,390250,Liverpool_334500_390250,153,80,6,86,67,0.06976744186046512,0.7875201879298728,10177750.0,30500.0,74128.13
Liverpool,2025,334500,390500,Liverpool_334500_390500,41,26,2,28,13,0.07142857142857142,0.8464048670955636,1066670.0,19750.0,6513.48
Liverpool,2025,334500,390750,Liverpool_334500_390750,7,3,0,3,4,0.0,0.5982695885852573,163000.0,19750.0,728.45
Liverpool,2025,334500,391000,Liverpool_334500_391000,1,1,0,1,0,0.0,-0.0,9200.0,9200.0,62.8
Liverpool,2025,334500,392000,Liverpool_334500_392000,3,2,0,2,1,0.0,0.6365141682948128,19800.0,5900.0,348.85
Liverpool,2025,334500,392250,Liverpool_334500_392250,4,4,0,4,0,0.0,-0.0,17650.0,4375.0,391.82000000000005
Liverpool,2025,334500,393000,Liverpool_334500_393000,5,3,1,4,1,0.25,0.9502705392332347,11400.0,2875.0,344.41999999999996
Liverpool,2025,334500,393250,Liverpool_334500_393250,22,17,2,19,3,0.10526315789473684,0.18490739916777568,86550.0,2900.0,1917.54
Liverpool,2025,334500,393500,Liverpool_334500_393500,4,3,1,4,0,0.25,-0.0,10725.0,2237.5,170.42999999999998
Liverpool,2025,334500,394000,Liverpool_334500_394000,2,2,0,2,0,0.0,-0.0,51450.0,25725.0,481.5
Liverpool,2025,334750,388000,Liverpool_334750_388000,7,5,0,5,2,0.0,0.410116318288409,109650.0,11475.0,2434.1
Liverpool,2025,334750,388250,Liverpool_334750_388250,2,1,0,1,1,0.0,0.6931471805599453,27800.0,13900.0,199.75
Liverpool,2025,334750,388750,Liverpool_334750_388750,33,10,1,11,22,0.09090909090909091,0.9173733352977137,993200.0,7500.0,3029.96
Liverpool,2025,334750,389000,Liverpool_334750_389000,7,3,0,3,4,0.0,1.0789922078775833,240750.0,18750.0,862.62
Liverpool,2025,334750,389250,Liverpool_334750_389250,22,10,0,10,12,0.0,0.36764947740014225,194040.0,5600.0,2105.2499999999995
Liverpool,2025,334750,389500,Liverpool_334750_389500,1,1,0,1,0,0.0,-0.0,104000.0,104000.0,1329.7
Liverpool,2025,334750,389750,Liverpool_334750_389750,62,34,2,36,26,0.05555555555555555,0.6926267989248349,1860620.0,22000.0,6296.32
Liverpool,2025,334750,390000,Liverpool_334750_390000,124,68,1,69,55,0.014492753623188406,0.953100502073473,8906150.0,47875.0,50062.049999999996
Liverpool,2025,334750,390250,Liverpool_334750_390250,306,109,4,113,193,0.035398230088495575,0.41012015414598463,9645350.0,7500.0,56690.06999999999
Liverpool,2025,334750,390500,Liverpool_334750_390500,13,7,0,7,6,0.0,0.6901856760188042,561850.0,32125.0,1721.5299999999997
Liverpool,2025,334750,390750,Liverpool_334750_390750,3,1,0,1,2,0.0,0.6365141682948128,45850.0,17000.0,369.33
Liverpool,2025,334750,391500,Liverpool_334750_391500,1,0,0,0,1,,-0.0,9900.0,9900.0,57.27
Liverpool,2025,334750,391750,Liverpool_334750_391750,1,0,0,0,1,,-0.0,86000.0,86000.0,
Liverpool,2025,334750,392000,Liverpool_334750_392000,5,2,2,4,1,0.5,0.9502705392332347,21150.0,3850.0,258.8
Liverpool,2025,334750,392250,Liverpool_334750_392250,28,17,2,19,9,0.10526315789473684,0.8554856032334106,2106050.0,22250.0,11506.6
Liverpool,2025,334750,392500,Liverpool_334750_392500,1,0,0,0,1,,-0.0,1750.0,1750.0,
Liverpool,2025,334750,392750,Liverpool_334750_392750,1,1,0,1,0,0.0,-0.0,4900.0,4900.0,50.54
Liverpool,2025,334750,393000,Liverpool_334750_393000,2,1,0,1,1,0.0,-0.0,6750.0,3375.0,92.6
Liverpool,2025,334750,393250,Liverpool_334750_393250,2,1,0,1,1,0.0,-0.0,4700.0,2350.0,75.5
Liverpool,2025,334750,393500,Liverpool_334750_393500,3,0,2,2,1,1.0,-0.0,4000.0,1600.0,181.8
Liverpool,2025,334750,394250,Liverpool_334750_394250,5,3,1,4,1,0.25,0.9502705392332347,14900.0,1750.0,430.44000000000005
Liverpool,2025,335000,387750,Liverpool_335000_387750,6,5,0,5,1,0.0,-0.0,444250.0,24625.0,4386.489999999999
Liverpool,2025,335000,388500,Liverpool_335000_388500,4,3,0,3,1,0.0,-0.0,21050.0,4300.0,201.77
Liverpool,2025,335000,388750,Liverpool_335000_388750,55,2,0,2,53,0.0,0.4202264881519371,347850.0,7000.0,4412.480000000002
Liverpool,2025,335000,389000,Liverpool_335000_389000,11,4,1,5,6,0.2,0.7595473914748635,77625.0,6100.0,611.9100000000001
Liverpool,2025,335000,389500,Liverpool_335000_389500,37,21,2,23,14,0.08695652173913043,0.689856498589211,477650.0,12250.0,5775.33
Liverpool,2025,335000,389750,Liverpool_335000_389750,107,45,8,53,54,0.1509433962264151,0.8496613332306362,3320250.0,29625.0,11527.369999999999
Liverpool,2025,335000,390000,Liverpool_335000_390000,108,41,6,47,61,0.1276595744680851,0.8882855395054091,3127400.0,23750.0,21497.479999999996
Liverpool,2025,335000,390250,Liverpool_335000_390250,23,14,0,14,9,0.0,1.0554634988850375,974950.0,21500.0,4830.98
Liverpool,2025,335000,390500,Liverpool_335000_390500,57,31,6,37,20,0.16216216216216217,0.899220111650283,1432100.0,9650.0,51204.03
Liverpool,2025,335000,390750,Liverpool_335000_390750,5,3,0,3,2,0.0,0.9502705392332347,91800.0,12000.0,1115.1100000000001
Liverpool,2025,335000,391000,Liverpool_335000_391000,3,1,0,1,2,0.0,0.6365141682948128,73750.0,28250.0,4610.86
Liverpool,2025,335000,391750,Liverpool_335000_391750,6,4,0,4,2,0.0,0.8675632284814612,47800.0,4375.0,983.16
Liverpool,2025,335000,392000,Liverpool_335000_392000,2,2,0,2,0,0.0,-0.0,385000.0,192500.0,4828.27
Liverpool,2025,335000,393000,Liverpool_335000_393000,9,6,0,6,3,0.0,-0.0,55700.0,3350.0,1667.0600000000002
Liverpool,2025,335000,393500,Liverpool_335000_393500,1,1,0,1,0,0.0,-0.0,2750.0,2750.0,
Liverpool,2025,335000,393750,Liverpool_335000_393750,1,1,0,1,0,0.0,-0.0,2000.0,2000.0,
Liverpool,2025,335000,394000,Liverpool_335000_394000,1,1,0,1,0,0.0,-0.0,6600.0,6600.0,95.4
Liverpool,2025,335000,394250,Liverpool_335000_394250,7,6,0,6,1,0.0,0.410116318288409,52375.0,3700.0,2078.3999999999996
Liverpool,2025,335250,387250,Liverpool_335250_387250,1,1,0,1,0,0.0,-0.0,132000.0,132000.0,1476.53
Liverpool,2025,335250,387500,Liverpool_335250_387500,7,1,0,1,6,0.0,0.410116318288409,122750.0,14000.0,1593.6299999999999
Liverpool,2025,335250,387750,Liverpool_335250_387750,1,1,0,1,0,0.0,-0.0,6500.0,6500.0,59.1
Liverpool,2025,335250,388250,Liverpool_335250_388250,1,1,0,1,0,0.0,-0.0,1700.0,1700.0,
Liverpool,2025,335250,388500,Liverpool_335250_388500,7,4,0,4,3,0.0,-0.0,46200.0,6400.0,685.3999999999999
Liverpool,2025,335250,388750,Liverpool_335250_388750,1,0,1,1,0,1.0,-0.0,0.0,0.0,
Liverpool,2025,335250,389000,Liverpool_335250_389000,2,2,0,2,0,0.0,-0.0,30500.0,15250.0,366.01
Liverpool,2025,335250,389500,Liverpool_335250_389500,6,3,0,3,3,0.0,0.8675632284814612,77250.0,9775.0,321.04999999999995
Liverpool,2025,335250,389750,Liverpool_335250_389750,51,31,1,32,19,0.03125,0.8728201262842118,1083250.0,13875.0,4303.67
Liverpool,2025,335250,390000,Liverpool_335250_390000,22,11,0,11,11,0.0,0.6554817739013927,351700.0,13000.0,2399.2599999999998
Liverpool,2025,335250,390500,Liverpool_335250_390500,23,13,1,14,9,0.07142857142857142,0.7301668894884847,258250.0,9700.0,3200.83
Liverpool,2025,335250,390750,Liverpool_335250_390750,35,24,0,24,11,0.0,0.5458692524645854,743450.0,13250.0,18847.61
Liverpool,2025,335250,391250,Liverpool_335250_391250,3,0,0,0,3,,-0.0,10050.0,3500.0,218.00000000000003
Liverpool,2025,335250,391500,Liverpool_335250_391500,3,2,0,2,1,0.0,1.0986122886681096,22400.0,7700.0,670.44
Liverpool,2025,335250,392000,Liverpool_335250_392000,1,1,0,1,0,0.0,-0.0,1475.0,1475.0,19.8
Liverpool,2025,335250,392750,Liverpool_335250_392750,3,2,0,2,1,0.0,0.6365141682948128,10725.0,2250.0,148.5
Liverpool,2025,335250,393000,Liverpool_335250_393000,2,0,0,0,2,,0.6931471805599453,10600.0,5300.0,67.75
Liverpool,2025,335250,393250,Liverpool_335250_393250,10,6,0,6,4,0.0,0.5004024235381879,34825.0,2925.0,690.7
Liverpool,2025,335250,393500,Liverpool_335250_393500,11,7,1,8,3,0.125,0.47413931305783735,79200.0,6000.0,1428.8000000000002
Liverpool,2025,335250,393750,Liverpool_335250_393750,28,18,1,19,9,0.05263157894736842,0.410116318288409,211375.0,3525.0,3656.3500000000004
Liverpool,2025,335250,394000,Liverpool_335250_394000,5,3,0,3,2,0.0,0.9502705392332347,21750.0,2750.0,268.59999999999997
Liverpool,2025,335250,394250,Liverpool_335250_394250,8,6,0,6,2,0.0,0.37677016125643675,34175.0,3100.0,803.17
Liverpool,2025,335250,394750,Liverpool_335250_394750,1,1,0,1,0,0.0,-0.0,1850.0,1850.0,77.3
Liverpool,2025,335250,396500,Liverpool_335250_396500,1,1,0,1,0,0.0,-0.0,4200.0,4200.0,16.2
Liverpool,2025,335500,387250,Liverpool_335500_387250,1,1,0,1,0,0.0,-0.0,146000.0,146000.0,1782.49
Liverpool,2025,335500,387500,Liverpool_335500_387500,1,0,0,0,1,,-0.0,1325.0,1325.0,32.61
Liverpool,2025,335500,387750,Liverpool_335500_387750,2,2,0,2,0,0.0,-0.0,14200.0,7100.0,113.62
Liverpool,2025,335500,388000,Liverpool_335500_388000,7,5,1,6,1,0.16666666666666666,-0.0,26450.0,3100.0,277.59999999999997
Liverpool,2025,335500,388250,Liverpool_335500_388250,4,3,0,3,1,0.0,0.5623351446188083,17050.0,3450.0,228.6
Liverpool,2025,335500,388500,Liverpool_335500_388500,1,1,0,1,0,0.0,-0.0,4700.0,4700.0,57.2
Liverpool,2025,335500,389000,Liverpool_335500_389000,7,5,0,5,2,0.0,0.410116318288409,43650.0,5400.0,648.8
Liverpool,2025,335500,389250,Liverpool_335500_389250,1,1,0,1,0,0.0,-0.0,4600.0,4600.0,41.7
Liverpool,2025,335500,389500,Liverpool_335500_389500,11,5,1,6,5,0.16666666666666666,0.6554817739013927,280050.0,32000.0,1944.43
Liverpool,2025,335500,389750,Liverpool_335500_389750,22,11,0,11,11,0.0,0.7088329479943613,651550.0,24750.0,2237.44
Liverpool,2025,335500,390000,Liverpool_335500_390000,5,1,0,1,4,0.0,0.9502705392332347,52050.0,13400.0,148.6
Liverpool,2025,335500,390250,Liverpool_335500_390250,5,5,0,5,0,0.0,-0.0,141000.0,19000.0,750.3399999999999
Liverpool,2025,335500,390500,Liverpool_335500_390500,22,12,1,13,9,0.07692307692307693,0.48510450039094044,221200.0,7800.0,2738.62
Liverpool,2025,335500,390750,Liverpool_335500_390750,25,9,0,9,16,0.0,1.208132104199607,386350.0,11000.0,8411.170000000002
Liverpool,2025,335500,391500,Liverpool_335500_391500,1,1,0,1,0,0.0,-0.0,22000.0,22000.0,149.9
Liverpool,2025,335500,391750,Liverpool_335500_391750,1,1,0,1,0,0.0,-0.0,12500.0,12500.0,
Liverpool,2025,335500,392000,Liverpool_335500_392000,1,1,0,1,0,0.0,-0.0,29750.0,29750.0,295.51
Liverpool,2025,335500,392250,Liverpool_335500_392250,1,1,0,1,0,0.0,-0.0,4500.0,4500.0,
Liverpool,2025,335500,392500,Liverpool_335500_392500,1,1,0,1,0,0.0,-0.0,66000.0,66000.0,109.39
Liverpool,2025,335500,393000,Liverpool_335500_393000,2,1,0,1,1,0.0,0.6931471805599453,11850.0,5925.0,14.6
Liverpool,2025,335500,393500,Liverpool_335500_393500,8,6,0,6,2,0.0,1.0821955300387673,349650.0,16625.0,3101.73
Liverpool,2025,335500,393750,Liverpool_335500_393750,45,26,0,26,19,0.0,0.5808903592102728,388500.0,5050.0,4754.139999999999
Liverpool,2025,335500,394000,Liverpool_335500_394000,60,41,0,41,19,0.0,0.374745997055006,598250.0,6050.0,10098.02
Liverpool,2025,335500,394250,Liverpool_335500_394250,32,18,2,20,12,0.1,0.7343806706964617,496850.0,4400.0,5456.59
Liverpool,2025,335500,394500,Liverpool_335500_394500,39,25,1,26,13,0.038461538461538464,0.11924692639624491,216100.0,3900.0,3309.270000000001
Liverpool,2025,335500,394750,Liverpool_335500_394750,6,4,1,5,1,0.2,0.45056120886630463,22350.0,3475.0,354.5
Liverpool,2025,335500,395000,Liverpool_335500_395000,1,0,0,0,1,,-0.0,2150.0,2150.0,24.1
Liverpool,2025,335500,396500,Liverpool_335500_396500,24,14,1,15,9,0.06666666666666667,0.3445982481028228,96675.0,3025.0,1437.6999999999998
Liverpool,2025,335750,386750,Liverpool_335750_386750,2,1,0,1,1,0.0,-0.0,138750.0,69375.0,940.9
Liverpool,2025,335750,387250,Liverpool_335750_387250,5,2,0,2,3,0.0,0.6730116670092565,11800.0,2650.0,121.0
Liverpool,2025,335750,387500,Liverpool_335750_387500,14,8,1,9,5,0.1111111111111111,0.25731864054383163,71300.0,4575.0,771.1
Liverpool,2025,335750,387750,Liverpool_335750_387750,33,24,0,24,9,0.0,0.6580309975500831,1740525.0,6800.0,13016.609999999997
Liverpool,2025,335750,388000,Liverpool_335750_388000,15,7,0,7,8,0.0,0.48509409130221154,84400.0,5600.0,1207.26
Liverpool,2025,335750,388250,Liverpool_335750_388250,1,0,0,0,1,,-0.0,2000.0,2000.0,
Liverpool,2025,335750,388500,Liverpool_335750_388500,17,14,0,14,3,0.0,0.22371807606583377,66825.0,3825.0,1005.6199999999999
Liverpool,2025,335750,389000,Liverpool_335750_389000,5,2,1,3,2,0.3333333333333333,0.6730116670092565,34150.0,5800.0,480.69
Liverpool,2025,335750,389250,Liverpool_335750_389250,1,1,0,1,0,0.0,-0.0,19250.0,19250.0,
Liverpool,2025,335750,389500,Liverpool_335750_389500,16,6,0,6,10,0.0,0.8222653373287878,337850.0,15375.0,2095.62
Liverpool,2025,335750,389750,Liverpool_335750_389750,10,6,0,6,4,0.0,1.0296530140645737,319000.0,33875.0,1662.7199999999998
Liverpool,2025,335750,390000,Liverpool_335750_390000,5,1,0,1,4,0.0,1.0549201679861442,40650.0,9600.0,879.51
Liverpool,2025,335750,390250,Liverpool_335750_390250,4,2,0,2,2,0.0,0.5623351446188083,70750.0,17750.0,837.5
Liverpool,2025,335750,390750,Liverpool_335750_390750,17,10,0,10,7,0.0,1.006214565944081,219200.0,8700.0,1733.1200000000001
Liverpool,2025,335750,391000,Liverpool_335750_391000,1,1,0,1,0,0.0,-0.0,74500.0,74500.0,931.4
Liverpool,2025,335750,391250,Liverpool_335750_391250,1,1,0,1,0,0.0,-0.0,45000.0,45000.0,81.2
Liverpool,2025,335750,392250,Liverpool_335750_392250,1,0,0,0,1,,-0.0,7000.0,7000.0,
Liverpool,2025,335750,392750,Liverpool_335750_392750,5,3,1,4,1,0.25,-0.0,16900.0,2650.0,379.5
Liverpool,2025,335750,393000,Liverpool_335750_393000,9,5,0,5,4,0.0,0.8486855577264172,38450.0,3300.0,586.6
Liverpool,2025,335750,393250,Liverpool_335750_393250,1,1,0,1,0,0.0,-0.0,28750.0,28750.0,604.0
Liverpool,2025,335750,393500,Liverpool_335750_393500,3,1,0,1,2,0.0,0.6365141682948128,68000.0,34000.0,1100.6
Liverpool,2025,335750,393750,Liverpool_335750_393750,6,2,2,4,2,0.5,0.45056120886630463,18725.0,1737.5,169.60000000000002
Liverpool,2025,335750,394000,Liverpool_335750_394000,21,15,1,16,5,0.0625,0.5670609309552819,81925.0,2850.0,1557.3100000000002
Liverpool,2025,335750,394250,Liverpool_335750_394250,5,4,0,4,1,0.0,-0.0,13425.0,2450.0,297.6
Liverpool,2025,335750,394500,Liverpool_335750_394500,48,32,2,34,14,0.058823529411764705,0.2020863392725082,302525.0,4150.0,4136.709999999999
Liverpool,2025,335750,394750,Liverpool_335750_394750,11,7,1,8,3,0.125,0.30463609734923813,49675.0,3900.0,974.83
Liverpool,2025,335750,395000,Liverpool_335750_395000,21,11,1,12,9,0.08333333333333333,0.6680178186607535,166900.0,4250.0,2204.7099999999996
Liverpool,2025,335750,395500,Liverpool_335750_395500,1,1,0,1,0,0.0,-0.0,312500.0,312500.0,1740.63
Liverpool,2025,335750,396500,Liverpool_335750_396500,31,19,0,19,12,0.0,0.28393626675586414,118400.0,3550.0,1877.5600000000002
Liverpool,2025,335750,396750,Liverpool_335750_396750,10,6,0,6,4,0.0,0.9404479886553263,53450.0,3500.0,868.06
Liverpool,2025,336000,387750,Liverpool_336000_387750,11,8,0,8,3,0.0,0.30463609734923813,53700.0,4850.0,734.38
Liverpool,2025,336000,388000,Liverpool_336000_388000,5,2,1,3,2,0.3333333333333333,0.5004024235381879,12475.0,3000.0,139.8
Liverpool,2025,336000,388250,Liverpool_336000_388250,20,11,0,11,9,0.0,0.3250829733914482,73800.0,4025.0,1182.37
Liverpool,2025,336000,389000,Liverpool_336000_389000,1,0,1,1,0,1.0,-0.0,,,26.9
Liverpool,2025,336000,389250,Liverpool_336000_389250,2,1,1,2,0,0.5,0.6931471805599453,1500.0,1500.0,122.9
Liverpool,2025,336000,389500,Liverpool_336000_389500,1,1,0,1,0,0.0,-0.0,27750.0,27750.0,87.9
Liverpool,2025,336000,389750,Liverpool_336000_389750,3,3,0,3,0,0.0,-0.0,72750.0,20250.0,300.86
Liverpool,2025,336000,390000,Liverpool_336000_390000,1,1,0,1,0,0.0,-0.0,1250.0,1250.0,
Liverpool,2025,336000,390250,Liverpool_336000_390250,2,1,0,1,1,0.0,-0.0,11000.0,11000.0,145.5
Liverpool,2025,336000,390750,Liverpool_336000_390750,3,2,0,2,1,0.0,0.6365141682948128,78700.0,19500.0,563.97
Liverpool,2025,336000,391250,Liverpool_336000_391250,1,1,0,1,0,0.0,-0.0,26500.0,26500.0,912.7
Liverpool,2025,336000,392000,Liverpool_336000_392000,3,0,1,1,2,1.0,1.0986122886681096,15100.0,5100.0,236.21
Liverpool,2025,336000,392250,Liverpool_336000_392250,17,10,0,10,7,0.0,0.4437572842601484,66075.0,2900.0,1062.17
Liverpool,2025,336000,392500,Liverpool_336000_392500,1,1,0,1,0,0.0,-0.0,3750.0,3750.0,108.4
Liverpool,2025,336000,392750,Liverpool_336000_392750,7,3,1,4,3,0.25,0.5982695885852573,25300.0,3750.0,419.77
Liverpool,2025,336000,393000,Liverpool_336000_393000,3,1,1,2,1,0.5,0.6365141682948128,14400.0,2950.0,144.3
Liverpool,2025,336000,393250,Liverpool_336000_393250,1,1,0,1,0,0.0,-0.0,19000.0,19000.0,
Liverpool,2025,336000,393750,Liverpool_336000_393750,1,1,0,1,0,0.0,-0.0,3050.0,3050.0,28.0
Liverpool,2025,336000,394250,Liverpool_336000_394250,1,0,1,1,0,1.0,-0.0,2150.0,2150.0,25.3
Liverpool,2025,336000,394500,Liverpool_336000_394500,4,1,0,1,3,0.0,0.5623351446188083,10700.0,2550.0,99.6
Liverpool,2025,336000,394750,Liverpool_336000_394750,1,0,1,1,0,1.0,-0.0,0.0,0.0,
Liverpool,2025,336000,395250,Liverpool_336000_395250,3,1,0,1,2,0.0,0.6365141682948128,1572500.0,15500.0,10846.21
Liverpool,2025,336000,395500,Liverpool_336000_395500,28,14,1,15,13,0.06666666666666667,0.40869772507431423,98650.0,3250.0,1774.46
Liverpool,2025,336000,395750,Liverpool_336000_395750,15,9,0,9,6,0.0,1.0437570363314086,173950.0,7500.0,2889.7999999999997
Liverpool,2025,336000,396000,Liverpool_336000_396000,2,1,0,1,1,0.0,0.6931471805599453,82950.0,41475.0,365.2
Liverpool,2025,336000,396250,Liverpool_336000_396250,22,13,0,13,9,0.0,0.18490739916777568,118500.0,4975.0,1365.4499999999998
Liverpool,2025,336000,396500,Liverpool_336000_396500,19,12,0,12,7,0.0,-0.0,80375.0,3350.0,1170.93
Liverpool,2025,336000,396750,Liverpool_336000_396750,2,1,0,1,1,0.0,-0.0,7625.0,3812.5,288.61
Liverpool,2025,336250,387250,Liverpool_336250_387250,5,3,0,3,2,0.0,-0.0,15600.0,2900.0,172.2
Liverpool,2025,336250,387500,Liverpool_336250_387500,1,0,0,0,1,,-0.0,28250.0,28250.0,82.1
Liverpool,2025,336250,388000,Liverpool_336250_388000,1,0,0,0,1,,-0.0,9000.0,9000.0,
Liverpool,2025,336250,388250,Liverpool_336250_388250,4,2,0,2,2,0.0,-0.0,11700.0,3850.0,250.51
Liverpool,2025,336250,388750,Liverpool_336250_388750,11,5,0,5,6,0.0,-0.0,43950.0,3550.0,520.7700000000001
Liverpool,2025,336250,389000,Liverpool_336250_389000,13,5,0,5,8,0.0,-0.0,68250.0,5350.0,927.1500000000002
Liverpool,2025,336250,390500,Liverpool_336250_390500,2,2,0,2,0,0.0,-0.0,4400.0,2200.0,48.6
Liverpool,2025,336250,390750,Liverpool_336250_390750,15,10,2,12,3,0.16666666666666666,0.7201248812718097,53300.0,3375.0,939.99
Liverpool,2025,336250,391000,Liverpool_336250_391000,4,2,0,2,2,0.0,0.5623351446188083,37650.0,7900.0,1422.24
Liverpool,2025,336250,391250,Liverpool_336250_391250,2,2,0,2,0,0.0,0.6931471805599453,13750.0,6875.0,301.4
Liverpool,2025,336250,391500,Liverpool_336250_391500,1,1,0,1,0,0.0,-0.0,4200.0,4200.0,44.4
Liverpool,2025,336250,392000,Liverpool_336250_392000,63,42,1,43,20,0.023255813953488372,0.730573357157364,1509950.0,6000.0,16788.88
Liverpool,2025,336250,392250,Liverpool_336250_392250,4,3,0,3,1,0.0,0.6931471805599453,13325.0,2650.0,160.03
Liverpool,2025,336250,392500,Liverpool_336250_392500,30,20,3,23,7,0.13043478260869565,0.39267446722755217,84075.0,2300.0,1725.8500000000001
Liverpool,2025,336250,392750,Liverpool_336250_392750,12,8,0,8,4,0.0,0.887694275799104,166375.0,4425.0,681.53
Liverpool,2025,336250,394250,Liverpool_336250_394250,1,1,0,1,0,0.0,-0.0,1500.0,1500.0,17.7
Liverpool,2025,336250,394500,Liverpool_336250_394500,27,14,2,16,11,0.125,0.5735160760972796,115125.0,3850.0,1790.3
Liverpool,2025,336250,395500,Liverpool_336250_395500,3,2,0,2,1,0.0,-0.0,10100.0,3750.0,164.54000000000002
Liverpool,2025,336250,396250,Liverpool_336250_396250,5,3,1,4,1,0.25,-0.0,28500.0,5400.0,456.29999999999995
Liverpool,2025,336250,396500,Liverpool_336250_396500,58,38,0,38,20,0.0,0.2897365384692617,538400.0,6800.0,7654.43
Liverpool,2025,336250,396750,Liverpool_336250_396750,35,26,0,26,9,0.0,-0.0,303625.0,8800.0,4859.299999999998
Liverpool,2025,336500,387250,Liverpool_336500_387250,22,20,0,20,2,0.0,-0.0,151200.0,6100.0,1425.1999999999996
Liverpool,2025,336500,387500,Liverpool_336500_387500,2,1,0,1,1,0.0,0.6931471805599453,122500.0,61250.0,375.0
Liverpool,2025,336500,389000,Liverpool_336500_389000,1,0,0,0,1,,-0.0,3350.0,3350.0,37.3
Liverpool,2025,336500,389250,Liverpool_336500_389250,4,4,0,4,0,0.0,-0.0,27950.0,7200.0,321.45000000000005
Liverpool,2025,336500,390000,Liverpool_336500_390000,5,2,2,4,1,0.5,0.9502705392332347,260750.0,7000.0,11571.019999999999
Liverpool,2025,336500,390250,Liverpool_336500_390250,14,8,0,8,6,0.0,1.060944240790747,924450.0,10750.0,9862.619999999999
Liverpool,2025,336500,390750,Liverpool_336500_390750,5,4,0,4,1,0.0,-0.0,21950.0,3050.0,412.5
Liverpool,2025,336500,391250,Liverpool_336500_391250,2,2,0,2,0,0.0,0.6931471805599453,11800.0,5900.0,105.92
Liverpool,2025,336500,391500,Liverpool_336500_391500,4,4,0,4,0,0.0,-0.0,43600.0,11250.0,1151.58
Liverpool,2025,336500,392000,Liverpool_336500_392000,2,1,0,1,1,0.0,0.6931471805599453,10750.0,5375.0,220.70999999999998
Liverpool,2025,336500,392250,Liverpool_336500_392250,57,36,1,37,20,0.02702702702702703,0.3897659680367606,232235.0,3400.0,4420.79
Liverpool,2025,336500,392500,Liverpool_336500_392500,1,1,0,1,0,0.0,-0.0,2000.0,2000.0,
Liverpool,2025,336500,392750,Liverpool_336500_392750,6,5,1,6,0,0.16666666666666666,0.45056120886630463,27875.0,3700.0,446.44
Liverpool,2025,336500,394250,Liverpool_336500_394250,5,1,0,1,4,0.0,-0.0,29250.0,5200.0,799.1
Liverpool,2025,336500,394500,Liverpool_336500_394500,1,0,0,0,1,,-0.0,3150.0,3150.0,29.5
Liverpool,2025,336500,395500,Liverpool_336500_395500,1,1,0,1,0,0.0,-0.0,2250.0,2250.0,37.4
Liverpool,2025,336500,396750,Liverpool_336500_396750,36,23,2,25,11,0.08,0.8232369419797262,277475.0,4375.0,4207.93
Liverpool,2025,336500,397000,Liverpool_336500_397000,2,0,1,1,1,1.0,0.6931471805599453,13600.0,6800.0,497.1
Liverpool,2025,336500,397250,Liverpool_336500_397250,15,13,0,13,2,0.0,-0.0,54950.0,3450.0,1157.07
Liverpool,2025,336500,397500,Liverpool_336500_397500,20,11,2,13,7,0.15384615384615385,0.42270908780599087,118050.0,3625.0,1406.4099999999999
Liverpool,2025,336750,387000,Liverpool_336750_387000,1,0,0,0,1,,-0.0,3500.0,3500.0,
Liverpool,2025,336750,387250,Liverpool_336750_387250,37,32,0,32,5,0.0,0.12425083738963087,279600.0,7000.0,2670.63
Liverpool,2025,336750,388750,Liverpool_336750_388750,15,12,0,12,3,0.0,0.24493002679463532,72050.0,4650.0,1071.08
Liverpool,2025,336750,389000,Liverpool_336750_389000,61,28,1,29,32,0.034482758620689655,0.16702617252679575,370950.0,4400.0,4092.5499999999997
Liverpool,2025,336750,389250,Liverpool_336750_389250,11,6,0,6,5,0.0,1.0335620542068176,269800.0,6900.0,3141.04
Liverpool,2025,336750,389500,Liverpool_336750_389500,6,4,0,4,2,0.0,-0.0,37200.0,7600.0,957.49
Liverpool,2025,336750,390000,Liverpool_336750_390000,1,1,0,1,0,0.0,-0.0,9400.0,9400.0,214.48
Liverpool,2025,336750,390500,Liverpool_336750_390500,2,2,0,2,0,0.0,-0.0,56850.0,28425.0,147.99
Liverpool,2025,336750,390750,Liverpool_336750_390750,5,3,1,4,1,0.25,1.0549201679861442,23100.0,4000.0,408.59999999999997
Liverpool,2025,336750,391000,Liverpool_336750_391000,30,26,1,27,3,0.037037037037037035,0.1461447460085638,124000.0,3650.0,2337.77
Liverpool,2025,336750,391250,Liverpool_336750_391250,8,3,1,4,4,0.25,0.7356219397587946,36025.0,2400.0,1009.05
Liverpool,2025,336750,391500,Liverpool_336750_391500,1,0,0,0,1,,-0.0,3350.0,3350.0,45.2
Liverpool,2025,336750,392000,Liverpool_336750_392000,2,2,0,2,0,0.0,-0.0,15600.0,7800.0,395.02
Liverpool,2025,336750,392250,Liverpool_336750_392250,1,1,0,1,0,0.0,-0.0,4200.0,4200.0,85.05
Liverpool,2025,336750,392500,Liverpool_336750_392500,31,20,3,23,8,0.13043478260869565,0.3795349255810947,144025.0,3300.0,2302.6600000000003
Liverpool,2025,336750,392750,Liverpool_336750_392750,25,18,0,18,7,0.0,0.33422114621338295,146725.0,3900.0,3466.8100000000004
Liverpool,2025,336750,393000,Liverpool_336750_393000,27,19,0,19,8,0.0,0.15841057013179086,135300.0,4150.0,2393.42
Liverpool,2025,336750,393500,Liverpool_336750_393500,25,15,0,15,10,0.0,0.33422114621338295,138950.0,3600.0,2646.42
Liverpool,2025,336750,394000,Liverpool_336750_394000,3,1,0,1,2,0.0,-0.0,9725.0,1725.0,152.07999999999998
Liverpool,2025,336750,394250,Liverpool_336750_394250,18,15,1,16,2,0.0625,0.42584844923858145,93325.0,4050.0,1465.48
Liverpool,2025,336750,394500,Liverpool_336750_394500,6,3,1,4,2,0.25,0.45056120886630463,25250.0,4500.0,376.5
Liverpool,2025,336750,396250,Liverpool_336750_396250,9,3,1,4,5,0.25,0.9649629230074277,199700.0,29875.0,10802.25
Liverpool,2025,336750,396750,Liverpool_336750_396750,17,11,0,11,6,0.0,0.22371807606583377,72125.0,3000.0,1244.56
Liverpool,2025,336750,397000,Liverpool_336750_397000,1,1,0,1,0,0.0,-0.0,5600.0,5600.0,140.8
Liverpool,2025,336750,397250,Liverpool_336750_397250,1,0,1,1,0,1.0,-0.0,2275.0,2275.0,43.2
Liverpool,2025,336750,397500,Liverpool_336750_397500,1,1,0,1,0,0.0,-0.0,13500.0,13500.0,174.98
Liverpool,2025,337000,387000,Liverpool_337000_387000,16,14,0,14,2,0.0,0.6019239717322894,280425.0,9400.0,3610.0299999999993
Liverpool,2025,337000,387250,Liverpool_337000_387250,15,9,0,9,6,0.0,0.6730116670092565,368350.0,24250.0,1663.9199999999998
Liverpool,2025,337000,387500,Liverpool_337000_387500,28,19,0,19,9,0.0,0.627941588739906,488950.0,10625.0,2816.1600000000003
Liverpool,2025,337000,388500,Liverpool_337000_388500,1,1,0,1,0,0.0,-0.0,3250.0,3250.0,69.5
Liverpool,2025,337000,388750,Liverpool_337000_388750,2,1,0,1,1,0.0,-0.0,10400.0,5200.0,266.31
Liverpool,2025,337000,389250,Liverpool_337000_389250,18,11,0,11,7,0.0,0.34883209584303193,112450.0,4625.0,1986.5400000000002
Liverpool,2025,337000,389500,Liverpool_337000_389500,1,1,0,1,0,0.0,-0.0,16250.0,16250.0,65.7
Liverpool,2025,337000,389750,Liverpool_337000_389750,2,2,0,2,0,0.0,0.6931471805599453,21750.0,10875.0,652.5999999999999
Liverpool,2025,337000,390000,Liverpool_337000_390000,4,3,0,3,1,0.0,1.0397207708399179,137550.0,9800.0,1176.01
Liverpool,2025,337000,390250,Liverpool_337000_390250,4,3,0,3,1,0.0,-0.0,14200.0,3700.0,144.3
Liverpool,2025,337000,390500,Liverpool_337000_390500,21,14,1,15,6,0.06666666666666667,0.19144408195771734,86000.0,3750.0,1176.71
Liverpool,2025,337000,390750,Liverpool_337000_390750,13,7,0,7,6,0.0,0.9251290835720823,406800.0,7600.0,3137.8300000000004
Liverpool,2025,337000,391000,Liverpool_337000_391000,19,14,0,14,5,0.0,0.40945861869508926,120650.0,4650.0,2632.31
Liverpool,2025,337000,391250,Liverpool_337000_391250,2,2,0,2,0,0.0,-0.0,19450.0,9725.0,267.4
Liverpool,2025,337000,391500,Liverpool_337000_391500,8,4,0,4,4,0.0,0.7356219397587946,42875.0,4550.0,513.0600000000001
Liverpool,2025,337000,392000,Liverpool_337000_392000,8,6,0,6,2,0.0,0.9743147528693494,203425.0,4850.0,5129.51
Liverpool,2025,337000,392500,Liverpool_337000_392500,1,1,0,1,0,0.0,-0.0,2550.0,2550.0,21.7
Liverpool,2025,337000,392750,Liverpool_337000_392750,25,13,0,13,12,0.0,0.703843328477728,246875.0,6300.0,3543.8400000000006
Liverpool,2025,337000,396250,Liverpool_337000_396250,2,1,1,2,0,0.5,-0.0,54500.0,27250.0,1622.5800000000002
Liverpool,2025,337000,397000,Liverpool_337000_397000,22,12,1,13,9,0.07692307692307693,0.5763820666248933,107250.0,3450.0,1460.19
Liverpool,2025,337000,397500,Liverpool_337000_397500,2,1,0,1,1,0.0,-0.0,7800.0,3900.0,103.9
Liverpool,2025,337250,387500,Liverpool_337250_387500,16,8,0,8,8,0.0,1.0609581504393426,449650.0,17500.0,1977.0999999999997
Liverpool,2025,337250,389000,Liverpool_337250_389000,12,8,1,9,3,0.1111111111111111,0.2868359830561607,46950.0,3550.0,566.48
Liverpool,2025,337250,389250,Liverpool_337250_389250,15,7,0,7,8,0.0,0.24493002679463532,86850.0,4550.0,1212.33
Liverpool,2025,337250,389500,Liverpool_337250_389500,2,2,0,2,0,0.0,0.6931471805599453,20250.0,10125.0,53.7
Liverpool,2025,337250,390500,Liverpool_337250_390500,1,0,1,1,0,1.0,-0.0,3750.0,3750.0,42.4
Liverpool,2025,337250,391000,Liverpool_337250_391000,29,22,0,22,7,0.0,0.4967963698504464,315150.0,7400.0,3248.4100000000003
Liverpool,2025,337250,392000,Liverpool_337250_392000,22,15,1,16,6,0.0625,-0.0,81500.0,3600.0,1177.49
Liverpool,2025,337250,392250,Liverpool_337250_392250,10,5,0,5,5,0.0,0.3250829733914482,33800.0,2975.0,418.26
Liverpool,2025,337250,392750,Liverpool_337250_392750,7,4,0,4,3,0.0,0.7963116401738131,39775.0,5075.0,717.2
Liverpool,2025,337250,393000,Liverpool_337250_393000,3,1,1,2,1,0.5,0.6365141682948128,14850.0,4150.0,150.3
Liverpool,2025,337250,393750,Liverpool_337250_393750,10,3,0,3,7,0.0,0.3250829733914482,50275.0,4300.0,813.9599999999999
Liverpool,2025,337250,394750,Liverpool_337250_394750,1,0,1,1,0,1.0,-0.0,1150.0,1150.0,17.44
Liverpool,2025,337250,395250,Liverpool_337250_395250,7,5,0,5,2,0.0,0.5982695885852573,523500.0,24500.0,12189.19
Liverpool,2025,337250,395750,Liverpool_337250_395750,4,0,1,1,3,1.0,0.5623351446188083,15450.0,4500.0,666.75
Liverpool,2025,337250,396000,Liverpool_337250_396000,2,2,0,2,0,0.0,-0.0,48300.0,24150.0,2247.65
Liverpool,2025,337250,396500,Liverpool_337250_396500,2,2,0,2,0,0.0,-0.0,95000.0,47500.0,3524.59
Liverpool,2025,337250,397000,Liverpool_337250_397000,7,5,0,5,2,0.0,-0.0,18350.0,3075.0,520.38
Liverpool,2025,337500,386250,Liverpool_337500_386250,1,1,0,1,0,0.0,-0.0,26250.0,26250.0,41.7
Liverpool,2025,337500,386750,Liverpool_337500_386750,15,11,0,11,4,0.0,0.24493002679463532,94900.0,6000.0,606.96
Liverpool,2025,337500,389000,Liverpool_337500_389000,11,9,1,10,1,0.1,-0.0,64600.0,3550.0,929.43
Liverpool,2025,337500,389250,Liverpool_337500_389250,8,2,2,4,4,0.5,-0.0,50275.0,6750.0,1206.03
Liverpool,2025,337500,389500,Liverpool_337500_389500,1,1,0,1,0,0.0,-0.0,2425.0,2425.0,22.2
Liverpool,2025,337500,390250,Liverpool_337500_390250,11,7,1,8,3,0.125,-0.0,77350.0,7000.0,1684.3999999999999
Liverpool,2025,337500,391000,Liverpool_337500_391000,36,28,4,32,4,0.125,0.4643566259363562,183025.0,3950.0,3171.0299999999997
Liverpool,2025,337500,391250,Liverpool_337500_391250,1,1,0,1,0,0.0,-0.0,4500.0,4500.0,48.7
Liverpool,2025,337500,392000,Liverpool_337500_392000,8,5,1,6,2,0.16666666666666666,-0.0,30550.0,3750.0,631.1099999999999
Liverpool,2025,337500,392250,Liverpool_337500_392250,8,5,0,5,3,0.0,-0.0,28800.0,3250.0,413.20000000000005
Liverpool,2025,337500,393250,Liverpool_337500_393250,1,1,0,1,0,0.0,-0.0,1150.0,1150.0,17.44
Liverpool,2025,337500,393750,Liverpool_337500_393750,1,1,0,1,0,0.0,-0.0,4000.0,4000.0,49.68
Liverpool,2025,337500,394250,Liverpool_337500_394250,2,2,0,2,0,0.0,-0.0,1793000.0,896500.0,12786.099999999999
Liverpool,2025,337500,394750,Liverpool_337500_394750,1,1,0,1,0,0.0,-0.0,17000.0,17000.0,342.4
Liverpool,2025,337500,395250,Liverpool_337500_395250,7,4,0,4,3,0.0,-0.0,41605.0,4200.0,1283.0100000000002
Liverpool,2025,337500,396250,Liverpool_337500_396250,2,0,0,0,2,,0.6931471805599453,15800.0,7900.0,321.76
Liverpool,2025,337500,397250,Liverpool_337500_397250,15,8,0,8,7,0.0,0.24493002679463532,286800.0,3250.0,2157.31
Liverpool,2025,337750,386500,Liverpool_337750_386500,11,8,0,8,3,0.0,0.7595473914748635,98850.0,7600.0,654.5
Liverpool,2025,337750,386750,Liverpool_337750_386750,13,10,0,10,3,0.0,0.4293230219306162,122500.0,8400.0,885.6999999999999
Liverpool,2025,337750,388750,Liverpool_337750_388750,7,5,0,5,2,0.0,0.5982695885852573,110600.0,16625.0,611.25
Liverpool,2025,337750,389000,Liverpool_337750_389000,4,3,0,3,1,0.0,1.0397207708399179,185400.0,19500.0,1695.4
Liverpool,2025,337750,389250,Liverpool_337750_389250,49,31,1,32,17,0.03125,0.36761404503339634,286400.0,4950.0,2985.7700000000004
Liverpool,2025,337750,389500,Liverpool_337750_389500,3,3,0,3,0,0.0,-0.0,15750.0,5500.0,424.76000000000005
Liverpool,2025,337750,389750,Liverpool_337750_389750,6,5,0,5,1,0.0,0.45056120886630463,34250.0,4575.0,367.1
Liverpool,2025,337750,390500,Liverpool_337750_390500,3,3,0,3,0,0.0,-0.0,106500.0,17500.0,976.2
Liverpool,2025,337750,391000,Liverpool_337750_391000,15,11,0,11,4,0.0,0.8608513906312316,217250.0,5300.0,2806.42
Liverpool,2025,337750,392250,Liverpool_337750_392250,21,11,0,11,10,0.0,0.7751292747786217,121850.0,4850.0,9368.960000000001
Liverpool,2025,337750,392500,Liverpool_337750_392500,1,0,0,0,1,,-0.0,3250.0,3250.0,
Liverpool,2025,337750,393250,Liverpool_337750_393250,12,5,1,6,6,0.16666666666666666,0.2868359830561607,58075.0,4450.0,656.1999999999999
Liverpool,2025,337750,393500,Liverpool_337750_393500,7,7,0,7,0,0.0,0.410116318288409,42650.0,3650.0,406.6
Liverpool,2025,337750,393750,Liverpool_337750_393750,3,1,0,1,2,0.0,1.0986122886681096,113400.0,11000.0,849.8
Liverpool,2025,337750,394250,Liverpool_337750_394250,2,0,0,0,2,,0.6931471805599453,93500.0,46750.0,238.6
Liverpool,2025,337750,395000,Liverpool_337750_395000,8,7,0,7,1,0.0,0.37677016125643675,52050.0,5850.0,569.97
Liverpool,2025,337750,395250,Liverpool_337750_395250,1,1,0,1,0,0.0,-0.0,6800.0,6800.0,200.5
Liverpool,2025,337750,395500,Liverpool_337750_395500,1,0,1,1,0,1.0,-0.0,2550.0,2550.0,42.42
Liverpool,2025,337750,397250,Liverpool_337750_397250,12,10,0,10,2,0.0,0.7214636866925115,345550.0,4800.0,2758.85
Liverpool,2025,338000,385500,Liverpool_338000_385500,2,2,0,2,0,0.0,-0.0,99700.0,49850.0,251.6
Liverpool,2025,338000,386250,Liverpool_338000_386250,10,7,1,8,2,0.125,-0.0,76750.0,7800.0,649.06
Liverpool,2025,338000,386500,Liverpool_338000_386500,14,8,0,8,6,0.0,-0.0,98500.0,7300.0,776.4699999999999
Liverpool,2025,338000,386750,Liverpool_338000_386750,7,4,0,4,3,0.0,0.410116318288409,44540.0,6100.0,510.52
Liverpool,2025,338000,387000,Liverpool_338000_387000,2,0,0,0,2,,-0.0,44250.0,44250.0,
Liverpool,2025,338000,388500,Liverpool_338000_388500,69,50,0,50,19,0.0,0.4090409765542713,2091150.0,7250.0,14889.07
Liverpool,2025,338000,389000,Liverpool_338000_389000,5,4,0,4,1,0.0,-0.0,34450.0,8100.0,540.6
Liverpool,2025,338000,389250,Liverpool_338000_389250,6,4,0,4,2,0.0,-0.0,51250.0,5750.0,552.58
Liverpool,2025,338000,389500,Liverpool_338000_389500,7,7,0,7,0,0.0,0.7963116401738131,32200.0,4150.0,384.70000000000005
Liverpool,2025,338000,389750,Liverpool_338000_389750,3,1,1,2,1,0.5,0.6365141682948128,19100.0,4350.0,165.8
Liverpool,2025,338000,390250,Liverpool_338000_390250,1,1,0,1,0,0.0,-0.0,21000.0,21000.0,308.6
Liverpool,2025,338000,390500,Liverpool_338000_390500,2,0,0,0,2,,0.6931471805599453,467100.0,233550.0,8191.42
Liverpool,2025,338000,390750,Liverpool_338000_390750,4,3,1,4,0,0.25,1.0397207708399179,11500.0,5750.0,634.8
Liverpool,2025,338000,391000,Liverpool_338000_391000,3,3,0,3,0,0.0,-0.0,13750.0,4200.0,142.0
Liverpool,2025,338000,392250,Liverpool_338000_392250,48,31,0,31,17,0.0,0.5031956943448558,356400.0,6150.0,5323.41
Liverpool,2025,338000,392500,Liverpool_338000_392500,5,3,0,3,2,0.0,-0.0,18700.0,3800.0,174.4
Liverpool,2025,338000,392750,Liverpool_338000_392750,1,1,0,1,0,0.0,-0.0,4850.0,4850.0,58.8
Liverpool,2025,338000,393000,Liverpool_338000_393000,7,5,1,6,1,0.16666666666666666,-0.0,22775.0,2250.0,386.9
Liverpool,2025,338000,393250,Liverpool_338000_393250,11,10,0,10,1,0.0,0.30463609734923813,104525.0,3150.0,636.5999999999999
Liverpool,2025,338000,394000,Liverpool_338000_394000,4,2,0,2,2,0.0,1.0397207708399179,29800.0,6800.0,197.26999999999998
Liverpool,2025,338000,394250,Liverpool_338000_394250,4,2,0,2,2,0.0,0.6931471805599453,37850.0,9275.0,331.59999999999997
Liverpool,2025,338000,395250,Liverpool_338000_395250,2,1,0,1,1,0.0,0.6931471805599453,57900.0,28950.0,775.7
Liverpool,2025,338250,386000,Liverpool_338250_386000,7,4,0,4,3,0.0,0.410116318288409,84675.0,10000.0,673.2
Liverpool,2025,338250,388250,Liverpool_338250_388250,9,6,0,6,3,0.0,0.34883209584303193,62850.0,5700.0,540.5
Liverpool,2025,338250,388500,Liverpool_338250_388500,25,22,0,22,3,0.0,0.5505734282909343,274150.0,9300.0,2320.6899999999996
Liverpool,2025,338250,389000,Liverpool_338250_389000,1,1,0,1,0,0.0,-0.0,3750.0,3750.0,41.8
Liverpool,2025,338250,389250,Liverpool_338250_389250,13,6,1,7,6,0.14285714285714285,-0.0,71115.0,6400.0,1862.18
Liverpool,2025,338250,389500,Liverpool_338250_389500,33,21,1,22,11,0.045454545454545456,0.22863187358286127,207650.0,5400.0,2292.9
Liverpool,2025,338250,390500,Liverpool_338250_390500,5,1,0,1,4,0.0,0.6730116670092565,685400.0,88500.0,4307.82
Liverpool,2025,338250,390750,Liverpool_338250_390750,13,10,0,10,3,0.0,-0.0,93750.0,5000.0,1194.55
Liverpool,2025,338250,391750,Liverpool_338250_391750,1,1,0,1,0,0.0,-0.0,,,645.0
Liverpool,2025,338250,392000,Liverpool_338250_392000,6,4,0,4,2,0.0,0.45056120886630463,24875.0,3300.0,346.9
Liverpool,2025,338250,392250,Liverpool_338250_392250,22,11,0,11,11,0.0,0.36764947740014225,363150.0,6100.0,3625.15
Liverpool,2025,338250,392500,Liverpool_338250_392500,8,7,0,7,1,0.0,-0.0,23675.0,2825.0,426.4
Liverpool,2025,338250,392750,Liverpool_338250_392750,7,4,2,6,1,0.3333333333333333,-0.0,21775.0,2600.0,417.5
Liverpool,2025,338250,393250,Liverpool_338250_393250,8,3,0,3,5,0.0,0.37677016125643675,52000.0,6500.0,677.1
Liverpool,2025,338250,394000,Liverpool_338250_394000,35,24,2,26,9,0.07692307692307693,0.6860861245794843,613800.0,11000.0,5598.43
Liverpool,2025,338250,394250,Liverpool_338250_394250,30,22,0,22,8,0.0,0.3887343902209295,449000.0,12500.0,3272.8400000000006
Liverpool,2025,338250,395500,Liverpool_338250_395500,5,2,0,2,3,0.0,-0.0,25100.0,3400.0,331.02
Liverpool,2025,338250,397250,Liverpool_338250_397250,21,17,0,17,4,0.0,0.3805062184775959,200775.0,6800.0,2103.8399999999997
Liverpool,2025,338500,385750,Liverpool_338500_385750,8,6,0,6,2,0.0,-0.0,68800.0,9100.0,640.3499999999999
Liverpool,2025,338500,388250,Liverpool_338500_388250,24,15,0,15,9,0.0,0.1732052067491771,328950.0,8250.0,2417.0299999999997
Liverpool,2025,338500,388500,Liverpool_338500_388500,20,14,0,14,6,0.0,0.5004024235381879,293600.0,7700.0,1258.3500000000001
Liverpool,2025,338500,389500,Liverpool_338500_389500,29,17,0,17,12,0.0,0.47875333041028967,249350.0,6000.0,4420.01
Liverpool,2025,338500,390000,Liverpool_338500_390000,6,3,0,3,3,0.0,0.45056120886630463,43875.0,5650.0,526.6999999999999
Liverpool,2025,338500,390500,Liverpool_338500_390500,29,23,0,23,6,0.0,0.545969299888879,3892750.0,150000.0,17134.639999999996
Liverpool,2025,338500,390750,Liverpool_338500_390750,2,2,0,2,0,0.0,0.6931471805599453,327500.0,163750.0,2713.7999999999997
Liverpool,2025,338500,391250,Liverpool_338500_391250,56,26,9,35,21,0.2571428571428571,0.15407610367102942,203875.0,3100.0,3538.7299999999996
Liverpool,2025,338500,391750,Liverpool_338500_391750,14,8,0,8,6,0.0,0.410116318288409,143650.0,3725.0,2281.2
Liverpool,2025,338500,392000,Liverpool_338500_392000,3,0,0,0,3,,-0.0,3250.0,3250.0,265.6
Liverpool,2025,338500,393250,Liverpool_338500_393250,13,12,0,12,1,0.0,-0.0,88000.0,5900.0,940.2199999999999
Liverpool,2025,338500,394000,Liverpool_338500_394000,9,6,0,6,3,0.0,0.34883209584303193,160550.0,14000.0,2577.5699999999997
Liverpool,2025,338500,394250,Liverpool_338500_394250,7,6,0,6,1,0.0,0.7963116401738131,474750.0,22750.0,3176.41
Liverpool,2025,338750,385500,Liverpool_338750_385500,1,1,0,1,0,0.0,-0.0,7100.0,7100.0,113.2
Liverpool,2025,338750,388000,Liverpool_338750_388000,15,12,1,13,2,0.07692307692307693,0.24493002679463532,208100.0,8900.0,1178.33
Liverpool,2025,338750,388250,Liverpool_338750_388250,24,18,1,19,5,0.05263157894736842,0.2868359830561607,183900.0,5700.0,2064.2999999999997
Liverpool,2025,338750,388500,Liverpool_338750_388500,9,7,0,7,2,0.0,0.5297061990576545,120250.0,7600.0,1569.6000000000001
Liverpool,2025,338750,389500,Liverpool_338750_389500,29,18,0,18,11,0.0,0.4967963698504464,238700.0,6900.0,3834.3
Liverpool,2025,338750,390250,Liverpool_338750_390250,4,2,0,2,2,0.0,-0.0,9000.0,2012.5,170.60000000000002
Liverpool,2025,338750,390500,Liverpool_338750_390500,3,2,1,3,0,0.3333333333333333,-0.0,10350.0,3850.0,169.5
Liverpool,2025,338750,390750,Liverpool_338750_390750,1,1,0,1,0,0.0,-0.0,91000.0,91000.0,271.88
Liverpool,2025,338750,391000,Liverpool_338750_391000,1,1,0,1,0,0.0,-0.0,1675.0,1675.0,18.8
Liverpool,2025,338750,391250,Liverpool_338750_391250,30,23,1,24,6,0.041666666666666664,0.24493002679463532,182250.0,5100.0,2867.86
Liverpool,2025,338750,391500,Liverpool_338750_391500,16,11,1,12,4,0.08333333333333333,0.8314025204956377,93150.0,6175.0,1736.52
Liverpool,2025,338750,392000,Liverpool_338750_392000,1,1,0,1,0,0.0,-0.0,3850.0,3850.0,45.5
Liverpool,2025,338750,393250,Liverpool_338750_393250,8,8,0,8,0,0.0,-0.0,55300.0,5325.0,1225.8
Liverpool,2025,338750,394750,Liverpool_338750_394750,3,3,0,3,0,0.0,-0.0,13150.0,3950.0,287.1
Liverpool,2025,338750,395750,Liverpool_338750_395750,1,0,1,1,0,1.0,-0.0,3950.0,3950.0,52.21
Liverpool,2025,338750,397250,Liverpool_338750_397250,8,6,0,6,2,0.0,0.37677016125643675,45500.0,5650.0,502.1
Liverpool,2025,338750,397500,Liverpool_338750_397500,1,1,0,1,0,0.0,-0.0,9200.0,9200.0,112.3
Liverpool,2025,339000,385500,Liverpool_339000_385500,13,9,0,9,4,0.0,0.7902679680745903,169400.0,5650.0,1112.92
Liverpool,2025,339000,385750,Liverpool_339000_385750,1,0,0,0,1,,-0.0,15750.0,15750.0,748.0
Liverpool,2025,339000,387250,Liverpool_339000_387250,15,7,1,8,7,0.125,0.24493002679463532,171900.0,9800.0,1473.01
Liverpool,2025,339000,388250,Liverpool_339000_388250,39,30,2,32,7,0.0625,0.3883560302800616,583025.0,12500.0,5861.580000000001
Liverpool,2025,339000,388500,Liverpool_339000_388500,8,8,0,8,0,0.0,0.6931471805599453,387000.0,30250.0,4040.91
Liverpool,2025,339000,389250,Liverpool_339000_389250,25,17,0,17,8,0.0,0.9286244108693272,215600.0,6100.0,1639.43
Liverpool,2025,339000,389500,Liverpool_339000_389500,1,1,0,1,0,0.0,-0.0,9000.0,9000.0,194.1
Liverpool,2025,339000,390250,Liverpool_339000_390250,2,0,0,0,2,,-0.0,6425.0,3212.5,122.0
Liverpool,2025,339000,390500,Liverpool_339000_390500,6,4,0,4,2,0.0,0.45056120886630463,1163250.0,157500.0,9758.93
Liverpool,2025,339000,390750,Liverpool_339000_390750,1,1,0,1,0,0.0,-0.0,14250.0,14250.0,
Liverpool,2025,339000,391000,Liverpool_339000_391000,10,5,0,5,5,0.0,0.8018185525433372,1340750.0,4650.0,13972.98
Liverpool,2025,339000,391250,Liverpool_339000_391250,37,21,0,21,16,0.0,0.4033344965794089,201150.0,4300.0,2333.33
Liverpool,2025,339000,391500,Liverpool_339000_391500,5,4,0,4,1,0.0,1.0549201679861442,32000.0,6500.0,461.9
Liverpool,2025,339000,392250,Liverpool_339000_392250,2,2,0,2,0,0.0,-0.0,15450.0,7725.0,510.52
Liverpool,2025,339000,392500,Liverpool_339000_392500,2,2,0,2,0,0.0,-0.0,347000.0,173500.0,
Liverpool,2025,339000,393250,Liverpool_339000_393250,4,3,0,3,1,0.0,-0.0,22150.0,5700.0,268.2
Liverpool,2025,339000,393500,Liverpool_339000_393500,2,2,0,2,0,0.0,-0.0,22750.0,11375.0,160.29000000000002
Liverpool,2025,339000,394500,Liverpool_339000_394500,1,1,0,1,0,0.0,-0.0,44750.0,44750.0,57.4
Liverpool,2025,339000,394750,Liverpool_339000_394750,20,13,0,13,7,0.0,-0.0,110050.0,4400.0,1779.69
Liverpool,2025,339000,395750,Liverpool_339000_395750,4,4,0,4,0,0.0,-0.0,40250.0,8800.0,453.85
Liverpool,2025,339250,384500,Liverpool_339250_384500,1,1,0,1,0,0.0,-0.0,,,99.6
Liverpool,2025,339250,385000,Liverpool_339250_385000,14,12,0,12,2,0.0,-0.0,73725.0,5075.0,907.1
Liverpool,2025,339250,386000,Liverpool_339250_386000,14,11,1,12,2,0.08333333333333333,0.25731864054383163,202550.0,11500.0,1134.7000000000003
Liverpool,2025,339250,387250,Liverpool_339250_387250,24,13,0,13,11,0.0,0.7097131024243333,287100.0,9550.0,1982.8500000000001
Liverpool,2025,339250,387500,Liverpool_339250_387500,1,1,0,1,0,0.0,-0.0,9500.0,9500.0,50.1
Liverpool,2025,339250,387750,Liverpool_339250_387750,8,6,0,6,2,0.0,-0.0,53400.0,6150.0,493.03
Liverpool,2025,339250,388250,Liverpool_339250_388250,61,40,2,42,19,0.047619047619047616,0.4850373357531344,1344100.0,19125.0,7754.91
Liverpool,2025,339250,389000,Liverpool_339250_389000,1,0,0,0,1,,-0.0,16500.0,16500.0,63.6
Liverpool,2025,339250,389250,Liverpool_339250_389250,1,0,0,0,1,,-0.0,205000.0,205000.0,2160.1
Liverpool,2025,339250,390250,Liverpool_339250_390250,15,10,0,10,5,0.0,0.24493002679463532,47475.0,2950.0,675.6999999999999
Liverpool,2025,339250,390500,Liverpool_339250_390500,1,1,0,1,0,0.0,-0.0,131000.0,131000.0,1595.0
Liverpool,2025,339250,390750,Liverpool_339250_390750,1,0,0,0,1,,-0.0,3500.0,3500.0,
Liverpool,2025,339250,391000,Liverpool_339250_391000,53,41,0,41,12,0.0,0.4954863701432752,817900.0,6500.0,9030.41
Liverpool,2025,339250,391250,Liverpool_339250_391250,19,15,0,15,4,0.0,0.5366645624845252,102175.0,3400.0,1558.8
Liverpool,2025,339250,391500,Liverpool_339250_391500,24,15,0,15,9,0.0,-0.0,123250.0,4675.0,1368.6
Liverpool,2025,339250,391750,Liverpool_339250_391750,12,8,0,8,4,0.0,-0.0,67300.0,4875.0,799.08
Liverpool,2025,339250,392000,Liverpool_339250_392000,10,4,0,4,6,0.0,0.5004024235381879,183750.0,7900.0,596.74
Liverpool,2025,339250,392500,Liverpool_339250_392500,2,1,0,1,1,0.0,-0.0,7600.0,7600.0,156.8
Liverpool,2025,339250,393250,Liverpool_339250_393250,1,1,0,1,0,0.0,-0.0,4800.0,4800.0,51.0
Liverpool,2025,339250,393500,Liverpool_339250_393500,7,3,0,3,4,0.0,0.7963116401738131,77750.0,6800.0,1078.98
Liverpool,2025,339250,393750,Liverpool_339250_393750,28,21,1,22,6,0.045454545454545456,0.45820823797145316,201850.0,7250.0,2297.55
Liverpool,2025,339250,395000,Liverpool_339250_395000,2,2,0,2,0,0.0,-0.0,22600.0,11300.0,410.6
Liverpool,2025,339250,396000,Liverpool_339250_396000,1,1,0,1,0,0.0,-0.0,102000.0,102000.0,
Liverpool,2025,339500,384750,Liverpool_339500_384750,8,5,0,5,3,0.0,-0.0,37200.0,3975.0,358.3
Liverpool,2025,339500,385000,Liverpool_339500_385000,13,6,0,6,7,0.0,0.5359610497090694,319850.0,4000.0,2440.9999999999995
Liverpool,2025,339500,385250,Liverpool_339500_385250,9,5,0,5,4,0.0,-0.0,50600.0,4350.0,386.38
Liverpool,2025,339500,386000,Liverpool_339500_386000,1,0,1,1,0,1.0,-0.0,3200.0,3200.0,10.8
Liverpool,2025,339500,386250,Liverpool_339500_386250,12,7,0,7,5,0.0,0.5660857389596289,149800.0,12750.0,912.1999999999999
Liverpool,2025,339500,387500,Liverpool_339500_387500,5,4,0,4,1,0.0,-0.0,28950.0,5600.0,166.6
Liverpool,2025,339500,387750,Liverpool_339500_387750,10,6,0,6,4,0.0,0.8018185525433372,270250.0,23000.0,1525.0700000000002
Liverpool,2025,339500,388000,Liverpool_339500_388000,67,49,0,49,18,0.0,0.5788631937693486,1606255.0,21000.0,8655.07
Liverpool,2025,339500,388750,Liverpool_339500_388750,13,10,0,10,3,0.0,0.2711893730418441,216400.0,13250.0,1302.3999999999999
Liverpool,2025,339500,389000,Liverpool_339500_389000,1,1,0,1,0,0.0,-0.0,3950.0,3950.0,46.6
Liverpool,2025,339500,390000,Liverpool_339500_390000,5,2,0,2,3,0.0,-0.0,40100.0,6900.0,536.3
Liverpool,2025,339500,390750,Liverpool_339500_390750,2,1,0,1,1,0.0,-0.0,7400.0,3700.0,82.1
Liverpool,2025,339500,391000,Liverpool_339500_391000,52,34,1,35,17,0.02857142857142857,0.6710010400178298,994675.0,15750.0,7712.08
Liverpool,2025,339500,391250,Liverpool_339500_391250,13,7,0,7,6,0.0,0.6870920273799715,317600.0,10250.0,4257.8099999999995
Liverpool,2025,339500,392750,Liverpool_339500_392750,6,4,0,4,2,0.0,0.8675632284814612,53750.0,8400.0,781.1199999999999
Liverpool,2025,339500,393000,Liverpool_339500_393000,20,14,0,14,6,0.0,0.9989315046035592,346300.0,8250.0,1952.9
Liverpool,2025,339500,393250,Liverpool_339500_393250,22,15,0,15,7,0.0,0.7749927584562633,302850.0,7450.0,1629.47
Liverpool,2025,339500,394000,Liverpool_339500_394000,5,3,1,4,1,0.25,0.9502705392332347,40750.0,4500.0,415.0
Liverpool,2025,339500,394750,Liverpool_339500_394750,11,7,0,7,4,0.0,0.6001660731596457,105600.0,4000.0,1462.42
Liverpool,2025,339500,395000,Liverpool_339500_395000,1,1,0,1,0,0.0,-0.0,111000.0,111000.0,1396.15
Liverpool,2025,339500,395750,Liverpool_339500_395750,6,5,0,5,1,0.0,1.242453324894,380250.0,58250.0,2191.2
Liverpool,2025,339750,384750,Liverpool_339750_384750,4,3,0,3,1,0.0,0.5623351446188083,146700.0,3300.0,1129.5
Liverpool,2025,339750,385000,Liverpool_339750_385000,1,1,0,1,0,0.0,-0.0,2025.0,2025.0,18.65
Liverpool,2025,339750,385250,Liverpool_339750_385250,4,3,0,3,1,0.0,-0.0,12450.0,3200.0,136.20000000000002
Liverpool,2025,339750,386250,Liverpool_339750_386250,1,1,0,1,0,0.0,-0.0,62500.0,62500.0,374.8
Liverpool,2025,339750,386500,Liverpool_339750_386500,3,2,0,2,1,0.0,1.0986122886681096,70400.0,16000.0,216.8
Liverpool,2025,339750,387000,Liverpool_339750_387000,7,6,0,6,1,0.0,0.410116318288409,36500.0,5000.0,228.89999999999998
Liverpool,2025,339750,387750,Liverpool_339750_387750,11,9,0,9,2,0.0,0.5859526183035508,224000.0,18500.0,1329.37
Liverpool,2025,339750,388000,Liverpool_339750_388000,3,2,0,2,1,0.0,0.6365141682948128,28450.0,9500.0,113.8
Liverpool,2025,339750,390500,Liverpool_339750_390500,1,1,0,1,0,0.0,-0.0,5300.0,5300.0,240.4
Liverpool,2025,339750,391000,Liverpool_339750_391000,9,5,0,5,4,0.0,0.34883209584303193,106500.0,3850.0,357.2
Liverpool,2025,339750,391250,Liverpool_339750_391250,1,1,0,1,0,0.0,-0.0,71500.0,71500.0,
Liverpool,2025,339750,392750,Liverpool_339750_392750,7,7,0,7,0,0.0,-0.0,51800.0,7600.0,533.3000000000001
Liverpool,2025,339750,395000,Liverpool_339750_395000,1,1,0,1,0,0.0,-0.0,,,
Liverpool,2025,340000,383500,Liverpool_340000_383500,12,11,0,11,1,0.0,0.2868359830561607,42220.0,4400.0,1653.6099999999997
Liverpool,2025,340000,384000,Liverpool_340000_384000,1,0,0,0,1,,-0.0,1500.0,1500.0,
Liverpool,2025,340000,384500,Liverpool_340000_384500,33,21,0,21,12,0.0,0.3625010217396757,198350.0,5300.0,2835.9199999999996
Liverpool,2025,340000,385000,Liverpool_340000_385000,2,1,0,1,1,0.0,0.6931471805599453,22350.0,11175.0,260.8
Liverpool,2025,340000,385500,Liverpool_340000_385500,10,7,1,8,2,0.125,-0.0,75150.0,7000.0,668.94
Liverpool,2025,340000,385750,Liverpool_340000_385750,2,2,0,2,0,0.0,-0.0,6800.0,3400.0,40.2
Liverpool,2025,340000,386250,Liverpool_340000_386250,4,3,0,3,1,0.0,0.5623351446188083,29200.0,7300.0,285.5
Liverpool,2025,340000,386500,Liverpool_340000_386500,4,4,0,4,0,0.0,1.0397207708399179,1546100.0,14250.0,7501.5199999999995
Liverpool,2025,340000,388500,Liverpool_340000_388500,6,4,0,4,2,0.0,0.45056120886630463,113750.0,15500.0,557.4
Liverpool,2025,340000,389750,Liverpool_340000_389750,2,1,0,1,1,0.0,-0.0,4400.0,4400.0,175.9
Liverpool,2025,340000,390000,Liverpool_340000_390000,1,1,0,1,0,0.0,-0.0,3350.0,3350.0,26.4
Liverpool,2025,340000,390250,Liverpool_340000_390250,14,12,0,12,2,0.0,0.5195798391305154,122300.0,7000.0,1926.3899999999999
Liverpool,2025,340000,390500,Liverpool_340000_390500,2,2,0,2,0,0.0,-0.0,12600.0,6300.0,83.6
Liverpool,2025,340000,391250,Liverpool_340000_391250,11,7,0,7,4,0.0,-0.0,111050.0,9200.0,999.8000000000001
Liverpool,2025,340000,392500,Liverpool_340000_392500,17,13,0,13,4,0.0,0.22371807606583377,119750.0,5500.0,1036.68
Liverpool,2025,340000,392750,Liverpool_340000_392750,13,10,0,10,3,0.0,0.2711893730418441,85700.0,6200.0,711.3
Liverpool,2025,340000,395000,Liverpool_340000_395000,9,6,0,6,3,0.0,0.34883209584303193,42100.0,3850.0,680.0
Liverpool,2025,340000,395250,Liverpool_340000_395250,7,5,0,5,2,0.0,0.410116318288409,45850.0,6250.0,642.53
Liverpool,2025,340250,383750,Liverpool_340250_383750,4,1,1,2,2,0.5,-0.0,18075.0,3000.0,382.0
Liverpool,2025,340250,384000,Liverpool_340250_384000,1,1,0,1,0,0.0,-0.0,,,98.7
Liverpool,2025,340250,384250,Liverpool_340250_384250,35,23,0,23,12,0.0,0.5458692524645854,497050.0,5100.0,4344.55
Liverpool,2025,340250,384500,Liverpool_340250_384500,43,28,2,30,13,0.06666666666666667,0.36178753278517783,234250.0,4850.0,3484.1800000000003
Liverpool,2025,340250,384750,Liverpool_340250_384750,2,1,0,1,1,0.0,0.6931471805599453,13450.0,6725.0,325.71
Liverpool,2025,340250,385750,Liverpool_340250_385750,7,3,0,3,4,0.0,-0.0,45000.0,5900.0,529.25
Liverpool,2025,340250,388500,Liverpool_340250_388500,13,9,0,9,4,0.0,0.7902679680745903,114100.0,8300.0,729.1999999999999
Liverpool,2025,340250,388750,Liverpool_340250_388750,2,0,0,0,2,,-0.0,23250.0,11625.0,167.3
Liverpool,2025,340250,389000,Liverpool_340250_389000,6,2,0,2,4,0.0,0.8675632284814612,75250.0,10600.0,659.6
Liverpool,2025,340250,389250,Liverpool_340250_389250,19,15,0,15,4,0.0,0.5366645624845252,364075.0,12500.0,1785.98
Liverpool,2025,340250,390000,Liverpool_340250_390000,6,5,0,5,1,0.0,-0.0,35000.0,5850.0,469.63
Liverpool,2025,340250,390250,Liverpool_340250_390250,5,4,1,5,0,0.2,0.9502705392332347,49150.0,7200.0,268.2
Liverpool,2025,340250,391250,Liverpool_340250_391250,5,1,0,1,4,0.0,0.6730116670092565,1493750.0,23750.0,14173.8
Liverpool,2025,340250,391500,Liverpool_340250_391500,2,0,0,0,2,,0.6931471805599453,20000.0,10000.0,49.5
Liverpool,2025,340250,391750,Liverpool_340250_391750,3,3,0,3,0,0.0,0.6365141682948128,100500.0,37750.0,340.3
Liverpool,2025,340250,392000,Liverpool_340250_392000,13,8,0,8,5,0.0,0.2711893730418441,129900.0,9400.0,1313.16
Liverpool,2025,340250,392250,Liverpool_340250_392250,1,1,0,1,0,0.0,-0.0,22000.0,22000.0,419.84
Liverpool,2025,340250,392500,Liverpool_340250_392500,2,2,0,2,0,0.0,-0.0,85750.0,42875.0,
Liverpool,2025,340250,392750,Liverpool_340250_392750,9,9,0,9,0,0.0,0.34883209584303193,72800.0,8300.0,591.5000000000001
Liverpool,2025,340250,395750,Liverpool_340250_395750,1,1,0,1,0,0.0,-0.0,5250.0,5250.0,
Liverpool,2025,340500,383500,Liverpool_340500_383500,1,0,0,0,1,,-0.0,1700.0,1700.0,49.6
Liverpool,2025,340500,383750,Liverpool_340500_383750,2,0,0,0,2,,0.6931471805599453,41125.0,20562.5,450.67999999999995
Liverpool,2025,340500,384250,Liverpool_340500_384250,21,13,0,13,8,0.0,0.5940241655824705,345600.0,10750.0,5093.44
Liverpool,2025,340500,384500,Liverpool_340500_384500,2,1,0,1,1,0.0,0.6931471805599453,285750.0,142875.0,2078.56
Liverpool,2025,340500,384750,Liverpool_340500_384750,14,5,1,6,8,0.16666666666666666,0.25731864054383163,69025.0,4975.0,641.5000000000001
Liverpool,2025,340500,385000,Liverpool_340500_385000,3,2,0,2,1,0.0,-0.0,14700.0,5200.0,214.3
Liverpool,2025,340500,385750,Liverpool_340500_385750,8,2,0,2,6,0.0,0.37677016125643675,66500.0,6950.0,861.73
Liverpool,2025,340500,387500,Liverpool_340500_387500,1,1,0,1,0,0.0,-0.0,10750.0,10750.0,59.76
Liverpool,2025,340500,388750,Liverpool_340500_388750,5,4,0,4,1,0.0,-0.0,45900.0,9900.0,313.5
Liverpool,2025,340500,389000,Liverpool_340500_389000,4,3,1,4,0,0.25,-0.0,49900.0,10750.0,314.03000000000003
Liverpool,2025,340500,389250,Liverpool_340500_389250,7,5,0,5,2,0.0,-0.0,82500.0,9700.0,788.9
Liverpool,2025,340500,390250,Liverpool_340500_390250,4,4,0,4,0,0.0,-0.0,15450.0,3550.0,233.31
Liverpool,2025,340500,391500,Liverpool_340500_391500,12,8,0,8,4,0.0,0.2868359830561607,88750.0,5100.0,572.02
Liverpool,2025,340500,391750,Liverpool_340500_391750,6,4,0,4,2,0.0,-0.0,60200.0,10075.0,574.75
Liverpool,2025,340500,392000,Liverpool_340500_392000,5,4,0,4,1,0.0,0.5004024235381879,20300.0,6400.0,339.7
Liverpool,2025,340500,393000,Liverpool_340500_393000,1,0,0,0,1,,-0.0,49500.0,49500.0,82.65
Liverpool,2025,340500,395750,Liverpool_340500_395750,14,13,1,14,0,0.07142857142857142,-0.0,65750.0,4100.0,1280.38
Liverpool,2025,340500,396750,Liverpool_340500_396750,4,2,0,2,2,0.0,-0.0,1000000.0,174500.0,10008.09
Liverpool,2025,340750,383500,Liverpool_340750_383500,2,1,0,1,1,0.0,-0.0,5950.0,2975.0,75.0
Liverpool,2025,340750,388750,Liverpool_340750_388750,14,8,0,8,6,0.0,0.25731864054383163,168500.0,12500.0,1210.89
Liverpool,2025,340750,389000,Liverpool_340750_389000,7,6,0,6,1,0.0,0.410116318288409,69500.0,9700.0,366.4
Liverpool,2025,340750,389750,Liverpool_340750_389750,2,1,0,1,1,0.0,-0.0,19900.0,9950.0,261.7
Liverpool,2025,340750,390000,Liverpool_340750_390000,1,1,0,1,0,0.0,-0.0,87000.0,87000.0,
Liverpool,2025,340750,391000,Liverpool_340750_391000,3,1,0,1,2,0.0,-0.0,19500.0,4050.0,189.3
Liverpool,2025,340750,391500,Liverpool_340750_391500,27,18,0,18,9,0.0,0.6711537920120574,257600.0,8100.0,2143.9
Liverpool,2025,340750,392250,Liverpool_340750_392250,5,4,0,4,1,0.0,0.5004024235381879,88050.0,18000.0,593.62
Liverpool,2025,340750,396250,Liverpool_340750_396250,3,3,0,3,0,0.0,-0.0,14000.0,4300.0,247.6
Liverpool,2025,341000,385000,Liverpool_341000_385000,1,1,0,1,0,0.0,-0.0,4300.0,4300.0,41.2
Liverpool,2025,341000,389000,Liverpool_341000_389000,2,1,0,1,1,0.0,-0.0,38250.0,19125.0,210.5
Liverpool,2025,341000,389500,Liverpool_341000_389500,9,6,0,6,3,0.0,0.34883209584303193,81600.0,5800.0,833.66
Liverpool,2025,341000,390250,Liverpool_341000_390250,2,2,0,2,0,0.0,-0.0,9150.0,4575.0,102.0
Liverpool,2025,341000,391750,Liverpool_341000_391750,3,3,0,3,0,0.0,0.6365141682948128,351000.0,71000.0,2050.64
Liverpool,2025,341000,393500,Liverpool_341000_393500,9,5,0,5,4,0.0,1.0027182645175161,1081750.0,12000.0,5876.4400000000005
Liverpool,2025,341250,383750,Liverpool_341250_383750,1,0,0,0,1,,-0.0,198000.0,198000.0,1021.45
Liverpool,2025,341250,384000,Liverpool_341250_384000,3,1,0,1,2,0.0,-0.0,8350.0,2900.0,110.1
Liverpool,2025,341250,389750,Liverpool_341250_389750,2,1,0,1,1,0.0,-0.0,14100.0,7050.0,149.05
Liverpool,2025,341250,390000,Liverpool_341250_390000,3,3,0,3,0,0.0,-0.0,22200.0,6900.0,181.7
Liverpool,2025,341250,390250,Liverpool_341250_390250,1,1,0,1,0,0.0,-0.0,6600.0,6600.0,57.9
Liverpool,2025,341500,384000,Liverpool_341500_384000,41,29,0,29,12,0.0,0.5262898694941316,8594000.0,170000.0,44397.47
Liverpool,2025,341500,386750,Liverpool_341500_386750,2,0,0,0,2,,0.6931471805599453,9750.0,9750.0,20.65
Liverpool,2025,341500,389000,Liverpool_341500_389000,1,1,0,1,0,0.0,-0.0,81250.0,81250.0,
Liverpool,2025,341500,391500,Liverpool_341500_391500,2,2,0,2,0,0.0,-0.0,21700.0,10850.0,225.58
Liverpool,2025,341500,391750,Liverpool_341500_391750,2,2,0,2,0,0.0,0.6931471805599453,54700.0,27350.0,932.4
Liverpool,2025,341500,393250,Liverpool_341500_393250,10,6,0,6,4,0.0,-0.0,57400.0,5700.0,597.8199999999999
Liverpool,2025,341500,395000,Liverpool_341500_395000,7,5,0,5,2,0.0,0.410116318288409,72050.0,9300.0,482.5999999999999
Liverpool,2025,341750,386250,Liverpool_341750_386250,1,1,0,1,0,0.0,-0.0,11750.0,11750.0,185.22
Liverpool,2025,341750,386750,Liverpool_341750_386750,5,5,0,5,0,0.0,0.5004024235381879,34450.0,5000.0,475.99999999999994
Liverpool,2025,341750,387000,Liverpool_341750_387000,4,3,1,4,0,0.25,0.5623351446188083,18500.0,5950.0,155.5
Liverpool,2025,341750,391250,Liverpool_341750_391250,1,1,0,1,0,0.0,-0.0,2750.0,2750.0,
Liverpool,2025,341750,391500,Liverpool_341750_391500,13,11,0,11,2,0.0,0.2711893730418441,123600.0,9300.0,946.43
Liverpool,2025,341750,391750,Liverpool_341750_391750,15,13,0,13,2,0.0,-0.0,137350.0,9100.0,1104.7399999999998
Liverpool,2025,341750,392500,Liverpool_341750_392500,9,8,0,8,1,0.0,0.34883209584303193,62850.0,5900.0,879.75
Liverpool,2025,341750,392750,Liverpool_341750_392750,3,2,0,2,1,0.0,1.0986122886681096,73150.0,26500.0,1066.56
Liverpool,2025,341750,393500,Liverpool_341750_393500,1,0,1,1,0,1.0,-0.0,,,25.33
Liverpool,2025,342000,383500,Liverpool_342000_383500,921,662,0,662,259,0.0,-0.0,280350.0,230.0,5972.83
Liverpool,2025,342000,384250,Liverpool_342000_384250,1,1,0,1,0,0.0,-0.0,9500.0,9500.0,218.58
Liverpool,2025,342000,384500,Liverpool_342000_384500,2,2,0,2,0,0.0,0.6931471805599453,79100.0,39550.0,401.5
Liverpool,2025,342000,385250,Liverpool_342000_385250,1,1,0,1,0,0.0,-0.0,98000.0,98000.0,
Liverpool,2025,342000,386250,Liverpool_342000_386250,1,0,0,0,1,,-0.0,15500.0,15500.0,
Liverpool,2025,342000,386500,Liverpool_342000_386500,4,3,0,3,1,0.0,0.5623351446188083,606750.0,20000.0,3319.9
Liverpool,2025,342000,388250,Liverpool_342000_388250,1,0,0,0,1,,-0.0,12500.0,12500.0,
Liverpool,2025,342000,388500,Liverpool_342000_388500,7,6,0,6,1,0.0,0.7963116401738131,353250.0,20000.0,2378.83
Liverpool,2025,342000,389000,Liverpool_342000_389000,5,5,0,5,0,0.0,-0.0,32600.0,6100.0,453.4
Liverpool,2025,342000,389500,Liverpool_342000_389500,1,1,0,1,0,0.0,-0.0,295000.0,295000.0,1942.28
Liverpool,2025,342000,391000,Liverpool_342000_391000,8,6,0,6,2,0.0,-0.0,66000.0,7350.0,695.38
Liverpool,2025,342000,391750,Liverpool_342000_391750,1,1,0,1,0,0.0,-0.0,20000.0,20000.0,435.24
Liverpool,2025,342000,392500,Liverpool_342000_392500,8,6,0,6,2,0.0,0.37677016125643675,92950.0,6450.0,1183.07
Liverpool,2025,342250,384250,Liverpool_342250_384250,1,0,0,0,1,,-0.0,5000.0,5000.0,151.5
Liverpool,2025,342250,384500,Liverpool_342250_384500,1,0,0,0,1,,-0.0,125000.0,125000.0,1761.3
Liverpool,2025,342250,384750,Liverpool_342250_384750,32,23,1,24,8,0.041666666666666664,0.7462406295585069,2814250.0,17500.0,25422.949999999997
Liverpool,2025,342250,386500,Liverpool_342250_386500,36,25,0,25,11,0.0,0.7024076979602251,369950.0,9400.0,2860.44
Liverpool,2025,342250,386750,Liverpool_342250_386750,42,28,0,28,14,0.0,0.9592034863980932,1365200.0,10250.0,13124.6
Liverpool,2025,342250,391500,Liverpool_342250_391500,2,1,1,2,0,0.5,-0.0,28250.0,14125.0,343.64
Liverpool,2025,342500,383000,Liverpool_342500_383000,31,8,0,8,23,0.0,0.1425058673927378,151550.0,3850.0,1998.7200000000003
Liverpool,2025,342500,383750,Liverpool_342500_383750,3,2,0,2,1,0.0,1.0986122886681096,385000.0,192500.0,14947.85
Liverpool,2025,342500,384000,Liverpool_342500_384000,2,1,0,1,1,0.0,-0.0,524000.0,262000.0,6515.1900000000005
Liverpool,2025,342500,384250,Liverpool_342500_384250,1,1,0,1,0,0.0,-0.0,17000.0,17000.0,488.0
Liverpool,2025,342500,385000,Liverpool_342500_385000,1,1,0,1,0,0.0,-0.0,59000.0,59000.0,
Liverpool,2025,342500,386000,Liverpool_342500_386000,1,0,0,0,1,,-0.0,,,
Liverpool,2025,342500,386250,Liverpool_342500_386250,1,0,0,0,1,,-0.0,2025.0,2025.0,19.0
Liverpool,2025,342500,386500,Liverpool_342500_386500,2,1,1,2,0,0.5,0.6931471805599453,6200.0,6200.0,330.70000000000005
Liverpool,2025,342500,387500,Liverpool_342500_387500,6,5,0,5,1,0.0,0.6365141682948128,148500.0,10075.0,355.8
Liverpool,2025,342500,387750,Liverpool_342500_387750,8,6,0,6,2,0.0,-0.0,64000.0,7900.0,597.21
Liverpool,2025,342500,389000,Liverpool_342500_389000,1,0,1,1,0,1.0,-0.0,4600.0,4600.0,70.3
Liverpool,2025,342750,382750,Liverpool_342750_382750,3,1,1,2,1,0.5,-0.0,24200.0,8200.0,312.13
Liverpool,2025,342750,383750,Liverpool_342750_383750,4,1,0,1,3,0.0,0.5623351446188083,760000.0,169500.0,4891.13
Liverpool,2025,342750,384250,Liverpool_342750_384250,5,4,1,5,0,0.2,0.6730116670092565,538575.0,6400.0,6051.32
Liverpool,2025,342750,385000,Liverpool_342750_385000,2,1,0,1,1,0.0,-0.0,38750.0,19375.0,538.1
Liverpool,2025,342750,386750,Liverpool_342750_386750,9,9,0,9,0,0.0,-0.0,54200.0,5800.0,498.70000000000005
Liverpool,2025,342750,387500,Liverpool_342750_387500,5,4,0,4,1,0.0,0.5004024235381879,32650.0,4650.0,192.40000000000003
Liverpool,2025,342750,388250,Liverpool_342750_388250,3,2,0,2,1,0.0,0.6365141682948128,1262000.0,631000.0,13879.0
Liverpool,2025,342750,388500,Liverpool_342750_388500,62,39,0,39,23,0.0,0.6259078913644016,1408900.0,17875.0,22458.23
Liverpool,2025,343000,383500,Liverpool_343000_383500,2,1,0,1,1,0.0,0.6931471805599453,21550.0,10775.0,247.2
Liverpool,2025,343000,384000,Liverpool_343000_384000,1,1,0,1,0,0.0,-0.0,113000.0,113000.0,1468.3
Liverpool,2025,343000,384750,Liverpool_343000_384750,12,7,0,7,5,0.0,-0.0,111750.0,9000.0,975.7700000000001
Liverpool,2025,343000,385000,Liverpool_343000_385000,13,9,0,9,4,0.0,0.7937300551584247,181100.0,11500.0,1317.52
Liverpool,2025,343000,385500,Liverpool_343000_385500,1,0,0,0,1,,-0.0,13750.0,13750.0,122.2
Liverpool,2025,343000,386250,Liverpool_343000_386250,9,5,0,5,4,0.0,0.6837389058487535,75700.0,6300.0,643.9
Liverpool,2025,343000,387750,Liverpool_343000_387750,2,2,0,2,0,0.0,0.6931471805599453,19000.0,9500.0,314.7
Liverpool,2025,343000,388250,Liverpool_343000_388250,6,6,0,6,0,0.0,0.45056120886630463,56250.0,9450.0,646.45
Liverpool,2025,343000,388500,Liverpool_343000_388500,1,1,0,1,0,0.0,-0.0,88500.0,88500.0,282.3
Liverpool,2025,343250,382750,Liverpool_343250_382750,6,3,2,5,1,0.4,-0.0,,,347.5
Liverpool,2025,343250,383000,Liverpool_343250_383000,3,3,0,3,0,0.0,-0.0,16750.0,4100.0,288.20000000000005
Liverpool,2025,343250,384000,Liverpool_343250_384000,2,2,0,2,0,0.0,-0.0,5600.0,5600.0,224.39999999999998
Liverpool,2025,343250,385000,Liverpool_343250_385000,4,1,0,1,3,0.0,1.0397207708399179,71000.0,17750.0,684.6
Liverpool,2025,343250,385250,Liverpool_343250_385250,1,0,0,0,1,,-0.0,17250.0,17250.0,198.1
Liverpool,2025,343250,386500,Liverpool_343250_386500,2,2,0,2,0,0.0,0.6931471805599453,58350.0,29175.0,62.7
Liverpool,2025,343250,388250,Liverpool_343250_388250,2,1,0,1,1,0.0,-0.0,290900.0,145450.0,2365.7000000000003
Liverpool,2025,343250,388750,Liverpool_343250_388750,2,2,0,2,0,0.0,-0.0,14300.0,7150.0,193.3
Liverpool,2025,343500,382750,Liverpool_343500_382750,1,0,0,0,1,,-0.0,20500.0,20500.0,526.9
Liverpool,2025,343500,384000,Liverpool_343500_384000,25,15,0,15,10,0.0,0.49875846591288275,183650.0,5200.0,5232.27
Liverpool,2025,344000,382750,Liverpool_344000_382750,6,2,1,3,3,0.3333333333333333,0.45056120886630463,48725.0,6350.0,1598.4
Liverpool,2025,344000,383000,Liverpool_344000_383000,1,1,0,1,0,0.0,-0.0,37000.0,37000.0,130.0
Liverpool,2025,344000,383250,Liverpool_344000_383250,17,13,0,13,4,0.0,0.649248354870898,2237500.0,22500.0,19993.68
Liverpool,2025,344000,388000,Liverpool_344000_388000,6,2,0,2,4,0.0,-0.0,36600.0,5500.0,581.5999999999999
Liverpool,2025,344000,388500,Liverpool_344000_388500,10,7,1,8,2,0.125,-0.0,51750.0,5900.0,796.4000000000001
Liverpool,2025,344750,382750,Liverpool_344750_382750,1,0,0,0,1,,-0.0,5500.0,5500.0,112.02
Liverpool,2025,344750,383250,Liverpool_344750_383250,4,3,0,3,1,0.0,0.5623351446188083,18900.0,3975.0,243.3
Liverpool,2025,345000,383000,Liverpool_345000_383000,14,7,1,8,6,0.125,-0.0,68250.0,4100.0,1149.0300000000002
Liverpool,2025,345000,387500,Liverpool_345000_387500,5,5,0,5,0,0.0,-0.0,22800.0,4650.0,331.2
Liverpool,2025,345250,383500,Liverpool_345250_383500,1,0,0,0,1,,-0.0,16500.0,16500.0,83.3
