city,grid_id,grid_x,grid_y,business_count_2016,vacancy_rate_2016,business_diversity_2016,rateable_value_total_2016,rateable_value_median_2016,known_occupation_count_2016,business_count_2025,vacancy_rate_2025,business_diversity_2025,rateable_value_total_2025,rateable_value_median_2025,known_occupation_count_2025,business_count_change,business_count_pct_change,vacancy_rate_pp_change,business_diversity_change,rateable_value_total_change,rateable_value_total_pct_change,cell_status
Birmingham,Birmingham_398250_278250,398250,278250,3.0,0.0,0.6365141682948128,25200.0,9500.0,3.0,3.0,,1.0986122886681096,24300.0,6100.0,0.0,0.0,0.0,,0.4620981203732968,-900.0,-3.571428571428571,persistent
Birmingham,Birmingham_398750_277500,398750,277500,1.0,0.0,-0.0,7600.0,7600.0,1.0,1.0,,-0.0,16000.0,16000.0,0.0,0.0,0.0,,0.0,8400.0,110.5263157894737,persistent
Birmingham,Birmingham_398750_278000,398750,278000,1.0,1.0,-0.0,38000.0,38000.0,1.0,0.0,,,,,,-1.0,-100.0,,,,,disappeared
Birmingham,Birmingham_398750_278250,398750,278250,11.0,0.0,0.30463609734923813,83000.0,5300.0,7.0,10.0,0.0,0.3250829733914482,93300.0,6550.0,5.0,-1.0,-9.090909090909092,0.0,0.02044687604221007,10300.0,12.409638554216867,declined
Birmingham,Birmingham_399000_277250,399000,277250,2.0,0.0,-0.0,116000.0,116000.0,1.0,1.0,0.0,-0.0,146000.0,146000.0,1.0,-1.0,-50.0,0.0,0.0,30000.0,25.862068965517242,declined
Birmingham,Birmingham_399000_282500,399000,282500,1.0,0.0,-0.0,8000.0,8000.0,1.0,1.0,,-0.0,9300.0,9300.0,0.0,0.0,0.0,,0.0,1300.0,16.25,persistent
Birmingham,Birmingham_399000_282750,399000,282750,1.0,0.0,-0.0,2650.0,2650.0,1.0,1.0,0.0,-0.0,4150.0,4150.0,1.0,0.0,0.0,0.0,0.0,1500.0,56.60377358490566,persistent
Birmingham,Birmingham_399000_283000,399000,283000,1.0,0.0,-0.0,44500.0,44500.0,1.0,1.0,,-0.0,28000.0,28000.0,0.0,0.0,0.0,,0.0,-16500.0,-37.07865168539326,persistent
Birmingham,Birmingham_399000_284750,399000,284750,2.0,0.0,0.6931471805599453,12150.0,6075.0,2.0,2.0,0.0,0.6931471805599453,21300.0,10650.0,2.0,0.0,0.0,0.0,0.0,9150.0,75.30864197530865,persistent
Birmingham,Birmingham_399250_276750,399250,276750,1.0,0.0,-0.0,11250.0,11250.0,1.0,1.0,,-0.0,3100.0,3100.0,0.0,0.0,0.0,,0.0,-8150.0,-72.44444444444444,persistent
Birmingham,Birmingham_399250_277250,399250,277250,4.0,0.0,-0.0,21000.0,5250.0,4.0,4.0,0.25,-0.0,34500.0,8650.0,4.0,0.0,0.0,25.0,0.0,13500.0,64.28571428571429,persistent
Birmingham,Birmingham_399250_277500,399250,277500,2.0,0.0,-0.0,156500.0,78250.0,1.0,2.0,0.0,-0.0,122500.0,61250.0,1.0,0.0,0.0,0.0,0.0,-34000.0,-21.72523961661342,persistent
Birmingham,Birmingham_399250_278000,399250,278000,1.0,,-0.0,,,0.0,0.0,,,,,,-1.0,-100.0,,,,,disappeared
Birmingham,Birmingham_399250_278750,399250,278750,1.0,0.0,-0.0,8500.0,8500.0,1.0,1.0,,-0.0,11500.0,11500.0,0.0,0.0,0.0,,0.0,3000.0,35.294117647058826,persistent
Birmingham,Birmingham_399250_281000,399250,281000,1.0,0.0,-0.0,5400.0,5400.0,1.0,1.0,0.0,-0.0,6400.0,6400.0,1.0,0.0,0.0,0.0,0.0,1000.0,18.51851851851852,persistent
Birmingham,Birmingham_399250_282000,399250,282000,6.0,0.0,-0.0,30200.0,3775.0,4.0,6.0,0.0,0.45056120886630463,38000.0,4475.0,5.0,0.0,0.0,0.0,0.45056120886630463,7800.0,25.82781456953642,persistent
Birmingham,Birmingham_399250_282500,399250,282500,1.0,0.0,-0.0,4600.0,4600.0,1.0,1.0,0.0,-0.0,5200.0,5200.0,1.0,0.0,0.0,0.0,0.0,600.0,13.043478260869565,persistent
Birmingham,Birmingham_399250_282750,399250,282750,16.0,0.0,0.2337916587064593,47050.0,5400.0,6.0,7.0,0.0,0.410116318288409,56250.0,9200.0,4.0,-9.0,-56.25,0.0,0.1763246595819497,9200.0,19.55366631243358,declined
Birmingham,Birmingham_399250_283750,399250,283750,1.0,0.0,-0.0,130000.0,130000.0,1.0,1.0,,-0.0,,,0.0,0.0,0.0,,0.0,,,persistent
Birmingham,Birmingham_399250_284750,399250,284750,11.0,0.0,-0.0,63855.0,2550.0,7.0,9.0,0.0,-0.0,78210.0,4000.0,8.0,-2.0,-18.181818181818183,0.0,0.0,14355.0,22.48062015503876,declined
Birmingham,Birmingham_399500_277500,399500,277500,3.0,0.0,-0.0,1450000.0,1450000.0,1.0,3.0,0.0,0.6365141682948128,1530000.0,765000.0,2.0,0.0,0.0,0.0,0.6365141682948128,80000.0,5.517241379310345,persistent
Birmingham,Birmingham_399500_277750,399500,277750,1.0,,-0.0,185000.0,185000.0,0.0,1.0,0.0,-0.0,155000.0,155000.0,1.0,0.0,0.0,,0.0,-30000.0,-16.216216216216218,persistent
Birmingham,Birmingham_399500_281500,399500,281500,23.0,0.06666666666666667,-0.0,82825.0,2625.0,15.0,22.0,0.0,0.18490739916777568,127525.0,4650.0,12.0,-1.0,-4.3478260869565215,-6.666666666666667,0.18490739916777568,44700.0,53.969212194385754,declined
Birmingham,Birmingham_399500_281750,399500,281750,2.0,,0.6931471805599453,2800.0,2800.0,0.0,1.0,0.0,-0.0,4800.0,4800.0,1.0,-1.0,-50.0,,-0.6931471805599453,2000.0,71.42857142857143,declined
Birmingham,Birmingham_399500_284750,399500,284750,4.0,0.0,-0.0,13000.0,3600.0,1.0,3.0,0.0,-0.0,25100.0,8700.0,2.0,-1.0,-25.0,0.0,0.0,12100.0,93.07692307692308,declined
Birmingham,Birmingham_399750_276750,399750,276750,14.0,0.0,0.25731864054383163,83225.0,2900.0,6.0,12.0,0.0,0.2868359830561607,66700.0,4400.0,8.0,-2.0,-14.285714285714285,0.0,0.02951734251232907,-16525.0,-19.855812556323222,declined
Birmingham,Birmingham_399750_278250,399750,278250,1.0,0.0,-0.0,5500.0,5500.0,1.0,1.0,,-0.0,10250.0,10250.0,0.0,0.0,0.0,,0.0,4750.0,86.36363636363636,persistent
Birmingham,Birmingham_399750_278750,399750,278750,4.0,0.0,0.5623351446188083,25850.0,5500.0,3.0,4.0,0.0,0.5623351446188083,30750.0,6250.0,3.0,0.0,0.0,0.0,0.0,4900.0,18.95551257253385,persistent
Birmingham,Birmingham_399750_281250,399750,281250,1.0,0.0,-0.0,6200.0,6200.0,1.0,1.0,,-0.0,4000.0,4000.0,0.0,0.0,0.0,,0.0,-2200.0,-35.483870967741936,persistent
Birmingham,Birmingham_399750_281750,399750,281750,1.0,0.0,-0.0,3050.0,3050.0,1.0,1.0,0.0,-0.0,5100.0,5100.0,1.0,0.0,0.0,0.0,0.0,2050.0,67.21311475409836,persistent
Birmingham,Birmingham_399750_282000,399750,282000,2.0,1.0,-0.0,4300.0,2150.0,1.0,2.0,0.5,-0.0,7350.0,3675.0,2.0,0.0,0.0,-50.0,0.0,3050.0,70.93023255813954,persistent
Birmingham,Birmingham_399750_284000,399750,284000,2.0,0.0,-0.0,14000.0,7000.0,2.0,2.0,,-0.0,21550.0,10775.0,0.0,0.0,0.0,,0.0,7550.0,53.92857142857142,persistent
Birmingham,Birmingham_399750_284250,399750,284250,3.0,0.0,-0.0,14550.0,4850.0,2.0,3.0,0.0,-0.0,22500.0,7500.0,2.0,0.0,0.0,0.0,0.0,7950.0,54.63917525773196,persistent
Birmingham,Birmingham_399750_284500,399750,284500,2.0,0.0,-0.0,497500.0,497500.0,1.0,1.0,0.0,-0.0,477500.0,477500.0,1.0,-1.0,-50.0,0.0,0.0,-20000.0,-4.0201005025125625,declined
Birmingham,Birmingham_400000_276250,400000,276250,1.0,0.0,-0.0,13250.0,13250.0,1.0,1.0,,-0.0,19500.0,19500.0,0.0,0.0,0.0,,0.0,6250.0,47.16981132075472,persistent
Birmingham,Birmingham_400000_276750,400000,276750,8.0,0.0,-0.0,27675.0,2925.0,5.0,8.0,0.2,-0.0,44150.0,4750.0,5.0,0.0,0.0,20.0,0.0,16475.0,59.53026196928636,persistent
Birmingham,Birmingham_400000_277250,400000,277250,1.0,0.0,-0.0,4100.0,4100.0,1.0,2.0,0.0,-0.0,19700.0,9850.0,1.0,1.0,100.0,0.0,0.0,15600.0,380.4878048780488,intensified
Birmingham,Birmingham_400000_277500,400000,277500,9.0,0.0,0.5297061990576545,78950.0,12750.0,5.0,7.0,0.2,0.410116318288409,102500.0,11750.0,5.0,-2.0,-22.22222222222222,20.0,-0.11958988076924548,23550.0,29.829005699810008,declined
Birmingham,Birmingham_400000_278250,400000,278250,2.0,0.0,-0.0,11000.0,11000.0,1.0,1.0,,-0.0,12000.0,12000.0,0.0,-1.0,-50.0,,0.0,1000.0,9.090909090909092,declined
Birmingham,Birmingham_400000_283000,400000,283000,1.0,1.0,-0.0,8200.0,8200.0,1.0,0.0,,,,,,-1.0,-100.0,,,,,disappeared
Birmingham,Birmingham_400000_284500,400000,284500,2.0,0.0,-0.0,1525.0,1525.0,1.0,1.0,,-0.0,2350.0,2350.0,0.0,-1.0,-50.0,,0.0,825.0,54.09836065573771,declined
Birmingham,Birmingham_400250_277500,400250,277500,22.0,0.07692307692307693,1.0335620542068176,231350.0,5300.0,13.0,19.0,0.1111111111111111,0.708018976056273,294750.0,8100.0,9.0,-3.0,-13.636363636363635,3.4188034188034178,-0.3255430781505446,63400.0,27.40436567970607,declined
Birmingham,Birmingham_400250_278750,400250,278750,13.0,0.14285714285714285,0.2711893730418441,60975.0,3775.0,7.0,8.0,0.0,0.37677016125643675,98600.0,5850.0,7.0,-5.0,-38.46153846153847,-14.285714285714285,0.10558078821459266,37625.0,61.70561705617056,declined
Birmingham,Birmingham_400250_281750,400250,281750,6.0,0.0,-0.0,26900.0,4200.0,2.0,5.0,0.0,0.5004024235381879,56400.0,7300.0,2.0,-1.0,-16.666666666666664,0.0,0.5004024235381879,29500.0,109.66542750929369,declined
Birmingham,Birmingham_400250_282000,400250,282000,1.0,0.0,-0.0,25000.0,25000.0,1.0,1.0,0.0,-0.0,3100.0,3100.0,1.0,0.0,0.0,0.0,0.0,-21900.0,-87.6,persistent
Birmingham,Birmingham_400250_282750,400250,282750,1.0,0.0,-0.0,5000.0,5000.0,1.0,1.0,0.0,-0.0,5900.0,5900.0,1.0,0.0,0.0,0.0,0.0,900.0,18.0,persistent
Birmingham,Birmingham_400250_283750,400250,283750,3.0,0.0,0.6365141682948128,11650.0,5825.0,1.0,2.0,0.0,-0.0,14250.0,7125.0,2.0,-1.0,-33.33333333333333,0.0,-0.6365141682948128,2600.0,22.317596566523605,declined
Birmingham,Birmingham_400250_284500,400250,284500,6.0,0.0,-0.0,22175.0,3200.0,4.0,6.0,0.0,-0.0,34300.0,4925.0,2.0,0.0,0.0,0.0,0.0,12125.0,54.67869222096956,persistent
Birmingham,Birmingham_400250_284750,400250,284750,2.0,0.0,-0.0,68500.0,34250.0,1.0,2.0,0.0,-0.0,76750.0,38375.0,1.0,0.0,0.0,0.0,0.0,8250.0,12.043795620437956,persistent
Birmingham,Birmingham_400250_285000,400250,285000,1.0,0.0,-0.0,210000.0,210000.0,1.0,1.0,0.0,-0.0,149000.0,149000.0,1.0,0.0,0.0,0.0,0.0,-61000.0,-29.04761904761905,persistent
Birmingham,Birmingham_400500_276250,400500,276250,1.0,0.0,-0.0,14500.0,14500.0,1.0,1.0,0.0,-0.0,27250.0,27250.0,1.0,0.0,0.0,0.0,0.0,12750.0,87.93103448275862,persistent
Birmingham,Birmingham_400500_277000,400500,277000,1.0,,-0.0,4700.0,4700.0,0.0,1.0,1.0,-0.0,5800.0,5800.0,1.0,0.0,0.0,,0.0,1100.0,23.404255319148938,persistent
Birmingham,Birmingham_400500_277250,400500,277250,9.0,0.14285714285714285,-0.0,33850.0,5100.0,7.0,7.0,0.0,-0.0,49950.0,7600.0,6.0,-2.0,-22.22222222222222,-14.285714285714285,0.0,16100.0,47.56277695716396,declined
Birmingham,Birmingham_400500_278500,400500,278500,3.0,0.0,0.6365141682948128,8675.0,3100.0,2.0,3.0,0.0,0.6365141682948128,16250.0,5800.0,2.0,0.0,0.0,0.0,0.0,7575.0,87.31988472622479,persistent
Birmingham,Birmingham_400500_279000,400500,279000,1.0,0.0,-0.0,7200.0,7200.0,1.0,1.0,,-0.0,9900.0,9900.0,0.0,0.0,0.0,,0.0,2700.0,37.5,persistent
Birmingham,Birmingham_400500_279250,400500,279250,2.0,0.0,-0.0,6300.0,3150.0,1.0,2.0,0.0,-0.0,8600.0,4300.0,2.0,0.0,0.0,0.0,0.0,2300.0,36.507936507936506,persistent
Birmingham,Birmingham_400500_282000,400500,282000,1.0,0.0,-0.0,1500.0,1500.0,1.0,1.0,,-0.0,2500.0,2500.0,0.0,0.0,0.0,,0.0,1000.0,66.66666666666666,persistent
Birmingham,Birmingham_400500_282250,400500,282250,6.0,0.0,-0.0,10175.0,5087.5,1.0,2.0,0.0,-0.0,15150.0,7575.0,1.0,-4.0,-66.66666666666666,0.0,0.0,4975.0,48.894348894348894,declined
Birmingham,Birmingham_400500_282500,400500,282500,9.0,0.25,0.8486855577264172,61100.0,3100.0,4.0,8.0,0.0,0.7356219397587946,58900.0,4650.0,3.0,-1.0,-11.11111111111111,-25.0,-0.11306361796762254,-2200.0,-3.600654664484452,declined
Birmingham,Birmingham_400500_283750,400500,283750,3.0,0.0,-0.0,12900.0,4500.0,1.0,3.0,0.0,-0.0,19900.0,6900.0,3.0,0.0,0.0,0.0,0.0,7000.0,54.263565891472865,persistent
Birmingham,Birmingham_400500_284250,400500,284250,14.0,0.0,-0.0,32695.0,2062.5,9.0,14.0,0.0,-0.0,75775.0,5100.0,11.0,0.0,0.0,0.0,0.0,43080.0,131.76326655451905,persistent
Birmingham,Birmingham_400500_285000,400500,285000,1.0,,-0.0,,,0.0,0.0,,,,,,-1.0,-100.0,,,,,disappeared
Birmingham,Birmingham_400750_277750,400750,277750,1.0,0.0,-0.0,3250.0,3250.0,1.0,1.0,0.0,-0.0,4850.0,4850.0,1.0,0.0,0.0,0.0,0.0,1600.0,49.23076923076923,persistent
Birmingham,Birmingham_400750_279250,400750,279250,1.0,,-0.0,3350.0,3350.0,0.0,1.0,0.0,-0.0,6200.0,6200.0,1.0,0.0,0.0,,0.0,2850.0,85.07462686567165,persistent
Birmingham,Birmingham_400750_282750,400750,282750,1.0,0.0,-0.0,6200.0,6200.0,1.0,1.0,,-0.0,7400.0,7400.0,0.0,0.0,0.0,,0.0,1200.0,19.35483870967742,persistent
Birmingham,Birmingham_400750_283750,400750,283750,10.0,0.0,-0.0,57000.0,5100.0,9.0,9.0,0.0,-0.0,77400.0,7900.0,5.0,-1.0,-10.0,0.0,0.0,20400.0,35.78947368421053,declined
Birmingham,Birmingham_400750_284250,400750,284250,3.0,0.0,-0.0,4850.0,4850.0,1.0,1.0,0.0,-0.0,8700.0,8700.0,1.0,-2.0,-66.66666666666666,0.0,0.0,3850.0,79.38144329896907,declined
Birmingham,Birmingham_400750_285000,400750,285000,31.0,0.0,0.23921709381651282,514000.0,7300.0,19.0,26.0,0.07142857142857142,0.2711893730418441,448750.0,8000.0,14.0,-5.0,-16.129032258064516,7.142857142857142,0.031972279225331274,-65250.0,-12.694552529182879,declined
Birmingham,Birmingham_401000_277250,401000,277250,24.0,0.25,0.6519508373776711,5347000.0,39000.0,12.0,26.0,0.0,0.6189772142016319,3763000.0,31125.0,17.0,2.0,8.333333333333332,-25.0,-0.032973623176039246,-1584000.0,-29.624088273798392,intensified
Birmingham,Birmingham_401000_277750,401000,277750,4.0,0.0,0.5623351446188083,21800.0,4325.0,4.0,4.0,0.0,-0.0,21750.0,5025.0,3.0,0.0,0.0,0.0,-0.5623351446188083,-50.0,-0.22935779816513763,persistent
Birmingham,Birmingham_401000_279750,401000,279750,11.0,0.14285714285714285,-0.0,32725.0,2700.0,7.0,9.0,0.0,-0.0,48800.0,4050.0,5.0,-2.0,-18.181818181818183,-14.285714285714285,0.0,16075.0,49.12146676852559,declined
Birmingham,Birmingham_401000_280500,401000,280500,4.0,0.0,0.5623351446188083,10675.0,5337.5,2.0,2.0,0.0,-0.0,19050.0,9525.0,2.0,-2.0,-50.0,0.0,-0.5623351446188083,8375.0,78.4543325526932,declined
Birmingham,Birmingham_401000_281250,401000,281250,9.0,0.0,0.34883209584303193,29700.0,2850.0,5.0,8.0,0.0,-0.0,42800.0,4125.0,5.0,-1.0,-11.11111111111111,0.0,-0.34883209584303193,13100.0,44.107744107744104,declined
Birmingham,Birmingham_401000_284750,401000,284750,2.0,,0.6931471805599453,,,0.0,0.0,,,,,,-2.0,-100.0,,,,,disappeared
Birmingham,Birmingham_401000_285250,401000,285250,1.0,1.0,-0.0,38000.0,38000.0,1.0,2.0,0.0,0.6931471805599453,65000.0,32500.0,2.0,1.0,100.0,-100.0,0.6931471805599453,27000.0,71.05263157894737,intensified
Birmingham,Birmingham_401250_277250,401250,277250,11.0,0.0,0.30463609734923813,63750.0,5100.0,6.0,10.0,0.0,0.639031859650177,128700.0,7650.0,7.0,-1.0,-9.090909090909092,0.0,0.3343957623009388,64950.0,101.88235294117646,declined
Birmingham,Birmingham_401250_277500,401250,277500,8.0,0.0,0.5623351446188083,54000.0,9300.0,1.0,5.0,,-0.0,54000.0,9300.0,0.0,-3.0,-37.5,,-0.5623351446188083,0.0,0.0,declined
Birmingham,Birmingham_401250_277750,401250,277750,1.0,0.0,-0.0,7300.0,7300.0,1.0,1.0,0.0,-0.0,12000.0,12000.0,1.0,0.0,0.0,0.0,0.0,4700.0,64.38356164383562,persistent
Birmingham,Birmingham_401250_278250,401250,278250,18.0,0.0,0.5908422462755826,156000.0,8000.0,10.0,16.0,0.0,0.7774621319109288,165200.0,8350.0,9.0,-2.0,-11.11111111111111,0.0,0.18661988563534626,9200.0,5.897435897435897,declined
Birmingham,Birmingham_401250_279500,401250,279500,1.0,,-0.0,2550.0,2550.0,0.0,1.0,0.0,-0.0,3850.0,3850.0,1.0,0.0,0.0,,0.0,1300.0,50.98039215686274,persistent
Birmingham,Birmingham_401250_280750,401250,280750,1.0,,-0.0,32000.0,32000.0,0.0,1.0,0.0,-0.0,4200.0,4200.0,1.0,0.0,0.0,,0.0,-27800.0,-86.875,persistent
Birmingham,Birmingham_401250_282500,401250,282500,10.0,0.0,0.5004024235381879,35900.0,3850.0,9.0,9.0,0.0,-0.0,65500.0,6800.0,5.0,-1.0,-10.0,0.0,-0.5004024235381879,29600.0,82.45125348189416,declined
Birmingham,Birmingham_401250_283750,401250,283750,7.0,0.2,0.410116318288409,30800.0,3900.0,5.0,9.0,0.0,0.5297061990576545,93800.0,6000.0,4.0,2.0,28.57142857142857,-20.0,0.11958988076924548,63000.0,204.54545454545453,intensified
Birmingham,Birmingham_401250_284500,401250,284500,7.0,0.0,0.410116318288409,61700.0,4700.0,6.0,6.0,0.0,0.45056120886630463,76500.0,7150.0,5.0,-1.0,-14.285714285714285,0.0,0.04044489057789563,14800.0,23.9870340356564,declined
Birmingham,Birmingham_401250_284750,401250,284750,4.0,0.0,-0.0,36800.0,5500.0,3.0,3.0,0.0,-0.0,45650.0,6900.0,2.0,-1.0,-25.0,0.0,0.0,8850.0,24.04891304347826,declined
Birmingham,Birmingham_401500_276750,401500,276750,5.0,0.0,-0.0,8375.0,2600.0,3.0,5.0,0.0,-0.0,13950.0,3700.0,1.0,0.0,0.0,0.0,0.0,5575.0,66.56716417910448,persistent
Birmingham,Birmingham_401500_277000,401500,277000,3.0,0.0,0.6365141682948128,24775.0,4650.0,1.0,2.0,0.0,0.6931471805599453,12600.0,6300.0,1.0,-1.0,-33.33333333333333,0.0,0.05663301226513251,-12175.0,-49.1422805247225,declined
Birmingham,Birmingham_401500_277250,401500,277250,4.0,0.0,-0.0,14250.0,5400.0,2.0,3.0,0.0,-0.0,19450.0,7400.0,1.0,-1.0,-25.0,0.0,0.0,5200.0,36.49122807017544,declined
Birmingham,Birmingham_401500_277750,401500,277750,1.0,,-0.0,,,0.0,0.0,,,,,,-1.0,-100.0,,,,,disappeared
Birmingham,Birmingham_401500_278500,401500,278500,35.0,0.08,0.3470668257548097,168125.0,5000.0,25.0,31.0,0.0,0.3795349255810947,217700.0,6800.0,13.0,-4.0,-11.428571428571429,-8.0,0.03246809982628501,49575.0,29.486988847583646,declined
Birmingham,Birmingham_401500_278750,401500,278750,3.0,0.0,-0.0,15600.0,4450.0,1.0,3.0,,-0.0,22400.0,6500.0,0.0,0.0,0.0,,0.0,6800.0,43.58974358974359,persistent
Birmingham,Birmingham_401500_280000,401500,280000,1.0,0.0,-0.0,2750.0,2750.0,1.0,2.0,,-0.0,10000.0,5000.0,0.0,1.0,100.0,,0.0,7250.0,263.6363636363636,intensified
Birmingham,Birmingham_401500_282250,401500,282250,1.0,,-0.0,,,0.0,0.0,,,,,,-1.0,-100.0,,,,,disappeared
Birmingham,Birmingham_401500_282500,401500,282500,4.0,0.0,0.5623351446188083,75620.0,2175.0,3.0,4.0,0.0,0.5623351446188083,96500.0,3825.0,3.0,0.0,0.0,0.0,0.0,20880.0,27.61174292515208,persistent
Birmingham,Birmingham_401500_282750,401500,282750,2.0,,0.6931471805599453,1650000.0,1650000.0,0.0,1.0,0.0,-0.0,1430000.0,1430000.0,1.0,-1.0,-50.0,,-0.6931471805599453,-220000.0,-13.333333333333334,declined
Birmingham,Birmingham_401500_284000,401500,284000,1.0,0.0,-0.0,7700.0,7700.0,1.0,1.0,,-0.0,10750.0,10750.0,0.0,0.0,0.0,,0.0,3050.0,39.61038961038961,persistent
Birmingham,Birmingham_401500_284750,401500,284750,1.0,0.0,-0.0,83500.0,83500.0,1.0,1.0,0.0,-0.0,44500.0,44500.0,1.0,0.0,0.0,0.0,0.0,-39000.0,-46.706586826347305,persistent
Birmingham,Birmingham_401750_277250,401750,277250,1.0,,-0.0,4400.0,4400.0,0.0,1.0,0.0,-0.0,5900.0,5900.0,1.0,0.0,0.0,,0.0,1500.0,34.090909090909086,persistent
Birmingham,Birmingham_401750_278250,401750,278250,1.0,,-0.0,11500.0,11500.0,0.0,1.0,,-0.0,,,0.0,0.0,0.0,,0.0,,,persistent
Birmingham,Birmingham_401750_279000,401750,279000,12.0,0.0,0.45056120886630463,163700.0,6950.0,8.0,12.0,0.0,0.45056120886630463,207150.0,7900.0,6.0,0.0,0.0,0.0,0.0,43450.0,26.542455711667685,persistent
Birmingham,Birmingham_401750_279250,401750,279250,50.0,0.0,0.4882935030375918,1628510.0,3500.0,37.0,71.0,0.0,0.37511221830412345,1514375.0,8200.0,18.0,21.0,42.0,0.0,-0.11318128473346833,-114135.0,-7.008553831416448,intensified
Birmingham,Birmingham_401750_279500,401750,279500,16.0,0.0,0.6885673693022827,240750.0,11875.0,6.0,15.0,0.0,0.7201248812718097,248350.0,11750.0,7.0,-1.0,-6.25,0.0,0.03155751196952705,7600.0,3.1568016614745584,declined
Birmingham,Birmingham_401750_279750,401750,279750,1.0,,-0.0,50500.0,50500.0,0.0,1.0,0.0,-0.0,55000.0,55000.0,1.0,0.0,0.0,,0.0,4500.0,8.91089108910891,persistent
Birmingham,Birmingham_401750_280750,401750,280750,8.0,0.125,-0.0,44400.0,4525.0,8.0,8.0,0.0,-0.0,71300.0,7200.0,3.0,0.0,0.0,-12.5,0.0,26900.0,60.58558558558559,persistent
Birmingham,Birmingham_401750_281000,401750,281000,1.0,0.0,-0.0,1025.0,1025.0,1.0,1.0,,-0.0,1475.0,1475.0,0.0,0.0,0.0,,0.0,450.0,43.90243902439025,persistent
Birmingham,Birmingham_401750_281500,401750,281500,1.0,0.0,-0.0,36250.0,36250.0,1.0,1.0,,-0.0,10800.0,10800.0,0.0,0.0,0.0,,0.0,-25450.0,-70.20689655172414,persistent
Birmingham,Birmingham_401750_283750,401750,283750,5.0,0.0,-0.0,19150.0,5000.0,1.0,3.0,0.0,0.6365141682948128,32750.0,8400.0,1.0,-2.0,-40.0,0.0,0.6365141682948128,13600.0,71.01827676240208,declined
Birmingham,Birmingham_401750_284000,401750,284000,1.0,,-0.0,4050.0,4050.0,0.0,1.0,0.0,-0.0,8700.0,8700.0,1.0,0.0,0.0,,0.0,4650.0,114.81481481481481,persistent
Birmingham,Birmingham_401750_284500,401750,284500,11.0,0.0,-0.0,69150.0,5400.0,6.0,10.0,0.0,-0.0,86050.0,6750.0,8.0,-1.0,-9.090909090909092,0.0,0.0,16900.0,24.439624005784527,declined
Birmingham,Birmingham_401750_284750,401750,284750,1.0,0.0,-0.0,3150.0,3150.0,1.0,3.0,0.0,-0.0,16150.0,5600.0,2.0,2.0,200.0,0.0,0.0,13000.0,412.69841269841277,intensified
Birmingham,Birmingham_402000_276750,402000,276750,1.0,0.0,-0.0,455.0,455.0,1.0,0.0,,,,,,-1.0,-100.0,,,,,disappeared
Birmingham,Birmingham_402000_278000,402000,278000,1.0,,-0.0,20500.0,20500.0,0.0,1.0,,-0.0,7000.0,7000.0,0.0,0.0,0.0,,0.0,-13500.0,-65.85365853658537,persistent
Birmingham,Birmingham_402000_278250,402000,278250,5.0,0.2,0.5004024235381879,51400.0,5800.0,5.0,5.0,0.0,0.5004024235381879,66350.0,7400.0,1.0,0.0,0.0,-20.0,0.0,14950.0,29.08560311284047,persistent
Birmingham,Birmingham_402000_279250,402000,279250,2.0,0.0,0.6931471805599453,17475.0,8737.5,2.0,3.0,1.0,0.6365141682948128,79100.0,15000.0,1.0,1.0,50.0,100.0,-0.05663301226513251,61625.0,352.64663805436334,intensified
Birmingham,Birmingham_402000_279500,402000,279500,53.0,0.06666666666666667,0.6194485403188649,1576750.0,19500.0,30.0,48.0,0.0,0.788072791682896,1253675.0,16125.0,21.0,-5.0,-9.433962264150944,-6.666666666666667,0.16862425136403114,-323075.0,-20.48993182178532,declined
Birmingham,Birmingham_402000_279750,402000,279750,187.0,0.1038961038961039,0.26368710105318294,3027395.0,14500.0,77.0,89.0,0.0,0.3603284611488492,1674355.0,14250.0,46.0,-98.0,-52.406417112299465,-10.38961038961039,0.09664136009566626,-1353040.0,-44.69320983882182,declined
Birmingham,Birmingham_402000_281250,402000,281250,1.0,0.0,-0.0,9600.0,9600.0,1.0,1.0,,-0.0,25500.0,25500.0,0.0,0.0,0.0,,0.0,15900.0,165.625,persistent
Birmingham,Birmingham_402000_282000,402000,282000,51.0,0.02857142857142857,0.19262573846117467,452450.0,8000.0,35.0,48.0,0.0,0.10126481756679193,744370.0,13500.0,25.0,-3.0,-5.88235294117647,-2.857142857142857,-0.09136092089438275,291920.0,64.51983644601613,declined
Birmingham,Birmingham_402000_282250,402000,282250,6.0,0.0,-0.0,48050.0,7250.0,5.0,5.0,0.0,-0.0,80500.0,12500.0,3.0,-1.0,-16.666666666666664,0.0,0.0,32450.0,67.53381893860562,declined
Birmingham,Birmingham_402000_282500,402000,282500,1.0,1.0,-0.0,32250.0,32250.0,1.0,1.0,,-0.0,39000.0,39000.0,0.0,0.0,0.0,,0.0,6750.0,20.930232558139537,persistent
Birmingham,Birmingham_402000_284500,402000,284500,4.0,0.0,-0.0,11400.0,5700.0,2.0,2.0,0.0,-0.0,18200.0,9100.0,2.0,-2.0,-50.0,0.0,0.0,6800.0,59.64912280701754,declined
Birmingham,Birmingham_402000_284750,402000,284750,7.0,0.0,-0.0,28150.0,4300.0,6.0,4.0,0.0,-0.0,30300.0,7250.0,2.0,-3.0,-42.857142857142854,0.0,0.0,2150.0,7.63765541740675,declined
Birmingham,Birmingham_402000_285250,402000,285250,1.0,0.0,-0.0,810.0,810.0,1.0,1.0,0.0,-0.0,910.0,910.0,1.0,0.0,0.0,0.0,0.0,100.0,12.345679012345679,persistent
Birmingham,Birmingham_402250_277000,402250,277000,4.0,0.0,-0.0,10275.0,2400.0,3.0,3.0,0.0,-0.0,13950.0,3300.0,2.0,-1.0,-25.0,0.0,0.0,3675.0,35.76642335766424,declined
Birmingham,Birmingham_402250_277500,402250,277500,20.0,0.375,-0.0,62600.0,2500.0,8.0,17.0,0.0,-0.0,82200.0,3300.0,7.0,-3.0,-15.0,-37.5,0.0,19600.0,31.309904153354633,declined
Birmingham,Birmingham_402250_277750,402250,277750,2.0,1.0,-0.0,5250.0,2625.0,2.0,2.0,,-0.0,6525.0,3262.5,0.0,0.0,0.0,,0.0,1275.0,24.285714285714285,persistent
Birmingham,Birmingham_402250_278250,402250,278250,4.0,0.0,-0.0,17400.0,4500.0,3.0,4.0,0.0,-0.0,22200.0,5750.0,2.0,0.0,0.0,0.0,0.0,4800.0,27.586206896551722,persistent
Birmingham,Birmingham_402250_278750,402250,278750,5.0,0.0,0.5004024235381879,15300.0,2600.0,5.0,5.0,0.0,0.5004024235381879,19160.0,4700.0,4.0,0.0,0.0,0.0,0.0,3860.0,25.22875816993464,persistent
Birmingham,Birmingham_402250_279250,402250,279250,1.0,,-0.0,65000.0,65000.0,0.0,1.0,0.0,-0.0,52500.0,52500.0,1.0,0.0,0.0,,0.0,-12500.0,-19.230769230769234,persistent
Birmingham,Birmingham_402250_279500,402250,279500,1.0,,-0.0,2600.0,2600.0,0.0,1.0,,-0.0,,,0.0,0.0,0.0,,0.0,,,persistent
Birmingham,Birmingham_402250_280000,402250,280000,9.0,0.0,0.34883209584303193,34750.0,4200.0,6.0,10.0,0.0,0.3250829733914482,77000.0,7800.0,7.0,1.0,11.11111111111111,0.0,-0.023749122451583726,42250.0,121.58273381294964,intensified
Birmingham,Birmingham_402250_282000,402250,282000,9.0,0.0,0.5297061990576545,91775.0,8000.0,6.0,9.0,0.0,0.5297061990576545,132200.0,12875.0,7.0,0.0,0.0,0.0,0.0,40425.0,44.04794333968946,persistent
Birmingham,Birmingham_402250_282750,402250,282750,3.0,0.0,-0.0,4525.0,2262.5,1.0,3.0,0.0,-0.0,12725.0,2200.0,2.0,0.0,0.0,0.0,0.0,8200.0,181.21546961325967,persistent
Birmingham,Birmingham_402250_283250,402250,283250,6.0,0.0,-0.0,57150.0,6850.0,6.0,6.0,0.0,-0.0,75250.0,10275.0,4.0,0.0,0.0,0.0,0.0,18100.0,31.671041119860018,persistent
Birmingham,Birmingham_402250_283500,402250,283500,1.0,0.0,-0.0,20000.0,20000.0,1.0,1.0,0.0,-0.0,20000.0,20000.0,1.0,0.0,0.0,0.0,0.0,0.0,0.0,persistent
Birmingham,Birmingham_402250_284000,402250,284000,14.0,0.0,0.25731864054383163,41325.0,3800.0,8.0,9.0,0.0,0.34883209584303193,60550.0,6000.0,4.0,-5.0,-35.714285714285715,0.0,0.0915134552992003,19225.0,46.521476104053235,declined
Birmingham,Birmingham_402250_285250,402250,285250,1.0,0.0,-0.0,150000.0,150000.0,1.0,1.0,0.0,-0.0,57500.0,57500.0,1.0,0.0,0.0,0.0,0.0,-92500.0,-61.66666666666667,persistent
Birmingham,Birmingham_402250_286000,402250,286000,1.0,0.0,-0.0,135000.0,135000.0,1.0,1.0,,-0.0,65000.0,65000.0,0.0,0.0,0.0,,0.0,-70000.0,-51.85185185185185,persistent
Birmingham,Birmingham_402250_286250,402250,286250,2.0,0.0,0.6931471805599453,23350.0,11675.0,2.0,2.0,,0.6931471805599453,35750.0,17875.0,0.0,0.0,0.0,,0.0,12400.0,53.104925053533194,persistent
Birmingham,Birmingham_402500_277750,402500,277750,2.0,0.0,0.6931471805599453,18200.0,9100.0,1.0,2.0,,0.6931471805599453,14500.0,7250.0,0.0,0.0,0.0,,0.0,-3700.0,-20.32967032967033,persistent
Birmingham,Birmingham_402500_278750,402500,278750,21.0,0.1,0.7801307795266322,156585.0,2362.5,10.0,15.0,0.0,0.48509409130221154,216950.0,4900.0,12.0,-6.0,-28.57142857142857,-10.0,-0.2950366882244207,60365.0,38.55094677012485,declined
Birmingham,Birmingham_402500_279000,402500,279000,1.0,0.0,-0.0,1875.0,1875.0,1.0,1.0,0.0,-0.0,3900.0,3900.0,1.0,0.0,0.0,0.0,0.0,2025.0,108.0,persistent
Birmingham,Birmingham_402500_280000,402500,280000,1.0,0.0,-0.0,8400.0,8400.0,1.0,1.0,0.0,-0.0,8100.0,8100.0,1.0,0.0,0.0,0.0,0.0,-300.0,-3.571428571428571,persistent
Birmingham,Birmingham_402500_283000,402500,283000,2.0,0.0,-0.0,5375.0,2687.5,2.0,2.0,0.0,-0.0,5375.0,2687.5,2.0,0.0,0.0,0.0,0.0,0.0,0.0,persistent
Birmingham,Birmingham_402500_284000,402500,284000,4.0,0.3333333333333333,-0.0,12625.0,5000.0,3.0,2.0,0.0,-0.0,8250.0,4125.0,1.0,-2.0,-50.0,-33.33333333333333,0.0,-4375.0,-34.65346534653465,declined
Birmingham,Birmingham_402500_284250,402500,284250,1.0,0.0,-0.0,7000.0,7000.0,1.0,1.0,,-0.0,7700.0,7700.0,0.0,0.0,0.0,,0.0,700.0,10.0,persistent
Birmingham,Birmingham_402500_284500,402500,284500,1.0,,-0.0,21500.0,21500.0,0.0,1.0,,-0.0,34250.0,34250.0,0.0,0.0,0.0,,0.0,12750.0,59.30232558139535,persistent
Birmingham,Birmingham_402500_286000,402500,286000,1.0,0.0,-0.0,1350.0,1350.0,1.0,1.0,,-0.0,2125.0,2125.0,0.0,0.0,0.0,,0.0,775.0,57.407407407407405,persistent
Birmingham,Birmingham_402500_287000,402500,287000,1.0,0.0,-0.0,6200.0,6200.0,1.0,1.0,,-0.0,7200.0,7200.0,0.0,0.0,0.0,,0.0,1000.0,16.129032258064516,persistent
Birmingham,Birmingham_402500_289750,402500,289750,4.0,0.0,-0.0,32650.0,6700.0,3.0,6.0,0.0,-0.0,92200.0,14625.0,2.0,2.0,50.0,0.0,0.0,59550.0,182.38897396630932,intensified
Birmingham,Birmingham_402750_276750,402750,276750,1.0,0.0,-0.0,7900.0,7900.0,1.0,1.0,0.0,-0.0,8700.0,8700.0,1.0,0.0,0.0,0.0,0.0,800.0,10.126582278481013,persistent
Birmingham,Birmingham_402750_277250,402750,277250,1.0,0.0,-0.0,2450.0,2450.0,1.0,0.0,,,,,,-1.0,-100.0,,,,,disappeared
Birmingham,Birmingham_402750_277500,402750,277500,1.0,0.0,-0.0,3050.0,3050.0,1.0,1.0,0.0,-0.0,4750.0,4750.0,1.0,0.0,0.0,0.0,0.0,1700.0,55.73770491803278,persistent
Birmingham,Birmingham_402750_277750,402750,277750,33.0,0.10526315789473684,0.5898691618387124,264025.0,8000.0,19.0,27.0,0.0,0.5735160760972796,246625.0,6300.0,15.0,-6.0,-18.181818181818183,-10.526315789473683,-0.016353085741432793,-17400.0,-6.59028501088912,declined
Birmingham,Birmingham_402750_278000,402750,278000,9.0,0.7142857142857143,0.34883209584303193,22990.0,2425.0,7.0,0.0,,,,,,-9.0,-100.0,,,,,disappeared
Birmingham,Birmingham_402750_278750,402750,278750,3.0,0.0,-0.0,4450.0,4450.0,1.0,1.0,0.0,-0.0,9200.0,9200.0,1.0,-2.0,-66.66666666666666,0.0,0.0,4750.0,106.74157303370787,declined
Birmingham,Birmingham_402750_281250,402750,281250,3.0,0.0,-0.0,12150.0,4000.0,1.0,3.0,0.0,-0.0,17400.0,5700.0,3.0,0.0,0.0,0.0,0.0,5250.0,43.20987654320987,persistent
Birmingham,Birmingham_402750_281750,402750,281750,6.0,0.0,-0.0,14125.0,4950.0,3.0,3.0,0.0,-0.0,43500.0,12500.0,2.0,-3.0,-50.0,0.0,0.0,29375.0,207.9646017699115,declined
Birmingham,Birmingham_402750_283250,402750,283250,1.0,,-0.0,38000.0,38000.0,0.0,1.0,,-0.0,43500.0,43500.0,0.0,0.0,0.0,,0.0,5500.0,14.473684210526317,persistent
Birmingham,Birmingham_402750_283750,402750,283750,1.0,,-0.0,57500.0,57500.0,0.0,1.0,0.0,-0.0,41000.0,41000.0,1.0,0.0,0.0,,0.0,-16500.0,-28.695652173913043,persistent
Birmingham,Birmingham_402750_284250,402750,284250,8.0,0.0,0.37677016125643675,55700.0,8750.0,3.0,7.0,0.2,0.7963116401738131,82650.0,8300.0,5.0,-1.0,-12.5,20.0,0.4195414789173763,26950.0,48.38420107719928,declined
Birmingham,Birmingham_402750_284500,402750,284500,13.0,0.0,-0.0,115750.0,7600.0,8.0,12.0,0.0,0.2868359830561607,85800.0,9375.0,4.0,-1.0,-7.6923076923076925,0.0,0.2868359830561607,-29950.0,-25.874730021598275,declined
Birmingham,Birmingham_402750_286000,402750,286000,3.0,0.0,-0.0,144500.0,61500.0,2.0,3.0,0.0,0.6365141682948128,110500.0,55250.0,1.0,0.0,0.0,0.0,0.6365141682948128,-34000.0,-23.52941176470588,persistent
Birmingham,Birmingham_402750_286750,402750,286750,4.0,0.0,-0.0,15200.0,7600.0,2.0,2.0,0.0,-0.0,20600.0,10300.0,1.0,-2.0,-50.0,0.0,0.0,5400.0,35.526315789473685,declined
Birmingham,Birmingham_402750_287000,402750,287000,2.0,0.0,-0.0,11500.0,5750.0,2.0,2.0,0.0,-0.0,15400.0,7700.0,1.0,0.0,0.0,0.0,0.0,3900.0,33.91304347826087,persistent
Birmingham,Birmingham_402750_289500,402750,289500,2.0,0.0,-0.0,6750.0,3375.0,2.0,2.0,0.5,-0.0,7550.0,3775.0,2.0,0.0,0.0,50.0,0.0,800.0,11.851851851851853,persistent
Birmingham,Birmingham_402750_290000,402750,290000,3.0,0.0,0.6365141682948128,458000.0,127000.0,3.0,3.0,,0.6365141682948128,309000.0,154500.0,0.0,0.0,0.0,,0.0,-149000.0,-32.532751091703055,persistent
Birmingham,Birmingham_403000_277250,403000,277250,1.0,0.0,-0.0,79000.0,79000.0,1.0,1.0,0.0,-0.0,46000.0,46000.0,1.0,0.0,0.0,0.0,0.0,-33000.0,-41.77215189873418,persistent
Birmingham,Birmingham_403000_280750,403000,280750,2.0,0.0,-0.0,94250.0,47125.0,1.0,1.0,0.0,-0.0,70500.0,70500.0,1.0,-1.0,-50.0,0.0,0.0,-23750.0,-25.198938992042443,declined
Birmingham,Birmingham_403000_281000,403000,281000,6.0,0.0,-0.0,15200.0,3375.0,3.0,4.0,0.0,-0.0,19125.0,4250.0,4.0,-2.0,-33.33333333333333,0.0,0.0,3925.0,25.822368421052634,declined
Birmingham,Birmingham_403000_282500,403000,282500,6.0,0.25,0.45056120886630463,51900.0,4125.0,4.0,6.0,0.0,0.45056120886630463,76750.0,7200.0,4.0,0.0,0.0,-25.0,0.0,24850.0,47.88053949903661,persistent
Birmingham,Birmingham_403000_282750,403000,282750,1.0,0.0,-0.0,6600.0,6600.0,1.0,1.0,0.0,-0.0,22500.0,22500.0,1.0,0.0,0.0,0.0,0.0,15900.0,240.9090909090909,persistent
Birmingham,Birmingham_403000_283500,403000,283500,9.0,0.0,-0.0,34075.0,3200.0,7.0,9.0,0.2,-0.0,50475.0,4750.0,5.0,0.0,0.0,20.0,0.0,16400.0,48.12912692589875,persistent
Birmingham,Birmingham_403000_284250,403000,284250,41.0,0.07142857142857142,0.5270643922575318,387050.0,7250.0,14.0,35.0,0.05263157894736842,0.355382896246011,465150.0,9100.0,19.0,-6.0,-14.634146341463413,-1.8796992481203008,-0.17168149601152077,78100.0,20.178271541144554,declined
Birmingham,Birmingham_403000_284750,403000,284750,5.0,0.0,-0.0,10100.0,5050.0,1.0,2.0,0.0,-0.0,15200.0,7600.0,1.0,-3.0,-60.0,0.0,0.0,5100.0,50.495049504950494,declined
Birmingham,Birmingham_403000_285500,403000,285500,9.0,0.0,-0.0,47750.0,7100.0,6.0,7.0,0.0,-0.0,65200.0,9600.0,4.0,-2.0,-22.22222222222222,0.0,0.0,17450.0,36.544502617801044,declined
Birmingham,Birmingham_403000_286000,403000,286000,11.0,0.125,0.30463609734923813,82250.0,6900.0,8.0,10.0,0.0,0.3250829733914482,162300.0,13625.0,3.0,-1.0,-9.090909090909092,-12.5,0.02044687604221007,80050.0,97.32522796352583,declined
Birmingham,Birmingham_403000_286750,403000,286750,1.0,0.0,-0.0,790.0,790.0,1.0,1.0,,-0.0,940.0,940.0,0.0,0.0,0.0,,0.0,150.0,18.9873417721519,persistent
Birmingham,Birmingham_403000_289500,403000,289500,4.0,0.0,0.5623351446188083,7975.0,2050.0,1.0,4.0,0.0,0.5623351446188083,15600.0,4025.0,4.0,0.0,0.0,0.0,0.0,7625.0,95.61128526645768,persistent
Birmingham,Birmingham_403000_289750,403000,289750,2.0,0.0,-0.0,4050.0,4050.0,1.0,1.0,0.0,-0.0,7900.0,7900.0,1.0,-1.0,-50.0,0.0,0.0,3850.0,95.06172839506173,declined
Birmingham,Birmingham_403000_290000,403000,290000,11.0,0.14285714285714285,0.7595473914748635,897200.0,3200.0,7.0,12.0,0.0,0.7214636866925115,607200.0,6300.0,7.0,1.0,9.090909090909092,-14.285714285714285,-0.03808370478235201,-290000.0,-32.32278198840838,intensified
Birmingham,Birmingham_403250_279250,403250,279250,1.0,0.0,-0.0,7100.0,7100.0,1.0,1.0,,-0.0,14750.0,14750.0,0.0,0.0,0.0,,0.0,7650.0,107.74647887323943,persistent
Birmingham,Birmingham_403250_280000,403250,280000,3.0,0.0,-0.0,8950.0,4475.0,2.0,2.0,,-0.0,9000.0,9000.0,0.0,-1.0,-33.33333333333333,,0.0,50.0,0.5586592178770949,declined
Birmingham,Birmingham_403250_281000,403250,281000,3.0,0.0,-0.0,11700.0,4350.0,3.0,3.0,0.0,-0.0,15300.0,5700.0,3.0,0.0,0.0,0.0,0.0,3600.0,30.76923076923077,persistent
Birmingham,Birmingham_403250_282000,403250,282000,1.0,0.0,-0.0,2800.0,2800.0,1.0,1.0,0.0,-0.0,4850.0,4850.0,1.0,0.0,0.0,0.0,0.0,2050.0,73.21428571428571,persistent
Birmingham,Birmingham_403250_282250,403250,282250,9.0,0.0,-0.0,22350.0,3250.0,4.0,6.0,0.0,-0.0,73650.0,10900.0,3.0,-3.0,-33.33333333333333,0.0,0.0,51300.0,229.53020134228188,declined
Birmingham,Birmingham_403250_284250,403250,284250,20.0,0.09090909090909091,0.42270908780599087,229200.0,8875.0,11.0,13.0,0.125,0.5402041423888608,284400.0,10000.0,8.0,-7.0,-35.0,3.4090909090909087,0.11749505458286996,55200.0,24.083769633507853,declined
Birmingham,Birmingham_403250_284500,403250,284500,2.0,0.0,0.6931471805599453,22650.0,11325.0,1.0,2.0,0.0,0.6931471805599453,22650.0,11325.0,1.0,0.0,0.0,0.0,0.0,0.0,0.0,persistent
Birmingham,Birmingham_403250_289250,403250,289250,1.0,0.0,-0.0,2550.0,2550.0,1.0,1.0,0.0,-0.0,4900.0,4900.0,1.0,0.0,0.0,0.0,0.0,2350.0,92.15686274509804,persistent
Birmingham,Birmingham_403250_289500,403250,289500,1.0,0.0,-0.0,1500.0,1500.0,1.0,1.0,0.0,-0.0,2900.0,2900.0,1.0,0.0,0.0,0.0,0.0,1400.0,93.33333333333333,persistent
Birmingham,Birmingham_403250_289750,403250,289750,43.0,0.06896551724137931,0.5452444413921549,168450.0,4200.0,29.0,40.0,0.0,0.6804536337918952,406150.0,7750.0,26.0,-3.0,-6.976744186046512,-6.896551724137931,0.13520919239974027,237700.0,141.1101216978332,declined
Birmingham,Birmingham_403500_277500,403500,277500,10.0,0.0,0.5004024235381879,82950.0,5300.0,6.0,9.0,0.0,0.6837389058487535,109350.0,7600.0,4.0,-1.0,-10.0,0.0,0.18333648231056565,26400.0,31.82640144665461,declined
Birmingham,Birmingham_403500_277750,403500,277750,1.0,0.0,-0.0,4400.0,4400.0,1.0,3.0,0.0,-0.0,10575.0,2700.0,1.0,2.0,200.0,0.0,0.0,6175.0,140.3409090909091,intensified
Birmingham,Birmingham_403500_278000,403500,278000,1.0,,-0.0,4050.0,4050.0,0.0,1.0,0.0,-0.0,7800.0,7800.0,1.0,0.0,0.0,,0.0,3750.0,92.5925925925926,persistent
Birmingham,Birmingham_403500_279000,403500,279000,15.0,0.07692307692307693,0.24493002679463532,59700.0,3200.0,13.0,15.0,0.0,0.48509409130221154,101650.0,5600.0,3.0,0.0,0.0,-7.6923076923076925,0.2401640645075762,41950.0,70.2680067001675,persistent
Birmingham,Birmingham_403500_280000,403500,280000,2.0,0.5,-0.0,13700.0,6850.0,2.0,2.0,0.0,-0.0,20950.0,10475.0,1.0,0.0,0.0,-50.0,0.0,7250.0,52.919708029197075,persistent
Birmingham,Birmingham_403500_280750,403500,280750,2.0,1.0,0.6931471805599453,5400.0,5400.0,1.0,1.0,1.0,-0.0,6200.0,6200.0,1.0,-1.0,-50.0,0.0,-0.6931471805599453,800.0,14.814814814814813,declined
Birmingham,Birmingham_403500_283000,403500,283000,8.0,,-0.0,207000.0,207000.0,0.0,2.0,0.0,-0.0,267000.0,133500.0,2.0,-6.0,-75.0,,0.0,60000.0,28.985507246376812,declined
Birmingham,Birmingham_403500_283250,403500,283250,13.0,0.08333333333333333,0.4293230219306162,43965.0,2650.0,12.0,12.0,0.0,0.2868359830561607,73930.0,4650.0,9.0,-1.0,-7.6923076923076925,-8.333333333333332,-0.14248703887445552,29965.0,68.15648811554645,declined
Birmingham,Birmingham_403500_283750,403500,283750,1.0,,-0.0,,,0.0,0.0,,,,,,-1.0,-100.0,,,,,disappeared
Birmingham,Birmingham_403500_284000,403500,284000,1.0,0.0,-0.0,2950.0,2950.0,1.0,1.0,0.0,-0.0,5000.0,5000.0,1.0,0.0,0.0,0.0,0.0,2050.0,69.49152542372882,persistent
Birmingham,Birmingham_403500_284250,403500,284250,3.0,0.0,0.6365141682948128,19000.0,9500.0,2.0,3.0,0.0,0.6365141682948128,20490.0,8400.0,1.0,0.0,0.0,0.0,0.0,1490.0,7.842105263157895,persistent
Birmingham,Birmingham_403500_284500,403500,284500,84.0,0.02040816326530612,0.6560731947822387,2798650.0,27500.0,49.0,81.0,0.02631578947368421,0.7143189968911964,2503250.0,23125.0,38.0,-3.0,-3.571428571428571,0.5907626208378088,0.05824580210895769,-295400.0,-10.555089060797169,declined
Birmingham,Birmingham_403500_284750,403500,284750,6.0,0.3333333333333333,-0.0,12700.0,3275.0,3.0,4.0,,-0.0,18850.0,4850.0,0.0,-2.0,-33.33333333333333,,0.0,6150.0,48.4251968503937,declined
Birmingham,Birmingham_403500_285000,403500,285000,4.0,0.0,-0.0,14075.0,3775.0,3.0,2.0,,-0.0,22800.0,11400.0,0.0,-2.0,-50.0,,0.0,8725.0,61.98934280639432,declined
Birmingham,Birmingham_403500_287250,403500,287250,2.0,,-0.0,6450.0,3225.0,0.0,2.0,0.0,-0.0,9150.0,4575.0,1.0,0.0,0.0,,0.0,2700.0,41.86046511627907,persistent
Birmingham,Birmingham_403500_287500,403500,287500,17.0,0.0,-0.0,54320.0,4325.0,7.0,16.0,0.0,-0.0,148575.0,8850.0,9.0,-1.0,-5.88235294117647,0.0,0.0,94255.0,173.5180412371134,declined
Birmingham,Birmingham_403500_289250,403500,289250,2.0,0.5,0.6931471805599453,37575.0,18787.5,2.0,1.0,,-0.0,44250.0,44250.0,0.0,-1.0,-50.0,,-0.6931471805599453,6675.0,17.764471057884233,declined
Birmingham,Birmingham_403500_289500,403500,289500,1.0,,-0.0,4050.0,4050.0,0.0,2.0,0.0,-0.0,12100.0,6050.0,1.0,1.0,100.0,,0.0,8050.0,198.76543209876542,intensified
Birmingham,Birmingham_403500_289750,403500,289750,3.0,0.0,0.6365141682948128,5875.0,1950.0,2.0,4.0,0.0,0.5623351446188083,25600.0,5800.0,2.0,1.0,33.33333333333333,0.0,-0.07417902367600449,19725.0,335.74468085106383,intensified
Birmingham,Birmingham_403500_290500,403500,290500,6.0,0.0,-0.0,17350.0,2800.0,5.0,6.0,0.0,-0.0,35850.0,5800.0,4.0,0.0,0.0,0.0,0.0,18500.0,106.62824207492795,persistent
Birmingham,Birmingham_403750_277000,403750,277000,1.0,,-0.0,23000.0,23000.0,0.0,1.0,,-0.0,,,0.0,0.0,0.0,,0.0,,,persistent
Birmingham,Birmingham_403750_277250,403750,277250,1.0,0.0,-0.0,4950.0,4950.0,1.0,1.0,,-0.0,5900.0,5900.0,0.0,0.0,0.0,,0.0,950.0,19.19191919191919,persistent
Birmingham,Birmingham_403750_277750,403750,277750,2.0,0.0,0.6931471805599453,9800.0,4900.0,1.0,3.0,0.0,-0.0,13775.0,5800.0,1.0,1.0,50.0,0.0,-0.6931471805599453,3975.0,40.56122448979592,intensified
Birmingham,Birmingham_403750_278500,403750,278500,4.0,0.0,0.5623351446188083,36400.0,7600.0,3.0,4.0,0.0,0.5623351446188083,46400.0,10700.0,1.0,0.0,0.0,0.0,0.0,10000.0,27.472527472527474,persistent
Birmingham,Birmingham_403750_281750,403750,281750,1.0,,-0.0,,,0.0,0.0,,,,,,-1.0,-100.0,,,,,disappeared
Birmingham,Birmingham_403750_282000,403750,282000,1.0,0.0,-0.0,40000.0,40000.0,1.0,1.0,0.0,-0.0,30000.0,30000.0,1.0,0.0,0.0,0.0,0.0,-10000.0,-25.0,persistent
Birmingham,Birmingham_403750_283250,403750,283250,1.0,0.0,-0.0,4250.0,4250.0,1.0,1.0,0.0,-0.0,7500.0,7500.0,1.0,0.0,0.0,0.0,0.0,3250.0,76.47058823529412,persistent
Birmingham,Birmingham_403750_284500,403750,284500,38.0,0.0,1.0102099474266797,1547500.0,35125.0,18.0,34.0,0.0,1.0659980904624247,1440500.0,28000.0,7.0,-4.0,-10.526315789473683,0.0,0.055788143035744975,-107000.0,-6.91437802907916,declined
Birmingham,Birmingham_403750_284750,403750,284750,12.0,0.0,0.45056120886630463,185100.0,10250.0,4.0,9.0,0.0,0.34883209584303193,199500.0,13250.0,1.0,-3.0,-25.0,0.0,-0.1017291130232727,14400.0,7.779578606158834,declined
Birmingham,Birmingham_403750_287500,403750,287500,69.0,0.0,0.33461842742570785,350040.0,4725.0,46.0,55.0,0.038461538461538464,0.4392536933797388,806400.0,11625.0,26.0,-14.0,-20.28985507246377,3.8461538461538463,0.10463526595403094,456360.0,130.3736715803908,declined
Birmingham,Birmingham_403750_289250,403750,289250,1.0,,-0.0,2500.0,2500.0,0.0,1.0,0.0,-0.0,4200.0,4200.0,1.0,0.0,0.0,,0.0,1700.0,68.0,persistent
Birmingham,Birmingham_403750_289500,403750,289500,13.0,0.2,0.6870920273799715,52950.0,3600.0,5.0,10.0,0.14285714285714285,0.639031859650177,155100.0,8100.0,7.0,-3.0,-23.076923076923077,-5.714285714285716,-0.0480601677297946,102150.0,192.91784702549575,declined
Birmingham,Birmingham_403750_290000,403750,290000,1.0,0.0,-0.0,4200.0,4200.0,1.0,0.0,,,,,,-1.0,-100.0,,,,,disappeared
Birmingham,Birmingham_403750_290500,403750,290500,4.0,1.0,-0.0,8050.0,1825.0,2.0,4.0,0.0,-0.0,15450.0,3475.0,4.0,0.0,0.0,-100.0,0.0,7400.0,91.92546583850931,persistent
Birmingham,Birmingham_403750_290750,403750,290750,3.0,1.0,-0.0,3850.0,3850.0,1.0,1.0,,-0.0,3250.0,3250.0,0.0,-2.0,-66.66666666666666,,0.0,-600.0,-15.584415584415584,declined
Birmingham,Birmingham_404000_282000,404000,282000,8.0,0.0,0.7356219397587946,40950.0,5000.0,6.0,6.0,0.0,0.45056120886630463,59200.0,8700.0,3.0,-2.0,-25.0,0.0,-0.28506073089249,18250.0,44.56654456654457,declined
Birmingham,Birmingham_404000_282250,404000,282250,31.0,0.1875,0.3179367802622418,157050.0,4950.0,16.0,26.0,0.2222222222222222,0.2711893730418441,249400.0,8700.0,9.0,-5.0,-16.129032258064516,3.472222222222221,-0.04674740722039772,92350.0,58.80292900350207,declined
Birmingham,Birmingham_404000_282500,404000,282500,14.0,0.0,0.25731864054383163,3212500.0,265000.0,6.0,11.0,0.0,0.30463609734923813,1845500.0,221000.0,6.0,-3.0,-21.428571428571427,0.0,0.0473174568054065,-1367000.0,-42.552529182879375,declined
Birmingham,Birmingham_404000_282750,404000,282750,1.0,0.0,-0.0,660000.0,660000.0,1.0,20.0,0.0,0.9376369622724492,4113500.0,73000.0,12.0,19.0,1900.0,0.0,0.9376369622724492,3453500.0,523.2575757575758,intensified
Birmingham,Birmingham_404000_285750,404000,285750,4.0,0.0,0.5623351446188083,617600.0,166500.0,3.0,4.0,0.0,0.5623351446188083,468750.0,131000.0,2.0,0.0,0.0,0.0,0.0,-148850.0,-24.10136010362694,persistent
Birmingham,Birmingham_404000_286000,404000,286000,4.0,0.0,1.0397207708399179,174200.0,70000.0,1.0,3.0,,1.0986122886681096,154500.0,56500.0,0.0,-1.0,-25.0,,0.058891517828191686,-19700.0,-11.308840413318025,declined
Birmingham,Birmingham_404000_287500,404000,287500,44.0,0.03225806451612903,-0.0,200575.0,3425.0,31.0,43.0,0.03571428571428571,-0.0,293550.0,6400.0,28.0,-1.0,-2.272727272727273,0.3456221198156681,0.0,92975.0,46.35423158419544,declined
Birmingham,Birmingham_404000_288000,404000,288000,1.0,1.0,-0.0,0.0,0.0,1.0,0.0,,,,,,-1.0,-100.0,,,,,disappeared
Birmingham,Birmingham_404000_288250,404000,288250,14.0,0.0,0.410116318288409,31575.0,3275.0,7.0,11.0,0.0,0.47413931305783735,51100.0,4100.0,2.0,-3.0,-21.428571428571427,0.0,0.06402299476942835,19525.0,61.8368962787015,declined
Birmingham,Birmingham_404000_288500,404000,288500,3.0,0.0,-0.0,6000.0,1875.0,2.0,2.0,0.0,-0.0,10550.0,5275.0,2.0,-1.0,-33.33333333333333,0.0,0.0,4550.0,75.83333333333333,declined
Birmingham,Birmingham_404000_289000,404000,289000,2.0,0.0,-0.0,2875.0,1437.5,2.0,3.0,,-0.0,5550.0,2775.0,0.0,1.0,50.0,,0.0,2675.0,93.04347826086956,intensified
Birmingham,Birmingham_404000_289250,404000,289250,3.0,0.0,-0.0,9775.0,2400.0,2.0,3.0,0.0,-0.0,15050.0,4650.0,2.0,0.0,0.0,0.0,0.0,5275.0,53.96419437340153,persistent
Birmingham,Birmingham_404000_289500,404000,289500,56.0,0.08333333333333333,0.2677539868376054,429455.0,4850.0,36.0,65.0,0.03333333333333333,0.29516265334653136,1007700.0,9800.0,30.0,9.0,16.071428571428573,-5.0,0.027408666508925983,578245.0,134.64623767333015,intensified
Birmingham,Birmingham_404000_289750,404000,289750,16.0,0.0,0.48257756517701206,49225.0,3850.0,12.0,14.0,0.0,0.5195798391305154,106275.0,7750.0,4.0,-2.0,-12.5,0.0,0.03700227395350336,57050.0,115.89639410868462,declined
Birmingham,Birmingham_404000_290000,404000,290000,26.0,0.11764705882352941,0.32450838693107065,103650.0,3000.0,17.0,25.0,0.26666666666666666,0.49875846591288275,198650.0,6100.0,15.0,-1.0,-3.8461538461538463,14.901960784313726,0.1742500789818121,95000.0,91.65460684997588,declined
Birmingham,Birmingham_404000_290250,404000,290250,33.0,0.0,-0.0,108250.0,3000.0,25.0,30.0,0.0,0.1461447460085638,220000.0,5800.0,25.0,-3.0,-9.090909090909092,0.0,0.1461447460085638,111750.0,103.23325635103926,declined
Birmingham,Birmingham_404000_290500,404000,290500,32.0,0.0,-0.0,118430.0,3550.0,24.0,34.0,0.06666666666666667,-0.0,200720.0,5750.0,15.0,2.0,6.25,6.666666666666667,0.0,82290.0,69.4840834248079,intensified
Birmingham,Birmingham_404000_290750,404000,290750,4.0,0.3333333333333333,-0.0,16800.0,4175.0,3.0,4.0,0.3333333333333333,-0.0,25700.0,6100.0,3.0,0.0,0.0,0.0,0.0,8900.0,52.976190476190474,persistent
Birmingham,Birmingham_404250_277250,404250,277250,10.0,0.16666666666666666,0.639031859650177,66450.0,6250.0,6.0,8.0,0.0,0.7356219397587946,85250.0,6150.0,6.0,-2.0,-20.0,-16.666666666666664,0.09659008010861769,18800.0,28.291948833709558,declined
Birmingham,Birmingham_404250_277750,404250,277750,6.0,,0.45056120886630463,8100.0,8100.0,0.0,1.0,0.0,-0.0,250000.0,250000.0,1.0,-5.0,-83.33333333333334,,-0.45056120886630463,241900.0,2986.4197530864194,declined
Birmingham,Birmingham_404250_279250,404250,279250,4.0,0.0,-0.0,9325.0,2800.0,2.0,3.0,0.0,-0.0,11975.0,3450.0,2.0,-1.0,-25.0,0.0,0.0,2650.0,28.418230563002684,declined
Birmingham,Birmingham_404250_280500,404250,280500,7.0,0.0,-0.0,32850.0,5700.0,5.0,6.0,0.0,-0.0,64850.0,11250.0,4.0,-1.0,-14.285714285714285,0.0,0.0,32000.0,97.4124809741248,declined
Birmingham,Birmingham_404250_281250,404250,281250,1.0,0.0,-0.0,5800.0,5800.0,1.0,0.0,,,,,,-1.0,-100.0,,,,,disappeared
Birmingham,Birmingham_404250_281500,404250,281500,2.0,0.0,0.6931471805599453,30000.0,15000.0,2.0,2.0,0.0,0.6931471805599453,45750.0,22875.0,1.0,0.0,0.0,0.0,0.0,15750.0,52.5,persistent
Birmingham,Birmingham_404250_282250,404250,282250,30.0,0.0,0.29113983883196504,203575.0,4725.0,14.0,22.0,0.0,0.36764947740014225,308750.0,8850.0,11.0,-8.0,-26.666666666666668,0.0,0.07650963856817722,105175.0,51.664005894633426,declined
Birmingham,Birmingham_404250_282500,404250,282500,1.0,,-0.0,11750.0,11750.0,0.0,1.0,,-0.0,29250.0,29250.0,0.0,0.0,0.0,,0.0,17500.0,148.93617021276594,persistent
Birmingham,Birmingham_404250_282750,404250,282750,17.0,0.18181818181818182,0.7086880282185832,294625.0,5400.0,11.0,18.0,0.0,0.6837389058487535,432250.0,10500.0,8.0,1.0,5.88235294117647,-18.181818181818183,-0.024949122369829713,137625.0,46.71192193466271,intensified
Birmingham,Birmingham_404250_283750,404250,283750,4.0,0.0,0.5623351446188083,23150.0,5300.0,4.0,1.0,,-0.0,,,0.0,-3.0,-75.0,,-0.5623351446188083,,,declined
Birmingham,Birmingham_404250_284500,404250,284500,1.0,0.0,-0.0,420.0,420.0,1.0,1.0,0.0,-0.0,490.0,490.0,1.0,0.0,0.0,0.0,0.0,70.0,16.666666666666664,persistent
Birmingham,Birmingham_404250_285250,404250,285250,12.0,0.0,0.5623351446188083,74400.0,6600.0,8.0,12.0,0.0,0.5623351446188083,99500.0,8900.0,6.0,0.0,0.0,0.0,0.0,25100.0,33.736559139784944,persistent
Birmingham,Birmingham_404250_285750,404250,285750,3.0,0.0,0.6365141682948128,133400.0,66700.0,1.0,1.0,0.0,-0.0,79000.0,79000.0,1.0,-2.0,-66.66666666666666,0.0,-0.6365141682948128,-54400.0,-40.779610194902546,declined
Birmingham,Birmingham_404250_286000,404250,286000,2.0,0.0,-0.0,45000.0,45000.0,1.0,1.0,,-0.0,61500.0,61500.0,0.0,-1.0,-50.0,,0.0,16500.0,36.666666666666664,declined
Birmingham,Birmingham_404250_287250,404250,287250,2.0,0.0,0.6931471805599453,4700.0,2350.0,2.0,3.0,0.0,1.0986122886681096,47175.0,2225.0,2.0,1.0,50.0,0.0,0.4054651081081643,42475.0,903.7234042553191,intensified
Birmingham,Birmingham_404250_287500,404250,287500,29.0,0.047619047619047616,0.5445996236821669,375975.0,4250.0,21.0,28.0,0.0,0.657598949867696,498900.0,5500.0,14.0,-1.0,-3.4482758620689653,-4.761904761904762,0.1129993261855291,122925.0,32.6949930181528,declined
Birmingham,Birmingham_404250_287750,404250,287750,1.0,0.0,-0.0,10750.0,10750.0,1.0,1.0,,-0.0,18750.0,18750.0,0.0,0.0,0.0,,0.0,8000.0,74.4186046511628,persistent
Birmingham,Birmingham_404250_288000,404250,288000,1.0,0.0,-0.0,4650.0,4650.0,1.0,1.0,0.0,-0.0,10250.0,10250.0,1.0,0.0,0.0,0.0,0.0,5600.0,120.43010752688173,persistent
Birmingham,Birmingham_404250_288500,404250,288500,3.0,0.0,0.6365141682948128,8900.0,4450.0,1.0,2.0,0.0,0.6931471805599453,14700.0,7350.0,2.0,-1.0,-33.33333333333333,0.0,0.05663301226513251,5800.0,65.1685393258427,declined
Birmingham,Birmingham_404250_289000,404250,289000,4.0,0.0,-0.0,8775.0,2175.0,2.0,4.0,0.0,-0.0,20400.0,5100.0,2.0,0.0,0.0,0.0,0.0,11625.0,132.47863247863248,persistent
Birmingham,Birmingham_404250_289250,404250,289250,2.0,0.0,-0.0,3225.0,1612.5,1.0,1.0,0.0,-0.0,3100.0,3100.0,1.0,-1.0,-50.0,0.0,0.0,-125.0,-3.875968992248062,declined
Birmingham,Birmingham_404250_289500,404250,289500,98.0,0.078125,0.22703961838758854,919865.0,7500.0,64.0,113.0,0.038461538461538464,0.29149387374350366,2010525.0,16000.0,52.0,15.0,15.306122448979592,-3.9663461538461537,0.06445425535591512,1090660.0,118.56739847695042,intensified
Birmingham,Birmingham_404250_289750,404250,289750,6.0,0.75,-0.0,5185.0,870.0,4.0,5.0,0.0,-0.0,2800.0,2800.0,5.0,-1.0,-16.666666666666664,-75.0,0.0,-2385.0,-45.998071359691416,declined
Birmingham,Birmingham_404250_290000,404250,290000,5.0,0.0,0.5004024235381879,26725.0,4000.0,5.0,5.0,0.0,0.5004024235381879,49025.0,7300.0,3.0,0.0,0.0,0.0,0.0,22300.0,83.44246959775491,persistent
Birmingham,Birmingham_404250_290500,404250,290500,12.0,0.0,0.2868359830561607,74000.0,2650.0,8.0,11.0,0.0,-0.0,122550.0,4850.0,8.0,-1.0,-8.333333333333332,0.0,-0.2868359830561607,48550.0,65.60810810810811,declined
Birmingham,Birmingham_404250_290750,404250,290750,3.0,0.0,1.0986122886681096,10550.0,3850.0,3.0,3.0,0.0,1.0986122886681096,11550.0,5775.0,1.0,0.0,0.0,0.0,0.0,1000.0,9.47867298578199,persistent
Birmingham,Birmingham_404250_292250,404250,292250,6.0,0.0,-0.0,20075.0,2725.0,4.0,7.0,0.0,-0.0,41950.0,5000.0,4.0,1.0,16.666666666666664,0.0,0.0,21875.0,108.96637608966375,intensified
Birmingham,Birmingham_404500_279250,404500,279250,4.0,0.0,0.5623351446188083,146000.0,73000.0,1.0,2.0,0.0,-0.0,100000.0,50000.0,1.0,-2.0,-50.0,0.0,-0.5623351446188083,-46000.0,-31.506849315068493,declined
Birmingham,Birmingham_404500_279750,404500,279750,2.0,0.0,-0.0,1050.0,1050.0,1.0,1.0,0.0,-0.0,1875.0,1875.0,1.0,-1.0,-50.0,0.0,0.0,825.0,78.57142857142857,declined
Birmingham,Birmingham_404500_280000,404500,280000,2.0,0.0,-0.0,13300.0,6650.0,1.0,2.0,0.0,-0.0,18650.0,9325.0,1.0,0.0,0.0,0.0,0.0,5350.0,40.225563909774436,persistent
Birmingham,Birmingham_404500_280500,404500,280500,12.0,0.2,-0.0,33800.0,3225.0,10.0,10.0,0.0,-0.0,67300.0,6600.0,5.0,-2.0,-16.666666666666664,-20.0,0.0,33500.0,99.11242603550295,declined
Birmingham,Birmingham_404500_281250,404500,281250,14.0,0.09090909090909091,0.25731864054383163,70240.0,4800.0,11.0,13.0,0.0,-0.0,112550.0,9500.0,7.0,-1.0,-7.142857142857142,-9.090909090909092,-0.25731864054383163,42310.0,60.23633257403189,declined
Birmingham,Birmingham_404500_282250,404500,282250,1.0,0.0,-0.0,4650.0,4650.0,1.0,0.0,,,,,,-1.0,-100.0,,,,,disappeared
Birmingham,Birmingham_404500_282500,404500,282500,2.0,0.0,0.6931471805599453,4100.0,4100.0,1.0,0.0,,,,,,-2.0,-100.0,,,,,disappeared
Birmingham,Birmingham_404500_282750,404500,282750,22.0,0.0,0.47413931305783735,150525.0,6200.0,13.0,18.0,0.1,0.45056120886630463,225175.0,9850.0,10.0,-4.0,-18.181818181818183,10.0,-0.023578104191532723,74650.0,49.59309084869623,declined
Birmingham,Birmingham_404500_283000,404500,283000,45.0,0.0,0.39267446722755217,434050.0,6500.0,28.0,35.0,0.0,0.48160237879386447,635350.0,12000.0,14.0,-10.0,-22.22222222222222,0.0,0.0889279115663123,201300.0,46.37714549015091,declined
Birmingham,Birmingham_404500_283750,404500,283750,1.0,0.0,-0.0,375.0,375.0,1.0,1.0,,-0.0,415.0,415.0,0.0,0.0,0.0,,0.0,40.0,10.666666666666668,persistent
Birmingham,Birmingham_404500_284250,404500,284250,4.0,0.0,-0.0,63180.0,19250.0,4.0,1.0,0.0,-0.0,203000.0,203000.0,1.0,-3.0,-75.0,0.0,0.0,139820.0,221.3042101930991,declined
Birmingham,Birmingham_404500_285250,404500,285250,1.0,0.0,-0.0,175000.0,175000.0,1.0,1.0,0.0,-0.0,120000.0,120000.0,1.0,0.0,0.0,0.0,0.0,-55000.0,-31.428571428571427,persistent
Birmingham,Birmingham_404500_286000,404500,286000,15.0,0.18181818181818182,0.39267446722755217,144600.0,7650.0,11.0,14.0,,0.410116318288409,225850.0,12625.0,0.0,-1.0,-6.666666666666667,,0.017441851060856828,81250.0,56.189488243430155,declined
Birmingham,Birmingham_404500_286250,404500,286250,1.0,,-0.0,24250.0,24250.0,0.0,1.0,,-0.0,33500.0,33500.0,0.0,0.0,0.0,,0.0,9250.0,38.144329896907216,persistent
Birmingham,Birmingham_404500_286500,404500,286500,3.0,0.0,0.6365141682948128,7050.0,2300.0,1.0,3.0,0.0,0.6365141682948128,12000.0,3700.0,1.0,0.0,0.0,0.0,0.0,4950.0,70.2127659574468,persistent
Birmingham,Birmingham_404500_287000,404500,287000,5.0,0.5,0.6730116670092565,13675.0,5200.0,4.0,3.0,0.0,0.6365141682948128,19450.0,4950.0,3.0,-2.0,-40.0,-50.0,-0.036497498714443743,5775.0,42.230347349177336,declined
Birmingham,Birmingham_404500_287250,404500,287250,1.0,0.0,-0.0,3000.0,3000.0,1.0,1.0,0.0,-0.0,6000.0,6000.0,1.0,0.0,0.0,0.0,0.0,3000.0,100.0,persistent
Birmingham,Birmingham_404500_287500,404500,287500,2.0,0.0,-0.0,9700.0,4850.0,1.0,2.0,0.0,-0.0,14100.0,7050.0,1.0,0.0,0.0,0.0,0.0,4400.0,45.36082474226804,persistent
Birmingham,Birmingham_404500_288500,404500,288500,12.0,0.16666666666666666,0.2868359830561607,24450.0,2750.0,6.0,8.0,0.0,-0.0,46350.0,4600.0,3.0,-4.0,-33.33333333333333,-16.666666666666664,-0.2868359830561607,21900.0,89.57055214723927,declined
Birmingham,Birmingham_404500_288750,404500,288750,1.0,0.0,-0.0,1525.0,1525.0,1.0,2.0,0.0,-0.0,4800.0,2400.0,1.0,1.0,100.0,0.0,0.0,3275.0,214.75409836065575,intensified
Birmingham,Birmingham_404500_289000,404500,289000,19.0,0.0,0.20619205063323187,52575.0,1925.0,9.0,15.0,0.0,0.24493002679463532,84275.0,3900.0,8.0,-4.0,-21.052631578947366,0.0,0.03873797616140345,31700.0,60.29481692819781,declined
Birmingham,Birmingham_404500_289250,404500,289250,138.0,0.046511627906976744,0.3749207934296914,1158650.0,8800.0,86.0,131.0,0.0,0.3653137858447133,2109950.0,13500.0,43.0,-7.0,-5.072463768115942,-4.651162790697675,-0.009607007584978122,951300.0,82.10417295991024,declined
Birmingham,Birmingham_404500_289500,404500,289500,28.0,0.21428571428571427,0.25731864054383163,84175.0,3600.0,14.0,25.0,0.0,0.167944147734173,154500.0,5800.0,13.0,-3.0,-10.714285714285714,-21.428571428571427,-0.08937449280965865,70325.0,83.54618354618356,declined
Birmingham,Birmingham_404500_289750,404500,289750,30.0,0.043478260869565216,0.1461447460085638,90050.0,3025.0,23.0,29.0,0.0,0.14999492361041503,162550.0,5200.0,17.0,-1.0,-3.3333333333333335,-4.3478260869565215,0.003850177601851218,72500.0,80.51082731815657,declined
Birmingham,Birmingham_404500_290000,404500,290000,4.0,0.5,-0.0,2925.0,1462.5,2.0,2.0,0.0,-0.0,5650.0,2825.0,2.0,-2.0,-50.0,-50.0,0.0,2725.0,93.16239316239316,declined
Birmingham,Birmingham_404500_290250,404500,290250,1.0,,-0.0,,,0.0,0.0,,,,,,-1.0,-100.0,,,,,disappeared
Birmingham,Birmingham_404500_290500,404500,290500,26.0,0.0,0.431071102348777,148800.0,4850.0,21.0,27.0,0.0,0.4195558923202333,242550.0,6600.0,20.0,1.0,3.8461538461538463,0.0,-0.011515210028543665,93750.0,63.00403225806451,intensified
Birmingham,Birmingham_404500_290750,404500,290750,9.0,0.125,-0.0,31775.0,3350.0,8.0,8.0,0.0,-0.0,52700.0,5050.0,2.0,-1.0,-11.11111111111111,-12.5,0.0,20925.0,65.85365853658537,declined
Birmingham,Birmingham_404500_294000,404500,294000,29.0,0.0,0.7837678687593393,406400.0,12250.0,15.0,26.0,0.0,0.5402041423888608,351475.0,10625.0,21.0,-3.0,-10.344827586206897,0.0,-0.24356372637047852,-54925.0,-13.515009842519685,declined
Birmingham,Birmingham_404750_277500,404750,277500,1.0,0.0,-0.0,4850.0,4850.0,1.0,1.0,0.0,-0.0,8700.0,8700.0,1.0,0.0,0.0,0.0,0.0,3850.0,79.38144329896907,persistent
Birmingham,Birmingham_404750_278500,404750,278500,2.0,0.0,-0.0,13400.0,6700.0,1.0,1.0,,-0.0,8400.0,8400.0,0.0,-1.0,-50.0,,0.0,-5000.0,-37.3134328358209,declined
Birmingham,Birmingham_404750_278750,404750,278750,43.0,0.15384615384615385,0.6479288116140305,288675.0,6000.0,26.0,40.0,0.0,0.5757564557894752,287460.0,5750.0,17.0,-3.0,-6.976744186046512,-15.384615384615385,-0.07217235582455528,-1215.0,-0.4208885424785659,declined
Birmingham,Birmingham_404750_279000,404750,279000,1.0,0.0,-0.0,5900.0,5900.0,1.0,0.0,,,,,,-1.0,-100.0,,,,,disappeared
Birmingham,Birmingham_404750_279250,404750,279250,1.0,,-0.0,157000.0,157000.0,0.0,1.0,0.0,-0.0,216000.0,216000.0,1.0,0.0,0.0,,0.0,59000.0,37.57961783439491,persistent
Birmingham,Birmingham_404750_279500,404750,279500,26.0,0.0,0.7736051265520959,278850.0,7600.0,14.0,24.0,0.0,0.8151862107956462,477900.0,12750.0,14.0,-2.0,-7.6923076923076925,0.0,0.04158108424355034,199050.0,71.382463690156,declined
Birmingham,Birmingham_404750_279750,404750,279750,80.0,0.018867924528301886,0.23317260237386989,758075.0,8700.0,53.0,79.0,0.0,0.33465397084281745,1060150.0,11500.0,35.0,-1.0,-1.25,-1.8867924528301887,0.10148136846894756,302075.0,39.84764040497312,declined
Birmingham,Birmingham_404750_280000,404750,280000,3.0,0.0,-0.0,8725.0,2800.0,2.0,3.0,0.0,-0.0,17650.0,5800.0,3.0,0.0,0.0,0.0,0.0,8925.0,102.29226361031519,persistent
Birmingham,Birmingham_404750_282000,404750,282000,39.0,0.041666666666666664,0.20227300179743635,295300.0,4550.0,24.0,30.0,0.1,0.24493002679463532,382800.0,8500.0,20.0,-9.0,-23.076923076923077,5.833333333333334,0.04265702499719898,87500.0,29.63088384693532,declined
Birmingham,Birmingham_404750_282250,404750,282250,1.0,,-0.0,4750.0,4750.0,0.0,1.0,0.0,-0.0,9500.0,9500.0,1.0,0.0,0.0,,0.0,4750.0,100.0,persistent
Birmingham,Birmingham_404750_282500,404750,282500,4.0,0.0,-0.0,1300.0,1300.0,1.0,1.0,,-0.0,4450.0,4450.0,0.0,-3.0,-75.0,,0.0,3150.0,242.3076923076923,declined
Birmingham,Birmingham_404750_282750,404750,282750,1.0,1.0,-0.0,1475.0,1475.0,1.0,1.0,0.0,-0.0,2275.0,2275.0,1.0,0.0,0.0,-100.0,0.0,800.0,54.23728813559322,persistent
Birmingham,Birmingham_404750_283000,404750,283000,31.0,0.0,0.5187004385742825,197700.0,6500.0,9.0,18.0,0.0,0.760755259244303,326650.0,13500.0,4.0,-13.0,-41.935483870967744,0.0,0.2420548206700205,128950.0,65.2250885179565,declined
Birmingham,Birmingham_404750_283500,404750,283500,4.0,0.0,0.6931471805599453,68250.0,24750.0,2.0,1.0,,-0.0,24500.0,24500.0,0.0,-3.0,-75.0,,-0.6931471805599453,-43750.0,-64.1025641025641,declined
Birmingham,Birmingham_404750_283750,404750,283750,23.0,0.0,0.559834325921902,298850.0,11275.0,13.0,15.0,0.25,0.24493002679463532,344350.0,10875.0,4.0,-8.0,-34.78260869565217,25.0,-0.31490429912726664,45500.0,15.225029278902461,declined
Birmingham,Birmingham_404750_285750,404750,285750,1.0,0.0,-0.0,66000.0,66000.0,1.0,2.0,0.0,0.6931471805599453,50500.0,25250.0,2.0,1.0,100.0,0.0,0.6931471805599453,-15500.0,-23.484848484848484,intensified
Birmingham,Birmingham_404750_286000,404750,286000,29.0,0.35,0.3325942143118925,152250.0,5000.0,20.0,29.0,0.058823529411764705,0.3325942143118925,273600.0,8900.0,17.0,0.0,0.0,-29.117647058823525,0.0,121350.0,79.70443349753694,persistent
Birmingham,Birmingham_404750_286500,404750,286500,1.0,0.0,-0.0,3300.0,3300.0,1.0,0.0,,,,,,-1.0,-100.0,,,,,disappeared
Birmingham,Birmingham_404750_286750,404750,286750,2.0,,-0.0,,,0.0,0.0,,,,,,-2.0,-100.0,,,,,disappeared
Birmingham,Birmingham_404750_287000,404750,287000,15.0,0.0,-0.0,70250.0,13750.0,2.0,5.0,0.0,-0.0,100000.0,19000.0,2.0,-10.0,-66.66666666666666,0.0,0.0,29750.0,42.34875444839858,declined
Birmingham,Birmingham_404750_287500,404750,287500,2.0,0.5,0.6931471805599453,11700.0,5850.0,2.0,1.0,,-0.0,2500.0,2500.0,0.0,-1.0,-50.0,,-0.6931471805599453,-9200.0,-78.63247863247864,declined
Birmingham,Birmingham_404750_288250,404750,288250,1.0,,-0.0,9100.0,9100.0,0.0,1.0,0.0,-0.0,2500.0,2500.0,1.0,0.0,0.0,,0.0,-6600.0,-72.52747252747253,persistent
Birmingham,Birmingham_404750_288750,404750,288750,6.0,0.25,0.6931471805599453,16725.0,2425.0,4.0,5.0,0.5,0.6730116670092565,38425.0,5000.0,2.0,-1.0,-16.666666666666664,25.0,-0.020135513550688766,21700.0,129.74588938714498,declined
Birmingham,Birmingham_404750_289250,404750,289250,59.0,0.1388888888888889,0.2948948352612164,370975.0,6700.0,36.0,53.0,0.10526315789473684,0.31988090733211266,717850.0,12000.0,19.0,-6.0,-10.16949152542373,-3.362573099415206,0.02498607207089626,346875.0,93.50360536424287,declined
Birmingham,Birmingham_404750_289750,404750,289750,1.0,0.0,-0.0,6700.0,6700.0,1.0,1.0,,-0.0,13000.0,13000.0,0.0,0.0,0.0,,0.0,6300.0,94.02985074626866,persistent
Birmingham,Birmingham_404750_290000,404750,290000,1.0,,-0.0,,,0.0,0.0,,,,,,-1.0,-100.0,,,,,disappeared
Birmingham,Birmingham_404750_290500,404750,290500,2.0,0.0,-0.0,56750.0,28375.0,2.0,2.0,0.0,0.6931471805599453,97750.0,48875.0,1.0,0.0,0.0,0.0,0.6931471805599453,41000.0,72.24669603524228,persistent
Birmingham,Birmingham_404750_292000,404750,292000,7.0,0.0,0.5982695885852573,36450.0,3400.0,5.0,6.0,0.5,0.45056120886630463,64200.0,6100.0,2.0,-1.0,-14.285714285714285,50.0,-0.14770837971895262,27750.0,76.13168724279835,declined
Birmingham,Birmingham_404750_292250,404750,292250,2.0,0.0,-0.0,10700.0,5350.0,2.0,3.0,,0.6365141682948128,447300.0,23000.0,0.0,1.0,50.0,,0.6365141682948128,436600.0,4080.373831775701,intensified
Birmingham,Birmingham_404750_292500,404750,292500,13.0,0.0,0.4293230219306162,127200.0,7000.0,7.0,13.0,0.0,0.4293230219306162,154350.0,11000.0,7.0,0.0,0.0,0.0,0.0,27150.0,21.34433962264151,persistent
Birmingham,Birmingham_404750_292750,404750,292750,16.0,0.0,-0.0,49300.0,4300.0,10.0,12.0,0.16666666666666666,-0.0,77550.0,6500.0,6.0,-4.0,-25.0,16.666666666666664,0.0,28250.0,57.30223123732252,declined
Birmingham,Birmingham_404750_293000,404750,293000,3.0,0.0,-0.0,17400.0,5900.0,2.0,3.0,0.0,-0.0,28550.0,9900.0,3.0,0.0,0.0,0.0,0.0,11150.0,64.08045977011494,persistent
Birmingham,Birmingham_404750_294000,404750,294000,2.0,,-0.0,14100.0,7050.0,0.0,3.0,0.0,-0.0,14950.0,4650.0,1.0,1.0,50.0,,0.0,850.0,6.028368794326241,intensified
Birmingham,Birmingham_405000_278000,405000,278000,13.0,0.2,-0.0,54550.0,3300.0,10.0,13.0,0.0,-0.0,104600.0,6100.0,6.0,0.0,0.0,-20.0,0.0,50050.0,91.75068744271312,persistent
Birmingham,Birmingham_405000_278750,405000,278750,1.0,,-0.0,64000.0,64000.0,0.0,1.0,,-0.0,85000.0,85000.0,0.0,0.0,0.0,,0.0,21000.0,32.8125,persistent
Birmingham,Birmingham_405000_279500,405000,279500,1.0,,-0.0,81500.0,81500.0,0.0,1.0,,-0.0,81500.0,81500.0,0.0,0.0,0.0,,0.0,0.0,0.0,persistent
Birmingham,Birmingham_405000_279750,405000,279750,25.0,0.23809523809523808,0.2787693717685874,143250.0,3375.0,21.0,25.0,0.125,0.2787693717685874,206500.0,5700.0,8.0,0.0,0.0,-11.309523809523808,0.0,63250.0,44.153577661431065,persistent
Birmingham,Birmingham_405000_280000,405000,280000,7.0,0.0,-0.0,18100.0,2175.0,7.0,6.0,0.0,-0.0,33650.0,3700.0,2.0,-1.0,-14.285714285714285,0.0,0.0,15550.0,85.91160220994475,declined
Birmingham,Birmingham_405000_280500,405000,280500,1.0,0.0,-0.0,5300.0,5300.0,1.0,1.0,,-0.0,,,0.0,0.0,0.0,,0.0,,,persistent
Birmingham,Birmingham_405000_280750,405000,280750,2.0,0.0,-0.0,5600.0,2800.0,2.0,1.0,,-0.0,5700.0,5700.0,0.0,-1.0,-50.0,,0.0,100.0,1.7857142857142856,declined
Birmingham,Birmingham_405000_281000,405000,281000,5.0,0.0,-0.0,7800.0,2137.5,3.0,3.0,0.0,-0.0,13725.0,5600.0,2.0,-2.0,-40.0,0.0,0.0,5925.0,75.96153846153845,declined
Birmingham,Birmingham_405000_281250,405000,281250,4.0,0.5,-0.0,4750.0,1725.0,2.0,2.0,0.0,-0.0,2200.0,2200.0,1.0,-2.0,-50.0,-50.0,0.0,-2550.0,-53.68421052631579,declined
Birmingham,Birmingham_405000_282000,405000,282000,1.0,,-0.0,,,0.0,1.0,,-0.0,34500.0,34500.0,0.0,0.0,0.0,,0.0,,,persistent
Birmingham,Birmingham_405000_282250,405000,282250,1.0,0.0,-0.0,6100.0,6100.0,1.0,1.0,0.0,-0.0,12000.0,12000.0,1.0,0.0,0.0,0.0,0.0,5900.0,96.72131147540983,persistent
Birmingham,Birmingham_405000_283250,405000,283250,1.0,,-0.0,,,0.0,0.0,,,,,,-1.0,-100.0,,,,,disappeared
Birmingham,Birmingham_405000_284250,405000,284250,1.0,0.0,-0.0,112000.0,112000.0,1.0,1.0,,-0.0,89000.0,89000.0,0.0,0.0,0.0,,0.0,-23000.0,-20.535714285714285,persistent
Birmingham,Birmingham_405000_285750,405000,285750,2.0,0.0,0.6931471805599453,118700.0,59350.0,2.0,2.0,0.0,0.6931471805599453,148750.0,74375.0,2.0,0.0,0.0,0.0,0.0,30050.0,25.315922493681548,persistent
Birmingham,Birmingham_405000_286000,405000,286000,4.0,0.0,-0.0,6665.0,1762.5,4.0,1.0,,-0.0,3950.0,3950.0,0.0,-3.0,-75.0,,0.0,-2715.0,-40.735183795948984,declined
Birmingham,Birmingham_405000_286250,405000,286250,1.0,,-0.0,,,0.0,0.0,,,,,,-1.0,-100.0,,,,,disappeared
Birmingham,Birmingham_405000_286500,405000,286500,1.0,0.0,-0.0,3950.0,3950.0,1.0,1.0,0.0,-0.0,5100.0,5100.0,1.0,0.0,0.0,0.0,0.0,1150.0,29.11392405063291,persistent
Birmingham,Birmingham_405000_287000,405000,287000,2.0,0.0,0.6931471805599453,20750.0,20750.0,1.0,1.0,,-0.0,41500.0,41500.0,0.0,-1.0,-50.0,,-0.6931471805599453,20750.0,100.0,declined
Birmingham,Birmingham_405000_287250,405000,287250,5.0,0.4,0.6730116670092565,21545.0,4300.0,5.0,4.0,,0.6931471805599453,23950.0,5850.0,0.0,-1.0,-20.0,,0.020135513550688766,2405.0,11.162682757020189,declined
Birmingham,Birmingham_405000_287500,405000,287500,5.0,0.0,-0.0,17725.0,2237.5,4.0,5.0,0.6666666666666666,0.5004024235381879,54475.0,4100.0,3.0,0.0,0.0,66.66666666666666,0.5004024235381879,36750.0,207.33427362482368,persistent
Birmingham,Birmingham_405000_287750,405000,287750,7.0,0.0,-0.0,6625.0,1775.0,3.0,4.0,0.0,-0.0,8675.0,2337.5,3.0,-3.0,-42.857142857142854,0.0,0.0,2050.0,30.943396226415093,declined
Birmingham,Birmingham_405000_288500,405000,288500,8.0,0.4,0.37677016125643675,24100.0,3700.0,5.0,6.0,0.2,0.8675632284814612,45525.0,4550.0,5.0,-2.0,-25.0,-20.0,0.4907930672250244,21425.0,88.90041493775934,declined
Birmingham,Birmingham_405000_288750,405000,288750,5.0,,-0.0,8495.0,1850.0,0.0,5.0,0.25,-0.0,11375.0,2400.0,4.0,0.0,0.0,,0.0,2880.0,33.90229546792231,persistent
Birmingham,Birmingham_405000_289000,405000,289000,14.0,0.0,0.25731864054383163,46025.0,2125.0,7.0,8.0,0.0,0.37677016125643675,37975.0,3900.0,4.0,-6.0,-42.857142857142854,0.0,0.11945152071260512,-8050.0,-17.490494296577946,declined
Birmingham,Birmingham_405000_289250,405000,289250,6.0,0.0,0.45056120886630463,60700.0,8750.0,5.0,6.0,0.0,0.45056120886630463,80200.0,11500.0,4.0,0.0,0.0,0.0,0.0,19500.0,32.12520593080725,persistent
Birmingham,Birmingham_405000_289500,405000,289500,1.0,,-0.0,1900.0,1900.0,0.0,1.0,0.0,-0.0,3950.0,3950.0,1.0,0.0,0.0,,0.0,2050.0,107.89473684210526,persistent
Birmingham,Birmingham_405000_292250,405000,292250,2.0,,-0.0,,,0.0,0.0,,,,,,-2.0,-100.0,,,,,disappeared
Birmingham,Birmingham_405250_278750,405250,278750,1.0,,-0.0,5500.0,5500.0,0.0,1.0,,-0.0,8000.0,8000.0,0.0,0.0,0.0,,0.0,2500.0,45.45454545454545,persistent
Birmingham,Birmingham_405250_280000,405250,280000,14.0,0.0,0.25731864054383163,51870.0,3050.0,8.0,12.0,0.0,-0.0,95250.0,6100.0,5.0,-2.0,-14.285714285714285,0.0,-0.25731864054383163,43380.0,83.63215731636784,declined
Birmingham,Birmingham_405250_280250,405250,280250,5.0,0.0,-0.0,5160.0,1150.0,2.0,3.0,0.0,-0.0,7530.0,2050.0,2.0,-2.0,-40.0,0.0,0.0,2370.0,45.93023255813954,declined
Birmingham,Birmingham_405250_280500,405250,280500,42.0,0.06896551724137931,0.3027839382791754,589635.0,4600.0,29.0,38.0,0.0,0.3264420409566655,585930.0,8250.0,23.0,-4.0,-9.523809523809524,-6.896551724137931,0.023658102677490134,-3705.0,-0.6283548296827699,declined
Birmingham,Birmingham_405250_280750,405250,280750,90.0,0.06557377049180328,0.3052060340804211,505506.0,4425.0,61.0,82.0,0.041666666666666664,0.3914585922340471,921575.0,8150.0,48.0,-8.0,-8.88888888888889,-2.390710382513662,0.08625255815362604,416069.0,82.30743057451346,declined
Birmingham,Birmingham_405250_281000,405250,281000,30.0,0.2631578947368421,0.7026832764796582,804650.0,3850.0,19.0,33.0,0.0,0.7900557453395436,1207925.0,8300.0,14.0,3.0,10.0,-26.31578947368421,0.08737246885988537,403275.0,50.11806375442739,intensified
Birmingham,Birmingham_405250_281250,405250,281250,21.0,0.0,0.6189407438569727,166275.0,4625.0,7.0,15.0,0.125,0.6277052571971504,229800.0,7200.0,8.0,-6.0,-28.57142857142857,12.5,0.008764513340177693,63525.0,38.20478123590437,declined
Birmingham,Birmingham_405250_281500,405250,281500,4.0,0.0,-0.0,39250.0,12250.0,3.0,3.0,0.0,-0.0,61000.0,20000.0,1.0,-1.0,-25.0,0.0,0.0,21750.0,55.4140127388535,declined
Birmingham,Birmingham_405250_285500,405250,285500,2.0,,-0.0,118250.0,59125.0,0.0,3.0,0.0,-0.0,211250.0,80500.0,1.0,1.0,50.0,,0.0,93000.0,78.64693446088795,intensified
Birmingham,Birmingham_405250_285750,405250,285750,14.0,0.1111111111111111,0.6559757323365467,1060500.0,19500.0,9.0,22.0,0.0,0.6496877127476234,1149450.0,16250.0,10.0,8.0,57.14285714285714,-11.11111111111111,-0.006288019588923333,88950.0,8.387553041018387,intensified
Birmingham,Birmingham_405250_286000,405250,286000,28.0,0.15384615384615385,0.46922034844159877,446035.0,4700.0,13.0,4.0,0.0,0.6931471805599453,69470.0,5450.0,1.0,-24.0,-85.71428571428571,-15.384615384615385,0.22392683211834652,-376565.0,-84.42498907036443,declined
Birmingham,Birmingham_405250_286500,405250,286500,20.0,0.13333333333333333,0.5181862130502128,82450.0,4325.0,15.0,16.0,0.1,0.46341355882643,143300.0,8150.0,10.0,-4.0,-20.0,-3.3333333333333326,-0.05477265422378286,60850.0,73.80230442692542,declined
Birmingham,Birmingham_405250_286750,405250,286750,8.0,0.4,-0.0,13275.0,1800.0,5.0,6.0,,-0.0,18835.0,3500.0,0.0,-2.0,-25.0,,0.0,5560.0,41.88323917137476,declined
Birmingham,Birmingham_405250_287000,405250,287000,1.0,,-0.0,9700.0,9700.0,0.0,1.0,0.0,-0.0,15000.0,15000.0,1.0,0.0,0.0,,0.0,5300.0,54.63917525773196,persistent
Birmingham,Birmingham_405250_287250,405250,287250,16.0,0.14285714285714285,0.6019239717322894,57435.0,4000.0,7.0,17.0,0.1111111111111111,0.5783252866601273,116000.0,6600.0,9.0,1.0,6.25,-3.1746031746031744,-0.023598685072162118,58565.0,101.96744145555844,intensified
Birmingham,Birmingham_405250_287500,405250,287500,19.0,0.0,0.708018976056273,1587450.0,8700.0,9.0,6.0,0.0,0.8675632284814612,1301550.0,13500.0,2.0,-13.0,-68.42105263157895,0.0,0.15954425242518822,-285900.0,-18.010016063498064,declined
Birmingham,Birmingham_405250_287750,405250,287750,1.0,0.0,-0.0,10500.0,10500.0,1.0,0.0,,,,,,-1.0,-100.0,,,,,disappeared
Birmingham,Birmingham_405250_288000,405250,288000,11.0,0.14285714285714285,-0.0,33205.0,3000.0,7.0,10.0,0.0,0.3250829733914482,59850.0,5700.0,7.0,-1.0,-9.090909090909092,-14.285714285714285,0.3250829733914482,26645.0,80.24393916578828,declined
Birmingham,Birmingham_405250_288750,405250,288750,1.0,0.0,-0.0,2125.0,2125.0,1.0,0.0,,,,,,-1.0,-100.0,,,,,disappeared
Birmingham,Birmingham_405250_289000,405250,289000,13.0,0.6666666666666666,0.7902679680745903,92075.0,2312.5,9.0,11.0,0.5,0.30463609734923813,30225.0,2250.0,2.0,-2.0,-15.384615384615385,-16.666666666666664,-0.4856318707253522,-61850.0,-67.17349986424111,declined
Birmingham,Birmingham_405250_289250,405250,289250,1.0,0.0,-0.0,3300.0,3300.0,1.0,1.0,,-0.0,5300.0,5300.0,0.0,0.0,0.0,,0.0,2000.0,60.60606060606061,persistent
Birmingham,Birmingham_405250_289500,405250,289500,1.0,0.0,-0.0,2200.0,2200.0,1.0,1.0,0.0,-0.0,3550.0,3550.0,1.0,0.0,0.0,0.0,0.0,1350.0,61.36363636363637,persistent
Birmingham,Birmingham_405250_290500,405250,290500,1.0,0.0,-0.0,20000.0,20000.0,1.0,1.0,0.0,-0.0,5200.0,5200.0,1.0,0.0,0.0,0.0,0.0,-14800.0,-74.0,persistent
Birmingham,Birmingham_405250_291500,405250,291500,8.0,0.0,-0.0,28450.0,3150.0,7.0,6.0,0.0,-0.0,35550.0,5350.0,1.0,-2.0,-25.0,0.0,0.0,7100.0,24.956063268892795,declined
Birmingham,Birmingham_405250_292000,405250,292000,3.0,,-0.0,,,0.0,0.0,,,,,,-3.0,-100.0,,,,,disappeared
Birmingham,Birmingham_405250_292500,405250,292500,12.0,0.0,-0.0,26300.0,2800.0,6.0,8.0,0.0,-0.0,63250.0,6550.0,3.0,-4.0,-33.33333333333333,0.0,0.0,36950.0,140.49429657794676,declined
Birmingham,Birmingham_405250_293000,405250,293000,1.0,0.0,-0.0,105000.0,105000.0,1.0,1.0,0.0,-0.0,61500.0,61500.0,1.0,0.0,0.0,0.0,0.0,-43500.0,-41.42857142857143,persistent
Birmingham,Birmingham_405250_293250,405250,293250,3.0,0.0,-0.0,12150.0,3600.0,3.0,3.0,0.0,-0.0,19400.0,5600.0,2.0,0.0,0.0,0.0,0.0,7250.0,59.67078189300411,persistent
Birmingham,Birmingham_405250_293500,405250,293500,2.0,0.0,-0.0,6600.0,3300.0,1.0,2.0,0.0,-0.0,10600.0,5300.0,2.0,0.0,0.0,0.0,0.0,4000.0,60.60606060606061,persistent
Birmingham,Birmingham_405500_278250,405500,278250,1.0,,-0.0,5800.0,5800.0,0.0,1.0,0.0,-0.0,6900.0,6900.0,1.0,0.0,0.0,,0.0,1100.0,18.96551724137931,persistent
Birmingham,Birmingham_405500_278750,405500,278750,5.0,0.0,-0.0,23950.0,4650.0,3.0,5.0,0.0,-0.0,47700.0,9700.0,4.0,0.0,0.0,0.0,0.0,23750.0,99.16492693110646,persistent
Birmingham,Birmingham_405500_279500,405500,279500,1.0,,-0.0,,,0.0,0.0,,,,,,-1.0,-100.0,,,,,disappeared
Birmingham,Birmingham_405500_280250,405500,280250,2.0,0.5,-0.0,4675.0,2337.5,2.0,2.0,1.0,-0.0,9150.0,4575.0,1.0,0.0,0.0,50.0,0.0,4475.0,95.72192513368985,persistent
Birmingham,Birmingham_405500_281250,405500,281250,24.0,0.0625,0.37677016125643675,185800.0,3950.0,16.0,26.0,0.18181818181818182,0.5158361211027406,256800.0,6400.0,11.0,2.0,8.333333333333332,11.931818181818182,0.13906595984630382,71000.0,38.213132400430574,intensified
Birmingham,Birmingham_405500_281750,405500,281750,21.0,0.16666666666666666,0.3805062184775959,92775.0,2225.0,12.0,17.0,0.09090909090909091,0.5783252866601273,488150.0,6800.0,11.0,-4.0,-19.047619047619047,-7.575757575757574,0.19781906818253137,395375.0,426.1654540555106,declined
Birmingham,Birmingham_405500_285750,405500,285750,2.0,0.0,0.6931471805599453,79400.0,39700.0,1.0,4.0,0.0,0.5623351446188083,81525.0,1525.0,4.0,2.0,100.0,0.0,-0.130812035941137,2125.0,2.67632241813602,intensified
Birmingham,Birmingham_405500_286000,405500,286000,39.0,0.2,0.7207060177768547,380700.0,9850.0,20.0,29.0,0.0,0.6415758075523197,491450.0,13250.0,10.0,-10.0,-25.64102564102564,-20.0,-0.07913021022453504,110750.0,29.09114788547413,declined
Birmingham,Birmingham_405500_286250,405500,286250,6.0,0.0,0.6931471805599453,75750.0,15000.0,3.0,6.0,0.0,1.329661348854758,93200.0,13500.0,2.0,0.0,0.0,0.0,0.6365141682948127,17450.0,23.036303630363037,persistent
Birmingham,Birmingham_405500_286500,405500,286500,15.0,0.0,0.5004024235381879,119300.0,9500.0,9.0,10.0,0.0,0.3250829733914482,123800.0,11250.0,4.0,-5.0,-33.33333333333333,0.0,-0.17531945014673966,4500.0,3.7720033528918693,declined
Birmingham,Birmingham_405500_286750,405500,286750,3.0,0.0,0.6365141682948128,90050.0,14250.0,1.0,3.0,0.0,0.6365141682948128,67900.0,13250.0,1.0,0.0,0.0,0.0,0.0,-22150.0,-24.597445863409217,persistent
Birmingham,Birmingham_405500_287250,405500,287250,2.0,,0.6931471805599453,185500.0,92750.0,0.0,3.0,,0.6365141682948128,19025.0,9512.5,0.0,1.0,50.0,,-0.05663301226513251,-166475.0,-89.74393530997304,intensified
Birmingham,Birmingham_405500_287500,405500,287500,1.0,0.0,-0.0,6600.0,6600.0,1.0,2.0,,0.6931471805599453,13700.0,6850.0,0.0,1.0,100.0,,0.6931471805599453,7100.0,107.57575757575756,intensified
Birmingham,Birmingham_405500_288250,405500,288250,27.0,0.05555555555555555,0.15841057013179086,72575.0,1825.0,18.0,23.0,0.07142857142857142,0.17884491271684755,134150.0,3600.0,14.0,-4.0,-14.814814814814813,1.5873015873015872,0.020434342585056692,61575.0,84.84326558732346,declined
Birmingham,Birmingham_405500_288500,405500,288500,3.0,0.0,-0.0,7300.0,1550.0,2.0,3.0,0.0,-0.0,10375.0,2325.0,2.0,0.0,0.0,0.0,0.0,3075.0,42.12328767123288,persistent
Birmingham,Birmingham_405500_288750,405500,288750,5.0,0.6666666666666666,-0.0,5700.0,1700.0,3.0,3.0,0.0,-0.0,8350.0,2425.0,3.0,-2.0,-40.0,-66.66666666666666,0.0,2650.0,46.49122807017544,declined
Birmingham,Birmingham_405500_289000,405500,289000,12.0,0.0,0.45056120886630463,57850.0,2650.0,7.0,31.0,0.0,-0.0,121400.0,2025.0,8.0,19.0,158.33333333333331,0.0,-0.45056120886630463,63550.0,109.85306828003458,intensified
Birmingham,Birmingham_405500_289250,405500,289250,45.0,0.08,0.21262682366313784,175040.0,2900.0,25.0,46.0,0.02857142857142857,0.10473243910508653,351850.0,6450.0,35.0,1.0,2.2222222222222223,-5.142857142857143,-0.10789438455805131,176810.0,101.011197440585,intensified
Birmingham,Birmingham_405500_289500,405500,289500,3.0,0.0,-0.0,12490.0,4050.0,3.0,3.0,0.0,-0.0,23630.0,8400.0,1.0,0.0,0.0,0.0,0.0,11140.0,89.19135308246598,persistent
Birmingham,Birmingham_405500_289750,405500,289750,1.0,0.0,-0.0,4300.0,4300.0,1.0,1.0,0.0,-0.0,6200.0,6200.0,1.0,0.0,0.0,0.0,0.0,1900.0,44.18604651162791,persistent
Birmingham,Birmingham_405500_290000,405500,290000,1.0,0.0,-0.0,2275.0,2275.0,1.0,1.0,0.0,-0.0,4200.0,4200.0,1.0,0.0,0.0,0.0,0.0,1925.0,84.61538461538461,persistent
Birmingham,Birmingham_405500_292750,405500,292750,14.0,0.14285714285714285,0.25731864054383163,106800.0,6500.0,7.0,13.0,0.0,0.2711893730418441,180950.0,9800.0,8.0,-1.0,-7.142857142857142,-14.285714285714285,0.013870732498012461,74150.0,69.42883895131085,declined
Birmingham,Birmingham_405500_293000,405500,293000,9.0,0.0,-0.0,34600.0,4025.0,6.0,8.0,0.0,-0.0,56100.0,6650.0,5.0,-1.0,-11.11111111111111,0.0,0.0,21500.0,62.138728323699425,declined
Birmingham,Birmingham_405500_293500,405500,293500,1.0,,-0.0,37500.0,37500.0,0.0,1.0,,-0.0,30000.0,30000.0,0.0,0.0,0.0,,0.0,-7500.0,-20.0,persistent
Birmingham,Birmingham_405500_293750,405500,293750,9.0,0.0,-0.0,29830.0,4100.0,6.0,7.0,0.0,-0.0,59050.0,7900.0,6.0,-2.0,-22.22222222222222,0.0,0.0,29220.0,97.95507877975193,declined
Birmingham,Birmingham_405750_279250,405750,279250,1.0,,-0.0,,,0.0,0.0,,,,,,-1.0,-100.0,,,,,disappeared
Birmingham,Birmingham_405750_280000,405750,280000,1.0,,-0.0,5700.0,5700.0,0.0,1.0,0.0,-0.0,8600.0,8600.0,1.0,0.0,0.0,,0.0,2900.0,50.877192982456144,persistent
Birmingham,Birmingham_405750_280500,405750,280500,2.0,0.0,0.6931471805599453,25250.0,25250.0,1.0,1.0,0.0,-0.0,29250.0,29250.0,1.0,-1.0,-50.0,0.0,-0.6931471805599453,4000.0,15.841584158415841,declined
Birmingham,Birmingham_405750_282000,405750,282000,8.0,0.2,0.37677016125643675,52750.0,3050.0,5.0,6.0,0.0,-0.0,22850.0,6600.0,4.0,-2.0,-25.0,-20.0,-0.37677016125643675,-29900.0,-56.6824644549763,declined
Birmingham,Birmingham_405750_282250,405750,282250,7.0,0.0,-0.0,23250.0,4125.0,5.0,6.0,0.0,-0.0,55650.0,9750.0,2.0,-1.0,-14.285714285714285,0.0,0.0,32400.0,139.3548387096774,declined
Birmingham,Birmingham_405750_282500,405750,282500,5.0,0.0,-0.0,12000.0,3400.0,2.0,2.0,,-0.0,22150.0,11075.0,0.0,-3.0,-60.0,,0.0,10150.0,84.58333333333333,declined
Birmingham,Birmingham_405750_282750,405750,282750,6.0,0.0,-0.0,19950.0,3450.0,4.0,5.0,0.0,-0.0,48550.0,8500.0,1.0,-1.0,-16.666666666666664,0.0,0.0,28600.0,143.35839598997492,declined
Birmingham,Birmingham_405750_283000,405750,283000,14.0,0.0,0.410116318288409,136150.0,3500.0,8.0,12.0,0.0,0.45056120886630463,151900.0,9550.0,7.0,-2.0,-14.285714285714285,0.0,0.04044489057789563,15750.0,11.568123393316196,declined
Birmingham,Birmingham_405750_283500,405750,283500,2.0,,-0.0,39100.0,19550.0,0.0,0.0,,,,,,-2.0,-100.0,,,,,disappeared
Birmingham,Birmingham_405750_285250,405750,285250,9.0,0.0,-0.0,42250.0,4700.0,6.0,6.0,0.0,0.45056120886630463,86900.0,8200.0,1.0,-3.0,-33.33333333333333,0.0,0.45056120886630463,44650.0,105.68047337278105,declined
Birmingham,Birmingham_405750_286000,405750,286000,8.0,0.0,-0.0,184750.0,40750.0,3.0,9.0,0.0,0.6365141682948128,234550.0,27125.0,1.0,1.0,12.5,0.0,0.6365141682948128,49800.0,26.955345060893098,intensified
Birmingham,Birmingham_405750_286250,405750,286250,31.0,0.2857142857142857,0.6024402635203422,832100.0,43875.0,7.0,12.0,0.0,0.8239592165010823,888500.0,73000.0,5.0,-19.0,-61.29032258064516,-28.57142857142857,0.2215189529807401,56400.0,6.7780314866001685,declined
Birmingham,Birmingham_405750_286500,405750,286500,16.0,0.0,0.6853142072764582,735350.0,35625.0,6.0,13.0,0.5,0.8587409130062867,943350.0,62000.0,2.0,-3.0,-18.75,50.0,0.17342670572982855,208000.0,28.285850275379072,declined
Birmingham,Birmingham_405750_286750,405750,286750,2.0,1.0,-0.0,163000.0,81500.0,1.0,2.0,0.0,-0.0,188000.0,94000.0,1.0,0.0,0.0,-100.0,0.0,25000.0,15.337423312883436,persistent
Birmingham,Birmingham_405750_287000,405750,287000,3.0,0.0,0.6365141682948128,163500.0,6000.0,2.0,4.0,0.0,0.5623351446188083,215750.0,16875.0,2.0,1.0,33.33333333333333,0.0,-0.07417902367600449,52250.0,31.95718654434251,intensified
Birmingham,Birmingham_405750_287250,405750,287250,20.0,0.8333333333333334,0.1985152433458726,53820.0,1775.0,12.0,7.0,0.0,0.410116318288409,91200.0,11500.0,2.0,-13.0,-65.0,-83.33333333333334,0.2116010749425364,37380.0,69.45373467112597,declined
Birmingham,Birmingham_405750_287500,405750,287500,15.0,0.2222222222222222,0.8608513906312316,94820.0,6000.0,9.0,24.0,0.16666666666666666,0.7621042220469585,304985.0,11250.0,6.0,9.0,60.0,-5.555555555555555,-0.09874716858427313,210165.0,221.64627715671799,intensified
Birmingham,Birmingham_405750_287750,405750,287750,6.0,0.5,0.45056120886630463,12075.0,3125.0,2.0,4.0,0.0,0.5623351446188083,15350.0,3925.0,4.0,-2.0,-33.33333333333333,-50.0,0.11177393575250366,3275.0,27.12215320910973,declined
Birmingham,Birmingham_405750_288000,405750,288000,9.0,0.2857142857142857,-0.0,20685.0,1475.0,7.0,9.0,0.0,-0.0,29260.0,1775.0,8.0,0.0,0.0,-28.57142857142857,0.0,8575.0,41.455160744500844,persistent
Birmingham,Birmingham_405750_288250,405750,288250,3.0,0.0,-0.0,16300.0,8150.0,2.0,2.0,0.0,-0.0,28200.0,14100.0,2.0,-1.0,-33.33333333333333,0.0,0.0,11900.0,73.00613496932516,declined
Birmingham,Birmingham_405750_288500,405750,288500,27.0,0.13333333333333333,0.4194833693061807,92850.0,3450.0,15.0,25.0,0.0,0.3669249912727096,162300.0,5200.0,16.0,-2.0,-7.4074074074074066,-13.333333333333334,-0.052558378033471076,69450.0,74.79806138933765,declined
Birmingham,Birmingham_405750_288750,405750,288750,1.0,,-0.0,1275.0,1275.0,0.0,1.0,0.0,-0.0,3650.0,3650.0,1.0,0.0,0.0,,0.0,2375.0,186.27450980392157,persistent
Birmingham,Birmingham_405750_289250,405750,289250,24.0,0.2857142857142857,0.2868359830561607,114575.0,2600.0,14.0,29.0,0.0,0.2509548043576197,265975.0,6550.0,14.0,5.0,20.833333333333336,-28.57142857142857,-0.035881178698541016,151400.0,132.1405193104953,intensified
Birmingham,Birmingham_405750_289500,405750,289500,4.0,0.6666666666666666,-0.0,9100.0,2325.0,3.0,4.0,0.0,-0.0,17550.0,4375.0,1.0,0.0,0.0,-66.66666666666666,0.0,8450.0,92.85714285714286,persistent
Birmingham,Birmingham_405750_290250,405750,290250,11.0,0.0,0.30463609734923813,21325.0,2250.0,6.0,8.0,0.0,0.37677016125643675,31550.0,4200.0,5.0,-3.0,-27.27272727272727,0.0,0.07213406390719862,10225.0,47.94841735052755,declined
Birmingham,Birmingham_405750_290500,405750,290500,1.0,0.0,-0.0,2225.0,2225.0,1.0,1.0,0.0,-0.0,4900.0,4900.0,1.0,0.0,0.0,0.0,0.0,2675.0,120.2247191011236,persistent
Birmingham,Birmingham_405750_293500,405750,293500,1.0,0.0,-0.0,4500.0,4500.0,1.0,1.0,0.0,-0.0,5900.0,5900.0,1.0,0.0,0.0,0.0,0.0,1400.0,31.11111111111111,persistent
Birmingham,Birmingham_405750_294000,405750,294000,2.0,0.0,-0.0,2950.0,2950.0,1.0,1.0,0.0,-0.0,3600.0,3600.0,1.0,-1.0,-50.0,0.0,0.0,650.0,22.033898305084744,declined
Birmingham,Birmingham_405750_294250,405750,294250,2.0,0.5,-0.0,4275.0,2137.5,2.0,3.0,0.0,-0.0,7550.0,2475.0,3.0,1.0,50.0,-50.0,0.0,3275.0,76.60818713450293,intensified
Birmingham,Birmingham_405750_294500,405750,294500,1.0,,-0.0,27500.0,27500.0,0.0,1.0,,-0.0,33250.0,33250.0,0.0,0.0,0.0,,0.0,5750.0,20.909090909090907,persistent
Birmingham,Birmingham_406000_279000,406000,279000,3.0,0.0,-0.0,17600.0,4800.0,2.0,3.0,0.0,0.6365141682948128,19800.0,5400.0,2.0,0.0,0.0,0.0,0.6365141682948128,2200.0,12.5,persistent
Birmingham,Birmingham_406000_280500,406000,280500,2.0,0.0,-0.0,9750.0,4875.0,2.0,2.0,0.0,-0.0,23450.0,11725.0,1.0,0.0,0.0,0.0,0.0,13700.0,140.5128205128205,persistent
Birmingham,Birmingham_406000_280750,406000,280750,1.0,0.0,-0.0,59000.0,59000.0,1.0,1.0,0.0,-0.0,36500.0,36500.0,1.0,0.0,0.0,0.0,0.0,-22500.0,-38.13559322033898,persistent
Birmingham,Birmingham_406000_283000,406000,283000,1.0,0.0,-0.0,2050.0,2050.0,1.0,1.0,0.0,-0.0,3150.0,3150.0,1.0,0.0,0.0,0.0,0.0,1100.0,53.65853658536586,persistent
Birmingham,Birmingham_406000_283250,406000,283250,1.0,0.0,-0.0,4650.0,4650.0,1.0,5.0,0.0,0.5004024235381879,150000.0,30500.0,1.0,4.0,400.0,0.0,0.5004024235381879,145350.0,3125.8064516129034,intensified
Birmingham,Birmingham_406000_285750,406000,285750,1.0,0.0,-0.0,1425.0,1425.0,1.0,1.0,0.0,-0.0,1500.0,1500.0,1.0,0.0,0.0,0.0,0.0,75.0,5.263157894736842,persistent
Birmingham,Birmingham_406000_286000,406000,286000,1.0,,-0.0,,,0.0,0.0,,,,,,-1.0,-100.0,,,,,disappeared
Birmingham,Birmingham_406000_286250,406000,286250,2.0,0.0,0.6931471805599453,186700.0,93350.0,1.0,2.0,,0.6931471805599453,119050.0,59525.0,0.0,0.0,0.0,,0.0,-67650.0,-36.234600964113554,persistent
Birmingham,Birmingham_406000_286500,406000,286500,63.0,0.125,0.6205499951637219,4877500.0,95000.0,24.0,41.0,0.05,0.4318194025848072,4376725.0,93500.0,20.0,-22.0,-34.92063492063492,-7.5,-0.18873059257891467,-500775.0,-10.267042542286008,declined
Birmingham,Birmingham_406000_286750,406000,286750,7.0,0.0,0.6829081047004717,227550.0,31500.0,2.0,7.0,0.0,0.6829081047004717,204400.0,28125.0,2.0,0.0,0.0,0.0,0.0,-23150.0,-10.173588222368709,persistent
Birmingham,Birmingham_406000_287000,406000,287000,8.0,0.14285714285714285,0.5623351446188083,438400.0,6700.0,7.0,8.0,0.0,0.5623351446188083,577400.0,11800.0,2.0,0.0,0.0,-14.285714285714285,0.0,139000.0,31.706204379562042,persistent
Birmingham,Birmingham_406000_287250,406000,287250,24.0,0.0,0.8146445049046291,127060.0,4375.0,10.0,15.0,0.0,1.0625354080615974,273000.0,10600.0,2.0,-9.0,-37.5,0.0,0.24789090315696827,145940.0,114.8591216747993,declined
Birmingham,Birmingham_406000_287500,406000,287500,108.0,0.08620689655172414,0.9475322871862564,1020515.0,11625.0,58.0,81.0,0.02631578947368421,1.0202897537558488,1220820.0,13500.0,38.0,-27.0,-25.0,-5.989110707803993,0.07275746656959248,200305.0,19.627834965679096,declined
Birmingham,Birmingham_406000_287750,406000,287750,79.0,0.1724137931034483,0.7556051197395554,561600.0,5000.0,58.0,75.0,0.0,0.7466381451032729,807165.0,7350.0,37.0,-4.0,-5.063291139240507,-17.24137931034483,-0.008966974636282488,245565.0,43.72596153846154,declined
Birmingham,Birmingham_406000_288000,406000,288000,69.0,0.06666666666666667,0.5875088549781982,303870.0,4550.0,45.0,62.0,0.05,0.494236085653798,471450.0,6100.0,20.0,-7.0,-10.144927536231885,-1.6666666666666663,-0.09327276932440015,167580.0,55.148583275742915,declined
Birmingham,Birmingham_406000_288250,406000,288250,19.0,0.0,0.8246593237664703,148900.0,9475.0,12.0,14.0,0.0,0.7963116401738131,135300.0,8900.0,5.0,-5.0,-26.31578947368421,0.0,-0.02834768359265727,-13600.0,-9.133646742780389,declined
Birmingham,Birmingham_406000_288750,406000,288750,9.0,0.14285714285714285,-0.0,24450.0,2650.0,7.0,9.0,0.0,-0.0,44525.0,4400.0,7.0,0.0,0.0,-14.285714285714285,0.0,20075.0,82.10633946830266,persistent
Birmingham,Birmingham_406000_289000,406000,289000,2.0,,-0.0,1775.0,1775.0,0.0,2.0,0.0,-0.0,5000.0,2500.0,2.0,0.0,0.0,,0.0,3225.0,181.69014084507043,persistent
Birmingham,Birmingham_406000_289250,406000,289250,23.0,0.0,0.17884491271684755,70475.0,3650.0,15.0,19.0,0.09090909090909091,0.20619205063323187,155800.0,8300.0,11.0,-4.0,-17.391304347826086,9.090909090909092,0.027347137916384323,85325.0,121.07130188009934,declined
Birmingham,Birmingham_406000_289500,406000,289500,5.0,0.0,-0.0,29550.0,5300.0,2.0,4.0,0.0,-0.0,39200.0,7650.0,2.0,-1.0,-20.0,0.0,0.0,9650.0,32.656514382402705,declined
Birmingham,Birmingham_406000_289750,406000,289750,9.0,0.0,-0.0,11900.0,2950.0,1.0,4.0,0.0,-0.0,20700.0,4850.0,2.0,-5.0,-55.55555555555556,0.0,0.0,8800.0,73.94957983193278,declined
Birmingham,Birmingham_406000_290000,406000,290000,5.0,0.2,-0.0,14800.0,2275.0,5.0,5.0,0.0,-0.0,26925.0,3850.0,3.0,0.0,0.0,-20.0,0.0,12125.0,81.92567567567568,persistent
Birmingham,Birmingham_406000_290250,406000,290250,7.0,0.0,-0.0,16400.0,2725.0,4.0,6.0,0.16666666666666666,-0.0,26850.0,4450.0,6.0,-1.0,-14.285714285714285,16.666666666666664,0.0,10450.0,63.71951219512195,declined
Birmingham,Birmingham_406000_290500,406000,290500,1.0,1.0,-0.0,7100.0,7100.0,1.0,1.0,1.0,-0.0,10500.0,10500.0,1.0,0.0,0.0,0.0,0.0,3400.0,47.88732394366197,persistent
Birmingham,Birmingham_406000_290750,406000,290750,4.0,0.0,0.5623351446188083,21800.0,5050.0,1.0,3.0,0.0,0.6365141682948128,21400.0,4350.0,2.0,-1.0,-25.0,0.0,0.07417902367600449,-400.0,-1.834862385321101,declined
Birmingham,Birmingham_406000_292250,406000,292250,14.0,0.0,0.410116318288409,86350.0,4700.0,11.0,14.0,0.0,-0.0,139600.0,8700.0,5.0,0.0,0.0,0.0,-0.410116318288409,53250.0,61.667631731326,persistent
Birmingham,Birmingham_406000_293250,406000,293250,8.0,0.0,-0.0,28500.0,3200.0,6.0,8.0,0.0,-0.0,37600.0,4200.0,5.0,0.0,0.0,0.0,0.0,9100.0,31.929824561403507,persistent
Birmingham,Birmingham_406000_294500,406000,294500,3.0,0.0,0.6365141682948128,2615000.0,1307500.0,2.0,4.0,0.0,0.6931471805599453,2041500.0,21500.0,2.0,1.0,33.33333333333333,0.0,0.05663301226513251,-573500.0,-21.931166347992352,intensified
Birmingham,Birmingham_406250_278500,406250,278500,1.0,,-0.0,5400.0,5400.0,0.0,1.0,0.0,-0.0,8100.0,8100.0,1.0,0.0,0.0,,0.0,2700.0,50.0,persistent
Birmingham,Birmingham_406250_278750,406250,278750,1.0,,-0.0,6200.0,6200.0,0.0,1.0,0.0,-0.0,9400.0,9400.0,1.0,0.0,0.0,,0.0,3200.0,51.61290322580645,persistent
Birmingham,Birmingham_406250_279250,406250,279250,5.0,0.0,-0.0,30950.0,5700.0,4.0,5.0,0.0,-0.0,35150.0,6500.0,3.0,0.0,0.0,0.0,0.0,4200.0,13.5702746365105,persistent
Birmingham,Birmingham_406250_279750,406250,279750,9.0,0.0,-0.0,22800.0,2450.0,6.0,9.0,0.0,-0.0,37725.0,3950.0,3.0,0.0,0.0,0.0,0.0,14925.0,65.46052631578947,persistent
Birmingham,Birmingham_406250_280500,406250,280500,1.0,0.0,-0.0,1925.0,1925.0,1.0,1.0,0.0,-0.0,4800.0,4800.0,1.0,0.0,0.0,0.0,0.0,2875.0,149.35064935064935,persistent
Birmingham,Birmingham_406250_280750,406250,280750,7.0,0.0,-0.0,43250.0,5000.0,5.0,8.0,0.0,0.37677016125643675,73300.0,7900.0,5.0,1.0,14.285714285714285,0.0,0.37677016125643675,30050.0,69.47976878612717,intensified
Birmingham,Birmingham_406250_281000,406250,281000,32.0,0.047619047619047616,0.4141240568744845,239100.0,5500.0,21.0,24.0,0.0,0.1732052067491771,250450.0,7400.0,11.0,-8.0,-25.0,-4.761904761904762,-0.2409188501253074,11350.0,4.746967795901297,declined
Birmingham,Birmingham_406250_281250,406250,281250,1.0,0.0,-0.0,7100.0,7100.0,1.0,1.0,0.0,-0.0,,,1.0,0.0,0.0,0.0,0.0,,,persistent
Birmingham,Birmingham_406250_282000,406250,282000,10.0,0.16666666666666666,0.3250829733914482,62925.0,3950.0,6.0,7.0,0.0,0.410116318288409,59550.0,5700.0,5.0,-3.0,-30.0,-16.666666666666664,0.0850333448969608,-3375.0,-5.363528009535161,declined
Birmingham,Birmingham_406250_284000,406250,284000,1.0,,-0.0,194000.0,194000.0,0.0,1.0,0.0,-0.0,229000.0,229000.0,1.0,0.0,0.0,,0.0,35000.0,18.04123711340206,persistent
Birmingham,Birmingham_406250_284250,406250,284250,9.0,0.0,0.5297061990576545,54600.0,5200.0,6.0,8.0,0.0,0.37677016125643675,70750.0,8300.0,3.0,-1.0,-11.11111111111111,0.0,-0.15293603780121773,16150.0,29.57875457875458,declined
Birmingham,Birmingham_406250_284750,406250,284750,1.0,0.0,-0.0,4350.0,4350.0,1.0,1.0,,-0.0,9800.0,9800.0,0.0,0.0,0.0,,0.0,5450.0,125.28735632183907,persistent
Birmingham,Birmingham_406250_285250,406250,285250,2.0,,-0.0,101000.0,101000.0,0.0,1.0,0.0,-0.0,131000.0,131000.0,1.0,-1.0,-50.0,,0.0,30000.0,29.7029702970297,declined
Birmingham,Birmingham_406250_285750,406250,285750,1.0,0.0,-0.0,20750.0,20750.0,1.0,1.0,,-0.0,27250.0,27250.0,0.0,0.0,0.0,,0.0,6500.0,31.32530120481928,persistent
Birmingham,Birmingham_406250_286000,406250,286000,3.0,0.0,-0.0,72000.0,36000.0,2.0,2.0,0.0,0.6931471805599453,111250.0,55625.0,1.0,-1.0,-33.33333333333333,0.0,0.6931471805599453,39250.0,54.513888888888886,declined
Birmingham,Birmingham_406250_286250,406250,286250,88.0,0.06666666666666667,0.6069636115082722,2311400.0,32250.0,30.0,36.0,0.18181818181818182,0.8004267581481478,2371700.0,58250.0,11.0,-52.0,-59.09090909090909,11.515151515151516,0.19346314663987563,60300.0,2.6088085143203252,declined
Birmingham,Birmingham_406250_286500,406250,286500,5.0,0.0,0.6730116670092565,139000.0,23500.0,2.0,3.0,0.0,0.6365141682948128,110550.0,34250.0,1.0,-2.0,-40.0,0.0,-0.036497498714443743,-28450.0,-20.467625899280577,declined
Birmingham,Birmingham_406250_286750,406250,286750,31.0,1.0,0.5710227109429162,10000.0,10000.0,1.0,1.0,0.0,-0.0,250000.0,250000.0,1.0,-30.0,-96.7741935483871,-100.0,-0.5710227109429162,240000.0,2400.0,declined
Birmingham,Birmingham_406250_287000,406250,287000,10.0,0.0,0.5004024235381879,320750.0,44750.0,7.0,10.0,0.0,0.6108643020548935,386800.0,42625.0,2.0,0.0,0.0,0.0,0.11046187851670564,66050.0,20.592361652377242,persistent
Birmingham,Birmingham_406250_287250,406250,287250,17.0,0.15384615384615385,0.649248354870898,231900.0,9500.0,13.0,17.0,0.0,0.649248354870898,258250.0,13250.0,3.0,0.0,0.0,-15.384615384615385,0.0,26350.0,11.36265631737818,persistent
Birmingham,Birmingham_406250_287500,406250,287500,27.0,0.0,0.6298309121390556,114385.0,4800.0,15.0,33.0,0.0,0.7733057755573662,215975.0,7200.0,11.0,6.0,22.22222222222222,0.0,0.14347486341831062,101590.0,88.81409275691743,intensified
Birmingham,Birmingham_406250_287750,406250,287750,47.0,0.2962962962962963,0.7523072249169662,402125.0,6450.0,27.0,41.0,0.08333333333333333,0.8588504361098751,509425.0,8600.0,12.0,-6.0,-12.76595744680851,-21.296296296296298,0.10654321119290888,107300.0,26.683245259558596,declined
Birmingham,Birmingham_406250_288000,406250,288000,19.0,0.0,0.8785250991271565,204650.0,9200.0,10.0,17.0,0.4,0.803742107316203,249400.0,11875.0,5.0,-2.0,-10.526315789473683,40.0,-0.07478299181095349,44750.0,21.866601514781333,declined
Birmingham,Birmingham_406250_289000,406250,289000,4.0,0.0,0.5623351446188083,10300.0,2300.0,2.0,2.0,0.0,-0.0,3400.0,1700.0,1.0,-2.0,-50.0,0.0,-0.5623351446188083,-6900.0,-66.99029126213593,declined
Birmingham,Birmingham_406250_289250,406250,289250,63.0,0.029411764705882353,0.16276479441419955,293525.0,5700.0,34.0,50.0,0.0,0.2651583725982932,517350.0,9700.0,29.0,-13.0,-20.634920634920633,-2.941176470588235,0.10239357818409367,223825.0,76.25415211651477,declined
Birmingham,Birmingham_406250_289500,406250,289500,2.0,,0.6931471805599453,50425.0,25212.5,0.0,2.0,,0.6931471805599453,68400.0,34200.0,0.0,0.0,0.0,,0.0,17975.0,35.64700049578582,persistent
Birmingham,Birmingham_406250_289750,406250,289750,3.0,0.0,0.6365141682948128,18925.0,6500.0,2.0,3.0,0.0,0.6365141682948128,14600.0,3500.0,3.0,0.0,0.0,0.0,0.0,-4325.0,-22.85336856010568,persistent
Birmingham,Birmingham_406250_290000,406250,290000,11.0,0.0,-0.0,35250.0,2500.0,8.0,9.0,0.0,-0.0,57100.0,4050.0,4.0,-2.0,-18.181818181818183,0.0,0.0,21850.0,61.98581560283688,declined
Birmingham,Birmingham_406250_290750,406250,290750,1.0,0.0,-0.0,13250.0,13250.0,1.0,1.0,0.0,-0.0,,,1.0,0.0,0.0,0.0,0.0,,,persistent
Birmingham,Birmingham_406250_291000,406250,291000,1.0,0.0,-0.0,9000.0,9000.0,1.0,0.0,,,,,,-1.0,-100.0,,,,,disappeared
Birmingham,Birmingham_406250_293000,406250,293000,13.0,0.0,0.5402041423888608,49600.0,4750.0,8.0,9.0,0.0,0.34883209584303193,80750.0,7800.0,3.0,-4.0,-30.76923076923077,0.0,-0.1913720465458289,31150.0,62.80241935483871,declined
Birmingham,Birmingham_406250_294750,406250,294750,5.0,0.2,0.5004024235381879,17325.0,3300.0,5.0,5.0,0.0,0.5004024235381879,43200.0,8500.0,2.0,0.0,0.0,-20.0,0.0,25875.0,149.35064935064935,persistent
Birmingham,Birmingham_406500_280250,406500,280250,2.0,,-0.0,,,0.0,0.0,,,,,,-2.0,-100.0,,,,,disappeared
Birmingham,Birmingham_406500_285000,406500,285000,4.0,0.0,-0.0,19700.0,6900.0,4.0,3.0,0.0,-0.0,43850.0,15250.0,2.0,-1.0,-25.0,0.0,0.0,24150.0,122.58883248730965,declined
Birmingham,Birmingham_406500_285250,406500,285250,2.0,0.0,-0.0,7550.0,3775.0,2.0,2.0,0.0,-0.0,13600.0,6800.0,2.0,0.0,0.0,0.0,0.0,6050.0,80.13245033112582,persistent
Birmingham,Birmingham_406500_286000,406500,286000,11.0,0.0,0.9164648855394713,62540.0,4125.0,7.0,16.0,0.3333333333333333,0.7029189307735104,198210.0,6250.0,3.0,5.0,45.45454545454545,33.33333333333333,-0.21354595476596083,135670.0,216.9331627758235,intensified
Birmingham,Birmingham_406500_286250,406500,286250,12.0,0.0,1.0397207708399179,1073950.0,41875.0,9.0,15.0,0.2,0.7298712099831165,1291500.0,37250.0,5.0,3.0,25.0,20.0,-0.3098495608568014,217550.0,20.256995204618462,intensified
Birmingham,Birmingham_406500_286500,406500,286500,29.0,0.09090909090909091,0.14999492361041503,585400.0,22250.0,11.0,21.0,0.0,0.5010469137590966,464500.0,11000.0,5.0,-8.0,-27.586206896551722,-9.090909090909092,0.3510519901486816,-120900.0,-20.652545268192686,declined
Birmingham,Birmingham_406500_286750,406500,286750,13.0,0.5,0.6901856760188042,228850.0,16375.0,6.0,18.0,0.16666666666666666,0.8277381569989198,1374800.0,68000.0,6.0,5.0,38.46153846153847,-33.333333333333336,0.13755248098011563,1145950.0,500.74284465807295,intensified
Birmingham,Birmingham_406500_287000,406500,287000,67.0,0.23076923076923078,0.5960062534916691,597075.0,1837.5,39.0,50.0,0.13636363636363635,0.6282087954682233,601275.0,1937.5,22.0,-17.0,-25.37313432835821,-9.440559440559444,0.032202541976554144,4200.0,0.7034292174349955,declined
Birmingham,Birmingham_406500_287250,406500,287250,14.0,0.125,0.8304717124362917,302200.0,23250.0,8.0,10.0,0.0,0.6730116670092565,268100.0,24250.0,3.0,-4.0,-28.57142857142857,-12.5,-0.15746004542703518,-34100.0,-11.28391793514229,declined
Birmingham,Birmingham_406500_287500,406500,287500,25.0,0.17647058823529413,0.703843328477728,169850.0,7300.0,17.0,22.0,0.0,0.47413931305783735,217800.0,9850.0,6.0,-3.0,-12.0,-17.647058823529413,-0.22970401541989066,47950.0,28.230791875183986,declined
Birmingham,Birmingham_406500_287750,406500,287750,2.0,,-0.0,2900.0,2900.0,0.0,18.0,0.0,0.45056120886630463,299600.0,6400.0,2.0,16.0,800.0,,0.45056120886630463,296700.0,10231.034482758621,intensified
Birmingham,Birmingham_406500_288000,406500,288000,14.0,0.0,0.509137344082687,53050.0,4200.0,5.0,11.0,0.0,0.30463609734923813,67600.0,5300.0,8.0,-3.0,-21.428571428571427,0.0,-0.20450124673344883,14550.0,27.426955702167767,declined
Birmingham,Birmingham_406500_288750,406500,288750,11.0,0.5,-0.0,30750.0,2750.0,6.0,9.0,0.5,-0.0,50250.0,4950.0,6.0,-2.0,-18.181818181818183,0.0,0.0,19500.0,63.41463414634146,declined
Birmingham,Birmingham_406500_289000,406500,289000,1.0,,-0.0,10000.0,10000.0,0.0,2.0,0.0,0.6931471805599453,29200.0,14600.0,2.0,1.0,100.0,,0.6931471805599453,19200.0,192.0,intensified
Birmingham,Birmingham_406500_289250,406500,289250,33.0,0.05263157894736842,0.30463609734923813,144025.0,3900.0,19.0,29.0,0.0,0.2509548043576197,324050.0,8900.0,15.0,-4.0,-12.121212121212121,-5.263157894736842,-0.053681292991618446,180025.0,124.99566047561188,declined
Birmingham,Birmingham_406500_289500,406500,289500,5.0,0.0,-0.0,27275.0,6300.0,3.0,4.0,0.0,-0.0,46250.0,10450.0,3.0,-1.0,-20.0,0.0,0.0,18975.0,69.56920256645279,declined
Birmingham,Birmingham_406500_289750,406500,289750,21.0,0.0,0.3805062184775959,143000.0,6400.0,13.0,19.0,0.0,0.5366645624845252,209500.0,9300.0,9.0,-2.0,-9.523809523809524,0.0,0.1561583440069293,66500.0,46.50349650349651,declined
Birmingham,Birmingham_406500_290750,406500,290750,35.0,0.0,0.3470668257548097,170925.0,4300.0,17.0,33.0,0.058823529411764705,0.13579395875159386,219425.0,5700.0,17.0,-2.0,-5.714285714285714,5.88235294117647,-0.21127286700321582,48500.0,28.375018282872606,declined
Birmingham,Birmingham_406500_291000,406500,291000,115.0,0.023255813953488372,0.24103132058076904,1132925.0,6000.0,43.0,79.0,0.0,0.3029829313783752,1158600.0,9100.0,29.0,-36.0,-31.30434782608696,-2.3255813953488373,0.06195161079760614,25675.0,2.266257695787453,declined
Birmingham,Birmingham_406500_291750,406500,291750,11.0,0.0,0.30463609734923813,139850.0,6800.0,9.0,11.0,0.0,0.30463609734923813,151100.0,10500.0,5.0,0.0,0.0,0.0,0.0,11250.0,8.044333214158026,persistent
Birmingham,Birmingham_406500_293000,406500,293000,9.0,0.0,0.5297061990576545,152050.0,3700.0,7.0,9.0,0.0,0.8486855577264172,159550.0,6000.0,5.0,0.0,0.0,0.0,0.3189793586687627,7500.0,4.932587964485367,persistent
Birmingham,Birmingham_406500_293250,406500,293250,6.0,0.0,-0.0,25050.0,4175.0,6.0,6.0,0.0,-0.0,32900.0,5500.0,4.0,0.0,0.0,0.0,0.0,7850.0,31.3373253493014,persistent
Birmingham,Birmingham_406500_293750,406500,293750,9.0,0.0,-0.0,24800.0,3925.0,4.0,8.0,0.0,0.37677016125643675,58925.0,8500.0,3.0,-1.0,-11.11111111111111,0.0,0.37677016125643675,34125.0,137.6008064516129,declined
Birmingham,Birmingham_406500_294000,406500,294000,5.0,0.0,-0.0,24050.0,4850.0,3.0,5.0,0.0,-0.0,47100.0,9500.0,3.0,0.0,0.0,0.0,0.0,23050.0,95.84199584199584,persistent
Birmingham,Birmingham_406500_295000,406500,295000,4.0,0.0,-0.0,16400.0,4050.0,4.0,4.0,0.0,-0.0,20500.0,5050.0,3.0,0.0,0.0,0.0,0.0,4100.0,25.0,persistent
Birmingham,Birmingham_406750_278500,406750,278500,8.0,0.0,0.37677016125643675,25125.0,3175.0,6.0,6.0,0.0,0.8675632284814612,36650.0,4650.0,5.0,-2.0,-25.0,0.0,0.4907930672250244,11525.0,45.87064676616915,declined
Birmingham,Birmingham_406750_279500,406750,279500,4.0,0.0,0.5623351446188083,23600.0,8600.0,2.0,3.0,0.0,1.0986122886681096,29100.0,9700.0,1.0,-1.0,-25.0,0.0,0.5362771440493013,5500.0,23.30508474576271,declined
Birmingham,Birmingham_406750_280000,406750,280000,8.0,0.0,-0.0,30400.0,3825.0,8.0,8.0,0.0,-0.0,41550.0,5150.0,5.0,0.0,0.0,0.0,0.0,11150.0,36.67763157894737,persistent
Birmingham,Birmingham_406750_281000,406750,281000,2.0,0.0,0.6931471805599453,82550.0,41275.0,2.0,2.0,0.0,0.6931471805599453,79550.0,39775.0,2.0,0.0,0.0,0.0,0.0,-3000.0,-3.6341611144760746,persistent
Birmingham,Birmingham_406750_281750,406750,281750,6.0,0.0,-0.0,20375.0,1775.0,4.0,5.0,0.0,-0.0,25900.0,4450.0,2.0,-1.0,-16.666666666666664,0.0,0.0,5525.0,27.116564417177912,declined
Birmingham,Birmingham_406750_285000,406750,285000,5.0,0.0,-0.0,28000.0,6750.0,4.0,4.0,0.0,-0.0,42200.0,10050.0,3.0,-1.0,-20.0,0.0,0.0,14200.0,50.71428571428571,declined
Birmingham,Birmingham_406750_285500,406750,285500,1.0,0.0,-0.0,249000.0,249000.0,1.0,3.0,0.0,0.6365141682948128,393750.0,52000.0,3.0,2.0,200.0,0.0,0.6365141682948128,144750.0,58.13253012048193,intensified
Birmingham,Birmingham_406750_285750,406750,285750,33.0,0.16666666666666666,0.7733057755573662,54800.0,3725.0,12.0,15.0,0.0,0.39267446722755217,134100.0,7800.0,5.0,-18.0,-54.54545454545454,-16.666666666666664,-0.38063130832981407,79300.0,144.7080291970803,declined
Birmingham,Birmingham_406750_286000,406750,286000,36.0,0.18181818181818182,1.0471745538422783,338650.0,12750.0,22.0,26.0,0.0,0.8101502323878819,498850.0,18750.0,6.0,-10.0,-27.77777777777778,-18.181818181818183,-0.23702432145439645,160200.0,47.305477631773215,declined
Birmingham,Birmingham_406750_286250,406750,286250,78.0,0.09302325581395349,0.8290757796482326,1681775.0,12000.0,43.0,61.0,0.0,0.8498045474331789,1973250.0,18250.0,17.0,-17.0,-21.794871794871796,-9.30232558139535,0.020728767784946256,291475.0,17.33139094111876,declined
Birmingham,Birmingham_406750_286500,406750,286500,220.0,0.1,0.5284053712855556,7903150.0,34000.0,50.0,102.0,0.043478260869565216,0.703470396447307,3816125.0,28875.0,46.0,-118.0,-53.63636363636364,-5.6521739130434785,0.17506502516175138,-4087025.0,-51.71387358205273,declined
Birmingham,Birmingham_406750_286750,406750,286750,208.0,0.07894736842105263,0.6597865927393364,10184900.0,35750.0,114.0,182.0,0.029411764705882353,0.7378034361440606,9884770.0,41875.0,68.0,-26.0,-12.5,-4.953560371517027,0.07801684340472426,-300130.0,-2.946813419866665,declined
Birmingham,Birmingham_406750_287000,406750,287000,50.0,0.2916666666666667,0.7641870673072082,1530680.0,29750.0,24.0,44.0,0.0,0.6921137666782082,2179320.0,46000.0,14.0,-6.0,-12.0,-29.166666666666668,-0.07207330062899997,648640.0,42.375937491833696,declined
Birmingham,Birmingham_406750_287250,406750,287250,9.0,0.0,0.34883209584303193,99800.0,9650.0,5.0,10.0,0.0,0.6730116670092565,255800.0,21500.0,2.0,1.0,11.11111111111111,0.0,0.3241795711662246,156000.0,156.31262525050101,intensified
Birmingham,Birmingham_406750_287500,406750,287500,11.0,0.16666666666666666,0.7595473914748635,101250.0,5500.0,6.0,17.0,0.0,0.9586918593253719,172450.0,8000.0,11.0,6.0,54.54545454545454,-16.666666666666664,0.19914446785050843,71200.0,70.32098765432099,intensified
Birmingham,Birmingham_406750_287750,406750,287750,10.0,0.0,0.3250829733914482,39300.0,4225.0,4.0,10.0,0.0,0.5004024235381879,94050.0,7650.0,5.0,0.0,0.0,0.0,0.17531945014673966,54750.0,139.31297709923663,persistent
Birmingham,Birmingham_406750_288000,406750,288000,5.0,0.2,0.6730116670092565,14700.0,2075.0,5.0,8.0,0.0,0.6615632381579821,41595.0,3500.0,4.0,3.0,60.0,-20.0,-0.011448428851274395,26895.0,182.9591836734694,intensified
Birmingham,Birmingham_406750_288250,406750,288250,2.0,0.0,-0.0,12900.0,6450.0,1.0,2.0,0.0,-0.0,19850.0,9925.0,1.0,0.0,0.0,0.0,0.0,6950.0,53.875968992248055,persistent
Birmingham,Birmingham_406750_288500,406750,288500,2.0,0.0,-0.0,7100.0,3550.0,1.0,3.0,0.0,0.6365141682948128,11800.0,5900.0,1.0,1.0,50.0,0.0,0.6365141682948128,4700.0,66.19718309859155,intensified
Birmingham,Birmingham_406750_289250,406750,289250,16.0,0.14285714285714285,0.46341355882643,47235.0,3400.0,7.0,7.0,0.0,-0.0,78562.0,8200.0,4.0,-9.0,-56.25,-14.285714285714285,-0.46341355882643,31327.0,66.32158357150418,declined
Birmingham,Birmingham_406750_289500,406750,289500,25.0,0.0,0.167944147734173,94475.0,4150.0,18.0,22.0,0.0,0.36764947740014225,171600.0,6500.0,14.0,-3.0,-12.0,0.0,0.19970532966596927,77125.0,81.63535326806033,declined
Birmingham,Birmingham_406750_289750,406750,289750,1.0,,-0.0,10000.0,10000.0,0.0,1.0,0.0,-0.0,13000.0,13000.0,1.0,0.0,0.0,,0.0,3000.0,30.0,persistent
Birmingham,Birmingham_406750_290500,406750,290500,21.0,0.0,0.5010469137590966,169900.0,6050.0,9.0,18.0,0.0,0.42584844923858145,219000.0,7400.0,9.0,-3.0,-14.285714285714285,0.0,-0.07519846452051515,49100.0,28.899352560329604,declined
Birmingham,Birmingham_406750_290750,406750,290750,36.0,0.07692307692307693,0.40294135786694235,160325.0,3750.0,26.0,3.0,0.0,1.0986122886681096,16500.0,6000.0,2.0,-33.0,-91.66666666666666,-7.6923076923076925,0.6956709308011673,-143825.0,-89.70840480274443,declined
Birmingham,Birmingham_406750_291250,406750,291250,62.0,0.11428571428571428,0.7160029438071991,6383025.0,82000.0,35.0,50.0,0.0,0.9536031589152923,4510150.0,47750.0,26.0,-12.0,-19.35483870967742,-11.428571428571429,0.23760021510809326,-1872875.0,-29.34149560749018,declined
Birmingham,Birmingham_406750_293500,406750,293500,3.0,0.0,-0.0,8400.0,8400.0,1.0,1.0,0.0,-0.0,28500.0,28500.0,1.0,-2.0,-66.66666666666666,0.0,0.0,20100.0,239.28571428571428,declined
Birmingham,Birmingham_406750_294500,406750,294500,2.0,0.0,-0.0,10150.0,5075.0,2.0,2.0,0.0,-0.0,16400.0,8200.0,1.0,0.0,0.0,0.0,0.0,6250.0,61.57635467980296,persistent
Birmingham,Birmingham_406750_294750,406750,294750,4.0,0.0,-0.0,3100.0,3100.0,1.0,1.0,0.0,-0.0,3750.0,3750.0,1.0,-3.0,-75.0,0.0,0.0,650.0,20.967741935483872,declined
Birmingham,Birmingham_407000_278250,407000,278250,1.0,0.0,-0.0,3250.0,3250.0,1.0,1.0,0.0,-0.0,8100.0,8100.0,1.0,0.0,0.0,0.0,0.0,4850.0,149.23076923076923,persistent
Birmingham,Birmingham_407000_279000,407000,279000,1.0,0.0,-0.0,3000.0,3000.0,1.0,1.0,0.0,-0.0,10750.0,10750.0,1.0,0.0,0.0,0.0,0.0,7750.0,258.33333333333337,persistent
Birmingham,Birmingham_407000_281250,407000,281250,1.0,0.0,-0.0,3200.0,3200.0,1.0,1.0,0.0,-0.0,6800.0,6800.0,1.0,0.0,0.0,0.0,0.0,3600.0,112.5,persistent
Birmingham,Birmingham_407000_281500,407000,281500,3.0,0.0,0.6365141682948128,35075.0,9600.0,3.0,4.0,0.0,0.5623351446188083,50050.0,10500.0,1.0,1.0,33.33333333333333,0.0,-0.07417902367600449,14975.0,42.69422665716322,intensified
Birmingham,Birmingham_407000_281750,407000,281750,18.0,0.0,0.34883209584303193,97050.0,5275.0,12.0,15.0,0.1111111111111111,0.24493002679463532,528550.0,8250.0,9.0,-3.0,-16.666666666666664,11.11111111111111,-0.1039020690483966,431500.0,444.61617722823286,declined
Birmingham,Birmingham_407000_282000,407000,282000,2.0,0.0,-0.0,9950.0,4975.0,2.0,2.0,0.0,0.6931471805599453,16800.0,8400.0,1.0,0.0,0.0,0.0,0.6931471805599453,6850.0,68.84422110552764,persistent
Birmingham,Birmingham_407000_284000,407000,284000,1.0,,-0.0,,,0.0,0.0,,,,,,-1.0,-100.0,,,,,disappeared
Birmingham,Birmingham_407000_284250,407000,284250,24.0,0.14285714285714285,-0.0,84570.0,3200.0,14.0,21.0,0.07692307692307693,-0.0,141225.0,5300.0,13.0,-3.0,-12.5,-6.593406593406592,0.0,56655.0,66.99184107839659,declined
Birmingham,Birmingham_407000_284500,407000,284500,5.0,0.0,-0.0,19500.0,3150.0,1.0,5.0,0.0,-0.0,36250.0,6200.0,4.0,0.0,0.0,0.0,0.0,16750.0,85.8974358974359,persistent
Birmingham,Birmingham_407000_285500,407000,285500,2.0,0.0,-0.0,3600.0,3600.0,1.0,1.0,0.0,-0.0,4000.0,4000.0,1.0,-1.0,-50.0,0.0,0.0,400.0,11.11111111111111,declined
Birmingham,Birmingham_407000_285750,407000,285750,11.0,0.25,0.6554817739013927,62600.0,10250.0,4.0,5.0,0.0,0.5004024235381879,24260.0,7200.0,1.0,-6.0,-54.54545454545454,-25.0,-0.15507935036320486,-38340.0,-61.246006389776355,declined
Birmingham,Birmingham_407000_286000,407000,286000,40.0,0.15789473684210525,0.6108643020548935,607900.0,18000.0,19.0,33.0,0.0,0.6704776487973955,755900.0,19125.0,8.0,-7.0,-17.5,-15.789473684210526,0.05961334674250196,148000.0,24.34610955749301,declined
Birmingham,Birmingham_407000_286250,407000,286250,92.0,0.11538461538461539,0.7455134001124886,3191350.0,18000.0,52.0,94.0,0.06060606060606061,0.8255864865825787,2466475.0,16875.0,33.0,2.0,2.1739130434782608,-5.477855477855479,0.08007308647009015,-724875.0,-22.713741833393392,intensified
Birmingham,Birmingham_407000_286500,407000,286500,314.0,0.08284023668639054,0.5009269492225394,34571958.0,88000.0,169.0,232.0,0.05,0.5314160156273691,25161925.0,70500.0,120.0,-82.0,-26.11464968152866,-3.284023668639054,0.030489066404829623,-9410033.0,-27.218686890687533,declined
Birmingham,Birmingham_407000_286750,407000,286750,184.0,0.17647058823529413,0.7858876624438204,19662401.0,70000.0,85.0,138.0,0.08163265306122448,0.8044422862698695,13567401.0,53500.0,49.0,-46.0,-25.0,-9.483793517406964,0.01855462382604911,-6095000.0,-30.998248891373947,declined
Birmingham,Birmingham_407000_287000,407000,287000,121.0,0.1111111111111111,0.41434702873297663,4477695.0,19250.0,63.0,102.0,0.0,0.4673200476011003,2901605.0,20125.0,31.0,-19.0,-15.702479338842975,-11.11111111111111,0.05297301886812367,-1576090.0,-35.19869039762646,declined
Birmingham,Birmingham_407000_287250,407000,287250,14.0,0.0,0.5195798391305154,149500.0,6600.0,6.0,12.0,0.5,0.6791932659915256,145500.0,7400.0,2.0,-2.0,-14.285714285714285,50.0,0.1596134268610102,-4000.0,-2.6755852842809364,declined
Birmingham,Birmingham_407000_287500,407000,287500,6.0,0.0,0.6365141682948128,43035.0,5950.0,3.0,7.0,,0.5982695885852573,42610.0,5500.0,0.0,1.0,16.666666666666664,,-0.038244579709555526,-425.0,-0.9875682583943302,intensified
Birmingham,Birmingham_407000_287750,407000,287750,7.0,0.0,0.9556998911125343,77700.0,11250.0,4.0,9.0,0.0,0.8486855577264172,90150.0,10500.0,3.0,2.0,28.57142857142857,0.0,-0.1070143333861171,12450.0,16.023166023166024,intensified
Birmingham,Birmingham_407000_288000,407000,288000,17.0,0.3,0.9560443809671457,76020.0,2150.0,10.0,13.0,0.0,0.8305178252872478,71585.0,3650.0,8.0,-4.0,-23.52941176470588,-30.0,-0.1255265556798979,-4435.0,-5.83399105498553,declined
Birmingham,Birmingham_407000_288250,407000,288250,2.0,,0.6931471805599453,90000.0,90000.0,0.0,3.0,0.0,0.6365141682948128,134200.0,10500.0,2.0,1.0,50.0,,-0.05663301226513251,44200.0,49.111111111111114,intensified
Birmingham,Birmingham_407000_288500,407000,288500,2.0,0.0,-0.0,9400.0,4700.0,2.0,2.0,0.0,-0.0,16000.0,8000.0,2.0,0.0,0.0,0.0,0.0,6600.0,70.2127659574468,persistent
Birmingham,Birmingham_407000_288750,407000,288750,20.0,0.3333333333333333,0.39439769144744274,275850.0,5700.0,9.0,20.0,0.0,0.39439769144744274,380950.0,11125.0,14.0,0.0,0.0,-33.33333333333333,0.0,105100.0,38.10041689323908,persistent
Birmingham,Birmingham_407000_289000,407000,289000,2.0,,-0.0,1375.0,1375.0,0.0,1.0,,-0.0,1725.0,1725.0,0.0,-1.0,-50.0,,0.0,350.0,25.454545454545453,declined
Birmingham,Birmingham_407000_289250,407000,289250,7.0,0.0,-0.0,23600.0,2800.0,7.0,6.0,0.0,-0.0,49500.0,7850.0,4.0,-1.0,-14.285714285714285,0.0,0.0,25900.0,109.7457627118644,declined
Birmingham,Birmingham_407000_289500,407000,289500,1.0,0.0,-0.0,11000.0,11000.0,1.0,3.0,,-0.0,28650.0,6100.0,0.0,2.0,200.0,,0.0,17650.0,160.45454545454544,intensified
Birmingham,Birmingham_407000_289750,407000,289750,5.0,0.0,-0.0,20750.0,4400.0,2.0,3.0,0.0,-0.0,34250.0,17125.0,1.0,-2.0,-40.0,0.0,0.0,13500.0,65.06024096385542,declined
Birmingham,Birmingham_407000_290000,407000,290000,1.0,0.0,-0.0,3900.0,3900.0,1.0,1.0,0.0,-0.0,10250.0,10250.0,1.0,0.0,0.0,0.0,0.0,6350.0,162.82051282051282,persistent
Birmingham,Birmingham_407000_290750,407000,290750,1.0,1.0,-0.0,20250.0,20250.0,1.0,1.0,,-0.0,3500.0,3500.0,0.0,0.0,0.0,,0.0,-16750.0,-82.71604938271605,persistent
Birmingham,Birmingham_407000_291000,407000,291000,1.0,,-0.0,11500.0,11500.0,0.0,1.0,,-0.0,13500.0,13500.0,0.0,0.0,0.0,,0.0,2000.0,17.391304347826086,persistent
Birmingham,Birmingham_407000_291250,407000,291250,3.0,0.0,0.6365141682948128,16100.0,8050.0,2.0,0.0,,,,,,-3.0,-100.0,,,,,disappeared
Birmingham,Birmingham_407000_291500,407000,291500,1.0,0.0,-0.0,8300.0,8300.0,1.0,1.0,,-0.0,13500.0,13500.0,0.0,0.0,0.0,,0.0,5200.0,62.65060240963856,persistent
Birmingham,Birmingham_407000_291750,407000,291750,2.0,0.0,-0.0,8200.0,8200.0,1.0,1.0,0.0,-0.0,13250.0,13250.0,1.0,-1.0,-50.0,0.0,0.0,5050.0,61.58536585365854,declined
Birmingham,Birmingham_407000_292000,407000,292000,9.0,0.0,1.0608569471580214,192800.0,3500.0,4.0,5.0,0.0,0.9502705392332347,132150.0,5700.0,4.0,-4.0,-44.44444444444444,0.0,-0.11058640792478669,-60650.0,-31.45746887966805,declined
Birmingham,Birmingham_407000_292500,407000,292500,2.0,1.0,-0.0,60000.0,60000.0,1.0,1.0,,-0.0,53000.0,53000.0,0.0,-1.0,-50.0,,0.0,-7000.0,-11.666666666666666,declined
Birmingham,Birmingham_407000_292750,407000,292750,4.0,0.0,1.0397207708399179,9810.0,2600.0,2.0,3.0,0.0,0.6365141682948128,13175.0,3350.0,2.0,-1.0,-25.0,0.0,-0.4032066025451051,3365.0,34.30173292558614,declined
Birmingham,Birmingham_407000_293250,407000,293250,10.0,0.0,0.3250829733914482,38850.0,3875.0,6.0,10.0,0.0,0.3250829733914482,70300.0,6800.0,6.0,0.0,0.0,0.0,0.0,31450.0,80.95238095238095,persistent
Birmingham,Birmingham_407000_293500,407000,293500,1.0,0.0,-0.0,60000.0,60000.0,1.0,1.0,0.0,-0.0,43750.0,43750.0,1.0,0.0,0.0,0.0,0.0,-16250.0,-27.083333333333332,persistent
Birmingham,Birmingham_407000_293750,407000,293750,4.0,0.0,0.5623351446188083,12700.0,3225.0,3.0,4.0,0.0,0.5623351446188083,24800.0,6250.0,2.0,0.0,0.0,0.0,0.0,12100.0,95.2755905511811,persistent
Birmingham,Birmingham_407000_294000,407000,294000,1.0,,-0.0,6100.0,6100.0,0.0,1.0,0.0,-0.0,23750.0,23750.0,1.0,0.0,0.0,,0.0,17650.0,289.344262295082,persistent
Birmingham,Birmingham_407000_294500,407000,294500,3.0,0.0,-0.0,8500.0,2650.0,2.0,3.0,0.0,-0.0,13000.0,4100.0,2.0,0.0,0.0,0.0,0.0,4500.0,52.94117647058824,persistent
Birmingham,Birmingham_407000_294750,407000,294750,6.0,0.0,0.8675632284814612,46880.0,6200.0,3.0,4.0,0.3333333333333333,0.5623351446188083,46900.0,7750.0,3.0,-2.0,-33.33333333333333,33.33333333333333,-0.3052280838626529,20.0,0.042662116040955635,declined
Birmingham,Birmingham_407000_295750,407000,295750,7.0,0.0,-0.0,35300.0,4300.0,6.0,6.0,0.0,-0.0,85850.0,7500.0,5.0,-1.0,-14.285714285714285,0.0,0.0,50550.0,143.2011331444759,declined
Birmingham,Birmingham_407250_278500,407250,278500,1.0,0.0,-0.0,3550.0,3550.0,1.0,0.0,,,,,,-1.0,-100.0,,,,,disappeared
Birmingham,Birmingham_407250_278750,407250,278750,1.0,,-0.0,3900.0,3900.0,0.0,1.0,,-0.0,5700.0,5700.0,0.0,0.0,0.0,,0.0,1800.0,46.15384615384615,persistent
Birmingham,Birmingham_407250_280250,407250,280250,23.0,0.0,0.559834325921902,275250.0,4400.0,16.0,20.0,0.0,0.5875009311062073,347850.0,10275.0,8.0,-3.0,-13.043478260869565,0.0,0.027666605184305304,72600.0,26.376021798365123,declined
Birmingham,Birmingham_407250_280500,407250,280500,7.0,0.0,0.410116318288409,63450.0,4800.0,7.0,7.0,0.0,0.410116318288409,74650.0,9600.0,6.0,0.0,0.0,0.0,0.0,11200.0,17.65169424743893,persistent
Birmingham,Birmingham_407250_281000,407250,281000,1.0,0.0,-0.0,12750.0,12750.0,1.0,1.0,0.0,-0.0,14250.0,14250.0,1.0,0.0,0.0,0.0,0.0,1500.0,11.76470588235294,persistent
Birmingham,Birmingham_407250_281250,407250,281250,16.0,0.1,0.37677016125643675,695000.0,13250.0,10.0,14.0,0.0,0.509137344082687,648000.0,15750.0,7.0,-2.0,-12.5,-10.0,0.1323671828262502,-47000.0,-6.762589928057554,declined
Birmingham,Birmingham_407250_281500,407250,281500,44.0,0.038461538461538464,0.6368356377023034,1301550.0,24375.0,26.0,41.0,0.047619047619047616,0.8074088301105418,1142000.0,22500.0,21.0,-3.0,-6.8181818181818175,0.9157509157509153,0.17057319240823832,-159550.0,-12.258461065652492,declined
Birmingham,Birmingham_407250_281750,407250,281750,122.0,0.04838709677419355,0.646208697965579,3337800.0,15500.0,62.0,117.0,0.03508771929824561,0.6764472373996577,2941525.0,16750.0,57.0,-5.0,-4.098360655737705,-1.3299377475947936,0.030238539434078726,-396275.0,-11.872341062975613,declined
Birmingham,Birmingham_407250_282000,407250,282000,74.0,0.0,0.7813377741952763,1153200.0,9900.0,46.0,65.0,0.0,0.7371047925171174,1342950.0,10750.0,29.0,-9.0,-12.162162162162163,0.0,-0.04423298167815892,189750.0,16.454214360041625,declined
Birmingham,Birmingham_407250_283250,407250,283250,1.0,1.0,-0.0,1750.0,1750.0,1.0,1.0,,-0.0,2225.0,2225.0,0.0,0.0,0.0,,0.0,475.0,27.142857142857142,persistent
Birmingham,Birmingham_407250_284000,407250,284000,11.0,0.2857142857142857,0.47413931305783735,27225.0,4150.0,7.0,7.0,0.0,-0.0,50150.0,7600.0,4.0,-4.0,-36.36363636363637,-28.57142857142857,-0.47413931305783735,22925.0,84.20569329660239,declined
Birmingham,Birmingham_407250_284250,407250,284250,17.0,0.08333333333333333,0.22371807606583377,59885.0,2900.0,12.0,17.0,0.0,0.4437572842601484,96775.0,5200.0,13.0,0.0,0.0,-8.333333333333332,0.2200392081943146,36890.0,61.60140268848626,persistent
Birmingham,Birmingham_407250_285250,407250,285250,23.0,0.0,0.46203690946645704,94800.0,4450.0,14.0,18.0,0.0,0.6546695645285008,179000.0,8150.0,11.0,-5.0,-21.73913043478261,0.0,0.19263265506204374,84200.0,88.81856540084388,declined
Birmingham,Birmingham_407250_285500,407250,285500,19.0,0.09090909090909091,1.045978165699395,233675.0,8600.0,11.0,16.0,0.0,1.0433534269422904,217400.0,6700.0,4.0,-3.0,-15.789473684210526,-9.090909090909092,-0.002624738757104561,-16275.0,-6.964801540601262,declined
Birmingham,Birmingham_407250_285750,407250,285750,15.0,0.25,0.8823109245150755,44350.0,4500.0,8.0,20.0,0.1,0.8451132568429528,136150.0,6000.0,10.0,5.0,33.33333333333333,-15.0,-0.037197667672122736,91800.0,206.98985343855693,intensified
Birmingham,Birmingham_407250_286000,407250,286000,13.0,0.14285714285714285,0.7902679680745903,80940.0,4800.0,7.0,10.0,0.0,0.5004024235381879,108130.0,8200.0,5.0,-3.0,-23.076923076923077,-14.285714285714285,-0.28986554453640245,27190.0,33.592784778848525,declined
Birmingham,Birmingham_407250_286250,407250,286250,237.0,0.1,0.07594438014432091,1103068.0,3400.0,110.0,172.0,0.0,0.0990108885395036,1315213.0,5000.0,101.0,-65.0,-27.42616033755274,-10.0,0.02306650839518269,212145.0,19.23226854554751,declined
Birmingham,Birmingham_407250_286500,407250,286500,58.0,0.12,0.9392508347607454,9916500.0,104000.0,25.0,42.0,0.16666666666666666,0.824948166730584,5601150.0,82500.0,12.0,-16.0,-27.586206896551722,4.666666666666666,-0.11430266803016143,-4315350.0,-43.51686582967781,declined
Birmingham,Birmingham_407250_286750,407250,286750,101.0,0.7592592592592593,0.5987513134888123,3996850.0,1000.0,54.0,37.0,0.0,0.8864614501334259,4056500.0,20250.0,9.0,-64.0,-63.366336633663366,-75.92592592592592,0.28771013664461365,59650.0,1.492425284911868,declined
Birmingham,Birmingham_407250_287000,407250,287000,96.0,0.15384615384615385,0.6964201725173671,2556710.0,17250.0,39.0,84.0,0.0,0.7813759077185234,2129490.0,14625.0,17.0,-12.0,-12.5,-15.384615384615385,0.08495573520115629,-427220.0,-16.709755897227296,declined
Birmingham,Birmingham_407250_287250,407250,287250,42.0,0.21212121212121213,0.7322261769722849,500425.0,10500.0,33.0,35.0,0.0,0.7056865701326933,487715.0,13000.0,2.0,-7.0,-16.666666666666664,-21.21212121212121,-0.026539606839591556,-12710.0,-2.5398411350352204,declined
Birmingham,Birmingham_407250_287500,407250,287500,4.0,0.0,0.5623351446188083,27500.0,27500.0,1.0,1.0,,-0.0,13250.0,13250.0,0.0,-3.0,-75.0,,-0.5623351446188083,-14250.0,-51.81818181818182,declined
Birmingham,Birmingham_407250_287750,407250,287750,2.0,1.0,0.6931471805599453,51750.0,25875.0,2.0,4.0,0.0,1.0397207708399179,99750.0,17750.0,2.0,2.0,100.0,-100.0,0.3465735902799726,48000.0,92.7536231884058,intensified
Birmingham,Birmingham_407250_288000,407250,288000,4.0,0.0,1.0397207708399179,596975.0,298487.5,1.0,3.0,0.0,0.6365141682948128,413550.0,206775.0,2.0,-1.0,-25.0,0.0,-0.4032066025451051,-183425.0,-30.725742284015244,declined
Birmingham,Birmingham_407250_288250,407250,288250,1.0,,-0.0,,,0.0,0.0,,,,,,-1.0,-100.0,,,,,disappeared
Birmingham,Birmingham_407250_288500,407250,288500,9.0,0.25,-0.0,1050000.0,24250.0,4.0,9.0,0.14285714285714285,0.34883209584303193,761800.0,30250.0,7.0,0.0,0.0,-10.714285714285715,0.34883209584303193,-288200.0,-27.44761904761905,persistent
Birmingham,Birmingham_407250_288750,407250,288750,2.0,0.0,0.6931471805599453,42350.0,21175.0,2.0,2.0,0.0,0.6931471805599453,44500.0,22250.0,1.0,0.0,0.0,0.0,0.0,2150.0,5.076741440377805,persistent
Birmingham,Birmingham_407250_289000,407250,289000,1.0,0.0,-0.0,9000.0,9000.0,1.0,0.0,,,,,,-1.0,-100.0,,,,,disappeared
Birmingham,Birmingham_407250_289250,407250,289250,2.0,0.0,-0.0,6500.0,6500.0,1.0,1.0,0.0,-0.0,16500.0,16500.0,1.0,-1.0,-50.0,0.0,0.0,10000.0,153.84615384615387,declined
Birmingham,Birmingham_407250_289500,407250,289500,8.0,0.0,-0.0,33250.0,3700.0,6.0,7.0,0.0,-0.0,58550.0,7000.0,7.0,-1.0,-12.5,0.0,0.0,25300.0,76.09022556390977,declined
Birmingham,Birmingham_407250_289750,407250,289750,30.0,0.0,0.1461447460085638,100850.0,4250.0,19.0,24.0,0.0,0.1732052067491771,227525.0,9875.0,18.0,-6.0,-20.0,0.0,0.0270604607406133,126675.0,125.60733763014377,declined
Birmingham,Birmingham_407250_290000,407250,290000,10.0,0.0,-0.0,40675.0,4675.0,4.0,11.0,0.0,-0.0,156500.0,13500.0,10.0,1.0,10.0,0.0,0.0,115825.0,284.75722188076213,intensified
Birmingham,Birmingham_407250_290250,407250,290250,6.0,0.0,-0.0,21100.0,2487.5,6.0,15.0,0.0,-0.0,100950.0,5700.0,4.0,9.0,150.0,0.0,0.0,79850.0,378.43601895734594,intensified
Birmingham,Birmingham_407250_290500,407250,290500,5.0,0.0,0.5004024235381879,12000.0,2425.0,3.0,4.0,0.0,-0.0,26150.0,5250.0,1.0,-1.0,-20.0,0.0,-0.5004024235381879,14150.0,117.91666666666667,declined
Birmingham,Birmingham_407250_291250,407250,291250,1.0,0.0,-0.0,7000.0,7000.0,1.0,0.0,,,,,,-1.0,-100.0,,,,,disappeared
Birmingham,Birmingham_407250_292000,407250,292000,1.0,,-0.0,610000.0,610000.0,0.0,3.0,0.0,0.6365141682948128,411000.0,205500.0,1.0,2.0,200.0,,0.6365141682948128,-199000.0,-32.622950819672134,intensified
Birmingham,Birmingham_407250_292250,407250,292250,2.0,0.0,-0.0,5400.0,2700.0,2.0,2.0,0.0,-0.0,12200.0,6100.0,2.0,0.0,0.0,0.0,0.0,6800.0,125.92592592592592,persistent
Birmingham,Birmingham_407250_292500,407250,292500,4.0,0.3333333333333333,0.5623351446188083,195200.0,65000.0,3.0,3.0,,-0.0,153000.0,153000.0,0.0,-1.0,-25.0,,-0.5623351446188083,-42200.0,-21.618852459016395,declined
Birmingham,Birmingham_407250_292750,407250,292750,3.0,0.0,-0.0,7800.0,2550.0,2.0,3.0,0.0,-0.0,13250.0,4350.0,3.0,0.0,0.0,0.0,0.0,5450.0,69.87179487179486,persistent
Birmingham,Birmingham_407250_293000,407250,293000,3.0,0.0,0.6365141682948128,7390.0,3350.0,2.0,3.0,0.0,0.6365141682948128,12530.0,5700.0,1.0,0.0,0.0,0.0,0.0,5140.0,69.55345060893099,persistent
Birmingham,Birmingham_407250_293250,407250,293250,3.0,0.0,-0.0,12250.0,3900.0,2.0,3.0,,-0.0,23100.0,7700.0,0.0,0.0,0.0,,0.0,10850.0,88.57142857142857,persistent
Birmingham,Birmingham_407250_293500,407250,293500,3.0,,-0.0,6975.0,3487.5,0.0,2.0,0.0,-0.0,14400.0,7200.0,1.0,-1.0,-33.33333333333333,,0.0,7425.0,106.4516129032258,declined
Birmingham,Birmingham_407250_294000,407250,294000,1.0,,-0.0,30000.0,30000.0,0.0,1.0,,-0.0,7000.0,7000.0,0.0,0.0,0.0,,0.0,-23000.0,-76.66666666666667,persistent
Birmingham,Birmingham_407250_295000,407250,295000,1.0,0.0,-0.0,4950.0,4950.0,1.0,1.0,0.0,-0.0,7500.0,7500.0,1.0,0.0,0.0,0.0,0.0,2550.0,51.515151515151516,persistent
Birmingham,Birmingham_407250_295500,407250,295500,12.0,0.0,0.8239592165010823,39575.0,2850.0,9.0,10.0,0.0,0.8018185525433372,82550.0,6750.0,5.0,-2.0,-16.666666666666664,0.0,-0.022140663957745055,42975.0,108.5912823752369,declined
Birmingham,Birmingham_407250_295750,407250,295750,1.0,0.0,-0.0,53000.0,53000.0,1.0,1.0,0.0,-0.0,37000.0,37000.0,1.0,0.0,0.0,0.0,0.0,-16000.0,-30.18867924528302,persistent
Birmingham,Birmingham_407500_278750,407500,278750,9.0,0.0,-0.0,26750.0,3450.0,4.0,5.0,0.0,-0.0,41550.0,5300.0,2.0,-4.0,-44.44444444444444,0.0,0.0,14800.0,55.32710280373831,declined
Birmingham,Birmingham_407500_279500,407500,279500,1.0,0.0,-0.0,1000.0,1000.0,1.0,1.0,0.0,-0.0,2600.0,2600.0,1.0,0.0,0.0,0.0,0.0,1600.0,160.0,persistent
Birmingham,Birmingham_407500_280250,407500,280250,1.0,0.0,-0.0,2550.0,2550.0,1.0,1.0,,-0.0,3850.0,3850.0,0.0,0.0,0.0,,0.0,1300.0,50.98039215686274,persistent
Birmingham,Birmingham_407500_281000,407500,281000,3.0,0.0,-0.0,21900.0,3800.0,2.0,1.0,,-0.0,16750.0,16750.0,0.0,-2.0,-66.66666666666666,,0.0,-5150.0,-23.515981735159816,declined
Birmingham,Birmingham_407500_281250,407500,281250,3.0,0.5,-0.0,39750.0,9900.0,2.0,4.0,0.0,-0.0,43000.0,11000.0,1.0,1.0,33.33333333333333,-50.0,0.0,3250.0,8.176100628930817,intensified
Birmingham,Birmingham_407500_281500,407500,281500,5.0,0.5,0.5004024235381879,21850.0,4550.0,4.0,4.0,0.0,1.0397207708399179,28750.0,9900.0,3.0,-1.0,-20.0,-50.0,0.53931834730173,6900.0,31.57894736842105,declined
Birmingham,Birmingham_407500_281750,407500,281750,20.0,0.08333333333333333,0.1985152433458726,142125.0,8100.0,12.0,16.0,0.1,0.37677016125643675,164275.0,7950.0,10.0,-4.0,-20.0,1.6666666666666676,0.17825491791056416,22150.0,15.584872471416006,declined
Birmingham,Birmingham_407500_282000,407500,282000,10.0,0.0,0.639031859650177,44325.0,4250.0,8.0,9.0,0.0,0.6837389058487535,75500.0,9650.0,3.0,-1.0,-10.0,0.0,0.04470704619857657,31175.0,70.3327693175409,declined
Birmingham,Birmingham_407500_282250,407500,282250,1.0,0.0,-0.0,3200.0,3200.0,1.0,2.0,1.0,-0.0,23250.0,11625.0,1.0,1.0,100.0,100.0,0.0,20050.0,626.5625,intensified
Birmingham,Birmingham_407500_282750,407500,282750,4.0,0.0,0.6931471805599453,87100.0,10500.0,2.0,3.0,0.0,0.6365141682948128,77300.0,10000.0,1.0,-1.0,-25.0,0.0,-0.05663301226513251,-9800.0,-11.251435132032148,declined
Birmingham,Birmingham_407500_283000,407500,283000,39.0,0.0,0.7748630698702919,646250.0,13750.0,18.0,37.0,0.0,0.8136815193565088,689700.0,15125.0,16.0,-2.0,-5.128205128205128,0.0,0.03881844948621693,43450.0,6.723404255319148,declined
Birmingham,Birmingham_407500_283250,407500,283250,19.0,0.0,0.8539446982794194,345850.0,7100.0,11.0,18.0,0.0,0.7298429194806347,481000.0,12250.0,8.0,-1.0,-5.263157894736842,0.0,-0.1241017787987847,135150.0,39.077634812780104,declined
Birmingham,Birmingham_407500_283500,407500,283500,5.0,0.0,0.6730116670092565,131950.0,5100.0,3.0,3.0,0.0,0.6365141682948128,126000.0,15500.0,1.0,-2.0,-40.0,0.0,-0.036497498714443743,-5950.0,-4.509283819628647,declined
Birmingham,Birmingham_407500_283750,407500,283750,1.0,0.0,-0.0,2275.0,2275.0,1.0,1.0,0.0,-0.0,7000.0,7000.0,1.0,0.0,0.0,0.0,0.0,4725.0,207.6923076923077,persistent
Birmingham,Birmingham_407500_284000,407500,284000,5.0,0.5,0.5004024235381879,15050.0,775.0,4.0,2.0,1.0,0.6931471805599453,18150.0,9075.0,1.0,-3.0,-60.0,50.0,0.19274475702175742,3100.0,20.59800664451827,declined
Birmingham,Birmingham_407500_284250,407500,284250,3.0,0.0,0.6365141682948128,17700.0,4550.0,2.0,3.0,0.0,0.6365141682948128,19400.0,8200.0,2.0,0.0,0.0,0.0,0.0,1700.0,9.6045197740113,persistent
Birmingham,Birmingham_407500_284500,407500,284500,1.0,,-0.0,8400.0,8400.0,0.0,1.0,0.0,-0.0,18000.0,18000.0,1.0,0.0,0.0,,0.0,9600.0,114.28571428571428,persistent
Birmingham,Birmingham_407500_285000,407500,285000,2.0,0.0,0.6931471805599453,14400.0,7200.0,2.0,3.0,,0.6365141682948128,43450.0,8500.0,0.0,1.0,50.0,,-0.05663301226513251,29050.0,201.73611111111111,intensified
Birmingham,Birmingham_407500_285250,407500,285250,8.0,0.0,0.37677016125643675,23300.0,3950.0,5.0,7.0,0.0,-0.0,45900.0,7800.0,5.0,-1.0,-12.5,0.0,-0.37677016125643675,22600.0,96.99570815450643,declined
Birmingham,Birmingham_407500_285500,407500,285500,5.0,0.0,0.5004024235381879,18700.0,2450.0,3.0,11.0,0.0,0.9347698978582794,60300.0,6000.0,4.0,6.0,120.0,0.0,0.4343674743200915,41600.0,222.45989304812835,intensified
Birmingham,Birmingham_407500_285750,407500,285750,4.0,0.0,0.6931471805599453,38800.0,8600.0,2.0,5.0,0.0,0.6730116670092565,48600.0,8200.0,1.0,1.0,25.0,0.0,-0.020135513550688766,9800.0,25.257731958762886,intensified
Birmingham,Birmingham_407500_286000,407500,286000,5.0,0.5,0.9502705392332347,60600.0,6600.0,2.0,7.0,0.0,0.7963116401738131,105350.0,10000.0,4.0,2.0,40.0,-50.0,-0.15395889905942162,44750.0,73.84488448844884,intensified
Birmingham,Birmingham_407500_286250,407500,286250,38.0,0.11764705882352941,0.8246593237664703,384100.0,9350.0,17.0,31.0,0.0,0.7336648693813445,437750.0,12000.0,15.0,-7.0,-18.421052631578945,-11.76470588235294,-0.09099445438512588,53650.0,13.967716740432179,declined
Birmingham,Birmingham_407500_286500,407500,286500,10.0,0.3333333333333333,-0.0,74800.0,9275.0,3.0,15.0,0.0,0.5004024235381879,302600.0,16750.0,3.0,5.0,50.0,-33.33333333333333,0.5004024235381879,227800.0,304.54545454545456,intensified
Birmingham,Birmingham_407500_286750,407500,286750,10.0,0.25,0.6931471805599453,54750.0,7150.0,4.0,7.0,1.0,0.410116318288409,99450.0,13550.0,1.0,-3.0,-30.0,75.0,-0.2830308622715363,44700.0,81.64383561643835,declined
Birmingham,Birmingham_407500_287000,407500,287000,10.0,0.0,-0.0,162950.0,18125.0,5.0,15.0,0.0,0.48509409130221154,407500.0,24250.0,1.0,5.0,50.0,0.0,0.48509409130221154,244550.0,150.07671064743786,intensified
Birmingham,Birmingham_407500_287500,407500,287500,15.0,0.5,0.39267446722755217,127750.0,33375.0,4.0,8.0,0.0,0.9002560512685369,188500.0,18000.0,4.0,-7.0,-46.666666666666664,-50.0,0.5075815840409847,60750.0,47.55381604696673,declined
Birmingham,Birmingham_407500_287750,407500,287750,1.0,,-0.0,74000.0,74000.0,0.0,2.0,0.0,0.6931471805599453,144000.0,72000.0,1.0,1.0,100.0,,0.6931471805599453,70000.0,94.5945945945946,intensified
Birmingham,Birmingham_407500_288000,407500,288000,1.0,0.0,-0.0,3500.0,3500.0,1.0,1.0,0.0,-0.0,6800.0,6800.0,1.0,0.0,0.0,0.0,0.0,3300.0,94.28571428571428,persistent
Birmingham,Birmingham_407500_288500,407500,288500,27.0,0.09090909090909091,-0.0,94150.0,2437.5,11.0,32.0,0.0,-0.0,120275.0,2775.0,15.0,5.0,18.51851851851852,-9.090909090909092,0.0,26125.0,27.748274030801912,intensified
Birmingham,Birmingham_407500_288750,407500,288750,2.0,0.0,-0.0,4350.0,4350.0,1.0,1.0,0.0,-0.0,12000.0,12000.0,1.0,-1.0,-50.0,0.0,0.0,7650.0,175.86206896551724,declined
Birmingham,Birmingham_407500_289250,407500,289250,3.0,0.0,-0.0,14050.0,3550.0,3.0,3.0,0.0,-0.0,35600.0,8900.0,2.0,0.0,0.0,0.0,0.0,21550.0,153.38078291814946,persistent
Birmingham,Birmingham_407500_289500,407500,289500,5.0,0.0,-0.0,10100.0,2650.0,4.0,5.0,0.0,-0.0,26850.0,4300.0,3.0,0.0,0.0,0.0,0.0,16750.0,165.84158415841583,persistent
Birmingham,Birmingham_407500_289750,407500,289750,3.0,0.0,-0.0,11900.0,5950.0,2.0,2.0,,-0.0,24550.0,12275.0,0.0,-1.0,-33.33333333333333,,0.0,12650.0,106.30252100840336,declined
Birmingham,Birmingham_407500_290000,407500,290000,40.0,0.06666666666666667,0.23317260237386989,181975.0,3750.0,30.0,42.0,0.0,-0.0,430925.0,8050.0,25.0,2.0,5.0,-6.666666666666667,-0.23317260237386989,248950.0,136.80450611347712,intensified
Birmingham,Birmingham_407500_290250,407500,290250,12.0,0.1111111111111111,0.45056120886630463,39525.0,3850.0,9.0,11.0,0.14285714285714285,-0.0,105750.0,8900.0,7.0,-1.0,-8.333333333333332,3.1746031746031744,-0.45056120886630463,66225.0,167.55218216318787,declined
Birmingham,Birmingham_407500_290500,407500,290500,6.0,0.0,-0.0,13610.0,2037.5,5.0,6.0,0.0,-0.0,29475.0,4425.0,4.0,0.0,0.0,0.0,0.0,15865.0,116.5686994856723,persistent
Birmingham,Birmingham_407500_292500,407500,292500,1.0,0.0,-0.0,11000.0,11000.0,1.0,1.0,,-0.0,12750.0,12750.0,0.0,0.0,0.0,,0.0,1750.0,15.909090909090908,persistent
Birmingham,Birmingham_407500_293000,407500,293000,14.0,0.375,0.509137344082687,134300.0,4750.0,8.0,11.0,0.0,0.30463609734923813,110000.0,8100.0,7.0,-3.0,-21.428571428571427,-37.5,-0.20450124673344883,-24300.0,-18.093819806403573,declined
Birmingham,Birmingham_407500_295000,407500,295000,5.0,0.0,-0.0,17550.0,3800.0,3.0,5.0,0.0,-0.0,23100.0,5000.0,3.0,0.0,0.0,0.0,0.0,5550.0,31.62393162393162,persistent
Birmingham,Birmingham_407750_278250,407750,278250,3.0,0.0,0.6365141682948128,1805100.0,902550.0,2.0,1.0,0.0,-0.0,1420000.0,1420000.0,1.0,-2.0,-66.66666666666666,0.0,-0.6365141682948128,-385100.0,-21.33399811644784,declined
Birmingham,Birmingham_407750_278500,407750,278500,23.0,0.0,0.7400116657311008,372325.0,7100.0,11.0,26.0,0.0,0.5359610497090694,656550.0,14125.0,15.0,3.0,13.043478260869565,0.0,-0.20405061602203134,284225.0,76.33787685489828,intensified
Birmingham,Birmingham_407750_278750,407750,278750,1.0,0.0,-0.0,10000.0,10000.0,1.0,1.0,0.0,-0.0,14750.0,14750.0,1.0,0.0,0.0,0.0,0.0,4750.0,47.5,persistent
Birmingham,Birmingham_407750_279000,407750,279000,11.0,0.0,0.47413931305783735,76250.0,6150.0,6.0,12.0,0.0,0.7214636866925115,117200.0,8500.0,7.0,1.0,9.090909090909092,0.0,0.24732437363467413,40950.0,53.704918032786885,intensified
Birmingham,Birmingham_407750_279250,407750,279250,13.0,0.0,-0.0,53400.0,5700.0,7.0,9.0,0.0,-0.0,83650.0,8300.0,6.0,-4.0,-30.76923076923077,0.0,0.0,30250.0,56.647940074906366,declined
Birmingham,Birmingham_407750_279500,407750,279500,1.0,0.0,-0.0,36500.0,36500.0,1.0,1.0,,-0.0,8800.0,8800.0,0.0,0.0,0.0,,0.0,-27700.0,-75.89041095890411,persistent
Birmingham,Birmingham_407750_281250,407750,281250,2.0,0.0,-0.0,5250.0,2625.0,1.0,2.0,0.0,-0.0,6300.0,3150.0,2.0,0.0,0.0,0.0,0.0,1050.0,20.0,persistent
Birmingham,Birmingham_407750_281750,407750,281750,2.0,0.0,-0.0,2900.0,2900.0,1.0,1.0,0.0,-0.0,5700.0,5700.0,1.0,-1.0,-50.0,0.0,0.0,2800.0,96.55172413793103,declined
Birmingham,Birmingham_407750_283000,407750,283000,45.0,0.1,0.6306156282838766,586600.0,8200.0,30.0,46.0,0.0,0.648791269581887,1003600.0,12250.0,19.0,1.0,2.2222222222222223,-10.0,0.018175641298010414,417000.0,71.08762359359018,intensified
Birmingham,Birmingham_407750_283250,407750,283250,23.0,0.3076923076923077,0.5739644913933235,178400.0,5400.0,13.0,19.0,0.1111111111111111,0.6581099875431143,226950.0,10250.0,9.0,-4.0,-17.391304347826086,-19.65811965811966,0.08414549614979083,48550.0,27.214125560538115,declined
Birmingham,Birmingham_407750_283750,407750,283750,2.0,,0.6931471805599453,8800.0,4400.0,0.0,2.0,0.0,0.6931471805599453,18150.0,9075.0,2.0,0.0,0.0,,0.0,9350.0,106.25,persistent
Birmingham,Birmingham_407750_284000,407750,284000,25.0,0.058823529411764705,0.958944995575212,444360.0,6300.0,17.0,23.0,0.0,1.0014223119682,623650.0,10500.0,13.0,-2.0,-8.0,-5.88235294117647,0.04247731639298802,179290.0,40.34791610405977,declined
Birmingham,Birmingham_407750_284250,407750,284250,33.0,0.0,0.8070560675328702,150700.0,5800.0,14.0,25.0,0.0,0.8622684782952406,310650.0,10000.0,10.0,-8.0,-24.242424242424242,0.0,0.05521241076237038,159950.0,106.13802256138023,declined
Birmingham,Birmingham_407750_284500,407750,284500,25.0,0.07692307692307693,0.6004829082458254,286150.0,4900.0,13.0,28.0,0.09090909090909091,0.558577924073418,402000.0,8500.0,11.0,3.0,12.0,1.3986013986013983,-0.0419049841724074,115850.0,40.48575921719378,intensified
Birmingham,Birmingham_407750_284750,407750,284750,5.0,0.0,0.9502705392332347,117250.0,19375.0,3.0,4.0,0.0,1.0397207708399179,148250.0,26625.0,1.0,-1.0,-20.0,0.0,0.0894502316066832,31000.0,26.439232409381663,declined
Birmingham,Birmingham_407750_285000,407750,285000,2.0,1.0,-0.0,635000.0,317500.0,1.0,2.0,0.0,-0.0,466500.0,233250.0,2.0,0.0,0.0,-100.0,0.0,-168500.0,-26.535433070866144,persistent
Birmingham,Birmingham_407750_285250,407750,285250,5.0,0.0,0.6730116670092565,62300.0,5100.0,1.0,5.0,0.0,0.9502705392332347,184650.0,11000.0,1.0,0.0,0.0,0.0,0.27725887222397816,122350.0,196.3884430176565,persistent
Birmingham,Birmingham_407750_285500,407750,285500,2.0,,0.6931471805599453,10250.0,10250.0,0.0,1.0,0.0,-0.0,13250.0,13250.0,1.0,-1.0,-50.0,,-0.6931471805599453,3000.0,29.268292682926827,declined
Birmingham,Birmingham_407750_285750,407750,285750,6.0,0.0,0.6931471805599453,36550.0,9050.0,3.0,4.0,0.0,1.0397207708399179,34250.0,6000.0,2.0,-2.0,-33.33333333333333,0.0,0.3465735902799726,-2300.0,-6.292749658002736,declined
Birmingham,Birmingham_407750_286000,407750,286000,6.0,0.25,0.6365141682948128,116350.0,17000.0,4.0,5.0,0.0,0.6730116670092565,58300.0,9200.0,1.0,-1.0,-16.666666666666664,-25.0,0.036497498714443743,-58050.0,-49.892565535023635,declined
Birmingham,Birmingham_407750_286250,407750,286250,68.0,0.1388888888888889,0.2984358127031066,291890.0,4050.0,36.0,45.0,0.06666666666666667,0.24493002679463532,668700.0,12500.0,15.0,-23.0,-33.82352941176471,-7.222222222222223,-0.05350578590847127,376810.0,129.09315152968583,declined
Birmingham,Birmingham_407750_286500,407750,286500,6.0,0.2,0.45056120886630463,17550.0,4050.0,5.0,9.0,0.0,0.34883209584303193,147850.0,9500.0,1.0,3.0,50.0,-20.0,-0.1017291130232727,130300.0,742.4501424501425,intensified
Birmingham,Birmingham_407750_286750,407750,286750,6.0,0.0,0.6931471805599453,81250.0,8600.0,2.0,4.0,0.0,0.5623351446188083,74300.0,15875.0,2.0,-2.0,-33.33333333333333,0.0,-0.130812035941137,-6950.0,-8.553846153846154,declined
Birmingham,Birmingham_407750_287000,407750,287000,2.0,0.0,-0.0,15800.0,7900.0,1.0,2.0,,-0.0,24000.0,12000.0,0.0,0.0,0.0,,0.0,8200.0,51.89873417721519,persistent
Birmingham,Birmingham_407750_287500,407750,287500,2.0,1.0,-0.0,20000.0,20000.0,1.0,1.0,,-0.0,,,0.0,-1.0,-50.0,,0.0,,,declined
Birmingham,Birmingham_407750_287750,407750,287750,1.0,,-0.0,15500.0,15500.0,0.0,1.0,,-0.0,20500.0,20500.0,0.0,0.0,0.0,,0.0,5000.0,32.25806451612903,persistent
Birmingham,Birmingham_407750_288250,407750,288250,20.0,0.0,0.1985152433458726,27905.0,1100.0,15.0,16.0,0.0,-0.0,31500.0,1175.0,5.0,-4.0,-20.0,0.0,-0.1985152433458726,3595.0,12.882995878874754,declined
Birmingham,Birmingham_407750_288500,407750,288500,2.0,0.0,0.6931471805599453,42500.0,21250.0,1.0,2.0,0.0,0.6931471805599453,51500.0,25750.0,2.0,0.0,0.0,0.0,0.0,9000.0,21.176470588235293,persistent
Birmingham,Birmingham_407750_289250,407750,289250,1.0,0.0,-0.0,14000.0,14000.0,1.0,1.0,,-0.0,18000.0,18000.0,0.0,0.0,0.0,,0.0,4000.0,28.57142857142857,persistent
Birmingham,Birmingham_407750_290250,407750,290250,17.0,0.0,0.22371807606583377,75050.0,4175.0,9.0,16.0,0.0,-0.0,156950.0,8600.0,12.0,-1.0,-5.88235294117647,0.0,-0.22371807606583377,81900.0,109.12724850099933,declined
Birmingham,Birmingham_407750_290500,407750,290500,14.0,0.0,0.8953326659680909,1785950.0,4700.0,9.0,12.0,0.0,0.8369882167858358,1469750.0,11375.0,8.0,-2.0,-14.285714285714285,0.0,-0.05834444918225512,-316200.0,-17.70486295808953,declined
Birmingham,Birmingham_407750_292000,407750,292000,1.0,,-0.0,5300.0,5300.0,0.0,1.0,0.0,-0.0,5900.0,5900.0,1.0,0.0,0.0,,0.0,600.0,11.320754716981133,persistent
Birmingham,Birmingham_407750_293250,407750,293250,1.0,0.0,-0.0,4850.0,4850.0,1.0,1.0,,-0.0,6300.0,6300.0,0.0,0.0,0.0,,0.0,1450.0,29.896907216494846,persistent
Birmingham,Birmingham_407750_293500,407750,293500,39.0,0.0,0.4373186586104318,386125.0,11000.0,21.0,36.0,0.0,0.42584844923858145,494150.0,12500.0,18.0,-3.0,-7.6923076923076925,0.0,-0.011470209371850337,108025.0,27.97669148591777,declined
Birmingham,Birmingham_407750_293750,407750,293750,20.0,0.0,0.6128694524619495,184600.0,8050.0,13.0,22.0,0.0,0.5763820666248933,282300.0,12000.0,12.0,2.0,10.0,0.0,-0.03648738583705613,97700.0,52.92524377031419,intensified
Birmingham,Birmingham_407750_294000,407750,294000,11.0,0.0,0.7595473914748635,38800.0,3775.0,5.0,10.0,0.0,0.639031859650177,58050.0,5100.0,6.0,-1.0,-9.090909090909092,0.0,-0.12051553182468655,19250.0,49.61340206185567,declined
Birmingham,Birmingham_407750_294250,407750,294250,5.0,0.3333333333333333,-0.0,27325.0,4350.0,3.0,4.0,0.0,-0.0,18800.0,5025.0,2.0,-1.0,-20.0,-33.33333333333333,0.0,-8525.0,-31.19853613906679,declined
Birmingham,Birmingham_407750_294500,407750,294500,1.0,0.0,-0.0,6400.0,6400.0,1.0,1.0,0.0,-0.0,7600.0,7600.0,1.0,0.0,0.0,0.0,0.0,1200.0,18.75,persistent
Birmingham,Birmingham_407750_294750,407750,294750,15.0,0.14285714285714285,0.5799151714181009,174850.0,10500.0,7.0,13.0,0.0,0.5402041423888608,189950.0,10750.0,11.0,-2.0,-13.333333333333334,-14.285714285714285,-0.039711029029240064,15100.0,8.635973691735774,declined
Birmingham,Birmingham_407750_295000,407750,295000,39.0,0.1,0.4017726493509475,552550.0,14000.0,30.0,36.0,0.0,0.33987883041406175,98650.0,5700.0,7.0,-3.0,-7.6923076923076925,-10.0,-0.061893818936885725,-453900.0,-82.14641208940367,declined
Birmingham,Birmingham_407750_295250,407750,295250,3.0,0.0,-0.0,10650.0,3900.0,3.0,3.0,0.0,-0.0,15300.0,4550.0,2.0,0.0,0.0,0.0,0.0,4650.0,43.66197183098591,persistent
Birmingham,Birmingham_407750_295500,407750,295500,4.0,0.0,0.5623351446188083,25700.0,3925.0,3.0,4.0,0.0,0.5623351446188083,21200.0,4850.0,1.0,0.0,0.0,0.0,0.0,-4500.0,-17.509727626459142,persistent
Birmingham,Birmingham_408000_282000,408000,282000,2.0,0.5,-0.0,10600.0,5300.0,2.0,3.0,0.0,-0.0,44500.0,13250.0,2.0,1.0,50.0,-50.0,0.0,33900.0,319.811320754717,intensified
Birmingham,Birmingham_408000_282250,408000,282250,1.0,0.0,-0.0,3200.0,3200.0,1.0,1.0,,-0.0,8000.0,8000.0,0.0,0.0,0.0,,0.0,4800.0,150.0,persistent
Birmingham,Birmingham_408000_283000,408000,283000,1.0,0.0,-0.0,11500.0,11500.0,1.0,1.0,,-0.0,13500.0,13500.0,0.0,0.0,0.0,,0.0,2000.0,17.391304347826086,persistent
Birmingham,Birmingham_408000_283250,408000,283250,1.0,,-0.0,,,0.0,0.0,,,,,,-1.0,-100.0,,,,,disappeared
Birmingham,Birmingham_408000_283500,408000,283500,2.0,0.0,-0.0,16600.0,8300.0,1.0,2.0,0.0,-0.0,21300.0,10650.0,2.0,0.0,0.0,0.0,0.0,4700.0,28.313253012048197,persistent
Birmingham,Birmingham_408000_284000,408000,284000,8.0,0.16666666666666666,0.9002560512685369,75800.0,3850.0,6.0,6.0,0.0,0.45056120886630463,47000.0,7500.0,2.0,-2.0,-25.0,-16.666666666666664,-0.4496948424022323,-28800.0,-37.994722955145114,declined
Birmingham,Birmingham_408000_284250,408000,284250,8.0,0.0,0.37677016125643675,33950.0,8150.0,4.0,4.0,0.0,-0.0,38900.0,7950.0,2.0,-4.0,-50.0,0.0,-0.37677016125643675,4950.0,14.580265095729015,declined
Birmingham,Birmingham_408000_284500,408000,284500,3.0,0.0,-0.0,13775.0,5700.0,2.0,3.0,0.0,-0.0,17300.0,6600.0,3.0,0.0,0.0,0.0,0.0,3525.0,25.58983666061706,persistent
Birmingham,Birmingham_408000_284750,408000,284750,3.0,0.6666666666666666,0.6365141682948128,36200.0,16250.0,3.0,2.0,,0.6931471805599453,23100.0,11550.0,0.0,-1.0,-33.33333333333333,,0.05663301226513251,-13100.0,-36.187845303867405,declined
Birmingham,Birmingham_408000_285000,408000,285000,8.0,0.0,0.5623351446188083,46775.0,4750.0,5.0,6.0,0.0,0.8675632284814612,65600.0,11250.0,4.0,-2.0,-25.0,0.0,0.3052280838626529,18825.0,40.245857830037416,declined
Birmingham,Birmingham_408000_285250,408000,285250,7.0,0.0,0.410116318288409,1310200.0,196500.0,3.0,3.0,0.0,0.6365141682948128,555300.0,260000.0,1.0,-4.0,-57.14285714285714,0.0,0.22639785000640378,-754900.0,-57.617157685849484,declined
Birmingham,Birmingham_408000_285500,408000,285500,6.0,0.0,-0.0,33300.0,10750.0,3.0,2.0,0.0,-0.0,23200.0,11600.0,1.0,-4.0,-66.66666666666666,0.0,0.0,-10100.0,-30.33033033033033,declined
Birmingham,Birmingham_408000_285750,408000,285750,8.0,0.4,1.2554823251787537,153200.0,28625.0,5.0,8.0,0.0,0.6615632381579821,183650.0,25750.0,2.0,0.0,0.0,-40.0,-0.5939190870207716,30450.0,19.87597911227154,persistent
Birmingham,Birmingham_408000_286000,408000,286000,7.0,0.0,1.0789922078775833,458710.0,7050.0,3.0,5.0,0.0,0.6730116670092565,32495.0,8200.0,1.0,-2.0,-28.57142857142857,0.0,-0.4059805408683268,-426215.0,-92.91600357524362,declined
Birmingham,Birmingham_408000_286250,408000,286250,18.0,0.16666666666666666,0.5566469035821068,166500.0,6450.0,12.0,22.0,0.0,0.5763820666248933,349500.0,11000.0,7.0,4.0,22.22222222222222,-16.666666666666664,0.019735163042786552,183000.0,109.90990990990991,intensified
Birmingham,Birmingham_408000_286500,408000,286500,20.0,0.6363636363636364,0.1985152433458726,27117.0,875.0,11.0,7.0,,0.410116318288409,290500.0,34500.0,0.0,-13.0,-65.0,,0.2116010749425364,263383.0,971.2836965741047,declined
Birmingham,Birmingham_408000_286750,408000,286750,1.0,0.0,-0.0,3200.0,3200.0,1.0,1.0,0.0,-0.0,4300.0,4300.0,1.0,0.0,0.0,0.0,0.0,1100.0,34.375,persistent
Birmingham,Birmingham_408000_287250,408000,287250,1.0,,-0.0,5500.0,5500.0,0.0,2.0,,0.6931471805599453,54750.0,27375.0,0.0,1.0,100.0,,0.6931471805599453,49250.0,895.4545454545455,intensified
Birmingham,Birmingham_408000_287500,408000,287500,3.0,,0.6365141682948128,,,0.0,0.0,,,,,,-3.0,-100.0,,,,,disappeared
Birmingham,Birmingham_408000_287750,408000,287750,3.0,0.0,0.6365141682948128,100600.0,50300.0,2.0,2.0,,0.6931471805599453,84000.0,84000.0,0.0,-1.0,-33.33333333333333,,0.05663301226513251,-16600.0,-16.50099403578529,declined
Birmingham,Birmingham_408000_288000,408000,288000,1.0,,-0.0,4750.0,4750.0,0.0,2.0,,-0.0,13200.0,6600.0,0.0,1.0,100.0,,0.0,8450.0,177.89473684210526,intensified
Birmingham,Birmingham_408000_288500,408000,288500,2.0,0.5,-0.0,16750.0,8375.0,2.0,2.0,,-0.0,20400.0,10200.0,0.0,0.0,0.0,,0.0,3650.0,21.791044776119403,persistent
Birmingham,Birmingham_408000_288750,408000,288750,12.0,0.2,1.0114042647073516,404550.0,10300.0,5.0,7.0,0.0,0.9556998911125343,261250.0,10000.0,3.0,-5.0,-41.66666666666667,-20.0,-0.05570437359481728,-143300.0,-35.42207390928192,declined
Birmingham,Birmingham_408000_289000,408000,289000,8.0,0.0,1.0821955300387673,245950.0,6000.0,4.0,6.0,0.0,1.0114042647073516,179600.0,10500.0,2.0,-2.0,-25.0,0.0,-0.07079126533141578,-66350.0,-26.977027851189266,declined
Birmingham,Birmingham_408000_289750,408000,289750,2.0,0.0,0.6931471805599453,53000.0,26500.0,1.0,1.0,0.0,-0.0,27250.0,27250.0,1.0,-1.0,-50.0,0.0,-0.6931471805599453,-25750.0,-48.58490566037736,declined
Birmingham,Birmingham_408000_290000,408000,290000,1.0,0.0,-0.0,2800.0,2800.0,1.0,1.0,0.0,-0.0,7500.0,7500.0,1.0,0.0,0.0,0.0,0.0,4700.0,167.85714285714286,persistent
Birmingham,Birmingham_408000_290500,408000,290500,19.0,0.09090909090909091,0.20619205063323187,33675.0,2312.5,11.0,13.0,0.0,-0.0,75900.0,5500.0,10.0,-6.0,-31.57894736842105,-9.090909090909092,-0.20619205063323187,42225.0,125.38975501113585,declined
Birmingham,Birmingham_408000_290750,408000,290750,1.0,,-0.0,23750.0,23750.0,0.0,1.0,0.0,-0.0,6000.0,6000.0,1.0,0.0,0.0,,0.0,-17750.0,-74.73684210526315,persistent
Birmingham,Birmingham_408000_291750,408000,291750,1.0,0.0,-0.0,31000.0,31000.0,1.0,1.0,,-0.0,8000.0,8000.0,0.0,0.0,0.0,,0.0,-23000.0,-74.19354838709677,persistent
Birmingham,Birmingham_408000_293250,408000,293250,18.0,0.1,0.2145591551764051,102000.0,6400.0,10.0,16.0,0.0,0.2337916587064593,140650.0,8800.0,10.0,-2.0,-11.11111111111111,-10.0,0.019232503530054207,38650.0,37.8921568627451,declined
Birmingham,Birmingham_408000_293500,408000,293500,1.0,0.0,-0.0,7700.0,7700.0,1.0,1.0,,-0.0,10500.0,10500.0,0.0,0.0,0.0,,0.0,2800.0,36.36363636363637,persistent
Birmingham,Birmingham_408000_295000,408000,295000,22.0,0.07692307692307693,0.36764947740014225,252600.0,9300.0,13.0,21.0,0.0,0.3805062184775959,276650.0,10500.0,11.0,-1.0,-4.545454545454546,-7.6923076923076925,0.01285674107745366,24050.0,9.52098178939034,declined
Birmingham,Birmingham_408000_296000,408000,296000,7.0,0.0,-0.0,40950.0,6200.0,4.0,7.0,0.0,-0.0,54600.0,8200.0,5.0,0.0,0.0,0.0,0.0,13650.0,33.33333333333333,persistent
Birmingham,Birmingham_408250_278500,408250,278500,7.0,0.0,-0.0,29000.0,3850.0,4.0,7.0,0.0,-0.0,43300.0,5800.0,2.0,0.0,0.0,0.0,0.0,14300.0,49.310344827586206,persistent
Birmingham,Birmingham_408250_278750,408250,278750,5.0,0.3333333333333333,-0.0,24000.0,4600.0,3.0,4.0,0.0,-0.0,29150.0,7250.0,4.0,-1.0,-20.0,-33.33333333333333,0.0,5150.0,21.458333333333332,declined
Birmingham,Birmingham_408250_279250,408250,279250,1.0,,-0.0,,,0.0,0.0,,,,,,-1.0,-100.0,,,,,disappeared
Birmingham,Birmingham_408250_279500,408250,279500,1.0,0.0,-0.0,13750.0,13750.0,1.0,1.0,,-0.0,22000.0,22000.0,0.0,0.0,0.0,,0.0,8250.0,60.0,persistent
Birmingham,Birmingham_408250_280250,408250,280250,14.0,0.0,-0.0,64575.0,4850.0,9.0,14.0,0.0,-0.0,85025.0,6300.0,1.0,0.0,0.0,0.0,0.0,20450.0,31.66860240030972,persistent
Birmingham,Birmingham_408250_280500,408250,280500,12.0,0.0,0.2868359830561607,45850.0,3650.0,6.0,10.0,0.0,0.3250829733914482,66650.0,5175.0,1.0,-2.0,-16.666666666666664,0.0,0.0382469903352875,20800.0,45.36532170119956,declined
Birmingham,Birmingham_408250_281500,408250,281500,2.0,,-0.0,50000.0,50000.0,0.0,1.0,0.0,-0.0,67000.0,67000.0,1.0,-1.0,-50.0,,0.0,17000.0,34.0,declined
Birmingham,Birmingham_408250_283750,408250,283750,83.0,0.018518518518518517,0.3810532676695227,474435.0,5400.0,54.0,73.0,0.0,0.5079053640494121,816500.0,8900.0,35.0,-10.0,-12.048192771084338,-1.8518518518518516,0.12685209637988942,342065.0,72.09944460252721,declined
Birmingham,Birmingham_408250_284000,408250,284000,19.0,0.1111111111111111,0.6806294878916634,177550.0,8550.0,9.0,15.0,0.0,0.6909233093138181,220900.0,13500.0,3.0,-4.0,-21.052631578947366,-11.11111111111111,0.010293821422154625,43350.0,24.415657561250352,declined
Birmingham,Birmingham_408250_284250,408250,284250,86.0,0.0,0.3972454932559829,532975.0,5700.0,47.0,69.0,0.0,0.41380853183815924,928875.0,10750.0,47.0,-17.0,-19.767441860465116,0.0,0.016563038582176337,395900.0,74.28115765279797,declined
Birmingham,Birmingham_408250_284500,408250,284500,17.0,0.15384615384615385,0.5783252866601273,161750.0,6050.0,13.0,16.0,0.0,0.6019239717322894,178700.0,7400.0,6.0,-1.0,-5.88235294117647,-15.384615384615385,0.023598685072162118,16950.0,10.479134466769706,declined
Birmingham,Birmingham_408250_284750,408250,284750,1.0,1.0,-0.0,10000.0,10000.0,1.0,1.0,,-0.0,,,0.0,0.0,0.0,,0.0,,,persistent
Birmingham,Birmingham_408250_285000,408250,285000,60.0,0.029411764705882353,0.3602305211946065,195625.0,4150.0,34.0,55.0,0.0,0.2606370995339223,461875.0,8800.0,26.0,-5.0,-8.333333333333332,-2.941176470588235,-0.09959342166068424,266250.0,136.10223642172522,declined
Birmingham,Birmingham_408250_285250,408250,285250,49.0,0.0,0.5920256316174223,167115.0,3000.0,37.0,66.0,0.02857142857142857,0.39658193959536103,462700.0,4450.0,35.0,17.0,34.69387755102041,2.857142857142857,-0.19544369202206124,295585.0,176.87520569667595,intensified
Birmingham,Birmingham_408250_285750,408250,285750,3.0,0.0,0.6365141682948128,32100.0,16050.0,1.0,2.0,0.0,0.6931471805599453,32350.0,16175.0,1.0,-1.0,-33.33333333333333,0.0,0.05663301226513251,250.0,0.778816199376947,declined
Birmingham,Birmingham_408250_286000,408250,286000,27.0,0.058823529411764705,0.6786071516914347,444900.0,3600.0,17.0,26.0,0.1,0.6441798059733927,503500.0,5400.0,10.0,-1.0,-3.7037037037037033,4.11764705882353,-0.03442734571804196,58600.0,13.171499213306362,declined
Birmingham,Birmingham_408250_286250,408250,286250,2.0,0.0,0.6931471805599453,15900.0,7950.0,1.0,3.0,,0.6365141682948128,58000.0,29000.0,0.0,1.0,50.0,,-0.05663301226513251,42100.0,264.7798742138365,intensified
Birmingham,Birmingham_408250_286500,408250,286500,8.0,,0.9743147528693494,226350.0,36625.0,0.0,7.0,0.5,0.9556998911125343,178250.0,26500.0,2.0,-1.0,-12.5,,-0.01861486175681515,-48100.0,-21.25027612105147,declined
Birmingham,Birmingham_408250_286750,408250,286750,3.0,0.0,0.6365141682948128,656000.0,257500.0,3.0,3.0,0.0,0.6365141682948128,836100.0,300000.0,1.0,0.0,0.0,0.0,0.0,180100.0,27.454268292682926,persistent
Birmingham,Birmingham_408250_287250,408250,287250,6.0,0.4,0.45056120886630463,47500.0,8100.0,5.0,7.0,0.0,0.410116318288409,58225.0,10750.0,4.0,1.0,16.666666666666664,-40.0,-0.04044489057789563,10725.0,22.578947368421055,intensified
Birmingham,Birmingham_408250_288250,408250,288250,7.0,0.0,-0.0,45550.0,5600.0,4.0,6.0,0.0,0.8675632284814612,69400.0,7900.0,4.0,-1.0,-14.285714285714285,0.0,0.8675632284814612,23850.0,52.36004390779363,declined
Birmingham,Birmingham_408250_288500,408250,288500,3.0,0.0,1.0986122886681096,43200.0,14500.0,3.0,3.0,,1.0986122886681096,28700.0,8400.0,0.0,0.0,0.0,,0.0,-14500.0,-33.56481481481482,persistent
Birmingham,Birmingham_408250_289000,408250,289000,4.0,0.3333333333333333,0.6931471805599453,18650.0,4875.0,3.0,3.0,0.0,0.6365141682948128,10450.0,4300.0,1.0,-1.0,-25.0,-33.33333333333333,-0.05663301226513251,-8200.0,-43.96782841823057,declined
Birmingham,Birmingham_408250_289750,408250,289750,2.0,,-0.0,,,0.0,1.0,,-0.0,32000.0,32000.0,0.0,-1.0,-50.0,,0.0,,,declined
Birmingham,Birmingham_408250_290250,408250,290250,6.0,0.0,0.6365141682948128,11995.0,2700.0,2.0,5.0,0.0,0.6730116670092565,24125.0,5300.0,3.0,-1.0,-16.666666666666664,0.0,0.036497498714443743,12130.0,101.12546894539392,declined
Birmingham,Birmingham_408250_290750,408250,290750,3.0,0.0,0.6365141682948128,15550.0,5200.0,3.0,3.0,0.0,0.6365141682948128,19450.0,5900.0,1.0,0.0,0.0,0.0,0.0,3900.0,25.080385852090032,persistent
Birmingham,Birmingham_408250_292750,408250,292750,7.0,0.16666666666666666,0.410116318288409,126225.0,2900.0,6.0,7.0,0.0,0.410116318288409,184700.0,6600.0,4.0,0.0,0.0,-16.666666666666664,0.0,58475.0,46.32600514953456,persistent
Birmingham,Birmingham_408250_293250,408250,293250,25.0,0.0,0.3669249912727096,160390.0,4550.0,16.0,21.0,0.07692307692307693,0.31449220128141064,199175.0,6000.0,13.0,-4.0,-16.0,7.6923076923076925,-0.05243278999129897,38785.0,24.181682149759958,declined
Birmingham,Birmingham_408250_293750,408250,293750,9.0,0.0,-0.0,33875.0,3650.0,6.0,11.0,0.0,0.30463609734923813,123375.0,6200.0,4.0,2.0,22.22222222222222,0.0,0.30463609734923813,89500.0,264.20664206642067,intensified
Birmingham,Birmingham_408250_296000,408250,296000,3.0,0.0,-0.0,15400.0,4350.0,2.0,3.0,0.0,-0.0,22700.0,7300.0,2.0,0.0,0.0,0.0,0.0,7300.0,47.4025974025974,persistent
Birmingham,Birmingham_408250_296250,408250,296250,3.0,0.0,0.6365141682948128,276000.0,138000.0,1.0,3.0,0.0,1.0986122886681096,275550.0,134000.0,1.0,0.0,0.0,0.0,0.4620981203732968,-450.0,-0.16304347826086957,persistent
Birmingham,Birmingham_408500_280000,408500,280000,1.0,,-0.0,2400.0,2400.0,0.0,1.0,,-0.0,2850.0,2850.0,0.0,0.0,0.0,,0.0,450.0,18.75,persistent
Birmingham,Birmingham_408500_280250,408500,280250,4.0,0.0,0.5623351446188083,16650.0,3450.0,3.0,4.0,0.0,0.5623351446188083,27400.0,6100.0,3.0,0.0,0.0,0.0,0.0,10750.0,64.56456456456456,persistent
Birmingham,Birmingham_408500_281250,408500,281250,1.0,0.0,-0.0,3450.0,3450.0,1.0,1.0,0.0,-0.0,4100.0,4100.0,1.0,0.0,0.0,0.0,0.0,650.0,18.84057971014493,persistent
Birmingham,Birmingham_408500_283500,408500,283500,2.0,0.0,-0.0,5100.0,5100.0,1.0,0.0,,,,,,-2.0,-100.0,,,,,disappeared
Birmingham,Birmingham_408500_283750,408500,283750,15.0,0.1,0.24493002679463532,66900.0,5000.0,10.0,18.0,0.0,0.2145591551764051,123375.0,7600.0,7.0,3.0,20.0,-10.0,-0.03037087161823024,56475.0,84.4170403587444,intensified
Birmingham,Birmingham_408500_284000,408500,284000,22.0,0.13333333333333333,0.39830711380528416,119000.0,5150.0,15.0,17.0,0.0,0.362210557135449,186175.0,8200.0,11.0,-5.0,-22.727272727272727,-13.333333333333334,-0.03609655666983519,67175.0,56.44957983193277,declined
Birmingham,Birmingham_408500_284250,408500,284250,35.0,0.04,0.5375444124735402,181050.0,4150.0,25.0,35.0,0.1,0.6236633064750114,393400.0,7600.0,20.0,0.0,0.0,6.000000000000001,0.08611889400147121,212350.0,117.28804197735431,persistent
Birmingham,Birmingham_408500_284500,408500,284500,29.0,0.0,0.5757295142804425,322570.0,6500.0,21.0,30.0,0.05,0.7026180057670108,430175.0,8800.0,20.0,1.0,3.4482758620689653,5.0,0.12688849148656833,107605.0,33.35865083547757,intensified
Birmingham,Birmingham_408500_284750,408500,284750,5.0,0.25,0.9502705392332347,127750.0,9300.0,4.0,6.0,0.0,1.0114042647073516,159000.0,16750.0,3.0,1.0,20.0,-25.0,0.061133725474116885,31250.0,24.46183953033268,intensified
Birmingham,Birmingham_408500_285000,408500,285000,12.0,0.0,0.2868359830561607,51000.0,4400.0,8.0,12.0,0.0,0.5660857389596289,127400.0,8600.0,8.0,0.0,0.0,0.0,0.2792497559034682,76400.0,149.80392156862746,persistent
Birmingham,Birmingham_408500_285250,408500,285250,2.0,0.0,-0.0,3400.0,3400.0,1.0,1.0,,-0.0,9000.0,9000.0,0.0,-1.0,-50.0,,0.0,5600.0,164.70588235294116,declined
Birmingham,Birmingham_408500_285750,408500,285750,12.0,0.1111111111111111,-0.0,40600.0,2650.0,9.0,10.0,0.0,-0.0,62050.0,4900.0,5.0,-2.0,-16.666666666666664,-11.11111111111111,0.0,21450.0,52.83251231527094,declined
Birmingham,Birmingham_408500_286000,408500,286000,2.0,0.0,0.6931471805599453,395000.0,197500.0,2.0,1.0,,-0.0,120000.0,120000.0,0.0,-1.0,-50.0,,-0.6931471805599453,-275000.0,-69.62025316455697,declined
Birmingham,Birmingham_408500_286250,408500,286250,3.0,0.5,-0.0,6775.0,2475.0,2.0,7.0,0.0,0.6829081047004717,177500.0,33125.0,3.0,4.0,133.33333333333331,-50.0,0.6829081047004717,170725.0,2519.9261992619927,intensified
Birmingham,Birmingham_408500_286500,408500,286500,1.0,0.0,-0.0,100000.0,100000.0,1.0,1.0,0.0,-0.0,78000.0,78000.0,1.0,0.0,0.0,0.0,0.0,-22000.0,-22.0,persistent
Birmingham,Birmingham_408500_286750,408500,286750,6.0,0.0,0.8675632284814612,122200.0,14000.0,3.0,7.0,0.0,1.0042424730540764,160800.0,9700.0,3.0,1.0,16.666666666666664,0.0,0.13667924457261527,38600.0,31.58756137479542,intensified
Birmingham,Birmingham_408500_287250,408500,287250,4.0,0.0,0.5623351446188083,40750.0,10100.0,4.0,4.0,0.5,0.5623351446188083,35300.0,12500.0,2.0,0.0,0.0,50.0,0.0,-5450.0,-13.374233128834357,persistent
Birmingham,Birmingham_408500_287500,408500,287500,22.0,0.125,0.30463609734923813,85600.0,3400.0,16.0,20.0,0.0,0.3250829733914482,179700.0,7550.0,14.0,-2.0,-9.090909090909092,-12.5,0.02044687604221007,94100.0,109.92990654205607,declined
Birmingham,Birmingham_408500_287750,408500,287750,1.0,,-0.0,,,0.0,0.0,,,,,,-1.0,-100.0,,,,,disappeared
Birmingham,Birmingham_408500_289000,408500,289000,4.0,0.0,-0.0,12000.0,1475.0,1.0,3.0,0.0,-0.0,15850.0,2600.0,1.0,-1.0,-25.0,0.0,0.0,3850.0,32.083333333333336,declined
Birmingham,Birmingham_408500_289250,408500,289250,7.0,0.3333333333333333,-0.0,29050.0,4225.0,3.0,6.0,0.3333333333333333,-0.0,64800.0,9250.0,3.0,-1.0,-14.285714285714285,0.0,0.0,35750.0,123.06368330464717,declined
Birmingham,Birmingham_408500_289750,408500,289750,3.0,0.0,1.0986122886681096,28050.0,14025.0,1.0,1.0,0.0,-0.0,56500.0,56500.0,1.0,-2.0,-66.66666666666666,0.0,-1.0986122886681096,28450.0,101.42602495543672,declined
Birmingham,Birmingham_408500_290250,408500,290250,10.0,0.14285714285714285,0.3250829733914482,139825.0,6850.0,7.0,9.0,0.0,0.34883209584303193,154425.0,10500.0,6.0,-1.0,-10.0,-14.285714285714285,0.023749122451583726,14600.0,10.441623457893796,declined
Birmingham,Birmingham_408500_290500,408500,290500,1.0,0.0,-0.0,2650.0,2650.0,1.0,1.0,,-0.0,7000.0,7000.0,0.0,0.0,0.0,,0.0,4350.0,164.1509433962264,persistent
Birmingham,Birmingham_408500_290750,408500,290750,4.0,0.0,-0.0,14250.0,4850.0,2.0,4.0,0.5,-0.0,33150.0,8700.0,2.0,0.0,0.0,50.0,0.0,18900.0,132.6315789473684,persistent
Birmingham,Birmingham_408500_291500,408500,291500,9.0,0.0,-0.0,33800.0,3425.0,5.0,6.0,0.0,-0.0,55850.0,5700.0,2.0,-3.0,-33.33333333333333,0.0,0.0,22050.0,65.23668639053254,declined
Birmingham,Birmingham_408500_292500,408500,292500,1.0,,-0.0,2350.0,2350.0,0.0,1.0,0.0,-0.0,4000.0,4000.0,1.0,0.0,0.0,,0.0,1650.0,70.2127659574468,persistent
Birmingham,Birmingham_408500_293000,408500,293000,22.0,0.125,0.7749927584562633,363125.0,5200.0,16.0,20.0,0.0,0.7305880613711224,517550.0,11000.0,8.0,-2.0,-9.090909090909092,-12.5,-0.04440469708514083,154425.0,42.52667814113597,declined
Birmingham,Birmingham_408500_294250,408500,294250,1.0,0.0,-0.0,5200.0,5200.0,1.0,1.0,,-0.0,7500.0,7500.0,0.0,0.0,0.0,,0.0,2300.0,44.230769230769226,persistent
Birmingham,Birmingham_408500_294500,408500,294500,2.0,0.0,-0.0,6200.0,3100.0,1.0,2.0,0.5,-0.0,12300.0,6150.0,2.0,0.0,0.0,50.0,0.0,6100.0,98.38709677419355,persistent
Birmingham,Birmingham_408500_294750,408500,294750,12.0,0.0,-0.0,57050.0,4875.0,11.0,13.0,0.2,-0.0,69900.0,6400.0,5.0,1.0,8.333333333333332,20.0,0.0,12850.0,22.524101665205958,intensified
Birmingham,Birmingham_408500_295500,408500,295500,4.0,0.0,-0.0,27500.0,5550.0,3.0,4.0,0.0,-0.0,32200.0,6450.0,3.0,0.0,0.0,0.0,0.0,4700.0,17.09090909090909,persistent
Birmingham,Birmingham_408750_279250,408750,279250,1.0,0.0,-0.0,6400.0,6400.0,1.0,1.0,,-0.0,8900.0,8900.0,0.0,0.0,0.0,,0.0,2500.0,39.0625,persistent
Birmingham,Birmingham_408750_279500,408750,279500,27.0,0.0,0.5221718405002467,289550.0,7100.0,22.0,25.0,0.0,0.5296435025403523,412250.0,12000.0,16.0,-2.0,-7.4074074074074066,0.0,0.007471662040105631,122700.0,42.37610084614056,declined
Birmingham,Birmingham_408750_279750,408750,279750,1.0,0.0,-0.0,9600.0,9600.0,1.0,1.0,,-0.0,21000.0,21000.0,0.0,0.0,0.0,,0.0,11400.0,118.75,persistent
Birmingham,Birmingham_408750_280250,408750,280250,1.0,0.0,-0.0,6700.0,6700.0,1.0,1.0,0.0,-0.0,10750.0,10750.0,1.0,0.0,0.0,0.0,0.0,4050.0,60.447761194029844,persistent
Birmingham,Birmingham_408750_280500,408750,280500,2.0,0.0,-0.0,18750.0,18750.0,1.0,1.0,,-0.0,31000.0,31000.0,0.0,-1.0,-50.0,,0.0,12250.0,65.33333333333333,declined
Birmingham,Birmingham_408750_280750,408750,280750,12.0,0.1111111111111111,-0.0,42375.0,3700.0,9.0,10.0,0.0,-0.0,69575.0,6050.0,7.0,-2.0,-16.666666666666664,-11.11111111111111,0.0,27200.0,64.18879056047197,declined
Birmingham,Birmingham_408750_281000,408750,281000,15.0,0.0,0.24493002679463532,75675.0,5225.0,7.0,12.0,0.1111111111111111,0.2868359830561607,105175.0,7150.0,9.0,-3.0,-20.0,11.11111111111111,0.04190595626152538,29500.0,38.98249091509746,declined
Birmingham,Birmingham_408750_282250,408750,282250,2.0,0.0,0.6931471805599453,66500.0,33250.0,1.0,2.0,0.0,0.6931471805599453,56000.0,28000.0,1.0,0.0,0.0,0.0,0.0,-10500.0,-15.789473684210526,persistent
Birmingham,Birmingham_408750_283000,408750,283000,2.0,0.0,-0.0,5350.0,2675.0,2.0,2.0,0.0,-0.0,9750.0,4875.0,2.0,0.0,0.0,0.0,0.0,4400.0,82.2429906542056,persistent
Birmingham,Birmingham_408750_284000,408750,284000,8.0,0.25,-0.0,29200.0,6300.0,4.0,7.0,0.6666666666666666,-0.0,56750.0,8700.0,3.0,-1.0,-12.5,41.666666666666664,0.0,27550.0,94.34931506849315,declined
Birmingham,Birmingham_408750_284250,408750,284250,75.0,0.14634146341463414,0.6645400944716355,566250.0,9500.0,41.0,71.0,0.029411764705882353,0.380961549459493,791125.0,10375.0,34.0,-4.0,-5.333333333333334,-11.692969870875178,-0.2835785450121425,224875.0,39.7130242825607,declined
Birmingham,Birmingham_408750_284500,408750,284500,36.0,0.0,0.12693054534140227,283050.0,7600.0,16.0,38.0,0.0,0.20619205063323187,399350.0,9900.0,19.0,2.0,5.555555555555555,0.0,0.0792615052918296,116300.0,41.08814697049991,intensified
Birmingham,Birmingham_408750_284750,408750,284750,1.0,,-0.0,29250.0,29250.0,0.0,1.0,,-0.0,32250.0,32250.0,0.0,0.0,0.0,,0.0,3000.0,10.256410256410255,persistent
Birmingham,Birmingham_408750_285250,408750,285250,1.0,,-0.0,2650.0,2650.0,0.0,1.0,0.0,-0.0,4400.0,4400.0,1.0,0.0,0.0,,0.0,1750.0,66.0377358490566,persistent
Birmingham,Birmingham_408750_285750,408750,285750,1.0,0.0,-0.0,164000.0,164000.0,1.0,1.0,,-0.0,215000.0,215000.0,0.0,0.0,0.0,,0.0,51000.0,31.097560975609756,persistent
Birmingham,Birmingham_408750_286500,408750,286500,3.0,0.0,-0.0,22600.0,5800.0,2.0,3.0,0.0,-0.0,22600.0,5800.0,1.0,0.0,0.0,0.0,0.0,0.0,0.0,persistent
Birmingham,Birmingham_408750_286750,408750,286750,2.0,0.0,0.6931471805599453,8875.0,4437.5,1.0,2.0,0.0,0.6931471805599453,6250.0,3125.0,1.0,0.0,0.0,0.0,0.0,-2625.0,-29.577464788732392,persistent
Birmingham,Birmingham_408750_287500,408750,287500,1.0,0.0,-0.0,225.0,225.0,1.0,1.0,0.0,-0.0,335.0,335.0,1.0,0.0,0.0,0.0,0.0,110.0,48.888888888888886,persistent
Birmingham,Birmingham_408750_287750,408750,287750,6.0,0.0,-0.0,21300.0,3500.0,4.0,6.0,0.0,-0.0,43500.0,7200.0,6.0,0.0,0.0,0.0,0.0,22200.0,104.22535211267605,persistent
Birmingham,Birmingham_408750_288000,408750,288000,1.0,0.0,-0.0,2250.0,2250.0,1.0,1.0,0.0,-0.0,2650.0,2650.0,1.0,0.0,0.0,0.0,0.0,400.0,17.77777777777778,persistent
Birmingham,Birmingham_408750_288250,408750,288250,5.0,0.0,0.9502705392332347,30050.0,3600.0,2.0,6.0,0.0,1.0114042647073516,85200.0,9800.0,1.0,1.0,20.0,0.0,0.061133725474116885,55150.0,183.52745424292846,intensified
Birmingham,Birmingham_408750_288500,408750,288500,6.0,0.5,0.6931471805599453,47700.0,7500.0,2.0,3.0,0.0,-0.0,23700.0,7200.0,1.0,-3.0,-50.0,-50.0,-0.6931471805599453,-24000.0,-50.314465408805034,declined
Birmingham,Birmingham_408750_288750,408750,288750,12.0,0.16666666666666666,0.9184277849930976,146850.0,7900.0,6.0,10.0,0.25,0.8018185525433372,96100.0,7500.0,4.0,-2.0,-16.666666666666664,8.333333333333334,-0.1166092324497604,-50750.0,-34.55907388491658,declined
Birmingham,Birmingham_408750_289000,408750,289000,4.0,,-0.0,,,0.0,0.0,,,,,,-4.0,-100.0,,,,,disappeared
Birmingham,Birmingham_408750_289500,408750,289500,11.0,0.0,0.47413931305783735,29650.0,5100.0,5.0,7.0,0.0,0.6829081047004717,46350.0,5300.0,6.0,-4.0,-36.36363636363637,0.0,0.20876879164263434,16700.0,56.323777403035415,declined
Birmingham,Birmingham_408750_289750,408750,289750,5.0,0.0,-0.0,8675.0,4337.5,2.0,1.0,0.0,-0.0,18250.0,18250.0,1.0,-4.0,-80.0,0.0,0.0,9575.0,110.37463976945246,declined
Birmingham,Birmingham_408750_291500,408750,291500,6.0,0.0,-0.0,23850.0,4500.0,5.0,5.0,0.0,-0.0,29750.0,5600.0,3.0,-1.0,-16.666666666666664,0.0,0.0,5900.0,24.737945492662476,declined
Birmingham,Birmingham_408750_291750,408750,291750,2.0,,0.6931471805599453,85000.0,85000.0,0.0,0.0,,,,,,-2.0,-100.0,,,,,disappeared
Birmingham,Birmingham_408750_293500,408750,293500,13.0,0.0,0.5402041423888608,63850.0,4450.0,11.0,13.0,0.0,0.5402041423888608,127600.0,8800.0,8.0,0.0,0.0,0.0,0.0,63750.0,99.84338292873923,persistent
Birmingham,Birmingham_408750_293750,408750,293750,3.0,0.0,0.6365141682948128,112250.0,56125.0,2.0,2.0,,0.6931471805599453,145250.0,72625.0,0.0,-1.0,-33.33333333333333,,0.05663301226513251,33000.0,29.398663697104677,declined
Birmingham,Birmingham_409000_279000,409000,279000,8.0,0.16666666666666666,-0.0,19050.0,2500.0,6.0,8.0,0.2,-0.0,48150.0,6450.0,5.0,0.0,0.0,3.3333333333333353,0.0,29100.0,152.75590551181102,persistent
Birmingham,Birmingham_409000_279250,409000,279250,9.0,0.0,-0.0,113575.0,3100.0,7.0,7.0,0.25,-0.0,95200.0,8300.0,4.0,-2.0,-22.22222222222222,25.0,0.0,-18375.0,-16.178736517719567,declined
Birmingham,Birmingham_409000_279500,409000,279500,1.0,0.0,-0.0,16000.0,16000.0,1.0,1.0,,-0.0,26250.0,26250.0,0.0,0.0,0.0,,0.0,10250.0,64.0625,persistent
Birmingham,Birmingham_409000_281750,409000,281750,1.0,0.0,-0.0,1800.0,1800.0,1.0,0.0,,,,,,-1.0,-100.0,,,,,disappeared
Birmingham,Birmingham_409000_283000,409000,283000,1.0,,-0.0,,,0.0,0.0,,,,,,-1.0,-100.0,,,,,disappeared
Birmingham,Birmingham_409000_283500,409000,283500,13.0,0.1,-0.0,33575.0,2650.0,10.0,12.0,0.0,0.2868359830561607,61300.0,4925.0,4.0,-1.0,-7.6923076923076925,-10.0,0.2868359830561607,27725.0,82.57632166790768,declined
Birmingham,Birmingham_409000_283750,409000,283750,89.0,0.0,0.21450215036228948,453450.0,5550.0,64.0,94.0,0.0,0.20547074980230556,843980.0,8800.0,45.0,5.0,5.617977528089887,0.0,-0.009031400559983915,390530.0,86.1241592237292,intensified
Birmingham,Birmingham_409000_284000,409000,284000,64.0,0.05714285714285714,0.18920898053816695,548450.0,7700.0,35.0,57.0,0.0,0.15200531083620292,980350.0,14000.0,32.0,-7.0,-10.9375,-5.714285714285714,-0.03720366970196404,431900.0,78.74920229738353,declined
Birmingham,Birmingham_409000_284250,409000,284250,26.0,0.0625,0.16302362949436594,178730.0,7600.0,16.0,30.0,0.0,0.1461447460085638,344875.0,10500.0,14.0,4.0,15.384615384615385,-6.25,-0.016878883485802132,166145.0,92.95865271638785,intensified
Birmingham,Birmingham_409000_284500,409000,284500,26.0,0.058823529411764705,0.3576271598532216,67315.0,3275.0,17.0,22.0,0.06666666666666667,0.47413931305783735,114950.0,5550.0,15.0,-4.0,-15.384615384615385,0.7843137254901961,0.11651215320461578,47635.0,70.76431701700957,declined
Birmingham,Birmingham_409000_284750,409000,284750,8.0,0.0,0.37677016125643675,31425.0,4125.0,5.0,8.0,0.0,0.37677016125643675,59975.0,6800.0,6.0,0.0,0.0,0.0,0.0,28550.0,90.85123309466985,persistent
Birmingham,Birmingham_409000_285250,409000,285250,1.0,,-0.0,4100.0,4100.0,0.0,0.0,,,,,,-1.0,-100.0,,,,,disappeared
Birmingham,Birmingham_409000_285500,409000,285500,1.0,0.0,-0.0,4600.0,4600.0,1.0,1.0,0.0,-0.0,9800.0,9800.0,1.0,0.0,0.0,0.0,0.0,5200.0,113.04347826086956,persistent
Birmingham,Birmingham_409000_285750,409000,285750,24.0,0.0,0.1732052067491771,42125.0,1250.0,19.0,27.0,0.0,0.34883209584303193,109750.0,2550.0,17.0,3.0,12.5,0.0,0.17562688909385482,67625.0,160.5341246290801,intensified
Birmingham,Birmingham_409000_286000,409000,286000,3.0,0.0,-0.0,45750.0,22875.0,1.0,2.0,0.0,-0.0,102000.0,51000.0,1.0,-1.0,-33.33333333333333,0.0,0.0,56250.0,122.95081967213115,declined
Birmingham,Birmingham_409000_286250,409000,286250,12.0,0.0,0.7214636866925115,2579750.0,103000.0,5.0,12.0,0.0,0.8675632284814612,2034750.0,96500.0,4.0,0.0,0.0,0.0,0.14609954178894968,-545000.0,-21.126078108343833,persistent
Birmingham,Birmingham_409000_286500,409000,286500,1.0,0.0,-0.0,25000.0,25000.0,1.0,1.0,,-0.0,18250.0,18250.0,0.0,0.0,0.0,,0.0,-6750.0,-27.0,persistent
Birmingham,Birmingham_409000_287000,409000,287000,2.0,0.0,0.6931471805599453,5700.0,2850.0,2.0,2.0,0.0,0.6931471805599453,8600.0,4300.0,2.0,0.0,0.0,0.0,0.0,2900.0,50.877192982456144,persistent
Birmingham,Birmingham_409000_288250,409000,288250,4.0,0.6666666666666666,0.6931471805599453,36000.0,9200.0,3.0,4.0,0.0,0.6931471805599453,21600.0,6800.0,2.0,0.0,0.0,-66.66666666666666,0.0,-14400.0,-40.0,persistent
Birmingham,Birmingham_409000_288750,409000,288750,7.0,0.0,-0.0,20450.0,3500.0,3.0,5.0,0.0,-0.0,59950.0,11750.0,2.0,-2.0,-28.57142857142857,0.0,0.0,39500.0,193.15403422982885,declined
Birmingham,Birmingham_409000_289000,409000,289000,3.0,0.0,-0.0,18600.0,6400.0,1.0,3.0,0.0,-0.0,24900.0,8600.0,2.0,0.0,0.0,0.0,0.0,6300.0,33.87096774193548,persistent
Birmingham,Birmingham_409000_289250,409000,289250,1.0,1.0,-0.0,8900.0,8900.0,1.0,2.0,,-0.0,12000.0,12000.0,0.0,1.0,100.0,,0.0,3100.0,34.831460674157306,intensified
Birmingham,Birmingham_409000_289500,409000,289500,9.0,0.0,0.34883209584303193,34025.0,4450.0,3.0,7.0,0.0,0.410116318288409,50500.0,6100.0,3.0,-2.0,-22.22222222222222,0.0,0.06128422244537707,16475.0,48.420279206465835,declined
Birmingham,Birmingham_409000_289750,409000,289750,7.0,0.25,0.9556998911125343,27900.0,4475.0,4.0,4.0,0.0,0.5623351446188083,44550.0,9450.0,1.0,-3.0,-42.857142857142854,-25.0,-0.393364746493726,16650.0,59.67741935483871,declined
Birmingham,Birmingham_409000_293000,409000,293000,12.0,0.1111111111111111,-0.0,58700.0,4150.0,9.0,14.0,0.25,-0.0,113850.0,6250.0,4.0,2.0,16.666666666666664,13.88888888888889,0.0,55150.0,93.95229982964224,intensified
Birmingham,Birmingham_409000_293250,409000,293250,1.0,,-0.0,18500.0,18500.0,0.0,1.0,,-0.0,28750.0,28750.0,0.0,0.0,0.0,,0.0,10250.0,55.4054054054054,persistent
Birmingham,Birmingham_409000_293750,409000,293750,8.0,0.16666666666666666,0.37677016125643675,37250.0,4550.0,6.0,7.0,0.0,0.410116318288409,76900.0,9100.0,4.0,-1.0,-12.5,-16.666666666666664,0.033346157031972246,39650.0,106.44295302013423,declined
Birmingham,Birmingham_409000_294000,409000,294000,1.0,0.0,-0.0,4950.0,4950.0,1.0,1.0,,-0.0,5700.0,5700.0,0.0,0.0,0.0,,0.0,750.0,15.151515151515152,persistent
Birmingham,Birmingham_409000_294500,409000,294500,1.0,0.0,-0.0,13000.0,13000.0,1.0,1.0,,-0.0,7500.0,7500.0,0.0,0.0,0.0,,0.0,-5500.0,-42.30769230769231,persistent
Birmingham,Birmingham_409250_279500,409250,279500,3.0,0.0,-0.0,17500.0,4650.0,2.0,3.0,0.0,-0.0,38900.0,10250.0,1.0,0.0,0.0,0.0,0.0,21400.0,122.28571428571429,persistent
Birmingham,Birmingham_409250_279750,409250,279750,4.0,0.0,-0.0,9675.0,2800.0,1.0,2.0,0.0,-0.0,15300.0,7650.0,1.0,-2.0,-50.0,0.0,0.0,5625.0,58.139534883720934,declined
Birmingham,Birmingham_409250_280250,409250,280250,2.0,0.0,-0.0,6850.0,3425.0,1.0,2.0,0.0,-0.0,9350.0,4675.0,1.0,0.0,0.0,0.0,0.0,2500.0,36.496350364963504,persistent
Birmingham,Birmingham_409250_280500,409250,280500,6.0,0.0,-0.0,24950.0,4000.0,3.0,6.0,0.0,-0.0,44600.0,6000.0,5.0,0.0,0.0,0.0,0.0,19650.0,78.75751503006012,persistent
Birmingham,Birmingham_409250_283000,409250,283000,6.0,0.0,-0.0,21150.0,3475.0,5.0,6.0,0.0,-0.0,30400.0,5400.0,3.0,0.0,0.0,0.0,0.0,9250.0,43.73522458628842,persistent
Birmingham,Birmingham_409250_283250,409250,283250,8.0,0.0,-0.0,16250.0,2350.0,5.0,6.0,0.0,-0.0,36550.0,4650.0,1.0,-2.0,-25.0,0.0,0.0,20300.0,124.92307692307692,declined
Birmingham,Birmingham_409250_283500,409250,283500,9.0,0.0,-0.0,40100.0,4450.0,7.0,8.0,0.0,-0.0,70550.0,9300.0,3.0,-1.0,-11.11111111111111,0.0,0.0,30450.0,75.93516209476309,declined
Birmingham,Birmingham_409250_283750,409250,283750,23.0,0.29411764705882354,-0.0,91260.0,1562.5,17.0,28.0,0.05,-0.0,201070.0,5900.0,20.0,5.0,21.73913043478261,-24.411764705882355,0.0,109810.0,120.32653955730879,intensified
Birmingham,Birmingham_409250_284000,409250,284000,2.0,0.0,-0.0,6250.0,3125.0,2.0,2.0,0.0,-0.0,11500.0,5750.0,1.0,0.0,0.0,0.0,0.0,5250.0,84.0,persistent
Birmingham,Birmingham_409250_284250,409250,284250,7.0,0.14285714285714285,0.410116318288409,21375.0,1800.0,7.0,7.0,0.0,0.410116318288409,40650.0,3600.0,6.0,0.0,0.0,-14.285714285714285,0.0,19275.0,90.17543859649123,persistent
Birmingham,Birmingham_409250_284500,409250,284500,5.0,0.0,-0.0,11325.0,2075.0,2.0,5.0,0.0,-0.0,16350.0,3750.0,5.0,0.0,0.0,0.0,0.0,5025.0,44.370860927152314,persistent
Birmingham,Birmingham_409250_284750,409250,284750,20.0,0.26666666666666666,0.1985152433458726,27450.0,1487.5,15.0,14.0,0.0,-0.0,49675.0,2600.0,6.0,-6.0,-30.0,-26.666666666666668,-0.1985152433458726,22225.0,80.96539162112933,declined
Birmingham,Birmingham_409250_285000,409250,285000,4.0,0.6666666666666666,0.5623351446188083,8795.0,1412.5,3.0,4.0,0.0,0.5623351446188083,11425.0,1587.5,1.0,0.0,0.0,-66.66666666666666,0.0,2630.0,29.903354178510515,persistent
Birmingham,Birmingham_409250_285500,409250,285500,18.0,0.125,-0.0,48125.0,5200.0,8.0,14.0,0.0,-0.0,104950.0,9950.0,6.0,-4.0,-22.22222222222222,-12.5,0.0,56825.0,118.07792207792207,declined
Birmingham,Birmingham_409250_285750,409250,285750,196.0,0.023255813953488372,0.3002646660303421,549905.0,1562.5,129.0,192.0,0.024,0.3232053885687,1434680.0,4700.0,125.0,-4.0,-2.0408163265306123,0.07441860465116287,0.02294072253835794,884775.0,160.8959729407807,declined
Birmingham,Birmingham_409250_286000,409250,286000,45.0,0.03571428571428571,0.7292496934702722,475000.0,7100.0,28.0,40.0,0.038461538461538464,0.9096718251130578,993500.0,16750.0,26.0,-5.0,-11.11111111111111,0.27472527472527514,0.18042213164278553,518500.0,109.1578947368421,declined
Birmingham,Birmingham_409250_286250,409250,286250,1.0,0.0,-0.0,12000.0,12000.0,1.0,1.0,,-0.0,4400.0,4400.0,0.0,0.0,0.0,,0.0,-7600.0,-63.33333333333333,persistent
Birmingham,Birmingham_409250_286500,409250,286500,2.0,0.0,0.6931471805599453,29885.0,14942.5,2.0,2.0,0.0,0.6931471805599453,34750.0,17375.0,1.0,0.0,0.0,0.0,0.0,4865.0,16.27906976744186,persistent
Birmingham,Birmingham_409250_287250,409250,287250,1.0,0.0,-0.0,2550.0,2550.0,1.0,2.0,0.0,0.6931471805599453,21400.0,10700.0,1.0,1.0,100.0,0.0,0.6931471805599453,18850.0,739.2156862745098,intensified
Birmingham,Birmingham_409250_287500,409250,287500,19.0,0.0,0.20619205063323187,21890.0,1775.0,10.0,10.0,0.0,0.3250829733914482,18440.0,1737.5,3.0,-9.0,-47.368421052631575,0.0,0.11889092275821633,-3450.0,-15.760621288259479,declined
Birmingham,Birmingham_409250_287750,409250,287750,1.0,,-0.0,,,0.0,0.0,,,,,,-1.0,-100.0,,,,,disappeared
Birmingham,Birmingham_409250_288000,409250,288000,1.0,0.0,-0.0,7000.0,7000.0,1.0,1.0,,-0.0,3200.0,3200.0,0.0,0.0,0.0,,0.0,-3800.0,-54.285714285714285,persistent
Birmingham,Birmingham_409250_288750,409250,288750,6.0,0.3333333333333333,-0.0,10675.0,1537.5,3.0,6.0,0.0,-0.0,14800.0,2125.0,4.0,0.0,0.0,-33.33333333333333,0.0,4125.0,38.64168618266979,persistent
Birmingham,Birmingham_409250_289000,409250,289000,1.0,0.0,-0.0,9400.0,9400.0,1.0,1.0,,-0.0,19000.0,19000.0,0.0,0.0,0.0,,0.0,9600.0,102.12765957446808,persistent
Birmingham,Birmingham_409250_289250,409250,289250,2.0,,0.6931471805599453,17500.0,8750.0,0.0,2.0,0.0,0.6931471805599453,11900.0,5950.0,2.0,0.0,0.0,,0.0,-5600.0,-32.0,persistent
Birmingham,Birmingham_409250_289500,409250,289500,1.0,0.0,-0.0,1500.0,1500.0,1.0,1.0,,-0.0,2700.0,2700.0,0.0,0.0,0.0,,0.0,1200.0,80.0,persistent
Birmingham,Birmingham_409250_289750,409250,289750,2.0,0.0,-0.0,11150.0,5575.0,1.0,4.0,0.0,-0.0,35300.0,8500.0,1.0,2.0,100.0,0.0,0.0,24150.0,216.59192825112106,intensified
Birmingham,Birmingham_409250_291250,409250,291250,1.0,0.0,-0.0,1825.0,1825.0,1.0,1.0,1.0,-0.0,,,1.0,0.0,0.0,100.0,0.0,,,persistent
Birmingham,Birmingham_409250_291750,409250,291750,5.0,0.0,0.6730116670092565,98325.0,5625.0,2.0,4.0,,0.5623351446188083,78400.0,7750.0,0.0,-1.0,-20.0,,-0.11067652239044823,-19925.0,-20.264429188914317,declined
Birmingham,Birmingham_409250_292750,409250,292750,2.0,0.0,-0.0,11550.0,5775.0,2.0,3.0,0.0,-0.0,17400.0,5800.0,1.0,1.0,50.0,0.0,0.0,5850.0,50.649350649350644,intensified
Birmingham,Birmingham_409250_293500,409250,293500,1.0,0.0,-0.0,6200.0,6200.0,1.0,1.0,0.0,-0.0,13250.0,13250.0,1.0,0.0,0.0,0.0,0.0,7050.0,113.70967741935485,persistent
Birmingham,Birmingham_409250_294000,409250,294000,8.0,0.0,-0.0,42050.0,4750.0,7.0,7.0,0.25,-0.0,76650.0,9200.0,4.0,-1.0,-12.5,25.0,0.0,34600.0,82.28299643281808,declined
Birmingham,Birmingham_409250_294500,409250,294500,1.0,,-0.0,80500.0,80500.0,0.0,1.0,,-0.0,94500.0,94500.0,0.0,0.0,0.0,,0.0,14000.0,17.391304347826086,persistent
Birmingham,Birmingham_409500_279500,409500,279500,4.0,0.0,-0.0,7150.0,3575.0,1.0,2.0,0.0,-0.0,11900.0,5950.0,1.0,-2.0,-50.0,0.0,0.0,4750.0,66.43356643356644,declined
Birmingham,Birmingham_409500_281000,409500,281000,11.0,0.0,-0.0,33350.0,3075.0,6.0,10.0,0.0,-0.0,49750.0,4625.0,6.0,-1.0,-9.090909090909092,0.0,0.0,16400.0,49.17541229385307,declined
Birmingham,Birmingham_409500_281500,409500,281500,2.0,0.0,-0.0,8100.0,4050.0,1.0,2.0,0.0,-0.0,10500.0,5250.0,1.0,0.0,0.0,0.0,0.0,2400.0,29.629629629629626,persistent
Birmingham,Birmingham_409500_281750,409500,281750,3.0,0.0,-0.0,15800.0,7900.0,1.0,2.0,0.0,-0.0,20600.0,10300.0,2.0,-1.0,-33.33333333333333,0.0,0.0,4800.0,30.37974683544304,declined
Birmingham,Birmingham_409500_282750,409500,282750,24.0,0.0,0.4563344322932884,226350.0,5800.0,15.0,24.0,0.0,0.4563344322932884,282100.0,7150.0,13.0,0.0,0.0,0.0,0.0,55750.0,24.629997791031588,persistent
Birmingham,Birmingham_409500_283000,409500,283000,125.0,0.07246376811594203,0.33422114621338295,1204550.0,8050.0,69.0,120.0,0.01694915254237288,0.3141230258900314,1982850.0,13250.0,59.0,-5.0,-4.0,-5.551461557356915,-0.020098120323351565,778300.0,64.61334108173176,declined
Birmingham,Birmingham_409500_283250,409500,283250,52.0,0.25806451612903225,0.22057003640017672,239475.0,4050.0,31.0,66.0,0.03333333333333333,-0.0,479975.0,6400.0,30.0,14.0,26.923076923076923,-22.473118279569892,-0.22057003640017672,240500.0,100.4280196262658,intensified
Birmingham,Birmingham_409500_283500,409500,283500,1.0,0.0,-0.0,1950.0,1950.0,1.0,1.0,0.0,-0.0,3650.0,3650.0,1.0,0.0,0.0,0.0,0.0,1700.0,87.17948717948718,persistent
Birmingham,Birmingham_409500_283750,409500,283750,1.0,,-0.0,15000.0,15000.0,0.0,1.0,,-0.0,15500.0,15500.0,0.0,0.0,0.0,,0.0,500.0,3.3333333333333335,persistent
Birmingham,Birmingham_409500_284000,409500,284000,23.0,0.0,0.355712859746894,317950.0,3400.0,14.0,21.0,0.0,0.3805062184775959,332500.0,6100.0,9.0,-2.0,-8.695652173913043,0.0,0.02479335873070193,14550.0,4.576191225035383,declined
Birmingham,Birmingham_409500_284250,409500,284250,2.0,0.0,-0.0,2500.0,2500.0,1.0,2.0,0.0,-0.0,14600.0,7300.0,1.0,0.0,0.0,0.0,0.0,12100.0,484.0,persistent
Birmingham,Birmingham_409500_284500,409500,284500,14.0,0.4,-0.0,64875.0,4250.0,10.0,9.0,0.0,0.34883209584303193,80400.0,6000.0,6.0,-5.0,-35.714285714285715,-40.0,0.34883209584303193,15525.0,23.930635838150287,declined
Birmingham,Birmingham_409500_285250,409500,285250,4.0,0.0,0.5623351446188083,23630.0,3400.0,3.0,3.0,0.0,0.6365141682948128,32275.0,6900.0,2.0,-1.0,-25.0,0.0,0.07417902367600449,8645.0,36.584849767245025,declined
Birmingham,Birmingham_409500_285500,409500,285500,28.0,0.08333333333333333,0.15407610367102942,118725.0,5400.0,12.0,25.0,0.07142857142857142,0.167944147734173,245000.0,10875.0,14.0,-3.0,-10.714285714285714,-1.1904761904761905,0.01386804406314357,126275.0,106.3592335228469,declined
Birmingham,Birmingham_409500_285750,409500,285750,87.0,0.0,0.12538677610657334,403910.0,5500.0,23.0,67.0,0.021739130434782608,0.2113372209411319,902450.0,8550.0,46.0,-20.0,-22.988505747126435,2.1739130434782608,0.08595044483455855,498540.0,123.4284865440321,declined
Birmingham,Birmingham_409500_286000,409500,286000,4.0,0.0,-0.0,6725.0,1925.0,2.0,3.0,0.0,-0.0,15575.0,3850.0,3.0,-1.0,-25.0,0.0,0.0,8850.0,131.59851301115242,declined
Birmingham,Birmingham_409500_286500,409500,286500,1.0,0.0,-0.0,3900.0,3900.0,1.0,1.0,,-0.0,3000.0,3000.0,0.0,0.0,0.0,,0.0,-900.0,-23.076923076923077,persistent
Birmingham,Birmingham_409500_287250,409500,287250,1.0,0.0,-0.0,7500.0,7500.0,1.0,1.0,0.0,-0.0,14000.0,14000.0,1.0,0.0,0.0,0.0,0.0,6500.0,86.66666666666667,persistent
Birmingham,Birmingham_409500_287750,409500,287750,5.0,0.0,0.5004024235381879,34050.0,8400.0,3.0,4.0,0.0,-0.0,59750.0,14625.0,4.0,-1.0,-20.0,0.0,-0.5004024235381879,25700.0,75.47723935389133,declined
Birmingham,Birmingham_409500_288000,409500,288000,49.0,0.043478260869565216,0.19882157810301943,335825.0,6900.0,23.0,48.0,0.041666666666666664,0.5140966973399506,634450.0,11000.0,24.0,-1.0,-2.0408163265306123,-0.18115942028985518,0.31527511923693113,298625.0,88.92280205464156,declined
Birmingham,Birmingham_409500_288500,409500,288500,1.0,1.0,-0.0,8900.0,8900.0,1.0,1.0,0.0,-0.0,,,1.0,0.0,0.0,-100.0,0.0,,,persistent
Birmingham,Birmingham_409500_288750,409500,288750,1.0,,-0.0,9100.0,9100.0,0.0,1.0,0.0,-0.0,10750.0,10750.0,1.0,0.0,0.0,,0.0,1650.0,18.13186813186813,persistent
Birmingham,Birmingham_409500_289500,409500,289500,3.0,0.5,0.6365141682948128,3200.0,3200.0,2.0,1.0,,-0.0,5700.0,5700.0,0.0,-2.0,-66.66666666666666,,-0.6365141682948128,2500.0,78.125,declined
Birmingham,Birmingham_409500_289750,409500,289750,1.0,0.0,-0.0,15500.0,15500.0,1.0,1.0,,-0.0,25000.0,25000.0,0.0,0.0,0.0,,0.0,9500.0,61.29032258064516,persistent
Birmingham,Birmingham_409500_290000,409500,290000,2.0,0.0,-0.0,9250.0,4625.0,1.0,2.0,0.0,-0.0,10450.0,5225.0,1.0,0.0,0.0,0.0,0.0,1200.0,12.972972972972974,persistent
Birmingham,Birmingham_409500_290250,409500,290250,1.0,,-0.0,,,0.0,0.0,,,,,,-1.0,-100.0,,,,,disappeared
Birmingham,Birmingham_409500_290500,409500,290500,2.0,0.0,-0.0,4900.0,2450.0,2.0,1.0,0.0,-0.0,5200.0,5200.0,1.0,-1.0,-50.0,0.0,0.0,300.0,6.122448979591836,declined
Birmingham,Birmingham_409500_290750,409500,290750,1.0,,-0.0,1550.0,1550.0,0.0,1.0,0.0,-0.0,2200.0,2200.0,1.0,0.0,0.0,,0.0,650.0,41.935483870967744,persistent
Birmingham,Birmingham_409500_291000,409500,291000,3.0,0.0,-0.0,4175.0,2087.5,1.0,2.0,0.0,-0.0,7800.0,3900.0,2.0,-1.0,-33.33333333333333,0.0,0.0,3625.0,86.82634730538922,declined
Birmingham,Birmingham_409500_291250,409500,291250,1.0,,-0.0,,,0.0,0.0,,,,,,-1.0,-100.0,,,,,disappeared
Birmingham,Birmingham_409500_291500,409500,291500,3.0,0.0,0.6365141682948128,14100.0,7050.0,1.0,2.0,0.0,0.6931471805599453,32200.0,16100.0,1.0,-1.0,-33.33333333333333,0.0,0.05663301226513251,18100.0,128.36879432624113,declined
Birmingham,Birmingham_409500_291750,409500,291750,32.0,0.038461538461538464,0.13906079845474112,153600.0,4800.0,26.0,28.0,0.0,0.15407610367102942,272750.0,8600.0,14.0,-4.0,-12.5,-3.8461538461538463,0.0150153052162883,119150.0,77.57161458333334,declined
Birmingham,Birmingham_409500_292000,409500,292000,1.0,0.0,-0.0,5000.0,5000.0,1.0,1.0,,-0.0,6100.0,6100.0,0.0,0.0,0.0,,0.0,1100.0,22.0,persistent
Birmingham,Birmingham_409500_292500,409500,292500,16.0,0.0,0.2337916587064593,84900.0,5075.0,11.0,15.0,0.0,0.24493002679463532,112000.0,7700.0,5.0,-1.0,-6.25,0.0,0.011138368088176032,27100.0,31.919905771495877,declined
Birmingham,Birmingham_409500_292750,409500,292750,4.0,0.0,0.5623351446188083,18800.0,9400.0,1.0,2.0,0.0,-0.0,25600.0,12800.0,1.0,-2.0,-50.0,0.0,-0.5623351446188083,6800.0,36.17021276595745,declined
Birmingham,Birmingham_409500_294250,409500,294250,20.0,0.1,0.3250829733914482,475050.0,15500.0,10.0,16.0,0.0,0.2337916587064593,547300.0,17250.0,4.0,-4.0,-20.0,-10.0,-0.09129131468498891,72250.0,15.20892537627618,declined
Birmingham,Birmingham_409500_294500,409500,294500,54.0,0.10344827586206896,1.002303097633929,2766150.0,7600.0,29.0,43.0,0.0,1.0745569610633976,2260250.0,9900.0,27.0,-11.0,-20.37037037037037,-10.344827586206897,0.07225386342946849,-505900.0,-18.288957576414873,declined
Birmingham,Birmingham_409500_294750,409500,294750,11.0,0.0,0.47413931305783735,3051750.0,113000.0,3.0,11.0,0.0,0.5859526183035508,2362250.0,61000.0,4.0,0.0,0.0,0.0,0.11181330524571348,-689500.0,-22.593593839600228,persistent
Birmingham,Birmingham_409500_295000,409500,295000,7.0,0.0,-0.0,36800.0,6200.0,5.0,6.0,0.0,-0.0,46200.0,7800.0,1.0,-1.0,-14.285714285714285,0.0,0.0,9400.0,25.543478260869566,declined
Birmingham,Birmingham_409750_279500,409750,279500,8.0,0.0,-0.0,25750.0,3350.0,6.0,7.0,0.0,-0.0,39650.0,6000.0,2.0,-1.0,-12.5,0.0,0.0,13900.0,53.980582524271846,declined
Birmingham,Birmingham_409750_280250,409750,280250,17.0,0.0,0.5783252866601273,100300.0,4150.0,11.0,15.0,0.0,0.6277052571971504,100800.0,5600.0,13.0,-2.0,-11.76470588235294,0.0,0.04937997053702314,500.0,0.4985044865403789,declined
Birmingham,Birmingham_409750_281000,409750,281000,5.0,0.0,0.5004024235381879,17950.0,2550.0,3.0,5.0,0.0,0.5004024235381879,24500.0,4250.0,3.0,0.0,0.0,0.0,0.0,6550.0,36.49025069637883,persistent
Birmingham,Birmingham_409750_281500,409750,281500,2.0,0.0,-0.0,8800.0,4400.0,1.0,2.0,0.0,-0.0,11500.0,5750.0,1.0,0.0,0.0,0.0,0.0,2700.0,30.681818181818183,persistent
Birmingham,Birmingham_409750_281750,409750,281750,1.0,0.0,-0.0,5000.0,5000.0,1.0,1.0,0.0,-0.0,6700.0,6700.0,1.0,0.0,0.0,0.0,0.0,1700.0,34.0,persistent
Birmingham,Birmingham_409750_282750,409750,282750,24.0,0.125,-0.0,174850.0,6100.0,16.0,25.0,0.0,-0.0,292750.0,9400.0,9.0,1.0,4.166666666666666,-12.5,0.0,117900.0,67.4292250500429,intensified
Birmingham,Birmingham_409750_283250,409750,283250,4.0,0.0,-0.0,17150.0,3975.0,4.0,4.0,0.3333333333333333,-0.0,34400.0,7950.0,3.0,0.0,0.0,33.33333333333333,0.0,17250.0,100.58309037900874,persistent
Birmingham,Birmingham_409750_284000,409750,284000,7.0,0.5,0.6829081047004717,44000.0,6750.0,2.0,5.0,0.3333333333333333,0.9502705392332347,59150.0,10250.0,3.0,-2.0,-28.57142857142857,-16.666666666666668,0.267362434532763,15150.0,34.43181818181818,declined
Birmingham,Birmingham_409750_284500,409750,284500,1.0,0.0,-0.0,5900.0,5900.0,1.0,1.0,,-0.0,7700.0,7700.0,0.0,0.0,0.0,,0.0,1800.0,30.508474576271187,persistent
Birmingham,Birmingham_409750_285500,409750,285500,63.0,0.075,0.302483876366813,420070.0,6000.0,40.0,66.0,0.037037037037037035,0.21383986136299446,1016825.0,13250.0,27.0,3.0,4.761904761904762,-3.7962962962962963,-0.08864401500381855,596755.0,142.0608470016902,intensified
Birmingham,Birmingham_409750_285750,409750,285750,15.0,0.0,0.39267446722755217,36775.0,2725.0,10.0,13.0,0.0,0.2711893730418441,81700.0,5500.0,6.0,-2.0,-13.333333333333334,0.0,-0.12148509418570808,44925.0,122.1617946974847,declined
Birmingham,Birmingham_409750_286000,409750,286000,7.0,0.0,0.5982695885852573,21800.0,5600.0,3.0,5.0,0.3333333333333333,0.5004024235381879,40550.0,7000.0,3.0,-2.0,-28.57142857142857,33.33333333333333,-0.09786716504706938,18750.0,86.0091743119266,declined
Birmingham,Birmingham_409750_286250,409750,286250,3.0,0.0,0.6365141682948128,19400.0,6600.0,2.0,2.0,0.0,0.6931471805599453,15200.0,7600.0,2.0,-1.0,-33.33333333333333,0.0,0.05663301226513251,-4200.0,-21.649484536082475,declined
Birmingham,Birmingham_409750_286500,409750,286500,39.0,0.08,0.23781901105692071,174760.0,3500.0,25.0,40.0,0.0,0.49029326913593657,266500.0,6000.0,21.0,1.0,2.564102564102564,-8.0,0.25247425807901586,91740.0,52.49485008010987,intensified
Birmingham,Birmingham_409750_286750,409750,286750,19.0,0.14285714285714285,0.336495757583516,68305.0,3400.0,14.0,16.0,0.07142857142857142,0.2337916587064593,78095.0,4100.0,14.0,-3.0,-15.789473684210526,-7.142857142857142,-0.10270409887705673,9790.0,14.332772125027452,declined
Birmingham,Birmingham_409750_287000,409750,287000,1.0,0.0,-0.0,6700.0,6700.0,1.0,1.0,,-0.0,,,0.0,0.0,0.0,,0.0,,,persistent
Birmingham,Birmingham_409750_287250,409750,287250,8.0,0.5,0.37677016125643675,17375.0,2150.0,6.0,6.0,0.0,-0.0,22500.0,2875.0,4.0,-2.0,-25.0,-50.0,-0.37677016125643675,5125.0,29.496402877697843,declined
Birmingham,Birmingham_409750_287500,409750,287500,3.0,0.0,-0.0,3575.0,1787.5,2.0,2.0,0.0,-0.0,5950.0,2975.0,2.0,-1.0,-33.33333333333333,0.0,0.0,2375.0,66.43356643356644,declined
Birmingham,Birmingham_409750_288000,409750,288000,84.0,0.017857142857142856,0.19144408195771734,724950.0,8600.0,56.0,95.0,0.0,0.14018861839510885,1614150.0,14250.0,46.0,11.0,13.095238095238097,-1.7857142857142856,-0.05125546356260849,889200.0,122.65673494723774,intensified
Birmingham,Birmingham_409750_288250,409750,288250,2.0,0.0,-0.0,13100.0,6550.0,2.0,4.0,0.0,1.0397207708399179,100250.0,22625.0,2.0,2.0,100.0,0.0,1.0397207708399179,87150.0,665.267175572519,intensified
Birmingham,Birmingham_409750_288500,409750,288500,1.0,0.0,-0.0,3650.0,3650.0,1.0,1.0,,-0.0,6000.0,6000.0,0.0,0.0,0.0,,0.0,2350.0,64.38356164383562,persistent
Birmingham,Birmingham_409750_289250,409750,289250,31.0,0.17647058823529413,0.8111413280190134,924750.0,36500.0,17.0,22.0,0.0,0.6765259604934999,924050.0,42500.0,5.0,-9.0,-29.03225806451613,-17.647058823529413,-0.1346153675255135,-700.0,-0.07569613409029467,declined
Birmingham,Birmingham_409750_289500,409750,289500,2.0,0.0,-0.0,877000.0,438500.0,1.0,3.0,0.0,1.0986122886681096,201750.0,36750.0,2.0,1.0,50.0,0.0,1.0986122886681096,-675250.0,-76.99543899657925,intensified
Birmingham,Birmingham_409750_290000,409750,290000,2.0,0.0,0.6931471805599453,38050.0,19025.0,2.0,1.0,,-0.0,12250.0,12250.0,0.0,-1.0,-50.0,,-0.6931471805599453,-25800.0,-67.80551905387647,declined
Birmingham,Birmingham_409750_290250,409750,290250,1.0,,-0.0,23750.0,23750.0,0.0,0.0,,,,,,-1.0,-100.0,,,,,disappeared
Birmingham,Birmingham_409750_290500,409750,290500,15.0,0.16666666666666666,0.39267446722755217,63590.0,4150.0,6.0,11.0,0.0,0.30463609734923813,62600.0,6200.0,6.0,-4.0,-26.666666666666668,-16.666666666666664,-0.08803836987831404,-990.0,-1.5568485610945118,declined
Birmingham,Birmingham_409750_290750,409750,290750,36.0,0.06666666666666667,0.12693054534140227,97480.0,3050.0,15.0,32.0,0.11764705882352941,0.13906079845474112,148000.0,4775.0,17.0,-4.0,-11.11111111111111,5.098039215686274,0.012130253113338846,50520.0,51.82601559294214,declined
Birmingham,Birmingham_409750_291000,409750,291000,31.0,0.05,0.23921709381651282,117525.0,2900.0,20.0,32.0,0.09523809523809523,0.2337916587064593,202025.0,4825.0,21.0,1.0,3.225806451612903,4.523809523809523,-0.005425435110053528,84500.0,71.89959583067433,intensified
Birmingham,Birmingham_409750_291250,409750,291250,3.0,0.0,-0.0,8750.0,3250.0,2.0,3.0,0.0,-0.0,14300.0,5100.0,2.0,0.0,0.0,0.0,0.0,5550.0,63.42857142857142,persistent
Birmingham,Birmingham_409750_291750,409750,291750,8.0,0.0,-0.0,90750.0,6600.0,7.0,11.0,0.0,-0.0,132050.0,6950.0,2.0,3.0,37.5,0.0,0.0,41300.0,45.50964187327824,intensified
Birmingham,Birmingham_409750_292000,409750,292000,7.0,0.0,-0.0,98925.0,7750.0,3.0,4.0,0.0,-0.0,112200.0,10675.0,4.0,-3.0,-42.857142857142854,0.0,0.0,13275.0,13.419257012888552,declined
Birmingham,Birmingham_409750_292500,409750,292500,4.0,0.0,-0.0,12850.0,1750.0,1.0,4.0,0.0,-0.0,16175.0,2587.5,4.0,0.0,0.0,0.0,0.0,3325.0,25.87548638132296,persistent
Birmingham,Birmingham_409750_293250,409750,293250,1.0,,-0.0,5500.0,5500.0,0.0,1.0,0.0,-0.0,7600.0,7600.0,1.0,0.0,0.0,,0.0,2100.0,38.18181818181819,persistent
Birmingham,Birmingham_409750_294250,409750,294250,9.0,0.0,0.6837389058487535,869800.0,6600.0,6.0,10.0,0.0,0.639031859650177,701500.0,9200.0,5.0,1.0,11.11111111111111,0.0,-0.04470704619857657,-168300.0,-19.3492756955622,intensified
Birmingham,Birmingham_409750_294500,409750,294500,1.0,,-0.0,9900.0,9900.0,0.0,1.0,,-0.0,21750.0,21750.0,0.0,0.0,0.0,,0.0,11850.0,119.6969696969697,persistent
Birmingham,Birmingham_410000_279250,410000,279250,4.0,0.0,-0.0,14400.0,5000.0,1.0,3.0,0.0,-0.0,26450.0,9200.0,3.0,-1.0,-25.0,0.0,0.0,12050.0,83.68055555555556,declined
Birmingham,Birmingham_410000_280500,410000,280500,1.0,1.0,-0.0,4900.0,4900.0,1.0,1.0,,-0.0,6600.0,6600.0,0.0,0.0,0.0,,0.0,1700.0,34.69387755102041,persistent
Birmingham,Birmingham_410000_280750,410000,280750,1.0,0.0,-0.0,8300.0,8300.0,1.0,1.0,0.0,-0.0,12250.0,12250.0,1.0,0.0,0.0,0.0,0.0,3950.0,47.59036144578313,persistent
Birmingham,Birmingham_410000_282500,410000,282500,5.0,0.0,-0.0,17725.0,3400.0,3.0,6.0,0.0,-0.0,36850.0,5700.0,2.0,1.0,20.0,0.0,0.0,19125.0,107.89844851904091,intensified
Birmingham,Birmingham_410000_282750,410000,282750,6.0,0.0,0.8675632284814612,48675.0,4150.0,2.0,5.0,1.0,0.5004024235381879,18625.0,3550.0,1.0,-1.0,-16.666666666666664,100.0,-0.3671608049432733,-30050.0,-61.73600410888547,declined
Birmingham,Birmingham_410000_283750,410000,283750,9.0,0.0,0.34883209584303193,34500.0,4150.0,5.0,8.0,0.0,0.5623351446188083,86150.0,4875.0,4.0,-1.0,-11.11111111111111,0.0,0.21350304877577636,51650.0,149.71014492753622,declined
Birmingham,Birmingham_410000_284000,410000,284000,3.0,0.0,-0.0,16200.0,8100.0,2.0,3.0,0.0,-0.0,26000.0,13000.0,1.0,0.0,0.0,0.0,0.0,9800.0,60.49382716049383,persistent
Birmingham,Birmingham_410000_284750,410000,284750,1.0,,-0.0,,,0.0,0.0,,,,,,-1.0,-100.0,,,,,disappeared
Birmingham,Birmingham_410000_285500,410000,285500,65.0,0.021739130434782608,0.37301104528012874,351400.0,6200.0,46.0,62.0,0.0,0.41422321384689104,894650.0,12500.0,37.0,-3.0,-4.615384615384616,-2.1739130434782608,0.0412121685667623,543250.0,154.59590210586228,declined
Birmingham,Birmingham_410000_285750,410000,285750,1.0,0.0,-0.0,3500.0,3500.0,1.0,2.0,0.0,-0.0,20450.0,10225.0,2.0,1.0,100.0,0.0,0.0,16950.0,484.2857142857143,intensified
Birmingham,Birmingham_410000_286000,410000,286000,44.0,0.041666666666666664,0.21641408919322774,156950.0,4100.0,24.0,33.0,0.0,0.2706407936167973,207550.0,5800.0,23.0,-11.0,-25.0,-4.166666666666666,0.05422670442356958,50600.0,32.23956674100032,declined
Birmingham,Birmingham_410000_286250,410000,286250,8.0,0.0,-0.0,41650.0,4350.0,8.0,11.0,0.0,-0.0,59350.0,4950.0,7.0,3.0,37.5,0.0,0.0,17700.0,42.49699879951981,intensified
Birmingham,Birmingham_410000_286500,410000,286500,21.0,0.09090909090909091,1.1424720168028526,302400.0,4800.0,11.0,20.0,0.0,1.122372129066931,406000.0,7000.0,15.0,-1.0,-4.761904761904762,-9.090909090909092,-0.02009988773592153,103600.0,34.25925925925926,declined
Birmingham,Birmingham_410000_286750,410000,286750,4.0,0.5,0.5623351446188083,7650.0,1450.0,2.0,6.0,0.0,0.45056120886630463,34550.0,6000.0,2.0,2.0,50.0,-50.0,-0.11177393575250366,26900.0,351.63398692810455,intensified
Birmingham,Birmingham_410000_287250,410000,287250,1.0,,-0.0,1300.0,1300.0,0.0,1.0,0.0,-0.0,1925.0,1925.0,1.0,0.0,0.0,,0.0,625.0,48.07692307692308,persistent
Birmingham,Birmingham_410000_287500,410000,287500,3.0,,-0.0,4500.0,1275.0,0.0,4.0,0.0,-0.0,17675.0,2825.0,3.0,1.0,33.33333333333333,,0.0,13175.0,292.77777777777777,intensified
Birmingham,Birmingham_410000_287750,410000,287750,77.0,0.02,0.3667186523220083,684675.0,8400.0,50.0,99.0,0.0,0.2252725069238836,1428550.0,12375.0,51.0,22.0,28.57142857142857,-2.0,-0.1414461453981247,743875.0,108.64643809106511,intensified
Birmingham,Birmingham_410000_288000,410000,288000,7.0,0.0,-0.0,32525.0,5600.0,6.0,9.0,0.0,0.34883209584303193,139750.0,13500.0,5.0,2.0,28.57142857142857,0.0,0.34883209584303193,107225.0,329.6694850115296,intensified
Birmingham,Birmingham_410000_288250,410000,288250,3.0,0.0,-0.0,9700.0,2500.0,1.0,3.0,0.0,-0.0,16250.0,4150.0,1.0,0.0,0.0,0.0,0.0,6550.0,67.5257731958763,persistent
Birmingham,Birmingham_410000_288500,410000,288500,29.0,0.0,0.2987580581893401,102725.0,3575.0,15.0,27.0,0.0,0.3153962874226617,217250.0,6500.0,22.0,-2.0,-6.896551724137931,0.0,0.01663822923332159,114525.0,111.48697980043806,declined
Birmingham,Birmingham_410000_289250,410000,289250,20.0,0.0,0.1985152433458726,643900.0,21750.0,2.0,1.0,,-0.0,332500.0,332500.0,0.0,-19.0,-95.0,,-0.1985152433458726,-311400.0,-48.361546824041,declined
Birmingham,Birmingham_410000_289750,410000,289750,9.0,0.0,-0.0,4350.0,1065.0,4.0,4.0,0.0,-0.0,6250.0,1700.0,4.0,-5.0,-55.55555555555556,0.0,0.0,1900.0,43.67816091954023,declined
Birmingham,Birmingham_410000_291000,410000,291000,3.0,0.0,-0.0,5150.0,1975.0,3.0,3.0,,-0.0,2075.0,2075.0,0.0,0.0,0.0,,0.0,-3075.0,-59.70873786407766,persistent
Birmingham,Birmingham_410000_293000,410000,293000,4.0,0.0,0.5623351446188083,10750.0,5375.0,1.0,1.0,0.0,-0.0,15750.0,15750.0,1.0,-3.0,-75.0,0.0,-0.5623351446188083,5000.0,46.51162790697674,declined
Birmingham,Birmingham_410000_293250,410000,293250,3.0,0.0,-0.0,7000.0,3500.0,2.0,3.0,0.0,-0.0,14900.0,4700.0,1.0,0.0,0.0,0.0,0.0,7900.0,112.85714285714286,persistent
Birmingham,Birmingham_410000_294000,410000,294000,1.0,0.0,-0.0,52500.0,52500.0,1.0,1.0,0.0,-0.0,63000.0,63000.0,1.0,0.0,0.0,0.0,0.0,10500.0,20.0,persistent
Birmingham,Birmingham_410000_297750,410000,297750,1.0,0.0,-0.0,16500.0,16500.0,1.0,0.0,,,,,,-1.0,-100.0,,,,,disappeared
Birmingham,Birmingham_410250_279500,410250,279500,1.0,0.0,-0.0,18750.0,18750.0,1.0,1.0,0.0,-0.0,31000.0,31000.0,1.0,0.0,0.0,0.0,0.0,12250.0,65.33333333333333,persistent
Birmingham,Birmingham_410250_279750,410250,279750,2.0,,-0.0,5200.0,2600.0,0.0,2.0,0.0,-0.0,4200.0,4200.0,1.0,0.0,0.0,,0.0,-1000.0,-19.230769230769234,persistent
Birmingham,Birmingham_410250_280500,410250,280500,11.0,0.25,-0.0,111150.0,6600.0,4.0,12.0,0.0,-0.0,137600.0,7600.0,5.0,1.0,9.090909090909092,-25.0,0.0,26450.0,23.796671165092217,intensified
Birmingham,Birmingham_410250_280750,410250,280750,15.0,0.07142857142857142,-0.0,84125.0,5000.0,14.0,14.0,0.0,-0.0,97625.0,6150.0,8.0,-1.0,-6.666666666666667,-7.142857142857142,0.0,13500.0,16.047548291233284,declined
Birmingham,Birmingham_410250_282000,410250,282000,21.0,0.0,0.7751292747786217,768350.0,8000.0,12.0,17.0,0.0,0.5783252866601273,551100.0,14000.0,8.0,-4.0,-19.047619047619047,0.0,-0.19680398811849442,-217250.0,-28.274874731567646,declined
Birmingham,Birmingham_410250_282250,410250,282250,52.0,0.03225806451612903,0.5958146419365805,482950.0,8300.0,31.0,48.0,0.0,0.6787856051972713,817950.0,14125.0,22.0,-4.0,-7.6923076923076925,-3.225806451612903,0.08297096326069076,335000.0,69.36535873278807,declined
Birmingham,Birmingham_410250_282500,410250,282500,4.0,0.0,-0.0,8800.0,3100.0,2.0,3.0,0.0,-0.0,14450.0,5100.0,1.0,-1.0,-25.0,0.0,0.0,5650.0,64.20454545454545,declined
Birmingham,Birmingham_410250_282750,410250,282750,2.0,0.0,-0.0,6725.0,3362.5,2.0,2.0,0.0,-0.0,12200.0,6100.0,1.0,0.0,0.0,0.0,0.0,5475.0,81.41263940520446,persistent
Birmingham,Birmingham_410250_283250,410250,283250,1.0,,-0.0,3550.0,3550.0,0.0,1.0,0.0,-0.0,7200.0,7200.0,1.0,0.0,0.0,,0.0,3650.0,102.8169014084507,persistent
Birmingham,Birmingham_410250_283500,410250,283500,6.0,0.3333333333333333,0.45056120886630463,9275.0,1925.0,3.0,5.0,0.25,0.5004024235381879,106600.0,3650.0,4.0,-1.0,-16.666666666666664,-8.333333333333332,0.04984121467188324,97325.0,1049.3261455525608,declined
Birmingham,Birmingham_410250_283750,410250,283750,11.0,0.0,-0.0,25200.0,2600.0,7.0,9.0,0.0,-0.0,42100.0,4725.0,4.0,-2.0,-18.181818181818183,0.0,0.0,16900.0,67.06349206349206,declined
Birmingham,Birmingham_410250_284000,410250,284000,1.0,0.0,-0.0,1025.0,1025.0,1.0,1.0,0.0,-0.0,2475.0,2475.0,1.0,0.0,0.0,0.0,0.0,1450.0,141.46341463414635,persistent
Birmingham,Birmingham_410250_284750,410250,284750,3.0,0.3333333333333333,0.6365141682948128,144075.0,2150.0,3.0,3.0,,0.6365141682948128,218300.0,2800.0,0.0,0.0,0.0,,0.0,74225.0,51.5183064376193,persistent
Birmingham,Birmingham_410250_285000,410250,285000,3.0,0.0,-0.0,8125.0,4062.5,1.0,1.0,,-0.0,8700.0,8700.0,0.0,-2.0,-66.66666666666666,,0.0,575.0,7.076923076923077,declined
Birmingham,Birmingham_410250_285250,410250,285250,17.0,0.15384615384615385,0.5783252866601273,131950.0,4950.0,13.0,26.0,0.18181818181818182,0.32450838693107065,358950.0,9725.0,11.0,9.0,52.94117647058824,2.7972027972027966,-0.25381689972905663,227000.0,172.0348616900341,intensified
Birmingham,Birmingham_410250_285500,410250,285500,1.0,,-0.0,7700.0,7700.0,0.0,3.0,,-0.0,36150.0,10000.0,0.0,2.0,200.0,,0.0,28450.0,369.4805194805195,intensified
Birmingham,Birmingham_410250_286000,410250,286000,2.0,0.0,-0.0,6400.0,6400.0,1.0,1.0,,-0.0,15500.0,15500.0,0.0,-1.0,-50.0,,0.0,9100.0,142.1875,declined
Birmingham,Birmingham_410250_286250,410250,286250,23.0,0.08333333333333333,0.17884491271684755,84600.0,4625.0,12.0,18.0,0.0,-0.0,93875.0,4700.0,12.0,-5.0,-21.73913043478261,-8.333333333333332,-0.17884491271684755,9275.0,10.963356973995273,declined
Birmingham,Birmingham_410250_286500,410250,286500,9.0,0.0,0.9649629230074277,306700.0,5200.0,5.0,7.0,0.25,0.9556998911125343,400600.0,9300.0,4.0,-2.0,-22.22222222222222,25.0,-0.009263031894893414,93900.0,30.61623736550375,declined
Birmingham,Birmingham_410250_287000,410250,287000,2.0,0.0,-0.0,5700.0,2850.0,2.0,4.0,0.0,-0.0,12700.0,2800.0,3.0,2.0,100.0,0.0,0.0,7000.0,122.80701754385966,intensified
Birmingham,Birmingham_410250_287250,410250,287250,11.0,0.0,0.30463609734923813,19300.0,2212.5,5.0,9.0,0.25,0.34883209584303193,32425.0,2750.0,4.0,-2.0,-18.181818181818183,25.0,0.0441959984937938,13125.0,68.00518134715026,declined
Birmingham,Birmingham_410250_287500,410250,287500,4.0,0.0,0.5623351446188083,51900.0,8375.0,3.0,4.0,0.0,0.5623351446188083,60850.0,9950.0,4.0,0.0,0.0,0.0,0.0,8950.0,17.24470134874759,persistent
Birmingham,Birmingham_410250_287750,410250,287750,63.0,0.0,0.24375895284667493,391175.0,6200.0,42.0,91.0,0.020833333333333332,0.16589319843770653,837325.0,8550.0,48.0,28.0,44.44444444444444,2.083333333333333,-0.0778657544089684,446150.0,114.0538122323768,intensified
Birmingham,Birmingham_410250_288000,410250,288000,5.0,0.5,-0.0,10525.0,1550.0,4.0,5.0,0.0,-0.0,17425.0,2550.0,3.0,0.0,0.0,-50.0,0.0,6900.0,65.55819477434679,persistent
Birmingham,Birmingham_410250_288500,410250,288500,3.0,0.0,0.6365141682948128,450000.0,450000.0,1.0,1.0,,-0.0,427500.0,427500.0,0.0,-2.0,-66.66666666666666,,-0.6365141682948128,-22500.0,-5.0,declined
Birmingham,Birmingham_410250_291500,410250,291500,4.0,0.0,-0.0,5050.0,1875.0,3.0,3.0,0.0,-0.0,9725.0,3600.0,2.0,-1.0,-25.0,0.0,0.0,4675.0,92.57425742574257,declined
Birmingham,Birmingham_410250_292250,410250,292250,1.0,0.0,-0.0,2300.0,2300.0,1.0,1.0,,-0.0,2850.0,2850.0,0.0,0.0,0.0,,0.0,550.0,23.91304347826087,persistent
Birmingham,Birmingham_410250_293500,410250,293500,3.0,0.3333333333333333,0.6365141682948128,38100.0,9500.0,3.0,3.0,0.0,0.6365141682948128,22350.0,11175.0,1.0,0.0,0.0,-33.33333333333333,0.0,-15750.0,-41.338582677165356,persistent
Birmingham,Birmingham_410250_293750,410250,293750,7.0,0.0,-0.0,25825.0,3100.0,4.0,7.0,0.0,-0.0,35200.0,5000.0,6.0,0.0,0.0,0.0,0.0,9375.0,36.30203291384318,persistent
Birmingham,Birmingham_410250_294500,410250,294500,1.0,0.0,-0.0,6900.0,6900.0,1.0,1.0,,-0.0,9400.0,9400.0,0.0,0.0,0.0,,0.0,2500.0,36.231884057971016,persistent
Birmingham,Birmingham_410250_299000,410250,299000,17.0,0.0,0.22371807606583377,334650.0,8100.0,8.0,15.0,0.0,0.24493002679463532,331300.0,13500.0,13.0,-2.0,-11.76470588235294,0.0,0.021211950728801554,-3350.0,-1.0010458688181683,declined
Birmingham,Birmingham_410250_300000,410250,300000,12.0,0.0,-0.0,58350.0,5650.0,8.0,10.0,0.0,-0.0,91400.0,8900.0,8.0,-2.0,-16.666666666666664,0.0,0.0,33050.0,56.64095972579263,declined
Birmingham,Birmingham_410500_279500,410500,279500,26.0,0.15,-0.0,115950.0,4250.0,20.0,21.0,0.0,-0.0,185600.0,6900.0,13.0,-5.0,-19.230769230769234,-15.0,0.0,69650.0,60.06899525657611,declined
Birmingham,Birmingham_410500_280500,410500,280500,1.0,1.0,-0.0,1375.0,1375.0,1.0,1.0,0.0,-0.0,2175.0,2175.0,1.0,0.0,0.0,-100.0,0.0,800.0,58.18181818181818,persistent
Birmingham,Birmingham_410500_280750,410500,280750,3.0,1.0,0.6365141682948128,11050.0,5525.0,2.0,2.0,0.0,-0.0,28225.0,14112.5,1.0,-1.0,-33.33333333333333,-100.0,-0.6365141682948128,17175.0,155.42986425339367,declined
Birmingham,Birmingham_410500_281250,410500,281250,5.0,0.0,-0.0,64450.0,6200.0,5.0,5.0,0.0,-0.0,111500.0,12500.0,2.0,0.0,0.0,0.0,0.0,47050.0,73.00232738557021,persistent
Birmingham,Birmingham_410500_281500,410500,281500,1.0,0.0,-0.0,110000.0,110000.0,1.0,1.0,,-0.0,,,0.0,0.0,0.0,,0.0,,,persistent
Birmingham,Birmingham_410500_281750,410500,281750,19.0,0.0,0.20619205063323187,88150.0,4900.0,10.0,13.0,0.0,0.2711893730418441,145850.0,8000.0,8.0,-6.0,-31.57894736842105,0.0,0.06499732240861222,57700.0,65.45660805445263,declined
Birmingham,Birmingham_410500_282000,410500,282000,8.0,0.0,-0.0,105000.0,10750.0,5.0,7.0,0.0,0.410116318288409,133700.0,13000.0,2.0,-1.0,-12.5,0.0,0.410116318288409,28700.0,27.333333333333332,declined
Birmingham,Birmingham_410500_282250,410500,282250,1.0,0.0,-0.0,2075.0,2075.0,1.0,1.0,0.0,-0.0,2200.0,2200.0,1.0,0.0,0.0,0.0,0.0,125.0,6.024096385542169,persistent
Birmingham,Birmingham_410500_282500,410500,282500,9.0,0.0,0.6837389058487535,105000.0,6800.0,5.0,9.0,0.0,0.6837389058487535,151400.0,8575.0,2.0,0.0,0.0,0.0,0.0,46400.0,44.19047619047619,persistent
Birmingham,Birmingham_410500_282750,410500,282750,3.0,0.0,-0.0,26100.0,7500.0,2.0,3.0,0.0,-0.0,40800.0,12250.0,2.0,0.0,0.0,0.0,0.0,14700.0,56.32183908045977,persistent
Birmingham,Birmingham_410500_283000,410500,283000,5.0,0.0,-0.0,8000.0,4000.0,2.0,1.0,,-0.0,9400.0,9400.0,0.0,-4.0,-80.0,,0.0,1400.0,17.5,declined
Birmingham,Birmingham_410500_283500,410500,283500,1.0,,-0.0,,,0.0,0.0,,,,,,-1.0,-100.0,,,,,disappeared
Birmingham,Birmingham_410500_283750,410500,283750,14.0,0.0,0.509137344082687,51800.0,3725.0,6.0,12.0,0.0,0.2868359830561607,111950.0,7000.0,5.0,-2.0,-14.285714285714285,0.0,-0.22230136102652626,60150.0,116.11969111969111,declined
Birmingham,Birmingham_410500_285250,410500,285250,13.0,0.2222222222222222,-0.0,49550.0,4700.0,9.0,10.0,0.0,-0.0,116050.0,11250.0,7.0,-3.0,-23.076923076923077,-22.22222222222222,0.0,66500.0,134.20787083753785,declined
Birmingham,Birmingham_410500_285750,410500,285750,2.0,0.0,-0.0,2350.0,1175.0,1.0,2.0,0.0,-0.0,12050.0,6025.0,2.0,0.0,0.0,0.0,0.0,9700.0,412.7659574468085,persistent
Birmingham,Birmingham_410500_286000,410500,286000,2.0,0.0,-0.0,5525.0,2762.5,2.0,2.0,0.0,-0.0,13500.0,6750.0,2.0,0.0,0.0,0.0,0.0,7975.0,144.34389140271492,persistent
Birmingham,Birmingham_410500_286250,410500,286250,12.0,0.0,-0.0,120450.0,4800.0,7.0,17.0,0.16666666666666666,0.22371807606583377,158300.0,6100.0,6.0,5.0,41.66666666666667,16.666666666666664,0.22371807606583377,37850.0,31.423827314238274,intensified
Birmingham,Birmingham_410500_286500,410500,286500,30.0,0.05263157894736842,0.1461447460085638,108250.0,3700.0,19.0,31.0,0.05555555555555555,0.1425058673927378,215130.0,5500.0,18.0,1.0,3.3333333333333335,0.29239766081871343,-0.0036388786158260134,106880.0,98.73441108545035,intensified
Birmingham,Birmingham_410500_287000,410500,287000,1.0,0.0,-0.0,2700.0,2700.0,1.0,1.0,0.0,-0.0,4850.0,4850.0,1.0,0.0,0.0,0.0,0.0,2150.0,79.62962962962963,persistent
Birmingham,Birmingham_410500_287500,410500,287500,2.0,0.5,-0.0,3650.0,1825.0,2.0,2.0,0.0,-0.0,6075.0,3037.5,2.0,0.0,0.0,-50.0,0.0,2425.0,66.43835616438356,persistent
Birmingham,Birmingham_410500_287750,410500,287750,17.0,0.07692307692307693,0.362210557135449,96900.0,5800.0,13.0,19.0,0.0,-0.0,241950.0,12750.0,14.0,2.0,11.76470588235294,-7.6923076923076925,-0.362210557135449,145050.0,149.69040247678018,intensified
Birmingham,Birmingham_410500_288250,410500,288250,3.0,0.0,-0.0,9175.0,4587.5,1.0,2.0,0.5,-0.0,15350.0,7675.0,2.0,-1.0,-33.33333333333333,50.0,0.0,6175.0,67.30245231607628,declined
Birmingham,Birmingham_410500_288750,410500,288750,3.0,0.0,0.6365141682948128,13500.0,3150.0,2.0,1.0,0.0,-0.0,2900.0,2900.0,1.0,-2.0,-66.66666666666666,0.0,-0.6365141682948128,-10600.0,-78.51851851851852,declined
Birmingham,Birmingham_410500_290000,410500,290000,6.0,0.0,-0.0,19750.0,2650.0,5.0,6.0,0.0,-0.0,41975.0,5700.0,4.0,0.0,0.0,0.0,0.0,22225.0,112.53164556962025,persistent
Birmingham,Birmingham_410500_291000,410500,291000,1.0,1.0,-0.0,0.0,0.0,1.0,2.0,0.0,-0.0,3900.0,1950.0,2.0,1.0,100.0,-100.0,0.0,3900.0,,intensified
Birmingham,Birmingham_410500_291250,410500,291250,15.0,0.3,0.48509409130221154,236700.0,5550.0,10.0,14.0,0.0,0.509137344082687,208900.0,6000.0,9.0,-1.0,-6.666666666666667,-30.0,0.02404325278047542,-27800.0,-11.744824672581327,declined
Birmingham,Birmingham_410500_291500,410500,291500,51.0,0.0,0.4152177581785436,661500.0,12000.0,24.0,47.0,0.0,0.5814356652329407,630850.0,10500.0,17.0,-4.0,-7.8431372549019605,0.0,0.16621790705439704,-30650.0,-4.633408919123204,declined
Birmingham,Birmingham_410500_291750,410500,291750,4.0,0.0,-0.0,9300.0,1962.5,1.0,4.0,0.0,-0.0,16950.0,3775.0,3.0,0.0,0.0,0.0,0.0,7650.0,82.25806451612904,persistent
Birmingham,Birmingham_410500_292000,410500,292000,9.0,0.0,-0.0,39850.0,2800.0,2.0,5.0,0.0,-0.0,49050.0,4000.0,3.0,-4.0,-44.44444444444444,0.0,0.0,9200.0,23.086574654956085,declined
Birmingham,Birmingham_410500_292250,410500,292250,6.0,0.0,1.0114042647073516,382300.0,3600.0,2.0,4.0,0.0,0.5623351446188083,9725.0,2750.0,1.0,-2.0,-33.33333333333333,0.0,-0.44906912008854327,-372575.0,-97.45618624117185,declined
Birmingham,Birmingham_410500_292500,410500,292500,1.0,,-0.0,3200.0,3200.0,0.0,1.0,,-0.0,5700.0,5700.0,0.0,0.0,0.0,,0.0,2500.0,78.125,persistent
Birmingham,Birmingham_410500_293500,410500,293500,2.0,0.0,-0.0,10600.0,5300.0,1.0,2.0,0.0,-0.0,19750.0,9875.0,1.0,0.0,0.0,0.0,0.0,9150.0,86.32075471698113,persistent
Birmingham,Birmingham_410500_294500,410500,294500,7.0,0.0,-0.0,44100.0,6700.0,6.0,7.0,0.0,-0.0,54050.0,8000.0,5.0,0.0,0.0,0.0,0.0,9950.0,22.56235827664399,persistent
Birmingham,Birmingham_410500_295250,410500,295250,2.0,,-0.0,165000.0,165000.0,0.0,1.0,0.0,-0.0,250000.0,250000.0,1.0,-1.0,-50.0,,0.0,85000.0,51.515151515151516,declined
Birmingham,Birmingham_410500_299000,410500,299000,1.0,0.0,-0.0,10750.0,10750.0,1.0,0.0,,,,,,-1.0,-100.0,,,,,disappeared
Birmingham,Birmingham_410500_300500,410500,300500,1.0,0.0,-0.0,80000.0,80000.0,1.0,1.0,0.0,-0.0,34500.0,34500.0,1.0,0.0,0.0,0.0,0.0,-45500.0,-56.875,persistent
Birmingham,Birmingham_410750_279500,410750,279500,1.0,,-0.0,105000.0,105000.0,0.0,1.0,0.0,-0.0,65000.0,65000.0,1.0,0.0,0.0,,0.0,-40000.0,-38.095238095238095,persistent
Birmingham,Birmingham_410750_281000,410750,281000,45.0,0.09090909090909091,0.7641329030545754,564250.0,6200.0,33.0,43.0,0.043478260869565216,0.8337068538944646,1030950.0,8800.0,23.0,-2.0,-4.444444444444445,-4.743083003952569,0.06957395083988926,466700.0,82.71156402303943,declined
Birmingham,Birmingham_410750_282000,410750,282000,2.0,0.0,-0.0,14250.0,7125.0,2.0,1.0,,-0.0,15000.0,15000.0,0.0,-1.0,-50.0,,0.0,750.0,5.263157894736842,declined
Birmingham,Birmingham_410750_282500,410750,282500,5.0,0.2,-0.0,12900.0,2650.0,5.0,5.0,0.0,-0.0,20900.0,4450.0,2.0,0.0,0.0,-20.0,0.0,8000.0,62.01550387596899,persistent
Birmingham,Birmingham_410750_283000,410750,283000,9.0,0.0,0.34883209584303193,21200.0,3050.0,3.0,6.0,0.0,0.8675632284814612,62250.0,6900.0,3.0,-3.0,-33.33333333333333,0.0,0.5187311326384292,41050.0,193.63207547169813,declined
Birmingham,Birmingham_410750_283750,410750,283750,13.0,0.0,-0.0,47225.0,4650.0,9.0,11.0,0.1,-0.0,60400.0,6000.0,10.0,-2.0,-15.384615384615385,10.0,0.0,13175.0,27.898358920063526,declined
Birmingham,Birmingham_410750_284250,410750,284250,5.0,0.5,-0.0,12045.0,1912.5,4.0,4.0,0.0,-0.0,19075.0,3100.0,1.0,-1.0,-20.0,-50.0,0.0,7030.0,58.36446658364467,declined
Birmingham,Birmingham_410750_284500,410750,284500,25.0,0.05555555555555555,0.3669249912727096,91675.0,3350.0,18.0,25.0,0.0,0.44330669146808716,162375.0,5200.0,11.0,0.0,0.0,-5.555555555555555,0.07638170019537754,70700.0,77.12026179438233,persistent
Birmingham,Birmingham_410750_285000,410750,285000,7.0,0.0,1.0789922078775833,611250.0,102500.0,4.0,6.0,0.25,1.0114042647073516,594600.0,113750.0,4.0,-1.0,-14.285714285714285,25.0,-0.06758794317023176,-16650.0,-2.7239263803680984,declined
Birmingham,Birmingham_410750_285250,410750,285250,3.0,0.0,-0.0,2010000.0,2010000.0,1.0,2.0,0.0,0.6931471805599453,1490000.0,745000.0,2.0,-1.0,-33.33333333333333,0.0,0.6931471805599453,-520000.0,-25.870646766169152,declined
Birmingham,Birmingham_410750_285500,410750,285500,1.0,0.0,-0.0,4400.0,4400.0,1.0,1.0,,-0.0,10750.0,10750.0,0.0,0.0,0.0,,0.0,6350.0,144.3181818181818,persistent
Birmingham,Birmingham_410750_285750,410750,285750,8.0,0.0,0.37677016125643675,13400.0,2750.0,4.0,6.0,0.3333333333333333,-0.0,37800.0,6500.0,3.0,-2.0,-25.0,33.33333333333333,-0.37677016125643675,24400.0,182.08955223880596,declined
Birmingham,Birmingham_410750_286000,410750,286000,1.0,,-0.0,1175.0,1175.0,0.0,1.0,0.0,-0.0,2850.0,2850.0,1.0,0.0,0.0,,0.0,1675.0,142.5531914893617,persistent
Birmingham,Birmingham_410750_286250,410750,286250,34.0,0.09090909090909091,0.2644914396281835,165500.0,4275.0,22.0,35.0,0.0,0.3470668257548097,267150.0,6100.0,25.0,1.0,2.941176470588235,-9.090909090909092,0.08257538612662618,101650.0,61.41993957703927,intensified
Birmingham,Birmingham_410750_286500,410750,286500,4.0,0.0,0.5623351446188083,5700.0,1775.0,3.0,4.0,0.0,-0.0,12975.0,3250.0,1.0,0.0,0.0,0.0,-0.5623351446188083,7275.0,127.63157894736842,persistent
Birmingham,Birmingham_410750_286750,410750,286750,4.0,0.0,0.5623351446188083,14675.0,2750.0,3.0,2.0,0.0,-0.0,20750.0,10375.0,2.0,-2.0,-50.0,0.0,-0.5623351446188083,6075.0,41.396933560477,declined
Birmingham,Birmingham_410750_287250,410750,287250,2.0,0.5,-0.0,10850.0,5425.0,2.0,2.0,0.0,-0.0,19450.0,9725.0,1.0,0.0,0.0,-50.0,0.0,8600.0,79.26267281105991,persistent
Birmingham,Birmingham_410750_287500,410750,287500,1.0,0.0,-0.0,1850.0,1850.0,1.0,1.0,0.0,-0.0,3100.0,3100.0,1.0,0.0,0.0,0.0,0.0,1250.0,67.56756756756756,persistent
Birmingham,Birmingham_410750_287750,410750,287750,31.0,0.0,-0.0,137975.0,4625.0,17.0,29.0,0.0,0.14999492361041503,278150.0,8350.0,17.0,-2.0,-6.451612903225806,0.0,0.14999492361041503,140175.0,101.59449175575286,declined
Birmingham,Birmingham_410750_288000,410750,288000,1.0,,-0.0,2400.0,2400.0,0.0,1.0,0.0,-0.0,4800.0,4800.0,1.0,0.0,0.0,,0.0,2400.0,100.0,persistent
Birmingham,Birmingham_410750_288500,410750,288500,7.0,0.0,0.410116318288409,36900.0,4800.0,7.0,8.0,0.0,0.37677016125643675,74700.0,7450.0,6.0,1.0,14.285714285714285,0.0,-0.033346157031972246,37800.0,102.4390243902439,intensified
Birmingham,Birmingham_410750_288750,410750,288750,1.0,,-0.0,4350.0,4350.0,0.0,1.0,0.0,-0.0,7900.0,7900.0,1.0,0.0,0.0,,0.0,3550.0,81.60919540229885,persistent
Birmingham,Birmingham_410750_290000,410750,290000,7.0,0.0,0.5982695885852573,31000.0,15500.0,2.0,4.0,0.3333333333333333,0.5623351446188083,79450.0,22500.0,3.0,-3.0,-42.857142857142854,33.33333333333333,-0.03593444396644896,48450.0,156.29032258064518,declined
Birmingham,Birmingham_410750_291000,410750,291000,1.0,,-0.0,18750.0,18750.0,0.0,1.0,0.0,-0.0,20750.0,20750.0,1.0,0.0,0.0,,0.0,2000.0,10.666666666666668,persistent
Birmingham,Birmingham_410750_291250,410750,291250,10.0,0.0,-0.0,60900.0,7950.0,4.0,8.0,0.0,0.37677016125643675,66250.0,7950.0,2.0,-2.0,-20.0,0.0,0.37677016125643675,5350.0,8.784893267651888,declined
Birmingham,Birmingham_410750_291500,410750,291500,88.0,0.05555555555555555,0.6069459037889823,1621200.0,16250.0,54.0,80.0,0.05714285714285714,0.6082960567007135,1105600.0,10250.0,35.0,-8.0,-9.090909090909092,0.15873015873015886,0.0013501529117312394,-515600.0,-31.803602269923516,declined
Birmingham,Birmingham_410750_291750,410750,291750,30.0,0.14285714285714285,0.533961612789336,209100.0,2325.0,7.0,27.0,0.0,0.6551416497122078,334250.0,5200.0,7.0,-3.0,-10.0,-14.285714285714285,0.12118003692287183,125150.0,59.85174557627929,declined
Birmingham,Birmingham_410750_292000,410750,292000,39.0,0.0,0.20227300179743635,152450.0,4550.0,20.0,29.0,0.0,0.2509548043576197,171775.0,5100.0,15.0,-10.0,-25.64102564102564,0.0,0.04868180256018334,19325.0,12.676287307313874,declined
Birmingham,Birmingham_410750_292250,410750,292250,22.0,0.15384615384615385,0.48510450039094044,101000.0,4350.0,13.0,18.0,0.2,0.5566469035821068,129750.0,5400.0,10.0,-4.0,-18.181818181818183,4.615384615384616,0.07154240319116634,28750.0,28.465346534653463,declined
Birmingham,Birmingham_410750_292500,410750,292500,21.0,0.05555555555555555,0.19144408195771734,86625.0,3025.0,18.0,20.0,0.0,0.1985152433458726,93775.0,3625.0,11.0,-1.0,-4.761904761904762,-5.555555555555555,0.00707116138815525,7150.0,8.253968253968253,declined
Birmingham,Birmingham_410750_292750,410750,292750,2.0,0.0,0.6931471805599453,321600.0,160800.0,1.0,2.0,0.0,0.6931471805599453,230300.0,115150.0,2.0,0.0,0.0,0.0,0.0,-91300.0,-28.389303482587064,persistent
Birmingham,Birmingham_410750_293500,410750,293500,1.0,0.0,-0.0,1925.0,1925.0,1.0,0.0,,,,,,-1.0,-100.0,,,,,disappeared
Birmingham,Birmingham_410750_294000,410750,294000,1.0,0.0,-0.0,8300.0,8300.0,1.0,1.0,,-0.0,10250.0,10250.0,0.0,0.0,0.0,,0.0,1950.0,23.49397590361446,persistent
Birmingham,Birmingham_410750_294250,410750,294250,26.0,0.0,0.431071102348777,361550.0,13625.0,14.0,21.0,0.0,0.6680178186607535,355100.0,12125.0,9.0,-5.0,-19.230769230769234,0.0,0.2369467163119765,-6450.0,-1.783985617480293,declined
Birmingham,Birmingham_410750_294500,410750,294500,74.0,0.06666666666666667,0.5839238374139786,1050535.0,11250.0,45.0,69.0,0.0,0.5597946016081159,1101775.0,12750.0,24.0,-5.0,-6.756756756756757,-6.666666666666667,-0.02412923580586268,51240.0,4.877514790083149,declined
Birmingham,Birmingham_410750_294750,410750,294750,3.0,0.0,0.6365141682948128,29250.0,14625.0,2.0,3.0,,0.6365141682948128,36000.0,18000.0,0.0,0.0,0.0,,0.0,6750.0,23.076923076923077,persistent
Birmingham,Birmingham_410750_297000,410750,297000,1.0,0.0,-0.0,6700.0,6700.0,1.0,1.0,,-0.0,8000.0,8000.0,0.0,0.0,0.0,,0.0,1300.0,19.402985074626866,persistent
Birmingham,Birmingham_410750_299250,410750,299250,2.0,0.0,-0.0,8550.0,4275.0,1.0,2.0,0.0,-0.0,14400.0,7200.0,1.0,0.0,0.0,0.0,0.0,5850.0,68.42105263157895,persistent
Birmingham,Birmingham_410750_300500,410750,300500,3.0,0.0,-0.0,17700.0,6000.0,3.0,3.0,0.0,-0.0,24700.0,8400.0,1.0,0.0,0.0,0.0,0.0,7000.0,39.548022598870055,persistent
Birmingham,Birmingham_411000_280250,411000,280250,1.0,0.0,-0.0,14000.0,14000.0,1.0,1.0,0.0,-0.0,14000.0,14000.0,1.0,0.0,0.0,0.0,0.0,0.0,0.0,persistent
Birmingham,Birmingham_411000_280500,411000,280500,1.0,,-0.0,157000.0,157000.0,0.0,1.0,0.0,-0.0,138000.0,138000.0,1.0,0.0,0.0,,0.0,-19000.0,-12.101910828025478,persistent
Birmingham,Birmingham_411000_281500,411000,281500,1.0,0.0,-0.0,3700.0,3700.0,1.0,1.0,,-0.0,6600.0,6600.0,0.0,0.0,0.0,,0.0,2900.0,78.37837837837837,persistent
Birmingham,Birmingham_411000_282250,411000,282250,9.0,0.0,0.34883209584303193,94800.0,3150.0,4.0,9.0,0.0,0.34883209584303193,65350.0,5200.0,5.0,0.0,0.0,0.0,0.0,-29450.0,-31.065400843881857,persistent
Birmingham,Birmingham_411000_283000,411000,283000,6.0,0.0,-0.0,18360.0,1937.5,4.0,7.0,0.0,0.7963116401738131,54875.0,5000.0,3.0,1.0,16.666666666666664,0.0,0.7963116401738131,36515.0,198.8834422657952,intensified
Birmingham,Birmingham_411000_283500,411000,283500,1.0,0.0,-0.0,174000.0,174000.0,1.0,1.0,,-0.0,139000.0,139000.0,0.0,0.0,0.0,,0.0,-35000.0,-20.114942528735632,persistent
Birmingham,Birmingham_411000_283750,411000,283750,17.0,0.0,0.362210557135449,74875.0,3900.0,6.0,14.0,0.0,0.410116318288409,125150.0,5500.0,8.0,-3.0,-17.647058823529413,0.0,0.047905761152960025,50275.0,67.14524207011686,declined
Birmingham,Birmingham_411000_284000,411000,284000,3.0,0.3333333333333333,0.6365141682948128,10220.0,2800.0,3.0,3.0,0.0,0.6365141682948128,9320.0,4660.0,1.0,0.0,0.0,-33.33333333333333,0.0,-900.0,-8.806262230919765,persistent
Birmingham,Birmingham_411000_284250,411000,284250,2.0,0.0,-0.0,6050.0,3025.0,1.0,2.0,0.0,-0.0,10350.0,5175.0,1.0,0.0,0.0,0.0,0.0,4300.0,71.07438016528926,persistent
Birmingham,Birmingham_411000_284500,411000,284500,1.0,0.0,-0.0,4200.0,4200.0,1.0,1.0,,-0.0,6200.0,6200.0,0.0,0.0,0.0,,0.0,2000.0,47.61904761904761,persistent
Birmingham,Birmingham_411000_284750,411000,284750,1.0,,-0.0,,,0.0,0.0,,,,,,-1.0,-100.0,,,,,disappeared
Birmingham,Birmingham_411000_285000,411000,285000,34.0,0.13043478260869565,0.22371807606583377,151700.0,4400.0,23.0,25.0,0.0,0.44330669146808716,331150.0,10250.0,11.0,-9.0,-26.47058823529412,-13.043478260869565,0.21958861540225338,179450.0,118.29268292682926,declined
Birmingham,Birmingham_411000_285250,411000,285250,3.0,0.0,-0.0,9000.0,2500.0,3.0,3.0,0.0,-0.0,22600.0,6300.0,3.0,0.0,0.0,0.0,0.0,13600.0,151.11111111111111,persistent
Birmingham,Birmingham_411000_285500,411000,285500,1.0,,-0.0,,,0.0,0.0,,,,,,-1.0,-100.0,,,,,disappeared
Birmingham,Birmingham_411000_286000,411000,286000,1.0,0.0,-0.0,4900.0,4900.0,1.0,1.0,0.0,-0.0,10250.0,10250.0,1.0,0.0,0.0,0.0,0.0,5350.0,109.18367346938776,persistent
Birmingham,Birmingham_411000_286250,411000,286250,11.0,0.0,-0.0,57700.0,4550.0,6.0,9.0,0.0,-0.0,78650.0,7500.0,5.0,-2.0,-18.181818181818183,0.0,0.0,20950.0,36.30849220103986,declined
Birmingham,Birmingham_411000_286750,411000,286750,1.0,,-0.0,5600.0,5600.0,0.0,1.0,0.0,-0.0,8700.0,8700.0,1.0,0.0,0.0,,0.0,3100.0,55.35714285714286,persistent
Birmingham,Birmingham_411000_287500,411000,287500,10.0,0.14285714285714285,0.3250829733914482,49675.0,5500.0,7.0,8.0,0.0,0.37677016125643675,69850.0,9850.0,2.0,-2.0,-20.0,-14.285714285714285,0.05168718786498855,20175.0,40.613990941117265,declined
Birmingham,Birmingham_411000_288750,411000,288750,4.0,,-0.0,6000.0,3000.0,0.0,2.0,0.0,-0.0,9400.0,4700.0,2.0,-2.0,-50.0,,0.0,3400.0,56.666666666666664,declined
Birmingham,Birmingham_411000_290000,411000,290000,11.0,0.125,-0.0,49000.0,4500.0,8.0,10.0,0.0,-0.0,97400.0,9000.0,6.0,-1.0,-9.090909090909092,-12.5,0.0,48400.0,98.77551020408163,declined
Birmingham,Birmingham_411000_290750,411000,290750,3.0,0.0,1.0986122886681096,278750.0,30750.0,2.0,3.0,0.0,1.0986122886681096,315300.0,7000.0,2.0,0.0,0.0,0.0,0.0,36550.0,13.112107623318387,persistent
Birmingham,Birmingham_411000_291250,411000,291250,6.0,0.0,-0.0,11675.0,2487.5,3.0,4.0,0.0,-0.0,18875.0,3875.0,4.0,-2.0,-33.33333333333333,0.0,0.0,7200.0,61.67023554603854,declined
Birmingham,Birmingham_411000_291500,411000,291500,2.0,0.0,-0.0,6900.0,3450.0,1.0,2.0,0.0,-0.0,4100.0,4100.0,2.0,0.0,0.0,0.0,0.0,-2800.0,-40.57971014492754,persistent
Birmingham,Birmingham_411000_291750,411000,291750,152.0,0.1791044776119403,0.33471074511541005,2395670.0,11625.0,67.0,136.0,0.0,0.3138382044724868,1816978.0,4975.0,52.0,-16.0,-10.526315789473683,-17.91044776119403,-0.020872540642923265,-578692.0,-24.155747661405787,declined
Birmingham,Birmingham_411000_292000,411000,292000,60.0,0.25,0.3701390942780787,425225.0,5550.0,36.0,50.0,0.04,0.4623797696243157,377575.0,6450.0,25.0,-10.0,-16.666666666666664,-21.0,0.09224067534623703,-47650.0,-11.205832206478924,declined
Birmingham,Birmingham_411000_293000,411000,293000,2.0,0.0,0.6931471805599453,24700.0,12350.0,1.0,2.0,0.0,0.6931471805599453,25500.0,12750.0,1.0,0.0,0.0,0.0,0.0,800.0,3.2388663967611335,persistent
Birmingham,Birmingham_411000_293250,411000,293250,20.0,0.0,0.39439769144744274,123075.0,5600.0,13.0,17.0,0.0,0.4437572842601484,117625.0,5200.0,8.0,-3.0,-15.0,0.0,0.04935959281270563,-5450.0,-4.428194190534227,declined
Birmingham,Birmingham_411000_294250,411000,294250,1.0,,-0.0,3900.0,3900.0,0.0,1.0,0.0,-0.0,5800.0,5800.0,1.0,0.0,0.0,,0.0,1900.0,48.717948717948715,persistent
Birmingham,Birmingham_411000_294750,411000,294750,1.0,,-0.0,,,0.0,0.0,,,,,,-1.0,-100.0,,,,,disappeared
Birmingham,Birmingham_411000_298750,411000,298750,8.0,0.25,0.37677016125643675,89145.0,3600.0,4.0,5.0,0.0,0.5004024235381879,107540.0,3850.0,2.0,-3.0,-37.5,-25.0,0.12363226228175112,18395.0,20.634920634920633,declined
Birmingham,Birmingham_411250_280250,411250,280250,47.0,0.06666666666666667,0.2780063622733909,442480.0,9400.0,30.0,46.0,0.05,0.282600106577289,635015.0,14125.0,20.0,-1.0,-2.127659574468085,-1.6666666666666663,0.00459374430389814,192535.0,43.51270113903453,declined
Birmingham,Birmingham_411250_280500,411250,280500,13.0,0.0,-0.0,101650.0,8250.0,10.0,12.0,0.0,-0.0,119850.0,11500.0,8.0,-1.0,-7.6923076923076925,0.0,0.0,18200.0,17.90457452041318,declined
Birmingham,Birmingham_411250_281500,411250,281500,14.0,0.0,0.25731864054383163,99650.0,4550.0,10.0,14.0,0.14285714285714285,0.25731864054383163,139050.0,7550.0,7.0,0.0,0.0,14.285714285714285,0.0,39400.0,39.53838434520823,persistent
Birmingham,Birmingham_411250_282500,411250,282500,12.0,0.0,-0.0,41700.0,3550.0,7.0,11.0,0.0,-0.0,85600.0,7400.0,5.0,-1.0,-8.333333333333332,0.0,0.0,43900.0,105.27577937649879,declined
Birmingham,Birmingham_411250_282750,411250,282750,54.0,0.0,0.4452280101187498,493150.0,5600.0,38.0,49.0,0.041666666666666664,0.4265104867145486,642150.0,8750.0,24.0,-5.0,-9.25925925925926,4.166666666666666,-0.018717523404201186,149000.0,30.21393085268174,declined
Birmingham,Birmingham_411250_283250,411250,283250,1.0,0.0,-0.0,3650.0,3650.0,1.0,1.0,0.0,-0.0,5400.0,5400.0,1.0,0.0,0.0,0.0,0.0,1750.0,47.94520547945205,persistent
Birmingham,Birmingham_411250_283750,411250,283750,6.0,0.0,1.0114042647073516,64150.0,2700.0,3.0,6.0,0.0,1.0114042647073516,283350.0,12750.0,1.0,0.0,0.0,0.0,0.0,219200.0,341.6991426344505,persistent
Birmingham,Birmingham_411250_284000,411250,284000,4.0,0.5,0.5623351446188083,40200.0,10000.0,2.0,2.0,,-0.0,9400.0,9400.0,0.0,-2.0,-50.0,,-0.5623351446188083,-30800.0,-76.61691542288557,declined
Birmingham,Birmingham_411250_284750,411250,284750,1.0,,-0.0,1525.0,1525.0,0.0,1.0,0.0,-0.0,3950.0,3950.0,1.0,0.0,0.0,,0.0,2425.0,159.01639344262296,persistent
Birmingham,Birmingham_411250_285000,411250,285000,24.0,0.13333333333333333,0.2868359830561607,140600.0,5300.0,15.0,20.0,0.0,0.1985152433458726,305200.0,11500.0,9.0,-4.0,-16.666666666666664,-13.333333333333334,-0.08832073971028812,164600.0,117.0697012802276,declined
Birmingham,Birmingham_411250_286750,411250,286750,26.0,0.05555555555555555,0.32450838693107065,178300.0,5600.0,18.0,24.0,0.06666666666666667,0.623848004006291,256320.0,9200.0,15.0,-2.0,-7.6923076923076925,1.1111111111111114,0.2993396170752204,78020.0,43.75771172181716,declined
Birmingham,Birmingham_411250_287500,411250,287500,24.0,0.0,-0.0,186850.0,6250.0,17.0,22.0,0.0,-0.0,290750.0,10000.0,12.0,-2.0,-8.333333333333332,0.0,0.0,103900.0,55.606101150655604,declined
Birmingham,Birmingham_411250_287750,411250,287750,1.0,0.0,-0.0,3200.0,3200.0,1.0,1.0,0.0,-0.0,5300.0,5300.0,1.0,0.0,0.0,0.0,0.0,2100.0,65.625,persistent
Birmingham,Birmingham_411250_288000,411250,288000,2.0,0.0,-0.0,4650.0,2325.0,1.0,6.0,0.0,-0.0,29200.0,4625.0,2.0,4.0,200.0,0.0,0.0,24550.0,527.9569892473118,intensified
Birmingham,Birmingham_411250_288250,411250,288250,37.0,0.0,0.12425083738963087,205100.0,5600.0,19.0,32.0,0.0,0.13906079845474112,351100.0,8900.0,20.0,-5.0,-13.513513513513514,0.0,0.014809961065110247,146000.0,71.1847879083374,declined
Birmingham,Birmingham_411250_288500,411250,288500,4.0,0.3333333333333333,-0.0,7375.0,2550.0,3.0,4.0,0.25,-0.0,15500.0,4050.0,4.0,0.0,0.0,-8.333333333333332,0.0,8125.0,110.16949152542372,persistent
Birmingham,Birmingham_411250_289000,411250,289000,2.0,0.0,-0.0,7700.0,3850.0,1.0,2.0,0.0,-0.0,12050.0,6025.0,2.0,0.0,0.0,0.0,0.0,4350.0,56.493506493506494,persistent
Birmingham,Birmingham_411250_290000,411250,290000,2.0,,-0.0,12750.0,12750.0,0.0,1.0,0.0,-0.0,17000.0,17000.0,1.0,-1.0,-50.0,,0.0,4250.0,33.33333333333333,declined
Birmingham,Birmingham_411250_290250,411250,290250,7.0,0.0,1.277034259466139,288050.0,32000.0,3.0,6.0,0.0,1.0114042647073516,849950.0,24775.0,3.0,-1.0,-14.285714285714285,0.0,-0.26562999475878746,561900.0,195.07030029508766,declined
Birmingham,Birmingham_411250_290500,411250,290500,10.0,0.0,0.3250829733914482,28775.0,3000.0,4.0,7.0,0.0,0.410116318288409,35900.0,3750.0,4.0,-3.0,-30.0,0.0,0.0850333448969608,7125.0,24.76107732406603,declined
Birmingham,Birmingham_411250_291250,411250,291250,1.0,,-0.0,3450.0,3450.0,0.0,1.0,0.0,-0.0,7500.0,7500.0,1.0,0.0,0.0,,0.0,4050.0,117.3913043478261,persistent
Birmingham,Birmingham_411250_291500,411250,291500,1.0,0.0,-0.0,3250.0,3250.0,1.0,1.0,0.0,-0.0,5100.0,5100.0,1.0,0.0,0.0,0.0,0.0,1850.0,56.92307692307692,persistent
Birmingham,Birmingham_411250_291750,411250,291750,13.0,0.0,-0.0,44500.0,4650.0,7.0,9.0,0.0,-0.0,44500.0,4650.0,3.0,-4.0,-30.76923076923077,0.0,0.0,0.0,0.0,declined
Birmingham,Birmingham_411250_292000,411250,292000,2.0,,-0.0,20000.0,20000.0,0.0,1.0,,-0.0,365000.0,365000.0,0.0,-1.0,-50.0,,0.0,345000.0,1725.0,declined
Birmingham,Birmingham_411250_292250,411250,292250,1.0,0.0,-0.0,4950.0,4950.0,1.0,1.0,,-0.0,5000.0,5000.0,0.0,0.0,0.0,,0.0,50.0,1.0101010101010102,persistent
Birmingham,Birmingham_411250_292500,411250,292500,3.0,,-0.0,,,0.0,0.0,,,,,,-3.0,-100.0,,,,,disappeared
Birmingham,Birmingham_411250_293000,411250,293000,7.0,0.0,-0.0,24750.0,2700.0,6.0,7.0,0.0,-0.0,32575.0,3700.0,4.0,0.0,0.0,0.0,0.0,7825.0,31.616161616161616,persistent
Birmingham,Birmingham_411250_293250,411250,293250,1.0,,-0.0,6600.0,6600.0,0.0,1.0,,-0.0,8700.0,8700.0,0.0,0.0,0.0,,0.0,2100.0,31.818181818181817,persistent
Birmingham,Birmingham_411250_296250,411250,296250,3.0,0.0,0.6365141682948128,116950.0,3950.0,1.0,3.0,0.0,0.6365141682948128,99600.0,6600.0,2.0,0.0,0.0,0.0,0.0,-17350.0,-14.83539974348012,persistent
Birmingham,Birmingham_411250_299250,411250,299250,4.0,0.0,0.6931471805599453,83500.0,19800.0,1.0,4.0,1.0,0.6931471805599453,86350.0,13600.0,1.0,0.0,0.0,100.0,0.0,2850.0,3.413173652694611,persistent
Birmingham,Birmingham_411250_299500,411250,299500,1.0,0.0,-0.0,26250.0,26250.0,1.0,1.0,0.0,-0.0,26250.0,26250.0,1.0,0.0,0.0,0.0,0.0,0.0,0.0,persistent
Birmingham,Birmingham_411500_280500,411500,280500,3.0,0.0,-0.0,19450.0,6000.0,3.0,4.0,0.0,-0.0,26250.0,7900.0,2.0,1.0,33.33333333333333,0.0,0.0,6800.0,34.96143958868895,intensified
Birmingham,Birmingham_411500_281750,411500,281750,4.0,,-0.0,6575.0,1612.5,0.0,4.0,0.0,-0.0,7525.0,1812.5,4.0,0.0,0.0,,0.0,950.0,14.44866920152091,persistent
Birmingham,Birmingham_411500_282000,411500,282000,3.0,0.0,-0.0,14675.0,3950.0,2.0,3.0,0.0,-0.0,21900.0,5900.0,2.0,0.0,0.0,0.0,0.0,7225.0,49.23339011925042,persistent
Birmingham,Birmingham_411500_282500,411500,282500,3.0,0.0,-0.0,9550.0,3200.0,2.0,3.0,0.0,-0.0,15800.0,5000.0,2.0,0.0,0.0,0.0,0.0,6250.0,65.44502617801047,persistent
Birmingham,Birmingham_411500_282750,411500,282750,1.0,0.0,-0.0,11250.0,11250.0,1.0,1.0,,-0.0,35750.0,35750.0,0.0,0.0,0.0,,0.0,24500.0,217.77777777777777,persistent
Birmingham,Birmingham_411500_283500,411500,283500,7.0,0.0,-0.0,21000.0,5200.0,3.0,4.0,0.0,-0.0,35500.0,8850.0,2.0,-3.0,-42.857142857142854,0.0,0.0,14500.0,69.04761904761905,declined
Birmingham,Birmingham_411500_283750,411500,283750,1.0,,-0.0,175000.0,175000.0,0.0,0.0,,,,,,-1.0,-100.0,,,,,disappeared
Birmingham,Birmingham_411500_284000,411500,284000,1.0,,-0.0,,,0.0,0.0,,,,,,-1.0,-100.0,,,,,disappeared
Birmingham,Birmingham_411500_284250,411500,284250,2.0,,0.6931471805599453,,,0.0,0.0,,,,,,-2.0,-100.0,,,,,disappeared
Birmingham,Birmingham_411500_284500,411500,284500,2.0,0.0,-0.0,15750.0,15750.0,1.0,1.0,,-0.0,19000.0,19000.0,0.0,-1.0,-50.0,,0.0,3250.0,20.634920634920633,declined
Birmingham,Birmingham_411500_284750,411500,284750,3.0,0.3333333333333333,-0.0,21850.0,6300.0,3.0,3.0,0.0,-0.0,37000.0,11000.0,1.0,0.0,0.0,-33.33333333333333,0.0,15150.0,69.33638443935926,persistent
Birmingham,Birmingham_411500_285000,411500,285000,24.0,0.0,0.3445982481028228,95200.0,4825.0,12.0,20.0,0.0,0.5181862130502128,227050.0,8750.0,9.0,-4.0,-16.666666666666664,0.0,0.17358796494739004,131850.0,138.49789915966386,declined
Birmingham,Birmingham_411500_285250,411500,285250,1.0,,-0.0,7700.0,7700.0,0.0,1.0,,-0.0,11750.0,11750.0,0.0,0.0,0.0,,0.0,4050.0,52.5974025974026,persistent
Birmingham,Birmingham_411500_285750,411500,285750,18.0,0.0,0.45056120886630463,80650.0,4375.0,10.0,14.0,0.0,0.25731864054383163,135950.0,8700.0,7.0,-4.0,-22.22222222222222,0.0,-0.193242568322473,55300.0,68.56788592684438,declined
Birmingham,Birmingham_411500_286250,411500,286250,2.0,,-0.0,,,0.0,0.0,,,,,,-2.0,-100.0,,,,,disappeared
Birmingham,Birmingham_411500_287500,411500,287500,9.0,0.0,-0.0,19435.0,1737.5,6.0,6.0,0.0,-0.0,22000.0,3925.0,4.0,-3.0,-33.33333333333333,0.0,0.0,2565.0,13.197838950347313,declined
Birmingham,Birmingham_411500_287750,411500,287750,52.0,0.07142857142857142,0.6076195618254389,426975.0,6050.0,28.0,39.0,0.038461538461538464,0.5847161491443458,614575.0,9450.0,26.0,-13.0,-25.0,-3.296703296703296,-0.022903412681093083,187600.0,43.93699865331694,declined
Birmingham,Birmingham_411500_288000,411500,288000,8.0,0.0,-0.0,28100.0,5600.0,4.0,5.0,0.0,-0.0,42500.0,8800.0,3.0,-3.0,-37.5,0.0,0.0,14400.0,51.245551601423486,declined
Birmingham,Birmingham_411500_288250,411500,288250,38.0,0.0,0.12169240267806193,200825.0,4425.0,25.0,45.0,0.043478260869565216,0.21262682366313784,351925.0,7000.0,23.0,7.0,18.421052631578945,4.3478260869565215,0.09093442098507591,151100.0,75.23963649943981,intensified
Birmingham,Birmingham_411500_288500,411500,288500,1.0,,-0.0,,,0.0,0.0,,,,,,-1.0,-100.0,,,,,disappeared
Birmingham,Birmingham_411500_288750,411500,288750,6.0,0.0,-0.0,16650.0,2500.0,4.0,5.0,0.0,0.5004024235381879,33100.0,4400.0,3.0,-1.0,-16.666666666666664,0.0,0.5004024235381879,16450.0,98.7987987987988,declined
Birmingham,Birmingham_411500_289000,411500,289000,11.0,0.25,-0.0,15500.0,2750.0,4.0,7.0,0.0,-0.0,36700.0,4600.0,5.0,-4.0,-36.36363636363637,-25.0,0.0,21200.0,136.7741935483871,declined
Birmingham,Birmingham_411500_289250,411500,289250,6.0,0.0,0.8675632284814612,7900.0,2700.0,2.0,4.0,0.0,-0.0,12200.0,4100.0,3.0,-2.0,-33.33333333333333,0.0,-0.8675632284814612,4300.0,54.43037974683544,declined
Birmingham,Birmingham_411500_289500,411500,289500,5.0,,-0.0,181000.0,90500.0,0.0,2.0,,-0.0,161000.0,80500.0,0.0,-3.0,-60.0,,0.0,-20000.0,-11.049723756906078,declined
Birmingham,Birmingham_411500_290250,411500,290250,4.0,0.25,1.0397207708399179,113550.0,4525.0,4.0,3.0,,1.0986122886681096,125200.0,6200.0,0.0,-1.0,-25.0,,0.058891517828191686,11650.0,10.259797446059004,declined
Birmingham,Birmingham_411500_290500,411500,290500,2.0,,-0.0,4550.0,4550.0,0.0,1.0,0.0,-0.0,8600.0,8600.0,1.0,-1.0,-50.0,,0.0,4050.0,89.01098901098901,declined
Birmingham,Birmingham_411500_292750,411500,292750,7.0,0.0,0.410116318288409,64450.0,9200.0,5.0,7.0,0.0,0.410116318288409,64450.0,9200.0,3.0,0.0,0.0,0.0,0.0,0.0,0.0,persistent
Birmingham,Birmingham_411500_293000,411500,293000,1.0,0.0,-0.0,5200.0,5200.0,1.0,1.0,,-0.0,8400.0,8400.0,0.0,0.0,0.0,,0.0,3200.0,61.53846153846154,persistent
Birmingham,Birmingham_411500_293250,411500,293250,1.0,0.0,-0.0,2800.0,2800.0,1.0,1.0,0.0,-0.0,3950.0,3950.0,1.0,0.0,0.0,0.0,0.0,1150.0,41.07142857142857,persistent
Birmingham,Birmingham_411500_295000,411500,295000,21.0,0.0,0.31449220128141064,227625.0,12000.0,14.0,20.0,0.0,0.3250829733914482,329725.0,17000.0,11.0,-1.0,-4.761904761904762,0.0,0.01059077211003756,102100.0,44.85447556287754,declined
Birmingham,Birmingham_411500_296000,411500,296000,1.0,,-0.0,16250.0,16250.0,0.0,1.0,0.0,-0.0,19750.0,19750.0,1.0,0.0,0.0,,0.0,3500.0,21.53846153846154,persistent
Birmingham,Birmingham_411500_296250,411500,296250,1.0,,-0.0,18000.0,18000.0,0.0,1.0,0.0,-0.0,20500.0,20500.0,1.0,0.0,0.0,,0.0,2500.0,13.88888888888889,persistent
Birmingham,Birmingham_411500_298250,411500,298250,7.0,0.0,0.5982695885852573,135000.0,6050.0,5.0,6.0,0.0,0.45056120886630463,167700.0,11625.0,4.0,-1.0,-14.285714285714285,0.0,-0.14770837971895262,32700.0,24.22222222222222,declined
Birmingham,Birmingham_411500_298500,411500,298500,45.0,0.0,0.5275283691885324,820725.0,17375.0,22.0,40.0,0.0625,0.3141230258900314,1101250.0,21000.0,16.0,-5.0,-11.11111111111111,6.25,-0.21340534329850103,280525.0,34.180145602972985,declined
Birmingham,Birmingham_411500_298750,411500,298750,55.0,0.047619047619047616,0.7092555623422562,1024175.0,13875.0,21.0,55.0,0.0,0.5845267231418056,1432525.0,15750.0,18.0,0.0,0.0,-4.761904761904762,-0.12472883920045053,408350.0,39.87111577611248,persistent
Birmingham,Birmingham_411500_299000,411500,299000,4.0,0.0,-0.0,37000.0,12500.0,2.0,3.0,0.0,-0.0,26750.0,13375.0,1.0,-1.0,-25.0,0.0,0.0,-10250.0,-27.7027027027027,declined
Birmingham,Birmingham_411750_281000,411750,281000,3.0,0.0,-0.0,6950.0,2900.0,3.0,1.0,0.0,-0.0,,,1.0,-2.0,-66.66666666666666,0.0,0.0,,,declined
Birmingham,Birmingham_411750_281250,411750,281250,23.0,0.16666666666666666,0.355712859746894,116775.0,3800.0,12.0,19.0,0.25,0.20619205063323187,184850.0,5900.0,12.0,-4.0,-17.391304347826086,8.333333333333334,-0.1495208091136621,68075.0,58.29586812245772,declined
Birmingham,Birmingham_411750_281750,411750,281750,4.0,0.0,-0.0,6250.0,2000.0,2.0,3.0,0.0,-0.0,9350.0,3000.0,2.0,-1.0,-25.0,0.0,0.0,3100.0,49.6,declined
Birmingham,Birmingham_411750_282250,411750,282250,4.0,0.0,-0.0,14450.0,3175.0,3.0,4.0,0.0,-0.0,21600.0,4750.0,2.0,0.0,0.0,0.0,0.0,7150.0,49.48096885813148,persistent
Birmingham,Birmingham_411750_282500,411750,282500,2.0,0.0,-0.0,16600.0,8300.0,2.0,2.0,,-0.0,25000.0,12500.0,0.0,0.0,0.0,,0.0,8400.0,50.602409638554214,persistent
Birmingham,Birmingham_411750_283000,411750,283000,14.0,0.0,0.8304717124362917,142850.0,10525.0,7.0,12.0,0.0,0.5623351446188083,143050.0,12250.0,4.0,-2.0,-14.285714285714285,0.0,-0.2681365678174834,200.0,0.1400070003500175,declined
Birmingham,Birmingham_411750_283250,411750,283250,8.0,0.0,0.7356219397587946,82775.0,9400.0,3.0,9.0,0.0,0.6837389058487535,111700.0,10500.0,5.0,1.0,12.5,0.0,-0.05188303391004112,28925.0,34.94412564180006,intensified
Birmingham,Birmingham_411750_283750,411750,283750,4.0,0.0,-0.0,17170.0,2600.0,3.0,3.0,0.0,-0.0,29525.0,5500.0,3.0,-1.0,-25.0,0.0,0.0,12355.0,71.95690157251019,declined
Birmingham,Birmingham_411750_284250,411750,284250,5.0,0.0,0.5004024235381879,209475.0,3325.0,2.0,3.0,0.0,-0.0,18050.0,4350.0,3.0,-2.0,-40.0,0.0,-0.5004024235381879,-191425.0,-91.38321995464852,declined
Birmingham,Birmingham_411750_285000,411750,285000,10.0,0.0,0.8018185525433372,124375.0,4200.0,6.0,12.0,0.0,0.8239592165010823,207600.0,9000.0,5.0,2.0,20.0,0.0,0.022140663957745055,83225.0,66.91457286432161,intensified
Birmingham,Birmingham_411750_286000,411750,286000,1.0,0.0,-0.0,4550.0,4550.0,1.0,1.0,0.0,-0.0,6800.0,6800.0,1.0,0.0,0.0,0.0,0.0,2250.0,49.45054945054945,persistent
Birmingham,Birmingham_411750_286750,411750,286750,11.0,0.0,-0.0,69600.0,5200.0,8.0,9.0,0.0,-0.0,76100.0,8000.0,6.0,-2.0,-18.181818181818183,0.0,0.0,6500.0,9.339080459770114,declined
Birmingham,Birmingham_411750_287250,411750,287250,2.0,0.0,-0.0,12625.0,6312.5,1.0,3.0,0.0,0.6365141682948128,21250.0,4400.0,1.0,1.0,50.0,0.0,0.6365141682948128,8625.0,68.31683168316832,intensified
Birmingham,Birmingham_411750_287500,411750,287500,2.0,,-0.0,7250.0,3625.0,0.0,2.0,0.0,-0.0,12150.0,6075.0,1.0,0.0,0.0,,0.0,4900.0,67.58620689655173,persistent
Birmingham,Birmingham_411750_288000,411750,288000,32.0,0.16666666666666666,0.2337916587064593,180620.0,5500.0,18.0,22.0,0.08333333333333333,0.30463609734923813,211900.0,8600.0,12.0,-10.0,-31.25,-8.333333333333332,0.07084443864277884,31280.0,17.31812645332743,declined
Birmingham,Birmingham_411750_288250,411750,288250,3.0,0.3333333333333333,-0.0,12750.0,3750.0,3.0,2.0,0.0,-0.0,13800.0,6900.0,2.0,-1.0,-33.33333333333333,-33.33333333333333,0.0,1050.0,8.235294117647058,declined
Birmingham,Birmingham_411750_288750,411750,288750,1.0,1.0,-0.0,1475.0,1475.0,1.0,1.0,,-0.0,2950.0,2950.0,0.0,0.0,0.0,,0.0,1475.0,100.0,persistent
Birmingham,Birmingham_411750_289000,411750,289000,6.0,,-0.0,8925.0,2850.0,0.0,3.0,0.0,-0.0,15600.0,5400.0,3.0,-3.0,-50.0,,0.0,6675.0,74.78991596638656,declined
Birmingham,Birmingham_411750_290250,411750,290250,27.0,0.047619047619047616,-0.0,161275.0,5800.0,21.0,27.0,0.0,-0.0,194650.0,8000.0,3.0,0.0,0.0,-4.761904761904762,0.0,33375.0,20.694465974267555,persistent
Birmingham,Birmingham_411750_291500,411750,291500,1.0,,-0.0,,,0.0,0.0,,,,,,-1.0,-100.0,,,,,disappeared
Birmingham,Birmingham_411750_291750,411750,291750,1.0,0.0,-0.0,4900.0,4900.0,1.0,1.0,0.0,-0.0,6100.0,6100.0,1.0,0.0,0.0,0.0,0.0,1200.0,24.489795918367346,persistent
Birmingham,Birmingham_411750_292750,411750,292750,14.0,0.0,0.7589367727620595,256850.0,9650.0,9.0,14.0,0.0,0.5982695885852573,263700.0,8450.0,5.0,0.0,0.0,0.0,-0.16066718417680226,6850.0,2.6669262215300757,persistent
Birmingham,Birmingham_411750_293000,411750,293000,72.0,0.025,0.49641520050711685,1084250.0,12750.0,40.0,62.0,0.041666666666666664,0.571128921000877,929425.0,12250.0,24.0,-10.0,-13.88888888888889,1.6666666666666663,0.07471372049376013,-154825.0,-14.279455845054184,declined
Birmingham,Birmingham_411750_293250,411750,293250,18.0,0.0,0.42584844923858145,203800.0,8800.0,9.0,20.0,0.0,0.39439769144744274,341250.0,14375.0,7.0,2.0,11.11111111111111,0.0,-0.031450757791138706,137450.0,67.44357212953877,intensified
Birmingham,Birmingham_411750_293750,411750,293750,1.0,0.0,-0.0,86500.0,86500.0,1.0,0.0,,,,,,-1.0,-100.0,,,,,disappeared
Birmingham,Birmingham_411750_294750,411750,294750,1.0,0.0,-0.0,120000.0,120000.0,1.0,1.0,0.0,-0.0,111000.0,111000.0,1.0,0.0,0.0,0.0,0.0,-9000.0,-7.5,persistent
Birmingham,Birmingham_411750_295000,411750,295000,1.0,0.0,-0.0,70000.0,70000.0,1.0,0.0,,,,,,-1.0,-100.0,,,,,disappeared
Birmingham,Birmingham_411750_295250,411750,295250,16.0,0.0,1.040839837423239,293150.0,15625.0,10.0,12.0,0.0,1.1988493129136213,315000.0,16875.0,5.0,-4.0,-25.0,0.0,0.15800947549038225,21850.0,7.453522087668429,declined
Birmingham,Birmingham_411750_295500,411750,295500,41.0,0.08,0.4866813679134715,687850.0,14625.0,25.0,37.0,0.0,0.5220770639132397,576200.0,13875.0,9.0,-4.0,-9.75609756097561,-8.0,0.03539569599976822,-111650.0,-16.231736570473213,declined
Birmingham,Birmingham_411750_295750,411750,295750,28.0,0.2,1.2452432493192798,1655750.0,38750.0,10.0,21.0,0.0,1.0063856698202596,1008500.0,30000.0,9.0,-7.0,-25.0,-20.0,-0.2388575794990202,-647250.0,-39.091046353616186,declined
Birmingham,Birmingham_411750_296000,411750,296000,76.0,0.044444444444444446,0.399877780428179,5502651.0,55500.0,45.0,61.0,0.0,0.4715818601326642,3162500.0,36000.0,16.0,-15.0,-19.736842105263158,-4.444444444444445,0.07170407970448517,-2340151.0,-42.52770164780576,declined
Birmingham,Birmingham_411750_296250,411750,296250,2.0,0.0,-0.0,9500.0,4750.0,2.0,2.0,0.0,-0.0,12700.0,6350.0,1.0,0.0,0.0,0.0,0.0,3200.0,33.68421052631579,persistent
Birmingham,Birmingham_411750_297250,411750,297250,2.0,,-0.0,200000.0,100000.0,0.0,1.0,0.0,-0.0,100000.0,100000.0,1.0,-1.0,-50.0,,0.0,-100000.0,-50.0,declined
Birmingham,Birmingham_411750_298250,411750,298250,1.0,0.0,-0.0,18500.0,18500.0,1.0,1.0,,-0.0,29500.0,29500.0,0.0,0.0,0.0,,0.0,11000.0,59.45945945945946,persistent
Birmingham,Birmingham_411750_298750,411750,298750,11.0,0.0,0.5859526183035508,1760300.0,12125.0,6.0,23.0,0.0,0.5235863374812598,1894825.0,13875.0,8.0,12.0,109.09090909090908,0.0,-0.06236628082229101,134525.0,7.642163267624837,intensified
Birmingham,Birmingham_411750_299000,411750,299000,1.0,0.0,-0.0,13500.0,13500.0,1.0,1.0,0.0,-0.0,4000.0,4000.0,1.0,0.0,0.0,0.0,0.0,-9500.0,-70.37037037037037,persistent
Birmingham,Birmingham_412000_283000,412000,283000,56.0,0.11428571428571428,0.6908427606966324,2009250.0,26000.0,35.0,51.0,0.04,0.6532093064595169,1823000.0,24250.0,25.0,-5.0,-8.928571428571429,-7.428571428571429,-0.037633454237115505,-186250.0,-9.26962797063581,declined
Birmingham,Birmingham_412000_283250,412000,283250,3.0,0.0,0.6365141682948128,20350.0,6800.0,2.0,3.0,0.0,0.6365141682948128,26700.0,8300.0,3.0,0.0,0.0,0.0,0.0,6350.0,31.203931203931205,persistent
Birmingham,Birmingham_412000_284250,412000,284250,11.0,0.0,0.30463609734923813,22400.0,1950.0,6.0,10.0,0.0,-0.0,49600.0,4275.0,6.0,-1.0,-9.090909090909092,0.0,-0.30463609734923813,27200.0,121.42857142857142,declined
Birmingham,Birmingham_412000_284500,412000,284500,3.0,0.0,-0.0,7250.0,3625.0,2.0,1.0,,-0.0,13000.0,13000.0,0.0,-2.0,-66.66666666666666,,0.0,5750.0,79.3103448275862,declined
Birmingham,Birmingham_412000_284750,412000,284750,3.0,0.0,1.0986122886681096,417000.0,56000.0,2.0,4.0,0.0,1.0397207708399179,483450.0,19375.0,2.0,1.0,33.33333333333333,0.0,-0.058891517828191686,66450.0,15.93525179856115,intensified
Birmingham,Birmingham_412000_286750,412000,286750,5.0,0.0,-0.0,28500.0,5100.0,3.0,5.0,0.0,-0.0,42750.0,7800.0,4.0,0.0,0.0,0.0,0.0,14250.0,50.0,persistent
Birmingham,Birmingham_412000_287500,412000,287500,4.0,0.0,-0.0,4955.0,1950.0,2.0,3.0,0.0,-0.0,4790.0,2395.0,1.0,-1.0,-25.0,0.0,0.0,-165.0,-3.3299697275479314,declined
Birmingham,Birmingham_412000_288000,412000,288000,3.0,0.0,0.6365141682948128,40950.0,6700.0,1.0,3.0,0.0,0.6365141682948128,77300.0,10500.0,2.0,0.0,0.0,0.0,0.0,36350.0,88.76678876678876,persistent
Birmingham,Birmingham_412000_288250,412000,288250,14.0,0.1111111111111111,0.410116318288409,99775.0,5750.0,9.0,18.0,0.0,0.42584844923858145,195200.0,10500.0,8.0,4.0,28.57142857142857,-11.11111111111111,0.01573213095017245,95425.0,95.64019042846404,intensified
Birmingham,Birmingham_412000_289500,412000,289500,1.0,0.0,-0.0,6400.0,6400.0,1.0,1.0,0.0,-0.0,10750.0,10750.0,1.0,0.0,0.0,0.0,0.0,4350.0,67.96875,persistent
Birmingham,Birmingham_412000_290000,412000,290000,50.0,0.11538461538461539,0.915594938493882,13339000.0,194500.0,26.0,46.0,0.05263157894736842,0.9899490539341391,5351750.0,61250.0,19.0,-4.0,-8.0,-6.275303643724698,0.07435411544025716,-7987250.0,-59.87892645625609,declined
Birmingham,Birmingham_412000_290500,412000,290500,5.0,0.0,-0.0,997500.0,498750.0,1.0,5.0,0.0,0.5004024235381879,1130350.0,212000.0,1.0,0.0,0.0,0.0,0.5004024235381879,132850.0,13.31829573934837,persistent
Birmingham,Birmingham_412000_291000,412000,291000,29.0,0.041666666666666664,0.14999492361041503,149275.0,4650.0,24.0,27.0,0.0,0.15841057013179086,187150.0,6900.0,12.0,-2.0,-6.896551724137931,-4.166666666666666,0.00841564652137583,37875.0,25.37263439959806,declined
Birmingham,Birmingham_412000_291250,412000,291250,3.0,0.5,-0.0,11575.0,4100.0,2.0,3.0,0.0,-0.0,16575.0,6100.0,1.0,0.0,0.0,-50.0,0.0,5000.0,43.196544276457885,persistent
Birmingham,Birmingham_412000_292250,412000,292250,1.0,,-0.0,,,0.0,0.0,,,,,,-1.0,-100.0,,,,,disappeared
Birmingham,Birmingham_412000_294500,412000,294500,1.0,0.0,-0.0,8000.0,8000.0,1.0,1.0,0.0,-0.0,9300.0,9300.0,1.0,0.0,0.0,0.0,0.0,1300.0,16.25,persistent
Birmingham,Birmingham_412000_295500,412000,295500,10.0,0.0,0.3250829733914482,146700.0,6900.0,9.0,9.0,0.0,0.34883209584303193,213950.0,9300.0,5.0,-1.0,-10.0,0.0,0.023749122451583726,67250.0,45.84185412406271,declined
Birmingham,Birmingham_412000_295750,412000,295750,111.0,0.125,0.17539937110126844,1370000.0,3225.0,40.0,61.0,0.0,0.4068000505296151,1574500.0,6800.0,20.0,-50.0,-45.04504504504504,-12.5,0.23140067942834666,204500.0,14.927007299270073,declined
Birmingham,Birmingham_412000_296000,412000,296000,56.0,0.1111111111111111,0.827571204816495,4076450.0,50250.0,27.0,49.0,0.0,0.8633121802582737,2230275.0,30875.0,20.0,-7.0,-12.5,-11.11111111111111,0.03574097544177868,-1846175.0,-45.28879294484171,declined
Birmingham,Birmingham_412000_296250,412000,296250,32.0,0.0,0.5115867519685875,488825.0,10000.0,17.0,30.0,0.0,0.4676524865100599,535725.0,10250.0,13.0,-2.0,-6.25,0.0,-0.04393426545852758,46900.0,9.594435636475222,declined
Birmingham,Birmingham_412000_296500,412000,296500,6.0,0.0,0.45056120886630463,59600.0,8450.0,4.0,8.0,0.16666666666666666,0.5623351446188083,145950.0,10250.0,6.0,2.0,33.33333333333333,16.666666666666664,0.11177393575250366,86350.0,144.88255033557047,intensified
Birmingham,Birmingham_412000_297000,412000,297000,1.0,,-0.0,,,0.0,0.0,,,,,,-1.0,-100.0,,,,,disappeared
Birmingham,Birmingham_412000_298500,412000,298500,1.0,0.0,-0.0,10750.0,10750.0,1.0,1.0,,-0.0,15000.0,15000.0,0.0,0.0,0.0,,0.0,4250.0,39.53488372093023,persistent
Birmingham,Birmingham_412000_298750,412000,298750,4.0,0.0,-0.0,17200.0,3900.0,3.0,4.0,0.0,-0.0,25750.0,6150.0,4.0,0.0,0.0,0.0,0.0,8550.0,49.7093023255814,persistent
Birmingham,Birmingham_412000_299250,412000,299250,4.0,0.0,-0.0,13250.0,3225.0,3.0,4.0,0.0,-0.0,20100.0,4875.0,3.0,0.0,0.0,0.0,0.0,6850.0,51.698113207547166,persistent
Birmingham,Birmingham_412250_282000,412250,282000,1.0,0.0,-0.0,2100.0,2100.0,1.0,1.0,0.0,-0.0,3150.0,3150.0,1.0,0.0,0.0,0.0,0.0,1050.0,50.0,persistent
Birmingham,Birmingham_412250_283000,412250,283000,64.0,0.02631578947368421,0.37080235808948786,1045250.0,14750.0,38.0,60.0,0.0,0.3887343902209295,925350.0,14750.0,24.0,-4.0,-6.25,-2.631578947368421,0.017932032131441622,-119900.0,-11.470939966515187,declined
Birmingham,Birmingham_412250_283500,412250,283500,10.0,0.16666666666666666,0.3250829733914482,69900.0,3700.0,6.0,9.0,0.0,0.34883209584303193,51550.0,5750.0,5.0,-1.0,-10.0,-16.666666666666664,0.023749122451583726,-18350.0,-26.25178826895565,declined
Birmingham,Birmingham_412250_283750,412250,283750,30.0,0.045454545454545456,0.29113983883196504,112950.0,3850.0,22.0,27.0,0.0,0.3153962874226617,173100.0,5800.0,13.0,-3.0,-10.0,-4.545454545454546,0.024256448590696644,60150.0,53.253652058432934,declined
Birmingham,Birmingham_412250_284000,412250,284000,14.0,0.0,0.25731864054383163,31300.0,3550.0,4.0,10.0,0.25,-0.0,49750.0,5800.0,4.0,-4.0,-28.57142857142857,25.0,-0.25731864054383163,18450.0,58.94568690095847,declined
Birmingham,Birmingham_412250_284250,412250,284250,2.0,0.0,-0.0,4475.0,2237.5,1.0,2.0,0.0,-0.0,8800.0,4400.0,2.0,0.0,0.0,0.0,0.0,4325.0,96.64804469273743,persistent
Birmingham,Birmingham_412250_284500,412250,284500,3.0,0.0,0.6365141682948128,24850.0,12425.0,2.0,2.0,0.0,0.6931471805599453,33000.0,16500.0,2.0,-1.0,-33.33333333333333,0.0,0.05663301226513251,8150.0,32.796780684104625,declined
Birmingham,Birmingham_412250_284750,412250,284750,7.0,0.0,0.410116318288409,139750.0,5200.0,5.0,7.0,0.0,0.410116318288409,198250.0,9800.0,4.0,0.0,0.0,0.0,0.0,58500.0,41.86046511627907,persistent
Birmingham,Birmingham_412250_285250,412250,285250,7.0,0.0,-0.0,28025.0,2950.0,5.0,6.0,0.0,-0.0,48350.0,5050.0,4.0,-1.0,-14.285714285714285,0.0,0.0,20325.0,72.52453166815343,declined
Birmingham,Birmingham_412250_285500,412250,285500,1.0,1.0,-0.0,4050.0,4050.0,1.0,1.0,0.0,-0.0,3650.0,3650.0,1.0,0.0,0.0,-100.0,0.0,-400.0,-9.876543209876543,persistent
Birmingham,Birmingham_412250_288250,412250,288250,97.0,0.043478260869565216,0.7075643792174751,2185775.0,9400.0,46.0,71.0,0.02857142857142857,0.6562216029472454,2171150.0,13750.0,35.0,-26.0,-26.804123711340207,-1.4906832298136645,-0.05134277627022965,-14625.0,-0.6690990609737965,declined
Birmingham,Birmingham_412250_288500,412250,288500,2.0,,-0.0,1775.0,1775.0,0.0,1.0,,-0.0,2150.0,2150.0,0.0,-1.0,-50.0,,0.0,375.0,21.12676056338028,declined
Birmingham,Birmingham_412250_289750,412250,289750,9.0,0.0,-0.0,49650.0,4000.0,4.0,10.0,0.0,0.639031859650177,77050.0,5900.0,2.0,1.0,11.11111111111111,0.0,0.639031859650177,27400.0,55.18630412890232,intensified
Birmingham,Birmingham_412250_290000,412250,290000,7.0,0.0,-0.0,676500.0,213000.0,2.0,3.0,0.0,-0.0,933000.0,322500.0,3.0,-4.0,-57.14285714285714,0.0,0.0,256500.0,37.91574279379157,declined
Birmingham,Birmingham_412250_290750,412250,290750,3.0,0.0,-0.0,101250.0,32750.0,2.0,2.0,0.0,-0.0,48750.0,24375.0,1.0,-1.0,-33.33333333333333,0.0,0.0,-52500.0,-51.85185185185185,declined
Birmingham,Birmingham_412250_291000,412250,291000,19.0,0.0,0.20619205063323187,64200.0,4250.0,10.0,14.0,0.0,0.509137344082687,102150.0,6750.0,11.0,-5.0,-26.31578947368421,0.0,0.3029452934494551,37950.0,59.112149532710276,declined
Birmingham,Birmingham_412250_294000,412250,294000,2.0,,-0.0,,,0.0,0.0,,,,,,-2.0,-100.0,,,,,disappeared
Birmingham,Birmingham_412250_295250,412250,295250,3.0,0.0,-0.0,8800.0,3500.0,3.0,3.0,0.0,-0.0,15200.0,5600.0,2.0,0.0,0.0,0.0,0.0,6400.0,72.72727272727273,persistent
Birmingham,Birmingham_412250_296000,412250,296000,2.0,,-0.0,18500.0,18500.0,0.0,1.0,,-0.0,6300.0,6300.0,0.0,-1.0,-50.0,,0.0,-12200.0,-65.94594594594595,declined
Birmingham,Birmingham_412250_296250,412250,296250,4.0,0.0,-0.0,23100.0,4150.0,2.0,4.0,0.0,-0.0,28800.0,5150.0,2.0,0.0,0.0,0.0,0.0,5700.0,24.675324675324674,persistent
Birmingham,Birmingham_412250_298500,412250,298500,4.0,0.0,0.5623351446188083,56850.0,8225.0,2.0,4.0,0.0,0.5623351446188083,56550.0,10875.0,3.0,0.0,0.0,0.0,0.0,-300.0,-0.5277044854881267,persistent
Birmingham,Birmingham_412250_298750,412250,298750,2.0,0.0,-0.0,7550.0,3775.0,1.0,2.0,0.0,-0.0,10050.0,5025.0,1.0,0.0,0.0,0.0,0.0,2500.0,33.11258278145696,persistent
Birmingham,Birmingham_412500_282000,412500,282000,1.0,0.0,-0.0,2050.0,2050.0,1.0,1.0,0.0,-0.0,3850.0,3850.0,1.0,0.0,0.0,0.0,0.0,1800.0,87.8048780487805,persistent
Birmingham,Birmingham_412500_282750,412500,282750,7.0,0.0,0.5982695885852573,272800.0,64500.0,3.0,5.0,0.3333333333333333,0.6730116670092565,347450.0,24000.0,3.0,-2.0,-28.57142857142857,33.33333333333333,0.07474207842399927,74650.0,27.364369501466275,declined
Birmingham,Birmingham_412500_283000,412500,283000,21.0,0.0,0.5670609309552819,116125.0,7300.0,15.0,16.0,0.0,0.46341355882643,201925.0,13500.0,9.0,-5.0,-23.809523809523807,0.0,-0.10364737212885189,85800.0,73.8858988159311,declined
Birmingham,Birmingham_412500_283500,412500,283500,1.0,,-0.0,,,0.0,0.0,,,,,,-1.0,-100.0,,,,,disappeared
Birmingham,Birmingham_412500_283750,412500,283750,1.0,0.0,-0.0,2025.0,2025.0,1.0,1.0,0.0,-0.0,2475.0,2475.0,1.0,0.0,0.0,0.0,0.0,450.0,22.22222222222222,persistent
Birmingham,Birmingham_412500_284500,412500,284500,14.0,0.0,0.410116318288409,48600.0,3650.0,3.0,9.0,0.0,0.5297061990576545,88400.0,5400.0,5.0,-5.0,-35.714285714285715,0.0,0.11958988076924548,39800.0,81.89300411522635,declined
Birmingham,Birmingham_412500_284750,412500,284750,1.0,,-0.0,9300.0,9300.0,0.0,1.0,0.0,-0.0,,,1.0,0.0,0.0,,0.0,,,persistent
Birmingham,Birmingham_412500_286500,412500,286500,13.0,0.0,0.2711893730418441,40300.0,4000.0,9.0,10.0,0.0,0.3250829733914482,56550.0,5600.0,6.0,-3.0,-23.076923076923077,0.0,0.05389360034960411,16250.0,40.32258064516129,declined
Birmingham,Birmingham_412500_286750,412500,286750,2.0,1.0,-0.0,12300.0,6150.0,1.0,6.0,0.0,-0.0,34875.0,5950.0,2.0,4.0,200.0,-100.0,0.0,22575.0,183.53658536585365,intensified
Birmingham,Birmingham_412500_287500,412500,287500,1.0,0.0,-0.0,5000.0,5000.0,1.0,1.0,,-0.0,4650.0,4650.0,0.0,0.0,0.0,,0.0,-350.0,-7.000000000000001,persistent
Birmingham,Birmingham_412500_288000,412500,288000,18.0,0.0,0.2145591551764051,285425.0,4100.0,11.0,18.0,0.0,0.5566469035821068,396150.0,6800.0,12.0,0.0,0.0,0.0,0.34208774840570166,110725.0,38.79302794079005,persistent
Birmingham,Birmingham_412500_288250,412500,288250,6.0,0.0,0.45056120886630463,38050.0,6400.0,5.0,7.0,0.0,0.5982695885852573,86850.0,14750.0,2.0,1.0,16.666666666666664,0.0,0.14770837971895262,48800.0,128.25229960578187,intensified
Birmingham,Birmingham_412500_290000,412500,290000,16.0,0.0,0.2337916587064593,277100.0,15250.0,5.0,8.0,0.0,0.37677016125643675,136000.0,18875.0,1.0,-8.0,-50.0,0.0,0.14297850254997746,-141100.0,-50.920245398773,declined
Birmingham,Birmingham_412500_290750,412500,290750,8.0,0.0,0.5623351446188083,129250.0,9225.0,5.0,7.0,0.0,0.410116318288409,144600.0,10500.0,4.0,-1.0,-12.5,0.0,-0.1522188263303993,15350.0,11.876208897485494,declined
Birmingham,Birmingham_412500_291000,412500,291000,18.0,0.0,0.42584844923858145,89700.0,4950.0,11.0,12.0,0.0,0.5660857389596289,129600.0,7850.0,3.0,-6.0,-33.33333333333333,0.0,0.14023728972104743,39900.0,44.481605351170565,declined
Birmingham,Birmingham_412500_291750,412500,291750,3.0,0.0,-0.0,10100.0,2325.0,1.0,2.0,0.0,-0.0,13850.0,6925.0,1.0,-1.0,-33.33333333333333,0.0,0.0,3750.0,37.12871287128713,declined
Birmingham,Birmingham_412500_292250,412500,292250,1.0,0.0,-0.0,59000.0,59000.0,1.0,1.0,0.0,-0.0,44500.0,44500.0,1.0,0.0,0.0,0.0,0.0,-14500.0,-24.576271186440678,persistent
Birmingham,Birmingham_412500_292500,412500,292500,2.0,0.0,-0.0,2550.0,2550.0,1.0,1.0,0.0,-0.0,4600.0,4600.0,1.0,-1.0,-50.0,0.0,0.0,2050.0,80.3921568627451,declined
Birmingham,Birmingham_412500_293250,412500,293250,1.0,,-0.0,12250.0,12250.0,0.0,1.0,0.0,-0.0,12250.0,12250.0,1.0,0.0,0.0,,0.0,0.0,0.0,persistent
Birmingham,Birmingham_412500_295500,412500,295500,1.0,0.0,-0.0,4150.0,4150.0,1.0,1.0,0.0,-0.0,5900.0,5900.0,1.0,0.0,0.0,0.0,0.0,1750.0,42.168674698795186,persistent
Birmingham,Birmingham_412500_295750,412500,295750,1.0,,-0.0,141000.0,141000.0,0.0,1.0,,-0.0,170000.0,170000.0,0.0,0.0,0.0,,0.0,29000.0,20.56737588652482,persistent
Birmingham,Birmingham_412500_296000,412500,296000,3.0,,0.6365141682948128,20650.0,6600.0,0.0,4.0,0.0,0.5623351446188083,33550.0,6250.0,3.0,1.0,33.33333333333333,,-0.07417902367600449,12900.0,62.469733656174334,intensified
Birmingham,Birmingham_412500_296250,412500,296250,1.0,,-0.0,,,0.0,0.0,,,,,,-1.0,-100.0,,,,,disappeared
Birmingham,Birmingham_412750_282500,412750,282500,2.0,,-0.0,30000.0,30000.0,0.0,1.0,,-0.0,18000.0,18000.0,0.0,-1.0,-50.0,,0.0,-12000.0,-40.0,declined
Birmingham,Birmingham_412750_282750,412750,282750,7.0,0.0,0.5982695885852573,68825.0,10175.0,5.0,5.0,0.0,0.5004024235381879,83950.0,24250.0,1.0,-2.0,-28.57142857142857,0.0,-0.09786716504706938,15125.0,21.97602615328732,declined
Birmingham,Birmingham_412750_283000,412750,283000,1.0,,-0.0,3050.0,3050.0,0.0,1.0,,-0.0,4550.0,4550.0,0.0,0.0,0.0,,0.0,1500.0,49.18032786885246,persistent
Birmingham,Birmingham_412750_283250,412750,283250,2.0,0.0,-0.0,4975.0,2487.5,2.0,2.0,0.0,-0.0,6200.0,3100.0,1.0,0.0,0.0,0.0,0.0,1225.0,24.623115577889447,persistent
Birmingham,Birmingham_412750_283750,412750,283750,1.0,0.0,-0.0,930.0,930.0,1.0,1.0,0.0,-0.0,1550.0,1550.0,1.0,0.0,0.0,0.0,0.0,620.0,66.66666666666666,persistent
Birmingham,Birmingham_412750_284750,412750,284750,96.0,0.08695652173913043,0.26195173426060336,3507650.0,21000.0,23.0,44.0,0.0,0.29230897264561323,2653150.0,15625.0,26.0,-52.0,-54.166666666666664,-8.695652173913043,0.030357238385009866,-854500.0,-24.361039442361694,declined
Birmingham,Birmingham_412750_285000,412750,285000,4.0,0.0,-0.0,9925.0,2387.5,2.0,2.0,0.0,-0.0,8500.0,4250.0,2.0,-2.0,-50.0,0.0,0.0,-1425.0,-14.357682619647354,declined
Birmingham,Birmingham_412750_285250,412750,285250,7.0,0.0,0.410116318288409,55000.0,7400.0,6.0,7.0,0.0,0.410116318288409,102400.0,13750.0,4.0,0.0,0.0,0.0,0.0,47400.0,86.18181818181819,persistent
Birmingham,Birmingham_412750_285500,412750,285500,35.0,0.07142857142857142,0.7412417095961681,461250.0,10000.0,14.0,24.0,0.0,0.5623351446188083,553900.0,14000.0,6.0,-11.0,-31.428571428571427,-7.142857142857142,-0.1789065649773598,92650.0,20.086720867208673,declined
Birmingham,Birmingham_412750_286000,412750,286000,5.0,0.0,-0.0,7325.0,1550.0,4.0,4.0,0.0,-0.0,16150.0,3425.0,3.0,-1.0,-20.0,0.0,0.0,8825.0,120.47781569965869,declined
Birmingham,Birmingham_412750_286500,412750,286500,4.0,0.0,-0.0,15325.0,3625.0,4.0,5.0,0.0,-0.0,28100.0,6200.0,3.0,1.0,25.0,0.0,0.0,12775.0,83.3605220228385,intensified
Birmingham,Birmingham_412750_286750,412750,286750,11.0,0.2,-0.0,26650.0,2625.0,10.0,10.0,0.0,-0.0,34875.0,3325.0,4.0,-1.0,-9.090909090909092,-20.0,0.0,8225.0,30.863039399624764,declined
Birmingham,Birmingham_412750_287250,412750,287250,14.0,0.125,0.6559757323365467,77850.0,5100.0,8.0,12.0,0.0,0.5660857389596289,99850.0,6400.0,7.0,-2.0,-14.285714285714285,-12.5,-0.08988999337691783,22000.0,28.25947334617855,declined
Birmingham,Birmingham_412750_288500,412750,288500,1.0,1.0,-0.0,1475.0,1475.0,1.0,0.0,,,,,,-1.0,-100.0,,,,,disappeared
Birmingham,Birmingham_412750_291250,412750,291250,1.0,,-0.0,16250.0,16250.0,0.0,1.0,0.0,-0.0,19000.0,19000.0,1.0,0.0,0.0,,0.0,2750.0,16.923076923076923,persistent
Birmingham,Birmingham_412750_291750,412750,291750,12.0,0.0,0.2868359830561607,84950.0,7200.0,5.0,11.0,0.0,0.6001660731596457,86750.0,7100.0,5.0,-1.0,-8.333333333333332,0.0,0.31333009010348495,1800.0,2.1188934667451442,declined
Birmingham,Birmingham_412750_295750,412750,295750,1.0,0.0,-0.0,73000.0,73000.0,1.0,1.0,,-0.0,88500.0,88500.0,0.0,0.0,0.0,,0.0,15500.0,21.232876712328768,persistent
Birmingham,Birmingham_413000_283000,413000,283000,2.0,0.0,-0.0,16250.0,8125.0,1.0,2.0,,-0.0,22250.0,11125.0,0.0,0.0,0.0,,0.0,6000.0,36.92307692307693,persistent
Birmingham,Birmingham_413000_283250,413000,283250,2.0,0.0,-0.0,46950.0,23475.0,2.0,2.0,0.0,-0.0,57600.0,28800.0,2.0,0.0,0.0,0.0,0.0,10650.0,22.683706070287542,persistent
Birmingham,Birmingham_413000_283500,413000,283500,2.0,0.0,-0.0,15500.0,7750.0,2.0,4.0,0.0,-0.0,22050.0,5025.0,1.0,2.0,100.0,0.0,0.0,6550.0,42.25806451612903,intensified
Birmingham,Birmingham_413000_283750,413000,283750,9.0,0.0,-0.0,26175.0,3325.0,6.0,8.0,0.0,-0.0,37150.0,4825.0,7.0,-1.0,-11.11111111111111,0.0,0.0,10975.0,41.92932187201528,declined
Birmingham,Birmingham_413000_284000,413000,284000,3.0,0.0,0.6365141682948128,99600.0,49800.0,1.0,2.0,0.0,0.6931471805599453,60750.0,30375.0,1.0,-1.0,-33.33333333333333,0.0,0.05663301226513251,-38850.0,-39.006024096385545,declined
Birmingham,Birmingham_413000_284750,413000,284750,12.0,0.1111111111111111,-0.0,144100.0,6000.0,9.0,11.0,0.0,-0.0,99125.0,7750.0,8.0,-1.0,-8.333333333333332,-11.11111111111111,0.0,-44975.0,-31.210964607911173,declined
Birmingham,Birmingham_413000_285000,413000,285000,4.0,,-0.0,13850.0,4350.0,0.0,2.0,0.0,-0.0,14500.0,7250.0,2.0,-2.0,-50.0,,0.0,650.0,4.693140794223827,declined
Birmingham,Birmingham_413000_285250,413000,285250,14.0,0.0,0.509137344082687,174700.0,10000.0,8.0,14.0,0.0,0.509137344082687,212800.0,13625.0,6.0,0.0,0.0,0.0,0.0,38100.0,21.80881511161992,persistent
Birmingham,Birmingham_413000_285500,413000,285500,49.0,0.10714285714285714,0.2975855177331088,432950.0,7400.0,28.0,40.0,0.0,0.34878038491802865,601300.0,12000.0,23.0,-9.0,-18.367346938775512,-10.714285714285714,0.051194867184919834,168350.0,38.88439773645918,declined
Birmingham,Birmingham_413000_286500,413000,286500,1.0,0.0,-0.0,1025.0,1025.0,1.0,1.0,,-0.0,1275.0,1275.0,0.0,0.0,0.0,,0.0,250.0,24.390243902439025,persistent
Birmingham,Birmingham_413000_287000,413000,287000,12.0,0.0,0.2868359830561607,71400.0,4525.0,9.0,14.0,0.0,0.6559757323365467,187750.0,6700.0,8.0,2.0,16.666666666666664,0.0,0.369139749280386,116350.0,162.95518207282913,intensified
Birmingham,Birmingham_413000_287250,413000,287250,18.0,0.0,-0.0,72925.0,3925.0,11.0,14.0,0.0,-0.0,113450.0,5150.0,7.0,-4.0,-22.22222222222222,0.0,0.0,40525.0,55.57079190949605,declined
Birmingham,Birmingham_413000_287500,413000,287500,21.0,0.1111111111111111,0.8515842539195699,1396050.0,54500.0,9.0,19.0,0.07692307692307693,0.8569977547780645,1163925.0,11250.0,13.0,-2.0,-9.523809523809524,-3.4188034188034178,0.005413500858494569,-232125.0,-16.627269796927045,declined
Birmingham,Birmingham_413000_287750,413000,287750,7.0,0.0,0.7963116401738131,39575.0,5700.0,5.0,6.0,0.0,0.45056120886630463,43650.0,8300.0,4.0,-1.0,-14.285714285714285,0.0,-0.34575043130750843,4075.0,10.296904611497157,declined
Birmingham,Birmingham_413000_289250,413000,289250,1.0,0.0,-0.0,460.0,460.0,1.0,0.0,,,,,,-1.0,-100.0,,,,,disappeared
Birmingham,Birmingham_413000_289500,413000,289500,5.0,0.0,-0.0,11400.0,3000.0,1.0,3.0,0.0,-0.0,23800.0,6300.0,2.0,-2.0,-40.0,0.0,0.0,12400.0,108.77192982456141,declined
Birmingham,Birmingham_413000_289750,413000,289750,2.0,0.0,-0.0,13900.0,6950.0,2.0,2.0,0.0,-0.0,21800.0,10900.0,1.0,0.0,0.0,0.0,0.0,7900.0,56.83453237410072,persistent
Birmingham,Birmingham_413000_291000,413000,291000,6.0,0.3333333333333333,-0.0,12025.0,3050.0,3.0,4.0,0.0,-0.0,20350.0,5250.0,4.0,-2.0,-33.33333333333333,-33.33333333333333,0.0,8325.0,69.23076923076923,declined
Birmingham,Birmingham_413000_291500,413000,291500,3.0,0.0,-0.0,18350.0,9175.0,1.0,2.0,0.0,-0.0,25000.0,12500.0,1.0,-1.0,-33.33333333333333,0.0,0.0,6650.0,36.23978201634878,declined
Birmingham,Birmingham_413000_295750,413000,295750,5.0,0.0,-0.0,48125.0,3900.0,5.0,5.0,0.0,-0.0,57225.0,4750.0,3.0,0.0,0.0,0.0,0.0,9100.0,18.90909090909091,persistent
Birmingham,Birmingham_413000_296500,413000,296500,1.0,0.0,-0.0,55000.0,55000.0,1.0,2.0,,0.6931471805599453,76500.0,38250.0,0.0,1.0,100.0,,0.6931471805599453,21500.0,39.09090909090909,intensified
Birmingham,Birmingham_413000_297500,413000,297500,1.0,0.0,-0.0,25250.0,25250.0,1.0,1.0,,-0.0,29500.0,29500.0,0.0,0.0,0.0,,0.0,4250.0,16.831683168316832,persistent
Birmingham,Birmingham_413000_298500,413000,298500,39.0,0.0,-0.0,128050.0,6300.0,13.0,19.0,0.0,-0.0,166300.0,8000.0,9.0,-20.0,-51.28205128205128,0.0,0.0,38250.0,29.871144084342056,declined
Birmingham,Birmingham_413000_299000,413000,299000,1.0,0.0,-0.0,61000.0,61000.0,1.0,2.0,0.0,0.6931471805599453,130000.0,65000.0,1.0,1.0,100.0,0.0,0.6931471805599453,69000.0,113.11475409836065,intensified
Birmingham,Birmingham_413250_284750,413250,284750,3.0,0.0,-0.0,12285.0,5000.0,1.0,3.0,0.0,-0.0,16850.0,6500.0,2.0,0.0,0.0,0.0,0.0,4565.0,37.15913715913716,persistent
Birmingham,Birmingham_413250_286000,413250,286000,1.0,1.0,-0.0,1075.0,1075.0,1.0,1.0,0.0,-0.0,2075.0,2075.0,1.0,0.0,0.0,-100.0,0.0,1000.0,93.02325581395348,persistent
Birmingham,Birmingham_413250_287000,413250,287000,1.0,,-0.0,,,0.0,0.0,,,,,,-1.0,-100.0,,,,,disappeared
Birmingham,Birmingham_413250_287500,413250,287500,2.0,0.0,-0.0,9100.0,4550.0,1.0,2.0,0.0,-0.0,11875.0,5937.5,2.0,0.0,0.0,0.0,0.0,2775.0,30.494505494505496,persistent
Birmingham,Birmingham_413250_287750,413250,287750,1.0,,-0.0,,,0.0,0.0,,,,,,-1.0,-100.0,,,,,disappeared
Birmingham,Birmingham_413250_289000,413250,289000,8.0,0.0,0.37677016125643675,173950.0,5100.0,6.0,8.0,0.0,0.37677016125643675,195050.0,6900.0,4.0,0.0,0.0,0.0,0.0,21100.0,12.129922391491808,persistent
Birmingham,Birmingham_413250_289250,413250,289250,4.0,0.0,-0.0,40200.0,6550.0,3.0,4.0,0.0,-0.0,56650.0,9750.0,2.0,0.0,0.0,0.0,0.0,16450.0,40.92039800995025,persistent
Birmingham,Birmingham_413250_290000,413250,290000,2.0,,0.6931471805599453,3900.0,3900.0,0.0,0.0,,,,,,-2.0,-100.0,,,,,disappeared
Birmingham,Birmingham_413250_291000,413250,291000,15.0,0.1111111111111111,0.39267446722755217,2130850.0,142000.0,9.0,17.0,0.0,0.362210557135449,2592600.0,103000.0,9.0,2.0,13.333333333333334,-11.11111111111111,-0.030463910092103197,461750.0,21.669756200577233,intensified
Birmingham,Birmingham_413250_291250,413250,291250,6.0,0.0,1.0114042647073516,334400.0,76500.0,3.0,5.0,0.0,0.5004024235381879,788000.0,121000.0,1.0,-1.0,-16.666666666666664,0.0,-0.5110018411691637,453600.0,135.64593301435406,declined
Birmingham,Birmingham_413250_291500,413250,291500,11.0,0.0,-0.0,60900.0,5450.0,7.0,10.0,0.0,-0.0,79600.0,7100.0,5.0,-1.0,-9.090909090909092,0.0,0.0,18700.0,30.706075533661743,declined
Birmingham,Birmingham_413250_291750,413250,291750,1.0,,-0.0,73500.0,73500.0,0.0,0.0,,,,,,-1.0,-100.0,,,,,disappeared
Birmingham,Birmingham_413250_295750,413250,295750,11.0,0.0,0.30463609734923813,87650.0,6700.0,7.0,8.0,0.0,0.37677016125643675,107100.0,7650.0,5.0,-3.0,-27.27272727272727,0.0,0.07213406390719862,19450.0,22.190530519110098,declined
Birmingham,Birmingham_413250_297000,413250,297000,9.0,0.2,0.34883209584303193,210200.0,10250.0,5.0,9.0,0.0,0.34883209584303193,215750.0,12250.0,4.0,0.0,0.0,-20.0,0.0,5550.0,2.6403425309229305,persistent
Birmingham,Birmingham_413500_284250,413500,284250,3.0,0.3333333333333333,0.6365141682948128,68450.0,8400.0,3.0,3.0,0.0,0.6365141682948128,82100.0,11750.0,2.0,0.0,0.0,-33.33333333333333,0.0,13650.0,19.941563184806427,persistent
Birmingham,Birmingham_413500_284500,413500,284500,17.0,0.0,0.7086880282185832,213900.0,8900.0,15.0,19.0,0.0,0.6605788876520756,294100.0,10000.0,7.0,2.0,11.76470588235294,0.0,-0.04810914056650761,80200.0,37.49415614773259,intensified
Birmingham,Birmingham_413500_286750,413500,286750,1.0,0.0,-0.0,79000.0,79000.0,1.0,1.0,0.0,-0.0,34000.0,34000.0,1.0,0.0,0.0,0.0,0.0,-45000.0,-56.9620253164557,persistent
Birmingham,Birmingham_413500_288500,413500,288500,6.0,0.0,-0.0,24000.0,2950.0,5.0,7.0,0.25,0.410116318288409,65100.0,7200.0,4.0,1.0,16.666666666666664,25.0,0.410116318288409,41100.0,171.25,intensified
Birmingham,Birmingham_413500_288750,413500,288750,4.0,0.0,-0.0,17200.0,4350.0,2.0,3.0,0.0,-0.0,33450.0,8500.0,2.0,-1.0,-25.0,0.0,0.0,16250.0,94.47674418604652,declined
Birmingham,Birmingham_413500_289000,413500,289000,1.0,,-0.0,,,0.0,0.0,,,,,,-1.0,-100.0,,,,,disappeared
Birmingham,Birmingham_413500_289250,413500,289250,7.0,0.0,0.5982695885852573,22600.0,4150.0,4.0,6.0,0.0,0.6365141682948128,54100.0,7850.0,3.0,-1.0,-14.285714285714285,0.0,0.038244579709555526,31500.0,139.38053097345133,declined
Birmingham,Birmingham_413500_290250,413500,290250,6.0,0.0,0.45056120886630463,3330000.0,520000.0,2.0,3.0,0.0,1.0986122886681096,864800.0,105000.0,2.0,-3.0,-50.0,0.0,0.6480510798018049,-2465200.0,-74.03003003003002,declined
Birmingham,Birmingham_413500_291250,413500,291250,4.0,0.0,0.6931471805599453,75050.0,8400.0,3.0,6.0,0.0,0.6365141682948128,79150.0,18625.0,3.0,2.0,50.0,0.0,-0.05663301226513251,4100.0,5.463024650233178,intensified
Birmingham,Birmingham_413500_291750,413500,291750,6.0,0.0,-0.0,11225.0,2537.5,4.0,4.0,0.3333333333333333,-0.0,19550.0,4425.0,3.0,-2.0,-33.33333333333333,33.33333333333333,0.0,8325.0,74.16481069042317,declined
Birmingham,Birmingham_413500_292000,413500,292000,4.0,0.0,0.6931471805599453,14200.0,7100.0,1.0,2.0,0.0,0.6931471805599453,37400.0,18700.0,1.0,-2.0,-50.0,0.0,0.0,23200.0,163.38028169014086,declined
Birmingham,Birmingham_413500_292250,413500,292250,8.0,0.0,-0.0,60320.0,7700.0,7.0,6.0,0.0,-0.0,79730.0,11000.0,4.0,-2.0,-25.0,0.0,0.0,19410.0,32.17838196286472,declined
Birmingham,Birmingham_413500_292500,413500,292500,1.0,0.0,-0.0,5900.0,5900.0,1.0,1.0,0.0,-0.0,6800.0,6800.0,1.0,0.0,0.0,0.0,0.0,900.0,15.254237288135593,persistent
Birmingham,Birmingham_413500_293500,413500,293500,32.0,0.0,0.2771133574914559,504925.0,11250.0,24.0,31.0,0.0,0.28393626675586414,510750.0,13750.0,19.0,-1.0,-3.125,0.0,0.006822909264408261,5825.0,1.1536366787146606,declined
Birmingham,Birmingham_413500_295500,413500,295500,1.0,0.0,-0.0,35500.0,35500.0,1.0,2.0,,-0.0,49500.0,49500.0,0.0,1.0,100.0,,0.0,14000.0,39.436619718309856,intensified
Birmingham,Birmingham_413500_295750,413500,295750,3.0,0.0,-0.0,12100.0,3950.0,3.0,3.0,0.0,-0.0,13000.0,4250.0,2.0,0.0,0.0,0.0,0.0,900.0,7.43801652892562,persistent
Birmingham,Birmingham_413500_297000,413500,297000,1.0,,-0.0,3250.0,3250.0,0.0,1.0,0.0,-0.0,4900.0,4900.0,1.0,0.0,0.0,,0.0,1650.0,50.76923076923077,persistent
Birmingham,Birmingham_413750_284250,413750,284250,2.0,,0.6931471805599453,26500.0,26500.0,0.0,1.0,0.0,-0.0,26500.0,26500.0,1.0,-1.0,-50.0,,-0.6931471805599453,0.0,0.0,declined
Birmingham,Birmingham_413750_285250,413750,285250,4.0,0.0,-0.0,18675.0,4675.0,4.0,6.0,0.0,0.45056120886630463,35600.0,6200.0,5.0,2.0,50.0,0.0,0.45056120886630463,16925.0,90.62918340026773,intensified
Birmingham,Birmingham_413750_286250,413750,286250,1.0,0.0,-0.0,6200.0,6200.0,1.0,1.0,0.0,-0.0,8800.0,8800.0,1.0,0.0,0.0,0.0,0.0,2600.0,41.935483870967744,persistent
Birmingham,Birmingham_413750_287250,413750,287250,1.0,0.0,-0.0,26500.0,26500.0,1.0,1.0,,-0.0,4200.0,4200.0,0.0,0.0,0.0,,0.0,-22300.0,-84.15094339622642,persistent
Birmingham,Birmingham_413750_288500,413750,288500,1.0,,-0.0,70000.0,70000.0,0.0,1.0,0.0,-0.0,55000.0,55000.0,1.0,0.0,0.0,,0.0,-15000.0,-21.428571428571427,persistent
Birmingham,Birmingham_413750_291000,413750,291000,8.0,0.0,0.9743147528693494,1798251.0,16500.0,4.0,14.0,0.0,0.8982053397041498,2633250.0,50000.0,9.0,6.0,75.0,0.0,-0.07610941316519959,834999.0,46.433951656359426,intensified
Birmingham,Birmingham_413750_291500,413750,291500,2.0,0.0,0.6931471805599453,11420.0,5710.0,2.0,2.0,0.0,0.6931471805599453,13730.0,6865.0,1.0,0.0,0.0,0.0,0.0,2310.0,20.2276707530648,persistent
Birmingham,Birmingham_413750_293250,413750,293250,1.0,0.0,-0.0,392500.0,392500.0,1.0,1.0,0.0,-0.0,282500.0,282500.0,1.0,0.0,0.0,0.0,0.0,-110000.0,-28.02547770700637,persistent
Birmingham,Birmingham_413750_293750,413750,293750,1.0,,-0.0,,,0.0,1.0,,-0.0,8100.0,8100.0,0.0,0.0,0.0,,0.0,,,persistent
Birmingham,Birmingham_413750_296500,413750,296500,2.0,0.0,-0.0,7800.0,3900.0,2.0,2.0,0.0,-0.0,9800.0,4900.0,1.0,0.0,0.0,0.0,0.0,2000.0,25.64102564102564,persistent
Birmingham,Birmingham_414000_284000,414000,284000,4.0,0.0,0.5623351446188083,240500.0,18500.0,1.0,2.0,0.0,0.6931471805599453,263500.0,131750.0,2.0,-2.0,-50.0,0.0,0.130812035941137,23000.0,9.563409563409564,declined
Birmingham,Birmingham_414000_284500,414000,284500,4.0,0.0,-0.0,16725.0,4300.0,4.0,4.0,0.0,-0.0,20500.0,5250.0,1.0,0.0,0.0,0.0,0.0,3775.0,22.57100149476831,persistent
Birmingham,Birmingham_414000_284750,414000,284750,1.0,,-0.0,70000.0,70000.0,0.0,1.0,0.0,-0.0,55000.0,55000.0,1.0,0.0,0.0,,0.0,-15000.0,-21.428571428571427,persistent
Birmingham,Birmingham_414000_285250,414000,285250,4.0,0.0,-0.0,14300.0,3400.0,3.0,4.0,0.3333333333333333,-0.0,19500.0,4625.0,3.0,0.0,0.0,33.33333333333333,0.0,5200.0,36.36363636363637,persistent
Birmingham,Birmingham_414000_285750,414000,285750,2.0,0.0,-0.0,42500.0,42500.0,1.0,2.0,0.0,-0.0,30750.0,15375.0,2.0,0.0,0.0,0.0,0.0,-11750.0,-27.647058823529413,persistent
Birmingham,Birmingham_414000_286000,414000,286000,1.0,0.0,-0.0,5300.0,5300.0,1.0,1.0,0.0,-0.0,7300.0,7300.0,1.0,0.0,0.0,0.0,0.0,2000.0,37.735849056603776,persistent
Birmingham,Birmingham_414000_286250,414000,286250,13.0,0.0,-0.0,51700.0,4100.0,9.0,15.0,0.0,-0.0,83800.0,5300.0,6.0,2.0,15.384615384615385,0.0,0.0,32100.0,62.0889748549323,intensified
Birmingham,Birmingham_414000_287500,414000,287500,19.0,0.18181818181818182,0.20619205063323187,72750.0,3750.0,11.0,17.0,0.1111111111111111,0.22371807606583377,96850.0,5000.0,9.0,-2.0,-10.526315789473683,-7.070707070707072,0.0175260254326019,24100.0,33.12714776632302,declined
Birmingham,Birmingham_414000_287750,414000,287750,24.0,0.058823529411764705,0.1732052067491771,152900.0,6950.0,17.0,21.0,0.0,0.19144408195771734,220400.0,10500.0,12.0,-3.0,-12.5,-5.88235294117647,0.01823887520854023,67500.0,44.146500981033356,declined
Birmingham,Birmingham_414000_288000,414000,288000,6.0,0.0,0.45056120886630463,37200.0,3475.0,6.0,1.0,,-0.0,29250.0,29250.0,0.0,-5.0,-83.33333333333334,,-0.45056120886630463,-7950.0,-21.370967741935484,declined
Birmingham,Birmingham_414000_290250,414000,290250,1.0,0.0,-0.0,2175.0,2175.0,1.0,1.0,,-0.0,3100.0,3100.0,0.0,0.0,0.0,,0.0,925.0,42.5287356321839,persistent
Birmingham,Birmingham_414000_290500,414000,290500,1.0,0.0,-0.0,4100.0,4100.0,1.0,1.0,0.0,-0.0,8200.0,8200.0,1.0,0.0,0.0,0.0,0.0,4100.0,100.0,persistent
Birmingham,Birmingham_414000_291000,414000,291000,2.0,,0.6931471805599453,276000.0,138000.0,0.0,0.0,,,,,,-2.0,-100.0,,,,,disappeared
Birmingham,Birmingham_414000_291750,414000,291750,2.0,1.0,-0.0,7600.0,7600.0,1.0,1.0,,-0.0,8000.0,8000.0,0.0,-1.0,-50.0,,0.0,400.0,5.263157894736842,declined
Birmingham,Birmingham_414000_293500,414000,293500,2.0,0.0,0.6931471805599453,56250.0,28125.0,2.0,3.0,,0.6365141682948128,41250.0,20625.0,0.0,1.0,50.0,,-0.05663301226513251,-15000.0,-26.666666666666668,intensified
Birmingham,Birmingham_414250_284000,414250,284000,20.0,0.07692307692307693,0.3250829733914482,437825.0,5550.0,13.0,14.0,0.16666666666666666,0.25731864054383163,497100.0,7650.0,6.0,-6.0,-30.0,8.974358974358973,-0.06776433284761657,59275.0,13.5385142465597,declined
Birmingham,Birmingham_414250_284500,414250,284500,1.0,,-0.0,42000.0,42000.0,0.0,1.0,,-0.0,13500.0,13500.0,0.0,0.0,0.0,,0.0,-28500.0,-67.85714285714286,persistent
Birmingham,Birmingham_414250_285500,414250,285500,13.0,0.0,0.2711893730418441,48600.0,4150.0,10.0,11.0,0.0,0.47413931305783735,77450.0,6800.0,5.0,-2.0,-15.384615384615385,0.0,0.20294994001599326,28850.0,59.36213991769548,declined
Birmingham,Birmingham_414250_286500,414250,286500,35.0,0.3076923076923077,0.48160237879386447,323975.0,3300.0,13.0,3.0,0.0,1.0986122886681096,133950.0,10000.0,1.0,-32.0,-91.42857142857143,-30.76923076923077,0.6170099098742451,-190025.0,-58.65421714638476,declined
Birmingham,Birmingham_414250_287000,414250,287000,3.0,0.0,-0.0,16750.0,3450.0,3.0,3.0,0.0,-0.0,18500.0,4950.0,2.0,0.0,0.0,0.0,0.0,1750.0,10.44776119402985,persistent
Birmingham,Birmingham_414250_287500,414250,287500,2.0,0.0,-0.0,8450.0,4225.0,2.0,2.0,,-0.0,10550.0,5275.0,0.0,0.0,0.0,,0.0,2100.0,24.85207100591716,persistent
Birmingham,Birmingham_414250_288250,414250,288250,2.0,0.5,0.6931471805599453,38750.0,19375.0,2.0,0.0,,,,,,-2.0,-100.0,,,,,disappeared
Birmingham,Birmingham_414250_288750,414250,288750,17.0,0.0,0.4437572842601484,48075.0,2700.0,13.0,13.0,0.0,0.5359610497090694,114050.0,6900.0,5.0,-4.0,-23.52941176470588,0.0,0.09220376544892106,65975.0,137.23348933957357,declined
Birmingham,Birmingham_414250_289000,414250,289000,1.0,1.0,-0.0,18500.0,18500.0,1.0,2.0,,0.6931471805599453,47000.0,23500.0,0.0,1.0,100.0,,0.6931471805599453,28500.0,154.05405405405406,intensified
Birmingham,Birmingham_414250_290500,414250,290500,1.0,0.0,-0.0,8100.0,8100.0,1.0,1.0,,-0.0,9100.0,9100.0,0.0,0.0,0.0,,0.0,1000.0,12.345679012345679,persistent
Birmingham,Birmingham_414250_290750,414250,290750,5.0,0.0,0.5004024235381879,16675.0,3100.0,2.0,4.0,0.0,-0.0,33100.0,6200.0,3.0,-1.0,-20.0,0.0,-0.5004024235381879,16425.0,98.50074962518741,declined
Birmingham,Birmingham_414250_291000,414250,291000,1.0,,-0.0,3100.0,3100.0,0.0,1.0,,-0.0,6200.0,6200.0,0.0,0.0,0.0,,0.0,3100.0,100.0,persistent
Birmingham,Birmingham_414250_291500,414250,291500,1.0,,-0.0,7400.0,7400.0,0.0,1.0,0.0,-0.0,8900.0,8900.0,1.0,0.0,0.0,,0.0,1500.0,20.27027027027027,persistent
Birmingham,Birmingham_414250_292000,414250,292000,1.0,1.0,-0.0,2025.0,2025.0,1.0,1.0,0.0,-0.0,2650.0,2650.0,1.0,0.0,0.0,-100.0,0.0,625.0,30.864197530864196,persistent
Birmingham,Birmingham_414250_296000,414250,296000,15.0,0.0,-0.0,60250.0,4075.0,9.0,12.0,0.0,0.2868359830561607,65950.0,4475.0,6.0,-3.0,-20.0,0.0,0.2868359830561607,5700.0,9.46058091286307,declined
Birmingham,Birmingham_414500_283750,414500,283750,7.0,0.0,0.9556998911125343,253000.0,26125.0,5.0,7.0,0.0,1.277034259466139,298250.0,40500.0,4.0,0.0,0.0,0.0,0.32133436835360474,45250.0,17.885375494071145,persistent
Birmingham,Birmingham_414500_284750,414500,284750,1.0,,-0.0,,,0.0,0.0,,,,,,-1.0,-100.0,,,,,disappeared
Birmingham,Birmingham_414500_285750,414500,285750,1.0,0.0,-0.0,15000.0,15000.0,1.0,1.0,,-0.0,14250.0,14250.0,0.0,0.0,0.0,,0.0,-750.0,-5.0,persistent
Birmingham,Birmingham_414500_291500,414500,291500,2.0,0.0,-0.0,16400.0,8200.0,2.0,2.0,0.0,-0.0,19500.0,9750.0,2.0,0.0,0.0,0.0,0.0,3100.0,18.902439024390244,persistent
Birmingham,Birmingham_414500_292000,414500,292000,2.0,,0.6931471805599453,83250.0,41625.0,0.0,3.0,0.0,0.6365141682948128,155250.0,41750.0,2.0,1.0,50.0,,-0.05663301226513251,72000.0,86.48648648648648,intensified
Birmingham,Birmingham_414500_292250,414500,292250,12.0,0.2222222222222222,0.2868359830561607,50440.0,2487.5,9.0,8.0,0.125,0.37677016125643675,78985.0,3050.0,8.0,-4.0,-33.33333333333333,-9.722222222222221,0.08993417820027605,28545.0,56.59199048374306,declined
Birmingham,Birmingham_414500_292750,414500,292750,6.0,0.0,0.6365141682948128,3065700.0,205350.0,3.0,4.0,0.0,0.6931471805599453,1629450.0,152250.0,3.0,-2.0,-33.33333333333333,0.0,0.05663301226513251,-1436250.0,-46.84900675212839,declined
Birmingham,Birmingham_414500_295500,414500,295500,1.0,,-0.0,20750.0,20750.0,0.0,1.0,0.0,-0.0,20750.0,20750.0,1.0,0.0,0.0,,0.0,0.0,0.0,persistent
Birmingham,Birmingham_414500_295750,414500,295750,2.0,0.0,0.6931471805599453,36250.0,18125.0,1.0,2.0,0.0,0.6931471805599453,17400.0,8700.0,1.0,0.0,0.0,0.0,0.0,-18850.0,-52.0,persistent
Birmingham,Birmingham_414750_283500,414750,283500,18.0,0.1111111111111111,0.8838756262717337,281500.0,7800.0,9.0,15.0,0.0,0.24493002679463532,388700.0,9700.0,6.0,-3.0,-16.666666666666664,-11.11111111111111,-0.6389455994770983,107200.0,38.08170515097691,declined
Birmingham,Birmingham_414750_283750,414750,283750,39.0,0.15,0.4017726493509475,861700.0,19250.0,20.0,38.0,0.0,0.40945861869508926,725325.0,17625.0,16.0,-1.0,-2.564102564102564,-15.0,0.007685969344141785,-136375.0,-15.826273645120112,declined
Birmingham,Birmingham_414750_284500,414750,284500,2.0,0.0,-0.0,12700.0,6350.0,1.0,2.0,0.0,-0.0,15000.0,7500.0,1.0,0.0,0.0,0.0,0.0,2300.0,18.11023622047244,persistent
Birmingham,Birmingham_414750_284750,414750,284750,6.0,0.0,-0.0,38750.0,19375.0,1.0,2.0,0.0,-0.0,45500.0,22750.0,1.0,-4.0,-66.66666666666666,0.0,0.0,6750.0,17.419354838709676,declined
Birmingham,Birmingham_414750_285500,414750,285500,9.0,0.0,0.5297061990576545,6400.0,6400.0,1.0,1.0,0.0,-0.0,10500.0,10500.0,1.0,-8.0,-88.88888888888889,0.0,-0.5297061990576545,4100.0,64.0625,declined
Birmingham,Birmingham_414750_285750,414750,285750,1.0,0.0,-0.0,47500.0,47500.0,1.0,1.0,0.0,-0.0,92000.0,92000.0,1.0,0.0,0.0,0.0,0.0,44500.0,93.6842105263158,persistent
Birmingham,Birmingham_414750_286500,414750,286500,1.0,,-0.0,53500.0,53500.0,0.0,1.0,,-0.0,110000.0,110000.0,0.0,0.0,0.0,,0.0,56500.0,105.60747663551402,persistent
Birmingham,Birmingham_414750_287250,414750,287250,5.0,0.5,-0.0,36150.0,12250.0,2.0,3.0,0.5,-0.0,55000.0,22750.0,2.0,-2.0,-40.0,0.0,0.0,18850.0,52.14384508990319,declined
Birmingham,Birmingham_414750_288250,414750,288250,1.0,,-0.0,15500.0,15500.0,0.0,1.0,,-0.0,,,0.0,0.0,0.0,,0.0,,,persistent
Birmingham,Birmingham_414750_289000,414750,289000,1.0,,-0.0,,,0.0,0.0,,,,,,-1.0,-100.0,,,,,disappeared
Birmingham,Birmingham_414750_291250,414750,291250,9.0,0.0,-0.0,108200.0,8600.0,6.0,9.0,0.0,-0.0,130500.0,10250.0,4.0,0.0,0.0,0.0,0.0,22300.0,20.609981515711645,persistent
Birmingham,Birmingham_415000_283500,415000,283500,19.0,0.0,0.336495757583516,1987250.0,21875.0,2.0,6.0,0.0,0.45056120886630463,1593000.0,28750.0,4.0,-13.0,-68.42105263157895,0.0,0.11406545128278861,-394250.0,-19.8389734557806,declined
Birmingham,Birmingham_415000_283750,415000,283750,48.0,0.1,0.6635081132409048,528150.0,10625.0,30.0,47.0,0.0,0.5688299287902492,576700.0,11000.0,16.0,-1.0,-2.083333333333333,-10.0,-0.09467818445065557,48550.0,9.192464262046766,declined
Birmingham,Birmingham_415000_284250,415000,284250,7.0,0.0,-0.0,26375.0,4100.0,6.0,7.0,0.0,-0.0,36000.0,5600.0,5.0,0.0,0.0,0.0,0.0,9625.0,36.492890995260666,persistent
Birmingham,Birmingham_415000_285000,415000,285000,20.0,0.0,0.1985152433458726,102050.0,5700.0,12.0,18.0,0.0,0.2145591551764051,137500.0,7700.0,9.0,-2.0,-10.0,0.0,0.016043911830532498,35450.0,34.737873591376776,declined
Birmingham,Birmingham_415000_286250,415000,286250,9.0,0.25,-0.0,24770.0,4875.0,4.0,7.0,0.0,0.410116318288409,48610.0,6700.0,2.0,-2.0,-22.22222222222222,-25.0,0.410116318288409,23840.0,96.24545821558337,declined
Birmingham,Birmingham_415000_286750,415000,286750,2.0,0.0,-0.0,5200.0,5200.0,1.0,1.0,,-0.0,10750.0,10750.0,0.0,-1.0,-50.0,,0.0,5550.0,106.73076923076923,declined
Birmingham,Birmingham_415000_287000,415000,287000,12.0,0.0,0.2868359830561607,50750.0,3775.0,10.0,12.0,0.0,0.2868359830561607,67750.0,5200.0,8.0,0.0,0.0,0.0,0.0,17000.0,33.497536945812804,persistent
Birmingham,Birmingham_415000_287250,415000,287250,25.0,0.0,-0.0,149550.0,4750.0,23.0,24.0,0.0,-0.0,188400.0,6050.0,10.0,-1.0,-4.0,0.0,0.0,38850.0,25.977933801404212,declined
Birmingham,Birmingham_415000_288500,415000,288500,39.0,0.0,-0.0,200650.0,10500.0,6.0,13.0,0.0,-0.0,260850.0,13000.0,9.0,-26.0,-66.66666666666666,0.0,0.0,60200.0,30.00249190132071,declined
Birmingham,Birmingham_415250_283500,415250,283500,8.0,0.0,-0.0,57850.0,8000.0,4.0,7.0,0.0,-0.0,76400.0,10500.0,2.0,-1.0,-12.5,0.0,0.0,18550.0,32.0656871218669,declined
Birmingham,Birmingham_415250_284250,415250,284250,2.0,1.0,-0.0,95000.0,95000.0,1.0,1.0,0.0,-0.0,65000.0,65000.0,1.0,-1.0,-50.0,-100.0,0.0,-30000.0,-31.57894736842105,declined
Birmingham,Birmingham_415250_285000,415250,285000,29.0,0.05,0.3984405075837697,197970.0,6500.0,20.0,27.0,0.0,0.3153962874226617,261800.0,8800.0,17.0,-2.0,-6.896551724137931,-5.0,-0.08304422016110802,63830.0,32.24225892812042,declined
Birmingham,Birmingham_415250_285250,415250,285250,3.0,,0.6365141682948128,57250.0,28625.0,0.0,7.0,0.0,-0.0,129250.0,14000.0,3.0,4.0,133.33333333333331,,-0.6365141682948128,72000.0,125.764192139738,intensified
Birmingham,Birmingham_415250_286250,415250,286250,3.0,0.0,-0.0,46500.0,23250.0,1.0,1.0,,-0.0,27750.0,27750.0,0.0,-2.0,-66.66666666666666,,0.0,-18750.0,-40.32258064516129,declined
Birmingham,Birmingham_415250_286750,415250,286750,2.0,0.5,0.6931471805599453,7900.0,7900.0,2.0,1.0,0.0,-0.0,16000.0,16000.0,1.0,-1.0,-50.0,-50.0,-0.6931471805599453,8100.0,102.53164556962024,declined
Birmingham,Birmingham_415250_287000,415250,287000,1.0,0.0,-0.0,7700.0,7700.0,1.0,1.0,,-0.0,11750.0,11750.0,0.0,0.0,0.0,,0.0,4050.0,52.5974025974026,persistent
Birmingham,Birmingham_415250_288500,415250,288500,1.0,,-0.0,,,0.0,0.0,,,,,,-1.0,-100.0,,,,,disappeared
Birmingham,Birmingham_415250_289250,415250,289250,2.0,0.5,-0.0,19500.0,9750.0,2.0,2.0,0.0,-0.0,23250.0,11625.0,1.0,0.0,0.0,-50.0,0.0,3750.0,19.230769230769234,persistent
Birmingham,Birmingham_415250_291500,415250,291500,17.0,0.0,-0.0,36725.0,2487.5,12.0,16.0,0.0,-0.0,53750.0,3600.0,2.0,-1.0,-5.88235294117647,0.0,0.0,17025.0,46.35806671204901,declined
Birmingham,Birmingham_415250_292250,415250,292250,1.0,,-0.0,20000.0,20000.0,0.0,1.0,,-0.0,15500.0,15500.0,0.0,0.0,0.0,,0.0,-4500.0,-22.5,persistent
Birmingham,Birmingham_415500_283750,415500,283750,14.0,0.09090909090909091,0.5195798391305154,195500.0,5000.0,11.0,12.0,0.0,0.5623351446188083,151450.0,6600.0,7.0,-2.0,-14.285714285714285,-9.090909090909092,0.04275530548829287,-44050.0,-22.531969309462916,declined
Birmingham,Birmingham_415500_286750,415500,286750,4.0,0.5,0.6931471805599453,279200.0,6400.0,2.0,3.0,0.6666666666666666,0.6365141682948128,366800.0,10750.0,3.0,-1.0,-25.0,16.666666666666664,-0.05663301226513251,87600.0,31.37535816618911,declined
Birmingham,Birmingham_415500_287000,415500,287000,19.0,0.0,0.5366645624845252,101000.0,4800.0,11.0,19.0,0.0,0.5366645624845252,149250.0,7400.0,7.0,0.0,0.0,0.0,0.0,48250.0,47.77227722772277,persistent
Birmingham,Birmingham_415500_289000,415500,289000,1.0,,-0.0,15500.0,15500.0,0.0,1.0,,-0.0,3100.0,3100.0,0.0,0.0,0.0,,0.0,-12400.0,-80.0,persistent
Birmingham,Birmingham_415500_289250,415500,289250,30.0,0.1875,0.3887343902209295,509500.0,14500.0,16.0,25.0,0.0,0.6060252027357298,537250.0,16000.0,7.0,-5.0,-16.666666666666664,-18.75,0.2172908125148003,27750.0,5.446516192345436,declined
Birmingham,Birmingham_415500_292250,415500,292250,1.0,,-0.0,6900.0,6900.0,0.0,1.0,,-0.0,8200.0,8200.0,0.0,0.0,0.0,,0.0,1300.0,18.84057971014493,persistent
Birmingham,Birmingham_415750_284250,415750,284250,4.0,0.0,-0.0,20900.0,4575.0,3.0,4.0,0.0,-0.0,23600.0,5150.0,1.0,0.0,0.0,0.0,0.0,2700.0,12.918660287081341,persistent
Birmingham,Birmingham_415750_284500,415750,284500,1.0,0.0,-0.0,4250.0,4250.0,1.0,1.0,0.0,-0.0,4850.0,4850.0,1.0,0.0,0.0,0.0,0.0,600.0,14.117647058823529,persistent
Birmingham,Birmingham_415750_285750,415750,285750,2.0,,-0.0,,,0.0,0.0,,,,,,-2.0,-100.0,,,,,disappeared
Birmingham,Birmingham_415750_286750,415750,286750,1.0,,-0.0,7100.0,7100.0,0.0,1.0,0.0,-0.0,19250.0,19250.0,1.0,0.0,0.0,,0.0,12150.0,171.1267605633803,persistent
Birmingham,Birmingham_415750_292000,415750,292000,1.0,,-0.0,28000.0,28000.0,0.0,1.0,0.0,-0.0,52000.0,52000.0,1.0,0.0,0.0,,0.0,24000.0,85.71428571428571,persistent
Birmingham,Birmingham_415750_292250,415750,292250,1.0,0.0,-0.0,2650.0,2650.0,1.0,1.0,0.0,-0.0,3350.0,3350.0,1.0,0.0,0.0,0.0,0.0,700.0,26.41509433962264,persistent
Birmingham,Birmingham_415750_292750,415750,292750,1.0,0.0,-0.0,8300.0,8300.0,1.0,1.0,,-0.0,,,0.0,0.0,0.0,,0.0,,,persistent
Birmingham,Birmingham_416000_283750,416000,283750,3.0,0.5,-0.0,39900.0,19950.0,2.0,0.0,,,,,,-3.0,-100.0,,,,,disappeared
Birmingham,Birmingham_416000_286000,416000,286000,6.0,0.5,0.8675632284814612,26275.0,3475.0,2.0,6.0,0.0,0.8675632284814612,58200.0,7750.0,4.0,0.0,0.0,-50.0,0.0,31925.0,121.50333016175072,persistent
Birmingham,Birmingham_416000_286500,416000,286500,1.0,0.0,-0.0,1850.0,1850.0,1.0,1.0,0.0,-0.0,1850.0,1850.0,1.0,0.0,0.0,0.0,0.0,0.0,0.0,persistent
Birmingham,Birmingham_416000_287250,416000,287250,1.0,,-0.0,93500.0,93500.0,0.0,1.0,0.0,-0.0,42000.0,42000.0,1.0,0.0,0.0,,0.0,-51500.0,-55.080213903743314,persistent
Birmingham,Birmingham_416000_288750,416000,288750,5.0,0.0,-0.0,19300.0,2125.0,3.0,5.0,0.0,-0.0,47150.0,5300.0,3.0,0.0,0.0,0.0,0.0,27850.0,144.30051813471502,persistent
Birmingham,Birmingham_416000_289000,416000,289000,5.0,0.0,0.5004024235381879,1008600.0,14500.0,5.0,7.0,0.0,0.5982695885852573,892200.0,13000.0,3.0,2.0,40.0,0.0,0.09786716504706938,-116400.0,-11.540749553837001,intensified
Birmingham,Birmingham_416000_292250,416000,292250,2.0,0.0,0.6931471805599453,73250.0,36625.0,1.0,2.0,0.0,0.6931471805599453,65750.0,32875.0,1.0,0.0,0.0,0.0,0.0,-7500.0,-10.238907849829351,persistent
Birmingham,Birmingham_416250_286000,416250,286000,10.0,0.0,-0.0,31250.0,3400.0,8.0,9.0,0.0,-0.0,71900.0,7500.0,5.0,-1.0,-10.0,0.0,0.0,40650.0,130.07999999999998,declined
Birmingham,Birmingham_416250_286750,416250,286750,11.0,0.0,-0.0,38550.0,3750.0,9.0,10.0,0.0,-0.0,59700.0,6250.0,4.0,-1.0,-9.090909090909092,0.0,0.0,21150.0,54.86381322957199,declined
Birmingham,Birmingham_416250_287000,416250,287000,1.0,,-0.0,,,0.0,0.0,,,,,,-1.0,-100.0,,,,,disappeared
Birmingham,Birmingham_416250_287250,416250,287250,1.0,,-0.0,81500.0,81500.0,0.0,1.0,0.0,-0.0,41000.0,41000.0,1.0,0.0,0.0,,0.0,-40500.0,-49.693251533742334,persistent
Birmingham,Birmingham_416250_288000,416250,288000,1.0,1.0,-0.0,760.0,760.0,1.0,1.0,1.0,-0.0,,,1.0,0.0,0.0,0.0,0.0,,,persistent
Birmingham,Birmingham_416500_286000,416500,286000,6.0,0.0,0.6365141682948128,34525.0,3200.0,3.0,5.0,0.0,0.5004024235381879,43250.0,5000.0,2.0,-1.0,-16.666666666666664,0.0,-0.1361117447566249,8725.0,25.271542360608258,declined
Birmingham,Birmingham_416750_292500,416750,292500,1.0,,-0.0,,,0.0,0.0,,,,,,-1.0,-100.0,,,,,disappeared
Birmingham,Birmingham_400750_277250,400750,277250,0.0,,,,,,4.0,0.0,0.5623351446188083,26650.0,4625.0,1.0,4.0,,,,,,emerged
Birmingham,Birmingham_400750_284750,400750,284750,0.0,,,,,,1.0,,-0.0,1575.0,1575.0,0.0,1.0,,,,,,emerged
Birmingham,Birmingham_401000_285000,401000,285000,0.0,,,,,,1.0,,-0.0,18000.0,18000.0,0.0,1.0,,,,,,emerged
Birmingham,Birmingham_402250_285500,402250,285500,0.0,,,,,,1.0,,-0.0,2950.0,2950.0,0.0,1.0,,,,,,emerged
Birmingham,Birmingham_402500_286250,402500,286250,0.0,,,,,,1.0,,-0.0,,,0.0,1.0,,,,,,emerged
Birmingham,Birmingham_403250_286250,403250,286250,0.0,,,,,,1.0,,-0.0,580.0,580.0,0.0,1.0,,,,,,emerged
Birmingham,Birmingham_404500_280250,404500,280250,0.0,,,,,,1.0,0.0,-0.0,13750.0,13750.0,1.0,1.0,,,,,,emerged
Birmingham,Birmingham_405000_278250,405000,278250,0.0,,,,,,1.0,0.0,-0.0,31250.0,31250.0,1.0,1.0,,,,,,emerged
Birmingham,Birmingham_405000_279250,405000,279250,0.0,,,,,,1.0,0.0,-0.0,32250.0,32250.0,1.0,1.0,,,,,,emerged
Birmingham,Birmingham_405250_286250,405250,286250,0.0,,,,,,6.0,0.5,0.45056120886630463,115000.0,18875.0,2.0,6.0,,,,,,emerged
Birmingham,Birmingham_405750_285750,405750,285750,0.0,,,,,,2.0,,0.6931471805599453,126250.0,63125.0,0.0,2.0,,,,,,emerged
Birmingham,Birmingham_406250_290250,406250,290250,0.0,,,,,,1.0,0.0,-0.0,3600.0,3600.0,1.0,1.0,,,,,,emerged
Birmingham,Birmingham_406750_285250,406750,285250,0.0,,,,,,1.0,,-0.0,10750.0,10750.0,0.0,1.0,,,,,,emerged
Birmingham,Birmingham_407000_290500,407000,290500,0.0,,,,,,1.0,,-0.0,6300.0,6300.0,0.0,1.0,,,,,,emerged
Birmingham,Birmingham_407500_278500,407500,278500,0.0,,,,,,1.0,0.0,-0.0,62500.0,62500.0,1.0,1.0,,,,,,emerged
Birmingham,Birmingham_407500_295500,407500,295500,0.0,,,,,,1.0,0.0,-0.0,2400.0,2400.0,1.0,1.0,,,,,,emerged
Birmingham,Birmingham_407750_280250,407750,280250,0.0,,,,,,1.0,,-0.0,3600.0,3600.0,0.0,1.0,,,,,,emerged
Birmingham,Birmingham_408000_279500,408000,279500,0.0,,,,,,1.0,0.0,-0.0,382500.0,382500.0,1.0,1.0,,,,,,emerged
Birmingham,Birmingham_408250_288750,408250,288750,0.0,,,,,,1.0,,-0.0,34500.0,34500.0,0.0,1.0,,,,,,emerged
Birmingham,Birmingham_408500_285500,408500,285500,0.0,,,,,,1.0,,-0.0,51500.0,51500.0,0.0,1.0,,,,,,emerged
Birmingham,Birmingham_409250_282250,409250,282250,0.0,,,,,,1.0,0.0,-0.0,2100.0,2100.0,1.0,1.0,,,,,,emerged
Birmingham,Birmingham_409250_285250,409250,285250,0.0,,,,,,1.0,,-0.0,30250.0,30250.0,0.0,1.0,,,,,,emerged
Birmingham,Birmingham_409500_285000,409500,285000,0.0,,,,,,2.0,0.0,0.6931471805599453,18400.0,9200.0,1.0,2.0,,,,,,emerged
Birmingham,Birmingham_409500_286250,409500,286250,0.0,,,,,,1.0,0.0,-0.0,14250.0,14250.0,1.0,1.0,,,,,,emerged
Birmingham,Birmingham_409500_288250,409500,288250,0.0,,,,,,2.0,,-0.0,10600.0,5300.0,0.0,2.0,,,,,,emerged
Birmingham,Birmingham_409500_289000,409500,289000,0.0,,,,,,1.0,,-0.0,10750.0,10750.0,0.0,1.0,,,,,,emerged
Birmingham,Birmingham_409750_285250,409750,285250,0.0,,,,,,2.0,0.0,-0.0,8750.0,4375.0,1.0,2.0,,,,,,emerged
Birmingham,Birmingham_409750_287750,409750,287750,0.0,,,,,,2.0,,-0.0,27000.0,13500.0,0.0,2.0,,,,,,emerged
Birmingham,Birmingham_410000_287000,410000,287000,0.0,,,,,,1.0,0.0,-0.0,4200.0,4200.0,1.0,1.0,,,,,,emerged
Birmingham,Birmingham_410250_300250,410250,300250,0.0,,,,,,1.0,0.0,-0.0,57500.0,57500.0,1.0,1.0,,,,,,emerged
Birmingham,Birmingham_410500_284750,410500,284750,0.0,,,,,,1.0,,-0.0,645000.0,645000.0,0.0,1.0,,,,,,emerged
Birmingham,Birmingham_410500_288500,410500,288500,0.0,,,,,,3.0,,-0.0,13400.0,4350.0,0.0,3.0,,,,,,emerged
Birmingham,Birmingham_411000_294500,411000,294500,0.0,,,,,,1.0,,-0.0,1250.0,1250.0,0.0,1.0,,,,,,emerged
Birmingham,Birmingham_411250_293500,411250,293500,0.0,,,,,,1.0,,-0.0,39750.0,39750.0,0.0,1.0,,,,,,emerged
Birmingham,Birmingham_411250_295000,411250,295000,0.0,,,,,,1.0,0.0,-0.0,3600.0,3600.0,1.0,1.0,,,,,,emerged
Birmingham,Birmingham_411500_287250,411500,287250,0.0,,,,,,1.0,0.0,-0.0,7200.0,7200.0,1.0,1.0,,,,,,emerged
Birmingham,Birmingham_412000_287750,412000,287750,0.0,,,,,,1.0,,-0.0,6000.0,6000.0,0.0,1.0,,,,,,emerged
Birmingham,Birmingham_412750_290500,412750,290500,0.0,,,,,,1.0,,-0.0,2700.0,2700.0,0.0,1.0,,,,,,emerged
Birmingham,Birmingham_412750_294250,412750,294250,0.0,,,,,,1.0,,-0.0,8500.0,8500.0,0.0,1.0,,,,,,emerged
Birmingham,Birmingham_412750_299750,412750,299750,0.0,,,,,,1.0,0.0,-0.0,5200.0,5200.0,1.0,1.0,,,,,,emerged
Birmingham,Birmingham_413000_285750,413000,285750,0.0,,,,,,1.0,0.0,-0.0,4950.0,4950.0,1.0,1.0,,,,,,emerged
Birmingham,Birmingham_413500_299000,413500,299000,0.0,,,,,,2.0,,-0.0,29000.0,14500.0,0.0,2.0,,,,,,emerged
Birmingham,Birmingham_414000_287000,414000,287000,0.0,,,,,,1.0,0.0,-0.0,12750.0,12750.0,1.0,1.0,,,,,,emerged
Birmingham,Birmingham_414000_296000,414000,296000,0.0,,,,,,1.0,,-0.0,71000.0,71000.0,0.0,1.0,,,,,,emerged
Birmingham,Birmingham_414250_294500,414250,294500,0.0,,,,,,1.0,,-0.0,22000.0,22000.0,0.0,1.0,,,,,,emerged
Birmingham,Birmingham_415000_292500,415000,292500,0.0,,,,,,1.0,,-0.0,70500.0,70500.0,0.0,1.0,,,,,,emerged
Birmingham,Birmingham_415000_292750,415000,292750,0.0,,,,,,1.0,,-0.0,10000.0,10000.0,0.0,1.0,,,,,,emerged
Birmingham,Birmingham_415500_286000,415500,286000,0.0,,,,,,1.0,,-0.0,13500.0,13500.0,0.0,1.0,,,,,,emerged
Birmingham,Birmingham_415500_294500,415500,294500,0.0,,,,,,2.0,0.0,-0.0,17200.0,8600.0,1.0,2.0,,,,,,emerged
Birmingham,Birmingham_416250_286250,416250,286250,0.0,,,,,,1.0,,-0.0,1400.0,1400.0,0.0,1.0,,,,,,emerged
Liverpool,Liverpool_333500_390500,333500,390500,1.0,,-0.0,,,0.0,2.0,,0.6931471805599453,40750.0,20375.0,0.0,1.0,100.0,,0.6931471805599453,,,intensified
Liverpool,Liverpool_333500_390750,333500,390750,9.0,0.0,0.34883209584303193,112375.0,6300.0,4.0,10.0,0.0,0.6931471805599453,100100.0,8500.0,7.0,1.0,11.11111111111111,0.0,0.34431508471691336,-12275.0,-10.923248053392658,intensified
Liverpool,Liverpool_333500_391000,333500,391000,3.0,,0.6365141682948128,292850.0,146425.0,0.0,2.0,,0.6931471805599453,289600.0,144800.0,0.0,-1.0,-33.33333333333333,,0.05663301226513251,-3250.0,-1.1097831654430594,declined
Liverpool,Liverpool_333500_391500,333500,391500,6.0,0.0,0.45056120886630463,89000.0,10750.0,1.0,3.0,0.0,0.6365141682948128,52000.0,13250.0,3.0,-3.0,-50.0,0.0,0.18595295942850815,-37000.0,-41.57303370786517,declined
Liverpool,Liverpool_333500_391750,333500,391750,4.0,0.0,0.6931471805599453,38700.0,13750.0,3.0,5.0,0.0,0.6730116670092565,70500.0,14500.0,4.0,1.0,25.0,0.0,-0.020135513550688766,31800.0,82.17054263565892,intensified
Liverpool,Liverpool_333500_392000,333500,392000,3.0,1.0,-0.0,70000.0,35000.0,2.0,2.0,1.0,-0.0,70000.0,35000.0,2.0,-1.0,-33.33333333333333,0.0,0.0,0.0,0.0,declined
Liverpool,Liverpool_333500_392250,333500,392250,2.0,0.0,0.6931471805599453,4500.0,4500.0,1.0,1.0,0.0,-0.0,3250.0,3250.0,1.0,-1.0,-50.0,0.0,-0.6931471805599453,-1250.0,-27.77777777777778,declined
Liverpool,Liverpool_333500_392500,333500,392500,4.0,0.0,0.5623351446188083,95750.0,26500.0,1.0,4.0,0.3333333333333333,0.5623351446188083,86000.0,23375.0,3.0,0.0,0.0,33.33333333333333,0.0,-9750.0,-10.182767624020887,persistent
Liverpool,Liverpool_333500_393000,333500,393000,1.0,,-0.0,1725.0,1725.0,0.0,1.0,1.0,-0.0,4000.0,4000.0,1.0,0.0,0.0,,0.0,2275.0,131.8840579710145,persistent
Liverpool,Liverpool_333500_394000,333500,394000,3.0,0.5,0.6365141682948128,19000.0,5900.0,2.0,3.0,0.0,-0.0,18200.0,9100.0,1.0,0.0,0.0,-50.0,-0.6365141682948128,-800.0,-4.2105263157894735,persistent
Liverpool,Liverpool_333750_390000,333750,390000,16.0,0.1111111111111111,0.37677016125643675,212910.0,1412.5,9.0,14.0,0.0,0.410116318288409,225680.0,2037.5,11.0,-2.0,-12.5,-11.11111111111111,0.033346157031972246,12770.0,5.997839462683762,declined
Liverpool,Liverpool_333750_390250,333750,390250,85.0,0.02,0.06396171410398296,187400.0,1025.0,50.0,64.0,0.0,0.13906079845474112,265155.0,1387.5,53.0,-21.0,-24.705882352941178,-2.0,0.07509908435075816,77755.0,41.49146211312701,declined
Liverpool,Liverpool_333750_390500,333750,390500,5.0,0.0,0.9502705392332347,84800.0,9800.0,2.0,3.0,0.0,1.0986122886681096,110300.0,27500.0,3.0,-2.0,-40.0,0.0,0.14834174943487488,25500.0,30.070754716981128,declined
Liverpool,Liverpool_333750_390750,333750,390750,8.0,0.0,0.5623351446188083,131450.0,17125.0,4.0,5.0,0.0,0.9502705392332347,112450.0,21000.0,4.0,-3.0,-37.5,0.0,0.3879353946144264,-19000.0,-14.454165081780147,declined
Liverpool,Liverpool_333750_391000,333750,391000,1.0,0.0,-0.0,166000.0,166000.0,1.0,1.0,0.0,-0.0,280000.0,280000.0,1.0,0.0,0.0,0.0,0.0,114000.0,68.67469879518072,persistent
Liverpool,Liverpool_333750_391500,333750,391500,9.0,0.0,0.6837389058487535,129750.0,4750.0,2.0,10.0,0.14285714285714285,0.8018185525433372,130700.0,6800.0,7.0,1.0,11.11111111111111,14.285714285714285,0.1180796466945837,950.0,0.7321772639691715,intensified
Liverpool,Liverpool_333750_391750,333750,391750,13.0,0.2,0.6172417697303416,65975.0,4000.0,5.0,15.0,0.14285714285714285,0.8532361505557784,198300.0,7400.0,7.0,2.0,15.384615384615385,-5.714285714285716,0.23599438082543678,132325.0,200.56839712012126,intensified
Liverpool,Liverpool_333750_392250,333750,392250,5.0,0.0,0.5004024235381879,11050.0,3500.0,1.0,3.0,0.0,0.6365141682948128,14325.0,3150.0,1.0,-2.0,-40.0,0.0,0.1361117447566249,3275.0,29.638009049773757,declined
Liverpool,Liverpool_333750_392500,333750,392500,8.0,0.0,1.0397207708399179,219000.0,16625.0,2.0,6.0,0.0,0.8675632284814612,224750.0,17375.0,4.0,-2.0,-25.0,0.0,-0.1721575423584567,5750.0,2.6255707762557075,declined
Liverpool,Liverpool_333750_392750,333750,392750,2.0,0.0,0.6931471805599453,3975.0,1987.5,1.0,3.0,0.3333333333333333,1.0986122886681096,10650.0,4050.0,3.0,1.0,50.0,33.33333333333333,0.4054651081081643,6675.0,167.9245283018868,intensified
Liverpool,Liverpool_333750_393000,333750,393000,4.0,0.0,1.0397207708399179,284850.0,36950.0,3.0,4.0,0.0,-0.0,431400.0,84250.0,3.0,0.0,0.0,0.0,-1.0397207708399179,146550.0,51.448130595050024,persistent
Liverpool,Liverpool_333750_393750,333750,393750,2.0,0.0,-0.0,9150.0,4575.0,1.0,2.0,0.0,-0.0,12750.0,6375.0,1.0,0.0,0.0,0.0,0.0,3600.0,39.34426229508197,persistent
Liverpool,Liverpool_333750_394000,333750,394000,13.0,0.3333333333333333,0.5359610497090694,332075.0,7200.0,3.0,10.0,0.1111111111111111,0.3250829733914482,384000.0,6200.0,9.0,-3.0,-23.076923076923077,-22.22222222222222,-0.21087807631762123,51925.0,15.636527892795302,declined
Liverpool,Liverpool_334000_389500,334000,389500,40.0,0.5714285714285714,0.5004024235381879,948670.0,19000.0,7.0,37.0,0.0,0.8343349401576617,1472325.0,34000.0,21.0,-3.0,-7.5,-57.14285714285714,0.3339325166194739,523655.0,55.19885734765514,declined
Liverpool,Liverpool_334000_389750,334000,389750,7.0,0.0,0.410116318288409,367250.0,97000.0,2.0,5.0,0.0,-0.0,480000.0,93000.0,2.0,-2.0,-28.57142857142857,0.0,-0.410116318288409,112750.0,30.701157249829812,declined
Liverpool,Liverpool_334000_390000,334000,390000,12.0,0.0,0.6365141682948128,240150.0,23125.0,1.0,11.0,0.0,0.8599672810355049,409900.0,26750.0,6.0,-1.0,-8.333333333333332,0.0,0.22345311274069213,169750.0,70.68498854882365,declined
Liverpool,Liverpool_334000_390250,334000,390250,188.0,0.7340425531914894,0.6432820763907897,2519425.0,2750.0,94.0,119.0,0.19480519480519481,0.9579790192772819,2666425.0,6150.0,77.0,-69.0,-36.702127659574465,-53.92373583862946,0.3146969428864922,147000.0,5.8346646556257875,declined
Liverpool,Liverpool_334000_390500,334000,390500,125.0,0.2553191489361702,0.3963165944880659,1053955.0,2550.0,47.0,97.0,0.1125,0.7598909604032762,977360.0,4800.0,80.0,-28.0,-22.400000000000002,-14.28191489361702,0.3635743659152103,-76595.0,-7.267388076341021,declined
Liverpool,Liverpool_334000_390750,334000,390750,17.0,0.0,0.6598720137848266,261405.0,14750.0,4.0,12.0,0.0,0.887694275799104,259270.0,18250.0,7.0,-5.0,-29.411764705882355,0.0,0.22782226201427735,-2135.0,-0.8167403071861671,declined
Liverpool,Liverpool_334000_391000,334000,391000,1.0,1.0,-0.0,0.0,0.0,1.0,1.0,1.0,-0.0,0.0,0.0,1.0,0.0,0.0,0.0,0.0,0.0,,persistent
Liverpool,Liverpool_334000_391250,334000,391250,2.0,0.0,0.6931471805599453,88900.0,44450.0,1.0,1.0,0.0,-0.0,119000.0,119000.0,1.0,-1.0,-50.0,0.0,-0.6931471805599453,30100.0,33.85826771653544,declined
Liverpool,Liverpool_334000_391500,334000,391500,2.0,0.0,0.6931471805599453,38250.0,19125.0,1.0,5.0,0.0,0.5004024235381879,61900.0,8300.0,4.0,3.0,150.0,0.0,-0.19274475702175742,23650.0,61.830065359477125,intensified
Liverpool,Liverpool_334000_392500,334000,392500,3.0,0.0,-0.0,95250.0,47625.0,2.0,2.0,0.0,-0.0,99750.0,49875.0,2.0,-1.0,-33.33333333333333,0.0,0.0,4500.0,4.724409448818897,declined
Liverpool,Liverpool_334000_393250,334000,393250,2.0,,0.6931471805599453,219000.0,109500.0,0.0,2.0,,0.6931471805599453,275000.0,137500.0,0.0,0.0,0.0,,0.0,56000.0,25.570776255707763,persistent
Liverpool,Liverpool_334000_393500,334000,393500,4.0,1.0,0.5623351446188083,18000.0,5500.0,1.0,3.0,0.0,-0.0,21200.0,6600.0,1.0,-1.0,-25.0,-100.0,-0.5623351446188083,3200.0,17.77777777777778,declined
Liverpool,Liverpool_334000_393750,334000,393750,2.0,,-0.0,4050.0,4050.0,0.0,1.0,0.0,-0.0,5000.0,5000.0,1.0,-1.0,-50.0,,0.0,950.0,23.456790123456788,declined
Liverpool,Liverpool_334000_394000,334000,394000,7.0,0.0,-0.0,38350.0,6600.0,1.0,5.0,0.0,-0.0,46500.0,7900.0,3.0,-2.0,-28.57142857142857,0.0,0.0,8150.0,21.251629726205998,declined
Liverpool,Liverpool_334250_389250,334250,389250,1.0,0.0,-0.0,49500.0,49500.0,1.0,1.0,0.0,-0.0,66000.0,66000.0,1.0,0.0,0.0,0.0,0.0,16500.0,33.33333333333333,persistent
Liverpool,Liverpool_334250_389500,334250,389500,1.0,0.0,-0.0,14250.0,14250.0,1.0,2.0,0.0,0.6931471805599453,91000.0,45500.0,1.0,1.0,100.0,0.0,0.6931471805599453,76750.0,538.5964912280702,intensified
Liverpool,Liverpool_334250_389750,334250,389750,6.0,0.0,0.6365141682948128,323800.0,28000.0,2.0,5.0,0.0,0.6730116670092565,244000.0,91000.0,1.0,-1.0,-16.666666666666664,0.0,0.036497498714443743,-79800.0,-24.64484249536751,declined
Liverpool,Liverpool_334250_390000,334250,390000,88.0,0.0,0.3715108191454922,19943800.0,204500.0,16.0,77.0,0.0,0.571055798073383,11542900.0,131500.0,45.0,-11.0,-12.5,0.0,0.1995449789278908,-8400900.0,-42.12286525135631,declined
Liverpool,Liverpool_334250_390250,334250,390250,182.0,0.288135593220339,0.7751981484881406,7105475.0,27625.0,59.0,152.0,0.03125,1.0361771811538951,6518750.0,26750.0,96.0,-30.0,-16.483516483516482,-25.6885593220339,0.2609790326657545,-586725.0,-8.257364919305184,declined
Liverpool,Liverpool_334250_390500,334250,390500,119.0,0.4375,0.5958878225938529,1124005.0,5250.0,48.0,102.0,0.09722222222222222,0.8311708589595075,1292375.0,9200.0,72.0,-17.0,-14.285714285714285,-34.02777777777778,0.23528303636565462,168370.0,14.97947073189176,declined
Liverpool,Liverpool_334250_390750,334250,390750,22.0,0.0,0.7088329479943613,481900.0,12750.0,3.0,16.0,0.0,1.0337005498525014,656300.0,13750.0,11.0,-6.0,-27.27272727272727,0.0,0.3248676018581401,174400.0,36.190080929653455,declined
Liverpool,Liverpool_334250_391000,334250,391000,2.0,,-0.0,20800.0,10400.0,0.0,3.0,0.0,-0.0,66500.0,15250.0,1.0,1.0,50.0,,0.0,45700.0,219.71153846153845,intensified
Liverpool,Liverpool_334250_391250,334250,391250,12.0,0.0,1.0751393240053735,84100.0,6200.0,4.0,13.0,0.0,1.1786549963416462,127700.0,5400.0,7.0,1.0,8.333333333333332,0.0,0.10351567233627268,43600.0,51.843043995243754,intensified
Liverpool,Liverpool_334250_391500,334250,391500,4.0,0.0,1.0397207708399179,7675.0,1837.5,2.0,5.0,0.0,0.9502705392332347,22475.0,4950.0,2.0,1.0,25.0,0.0,-0.0894502316066832,14800.0,192.83387622149837,intensified
Liverpool,Liverpool_334250_391750,334250,391750,2.0,0.0,-0.0,1375.0,1375.0,1.0,1.0,0.0,-0.0,2750.0,2750.0,1.0,-1.0,-50.0,0.0,0.0,1375.0,100.0,declined
Liverpool,Liverpool_334250_392000,334250,392000,2.0,,-0.0,3250.0,3250.0,0.0,1.0,,-0.0,6900.0,6900.0,0.0,-1.0,-50.0,,0.0,3650.0,112.3076923076923,declined
Liverpool,Liverpool_334250_392250,334250,392250,2.0,0.5,-0.0,28100.0,14050.0,2.0,2.0,0.5,-0.0,,,2.0,0.0,0.0,0.0,0.0,,,persistent
Liverpool,Liverpool_334250_392500,334250,392500,1.0,,-0.0,2050.0,2050.0,0.0,1.0,,-0.0,3400.0,3400.0,0.0,0.0,0.0,,0.0,1350.0,65.85365853658537,persistent
Liverpool,Liverpool_334250_393000,334250,393000,1.0,0.0,-0.0,3375.0,3375.0,1.0,1.0,0.0,-0.0,4150.0,4150.0,1.0,0.0,0.0,0.0,0.0,775.0,22.962962962962962,persistent
Liverpool,Liverpool_334250_393750,334250,393750,13.0,0.0,0.5359610497090694,89200.0,4550.0,5.0,12.0,0.14285714285714285,0.5660857389596289,105200.0,4525.0,7.0,-1.0,-7.6923076923076925,14.285714285714285,0.030124689250559444,16000.0,17.937219730941703,declined
Liverpool,Liverpool_334250_394000,334250,394000,1.0,,-0.0,4100.0,4100.0,0.0,1.0,0.0,-0.0,2750.0,2750.0,1.0,0.0,0.0,,0.0,-1350.0,-32.926829268292686,persistent
Liverpool,Liverpool_334500_388750,334500,388750,55.0,,0.09087612133300153,169475.0,1925.0,0.0,55.0,0.9743589743589743,0.09087612133300153,210300.0,2750.0,39.0,0.0,0.0,,0.0,40825.0,24.089098687121993,persistent
Liverpool,Liverpool_334500_389000,334500,389000,5.0,0.0,0.5004024235381879,97975.0,48987.5,1.0,2.0,0.0,0.6931471805599453,108825.0,54412.5,2.0,-3.0,-60.0,0.0,0.19274475702175742,10850.0,11.074253636131665,declined
Liverpool,Liverpool_334500_389250,334500,389250,10.0,0.0,0.6730116670092565,326100.0,23250.0,3.0,10.0,0.0,0.9433483923290391,400425.0,18875.0,4.0,0.0,0.0,0.0,0.2703367253197826,74325.0,22.79208831646734,persistent
Liverpool,Liverpool_334500_389500,334500,389500,7.0,0.0,0.410116318288409,41300.0,9300.0,3.0,5.0,0.0,0.5004024235381879,37750.0,7900.0,5.0,-2.0,-28.57142857142857,0.0,0.09028610524977887,-3550.0,-8.595641646489103,declined
Liverpool,Liverpool_334500_389750,334500,389750,34.0,0.0,0.6652042646399301,405000.0,10625.0,5.0,40.0,0.11764705882352941,1.0755089684665335,810550.0,11375.0,17.0,6.0,17.647058823529413,11.76470588235294,0.41030470382660345,405550.0,100.1358024691358,intensified
Liverpool,Liverpool_334500_390000,334500,390000,172.0,0.07142857142857142,0.7133126372219375,19431495.0,94500.0,42.0,123.0,0.0,1.022416451474727,12944025.0,73750.0,72.0,-49.0,-28.488372093023255,-7.142857142857142,0.30910381425278943,-6487470.0,-33.386365794294264,declined
Liverpool,Liverpool_334500_390250,334500,390250,199.0,0.32142857142857145,0.638677411835417,16966050.0,43500.0,56.0,153.0,0.06976744186046512,0.7875201879298728,10177750.0,30500.0,86.0,-46.0,-23.115577889447238,-25.166112956810633,0.14884277609445573,-6788300.0,-40.01108095284406,declined
Liverpool,Liverpool_334500_390500,334500,390500,52.0,0.1111111111111111,0.666278442414676,1053095.0,17750.0,9.0,41.0,0.07142857142857142,0.8464048670955636,1066670.0,19750.0,28.0,-11.0,-21.153846153846153,-3.968253968253968,0.18012642468088758,13575.0,1.2890574924389537,declined
Liverpool,Liverpool_334500_390750,334500,390750,10.0,,0.6931471805599453,89550.0,14125.0,0.0,7.0,0.0,0.5982695885852573,163000.0,19750.0,3.0,-3.0,-30.0,,-0.09487759197468804,73450.0,82.02121719709659,declined
Liverpool,Liverpool_334500_391000,334500,391000,1.0,,-0.0,9200.0,9200.0,0.0,1.0,0.0,-0.0,9200.0,9200.0,1.0,0.0,0.0,,0.0,0.0,0.0,persistent
Liverpool,Liverpool_334500_391500,334500,391500,1.0,,-0.0,,,0.0,0.0,,,,,,-1.0,-100.0,,,,,disappeared
Liverpool,Liverpool_334500_392000,334500,392000,3.0,0.0,0.6365141682948128,14700.0,3700.0,1.0,3.0,0.0,0.6365141682948128,19800.0,5900.0,2.0,0.0,0.0,0.0,0.0,5100.0,34.69387755102041,persistent
Liverpool,Liverpool_334500_392250,334500,392250,5.0,0.0,0.5004024235381879,12400.0,3075.0,2.0,4.0,0.0,-0.0,17650.0,4375.0,4.0,-1.0,-20.0,0.0,-0.5004024235381879,5250.0,42.33870967741936,declined
Liverpool,Liverpool_334500_393000,334500,393000,5.0,0.0,0.9502705392332347,13175.0,2425.0,1.0,5.0,0.25,0.9502705392332347,11400.0,2875.0,4.0,0.0,0.0,25.0,0.0,-1775.0,-13.472485768500949,persistent
Liverpool,Liverpool_334500_393250,334500,393250,28.0,0.125,0.40869772507431423,62550.0,1937.5,8.0,22.0,0.10526315789473684,0.18490739916777568,86550.0,2900.0,19.0,-6.0,-21.428571428571427,-1.9736842105263164,-0.22379032590653855,24000.0,38.36930455635492,declined
Liverpool,Liverpool_334500_393500,334500,393500,5.0,0.3333333333333333,-0.0,9100.0,1825.0,3.0,4.0,0.25,-0.0,10725.0,2237.5,4.0,-1.0,-20.0,-8.333333333333332,0.0,1625.0,17.857142857142858,declined
Liverpool,Liverpool_334500_394000,334500,394000,1.0,0.0,-0.0,1000.0,1000.0,1.0,2.0,0.0,-0.0,51450.0,25725.0,2.0,1.0,100.0,0.0,0.0,50450.0,5045.0,intensified
Liverpool,Liverpool_334750_388000,334750,388000,8.0,0.0,-0.0,113850.0,13000.0,3.0,7.0,0.0,0.410116318288409,109650.0,11475.0,5.0,-1.0,-12.5,0.0,0.410116318288409,-4200.0,-3.689064558629776,declined
Liverpool,Liverpool_334750_388250,334750,388250,4.0,,0.5623351446188083,20150.0,10075.0,0.0,2.0,0.0,0.6931471805599453,27800.0,13900.0,1.0,-2.0,-50.0,,0.130812035941137,7650.0,37.96526054590571,declined
Liverpool,Liverpool_334750_388750,334750,388750,7.0,0.5,0.5982695885852573,33200.0,6975.0,2.0,33.0,0.09090909090909091,0.9173733352977137,993200.0,7500.0,11.0,26.0,371.42857142857144,-40.90909090909091,0.31910374671245645,960000.0,2891.566265060241,intensified
Liverpool,Liverpool_334750_389000,334750,389000,7.0,0.0,1.0042424730540764,91750.0,8800.0,2.0,7.0,0.0,1.0789922078775833,240750.0,18750.0,3.0,0.0,0.0,0.0,0.07474973482350689,149000.0,162.39782016348775,persistent
Liverpool,Liverpool_334750_389250,334750,389250,26.0,0.0,-0.0,78100.0,4150.0,4.0,22.0,0.0,0.36764947740014225,194040.0,5600.0,10.0,-4.0,-15.384615384615385,0.0,0.36764947740014225,115940.0,148.45070422535213,declined
Liverpool,Liverpool_334750_389500,334750,389500,1.0,0.0,-0.0,55000.0,55000.0,1.0,1.0,0.0,-0.0,104000.0,104000.0,1.0,0.0,0.0,0.0,0.0,49000.0,89.0909090909091,persistent
Liverpool,Liverpool_334750_389750,334750,389750,58.0,0.09090909090909091,0.8136879532728944,961179.0,13500.0,11.0,62.0,0.05555555555555555,0.6926267989248349,1860620.0,22000.0,36.0,4.0,6.896551724137931,-3.535353535353536,-0.12106115434805953,899441.0,93.5768467683959,intensified
Liverpool,Liverpool_334750_390000,334750,390000,148.0,0.07692307692307693,0.8413661711639111,11399750.0,63750.0,26.0,124.0,0.014492753623188406,0.953100502073473,8906150.0,47875.0,69.0,-24.0,-16.216216216216218,-6.243032329988852,0.11173433090956186,-2493600.0,-21.874163907103224,declined
Liverpool,Liverpool_334750_390250,334750,390250,608.0,0.20408163265306123,0.3373810727093295,14250466.0,5600.0,49.0,306.0,0.035398230088495575,0.41012015414598463,9645350.0,7500.0,113.0,-302.0,-49.67105263157895,-16.868340256456566,0.07273908143665514,-4605116.0,-32.3155467336998,declined
Liverpool,Liverpool_334750_390500,334750,390500,18.0,0.0,0.6931471805599453,553500.0,31625.0,5.0,13.0,0.0,0.6901856760188042,561850.0,32125.0,7.0,-5.0,-27.77777777777778,0.0,-0.00296150454114108,8350.0,1.5085817524841914,declined
Liverpool,Liverpool_334750_390750,334750,390750,4.0,0.0,0.6931471805599453,18250.0,9125.0,2.0,3.0,0.0,0.6365141682948128,45850.0,17000.0,1.0,-1.0,-25.0,0.0,-0.05663301226513251,27600.0,151.23287671232876,declined
Liverpool,Liverpool_334750_391250,334750,391250,2.0,,-0.0,2725.0,1362.5,0.0,0.0,,,,,,-2.0,-100.0,,,,,disappeared
Liverpool,Liverpool_334750_391500,334750,391500,1.0,,-0.0,5900.0,5900.0,0.0,1.0,,-0.0,9900.0,9900.0,0.0,0.0,0.0,,0.0,4000.0,67.79661016949152,persistent
Liverpool,Liverpool_334750_391750,334750,391750,1.0,,-0.0,104000.0,104000.0,0.0,1.0,,-0.0,86000.0,86000.0,0.0,0.0,0.0,,0.0,-18000.0,-17.307692307692307,persistent
Liverpool,Liverpool_334750_392000,334750,392000,8.0,0.25,0.9002560512685369,26240.0,2075.0,4.0,5.0,0.5,0.9502705392332347,21150.0,3850.0,4.0,-3.0,-37.5,25.0,0.05001448796469776,-5090.0,-19.397865853658537,declined
Liverpool,Liverpool_334750_392250,334750,392250,13.0,0.0,0.5359610497090694,17365.0,1337.5,5.0,28.0,0.10526315789473684,0.8554856032334106,2106050.0,22250.0,19.0,15.0,115.38461538461537,10.526315789473683,0.31952455352434117,2088685.0,12028.131298589116,intensified
Liverpool,Liverpool_334750_392500,334750,392500,1.0,,-0.0,3000.0,3000.0,0.0,1.0,,-0.0,1750.0,1750.0,0.0,0.0,0.0,,0.0,-1250.0,-41.66666666666667,persistent
Liverpool,Liverpool_334750_392750,334750,392750,5.0,,-0.0,,,0.0,1.0,0.0,-0.0,4900.0,4900.0,1.0,-4.0,-80.0,,0.0,,,declined
Liverpool,Liverpool_334750_393000,334750,393000,5.0,,-0.0,4525.0,2262.5,0.0,2.0,0.0,-0.0,6750.0,3375.0,1.0,-3.0,-60.0,,0.0,2225.0,49.171270718232044,declined
Liverpool,Liverpool_334750_393250,334750,393250,3.0,,0.6365141682948128,2475.0,1237.5,0.0,2.0,0.0,-0.0,4700.0,2350.0,1.0,-1.0,-33.33333333333333,,-0.6365141682948128,2225.0,89.8989898989899,declined
Liverpool,Liverpool_334750_393500,334750,393500,3.0,0.5,-0.0,2400.0,850.0,2.0,3.0,1.0,-0.0,4000.0,1600.0,2.0,0.0,0.0,50.0,0.0,1600.0,66.66666666666666,persistent
Liverpool,Liverpool_334750_394000,334750,394000,1.0,1.0,-0.0,0.0,0.0,1.0,0.0,,,,,,-1.0,-100.0,,,,,disappeared
Liverpool,Liverpool_334750_394250,334750,394250,5.0,0.0,0.9502705392332347,13550.0,1300.0,1.0,5.0,0.25,0.9502705392332347,14900.0,1750.0,4.0,0.0,0.0,25.0,0.0,1350.0,9.96309963099631,persistent
Liverpool,Liverpool_335000_387250,335000,387250,2.0,1.0,-0.0,12490.0,6245.0,2.0,0.0,,,,,,-2.0,-100.0,,,,,disappeared
Liverpool,Liverpool_335000_387750,335000,387750,10.0,0.0,1.0549201679861442,438500.0,27750.0,2.0,6.0,0.0,-0.0,444250.0,24625.0,5.0,-4.0,-40.0,0.0,-1.0549201679861442,5750.0,1.3112884834663627,declined
Liverpool,Liverpool_335000_388500,335000,388500,6.0,0.0,-0.0,9400.0,2012.5,1.0,4.0,0.0,-0.0,21050.0,4300.0,3.0,-2.0,-33.33333333333333,0.0,0.0,11650.0,123.93617021276594,declined
Liverpool,Liverpool_335000_388750,335000,388750,8.0,0.0,0.9743147528693494,234350.0,7950.0,2.0,55.0,0.0,0.4202264881519371,347850.0,7000.0,2.0,47.0,587.5,0.0,-0.5540882647174123,113500.0,48.43183272882441,intensified
Liverpool,Liverpool_335000_389000,335000,389000,12.0,0.0,-0.0,28735.0,2337.5,3.0,11.0,0.2,0.7595473914748635,77625.0,6100.0,5.0,-1.0,-8.333333333333332,20.0,0.7595473914748635,48890.0,170.14094310074822,declined
Liverpool,Liverpool_335000_389500,335000,389500,31.0,0.23529411764705882,0.6884572217893625,294150.0,8200.0,17.0,37.0,0.08695652173913043,0.689856498589211,477650.0,12250.0,23.0,6.0,19.35483870967742,-14.83375959079284,0.0013992767998485256,183500.0,62.383137854835965,intensified
Liverpool,Liverpool_335000_389750,335000,389750,96.0,0.037037037037037035,0.7062956292392523,2323700.0,21875.0,27.0,107.0,0.1509433962264151,0.8496613332306362,3320250.0,29625.0,53.0,11.0,11.458333333333332,11.390635918937805,0.14336570399138393,996550.0,42.886345053148,intensified
Liverpool,Liverpool_335000_390000,335000,390000,126.0,0.1282051282051282,0.7662666260803248,2729400.0,19375.0,39.0,108.0,0.1276595744680851,0.8882855395054091,3127400.0,23750.0,47.0,-18.0,-14.285714285714285,-0.05455537370430974,0.12201891342508431,398000.0,14.581959404997436,declined
Liverpool,Liverpool_335000_390250,335000,390250,33.0,0.2857142857142857,0.5859526183035508,597801.0,20000.0,7.0,23.0,0.0,1.0554634988850375,974950.0,21500.0,14.0,-10.0,-30.303030303030305,-28.57142857142857,0.4695108805814867,377149.0,63.0893892783719,declined
Liverpool,Liverpool_335000_390500,335000,390500,68.0,0.2,0.6192801981342502,1413745.0,8000.0,30.0,57.0,0.16216216216216217,0.899220111650283,1432100.0,9650.0,37.0,-11.0,-16.176470588235293,-3.783783783783784,0.27993991351603287,18355.0,1.2983246625098586,declined
Liverpool,Liverpool_335000_390750,335000,390750,12.0,0.0,0.7214636866925115,78125.0,7500.0,2.0,5.0,0.0,0.9502705392332347,91800.0,12000.0,3.0,-7.0,-58.333333333333336,0.0,0.2288068525407232,13675.0,17.504,declined
Liverpool,Liverpool_335000_391000,335000,391000,3.0,0.0,0.6365141682948128,43250.0,21625.0,2.0,3.0,0.0,0.6365141682948128,73750.0,28250.0,1.0,0.0,0.0,0.0,0.0,30500.0,70.52023121387283,persistent
Liverpool,Liverpool_335000_391250,335000,391250,2.0,,0.6931471805599453,7700.0,7700.0,0.0,0.0,,,,,,-2.0,-100.0,,,,,disappeared
Liverpool,Liverpool_335000_391500,335000,391500,3.0,,0.6365141682948128,42000.0,42000.0,0.0,0.0,,,,,,-3.0,-100.0,,,,,disappeared
Liverpool,Liverpool_335000_391750,335000,391750,7.0,0.0,0.410116318288409,30600.0,2050.0,2.0,6.0,0.0,0.8675632284814612,47800.0,4375.0,4.0,-1.0,-14.285714285714285,0.0,0.45744691019305217,17200.0,56.209150326797385,declined
Liverpool,Liverpool_335000_392000,335000,392000,29.0,,0.14999492361041503,,,0.0,2.0,0.0,-0.0,385000.0,192500.0,2.0,-27.0,-93.10344827586206,,-0.14999492361041503,,,declined
Liverpool,Liverpool_335000_393000,335000,393000,15.0,0.0,0.48509409130221154,50950.0,4900.0,1.0,9.0,0.0,-0.0,55700.0,3350.0,6.0,-6.0,-40.0,0.0,-0.48509409130221154,4750.0,9.322865554465162,declined
Liverpool,Liverpool_335000_393500,335000,393500,1.0,0.0,-0.0,4500.0,4500.0,1.0,1.0,0.0,-0.0,2750.0,2750.0,1.0,0.0,0.0,0.0,0.0,-1750.0,-38.88888888888889,persistent
Liverpool,Liverpool_335000_393750,335000,393750,1.0,0.0,-0.0,4500.0,4500.0,1.0,1.0,0.0,-0.0,2000.0,2000.0,1.0,0.0,0.0,0.0,0.0,-2500.0,-55.55555555555556,persistent
Liverpool,Liverpool_335000_394000,335000,394000,2.0,,0.6931471805599453,4250.0,4250.0,0.0,1.0,0.0,-0.0,6600.0,6600.0,1.0,-1.0,-50.0,,-0.6931471805599453,2350.0,55.294117647058826,declined
Liverpool,Liverpool_335000_394250,335000,394250,11.0,0.14285714285714285,0.7595473914748635,68170.0,3400.0,7.0,7.0,0.0,0.410116318288409,52375.0,3700.0,6.0,-4.0,-36.36363636363637,-14.285714285714285,-0.3494310731864545,-15795.0,-23.17001613613026,declined
Liverpool,Liverpool_335250_387250,335250,387250,1.0,0.0,-0.0,126000.0,126000.0,1.0,1.0,0.0,-0.0,132000.0,132000.0,1.0,0.0,0.0,0.0,0.0,6000.0,4.761904761904762,persistent
Liverpool,Liverpool_335250_387500,335250,387500,2.0,0.0,0.6931471805599453,83825.0,41912.5,1.0,7.0,0.0,0.410116318288409,122750.0,14000.0,1.0,5.0,250.0,0.0,-0.2830308622715363,38925.0,46.43602743811512,intensified
Liverpool,Liverpool_335250_387750,335250,387750,1.0,,-0.0,2950.0,2950.0,0.0,1.0,0.0,-0.0,6500.0,6500.0,1.0,0.0,0.0,,0.0,3550.0,120.33898305084745,persistent
Liverpool,Liverpool_335250_388250,335250,388250,1.0,0.0,-0.0,2400.0,2400.0,1.0,1.0,0.0,-0.0,1700.0,1700.0,1.0,0.0,0.0,0.0,0.0,-700.0,-29.166666666666668,persistent
Liverpool,Liverpool_335250_388500,335250,388500,9.0,0.6666666666666666,-0.0,15500.0,2150.0,3.0,7.0,0.0,-0.0,46200.0,6400.0,4.0,-2.0,-22.22222222222222,-66.66666666666666,0.0,30700.0,198.06451612903226,declined
Liverpool,Liverpool_335250_388750,335250,388750,1.0,1.0,-0.0,0.0,0.0,1.0,1.0,1.0,-0.0,0.0,0.0,1.0,0.0,0.0,0.0,0.0,0.0,,persistent
Liverpool,Liverpool_335250_389000,335250,389000,2.0,0.0,0.6931471805599453,16250.0,8125.0,2.0,2.0,0.0,-0.0,30500.0,15250.0,2.0,0.0,0.0,0.0,-0.6931471805599453,14250.0,87.6923076923077,persistent
Liverpool,Liverpool_335250_389500,335250,389500,5.0,0.0,0.5004024235381879,65800.0,4400.0,4.0,6.0,0.0,0.8675632284814612,77250.0,9775.0,3.0,1.0,20.0,0.0,0.3671608049432733,11450.0,17.401215805471125,intensified
Liverpool,Liverpool_335250_389750,335250,389750,67.0,0.15384615384615385,0.7380405574041603,967550.0,13125.0,13.0,51.0,0.03125,0.8728201262842118,1083250.0,13875.0,32.0,-16.0,-23.88059701492537,-12.259615384615385,0.1347795688800515,115700.0,11.958038344271614,declined
Liverpool,Liverpool_335250_390000,335250,390000,27.0,0.0,0.6869615765973234,299750.0,6100.0,6.0,22.0,0.0,0.6554817739013927,351700.0,13000.0,11.0,-5.0,-18.51851851851852,0.0,-0.03147980269593065,51950.0,17.331109257714765,declined
Liverpool,Liverpool_335250_390500,335250,390500,28.0,0.0,0.509137344082687,106475.0,5800.0,5.0,23.0,0.07142857142857142,0.7301668894884847,258250.0,9700.0,14.0,-5.0,-17.857142857142858,7.142857142857142,0.22102954540579778,151775.0,142.54519840338108,declined
Liverpool,Liverpool_335250_390750,335250,390750,39.0,0.0,0.6421508590734746,505250.0,9100.0,7.0,35.0,0.0,0.5458692524645854,743450.0,13250.0,24.0,-4.0,-10.256410256410255,0.0,-0.09628160660888918,238200.0,47.14497773379515,declined
Liverpool,Liverpool_335250_391250,335250,391250,7.0,1.0,0.410116318288409,16750.0,2212.5,1.0,3.0,,-0.0,10050.0,3500.0,0.0,-4.0,-57.14285714285714,,-0.410116318288409,-6700.0,-40.0,declined
Liverpool,Liverpool_335250_391500,335250,391500,3.0,,0.6365141682948128,10300.0,5150.0,0.0,3.0,0.0,1.0986122886681096,22400.0,7700.0,2.0,0.0,0.0,,0.4620981203732968,12100.0,117.4757281553398,persistent
Liverpool,Liverpool_335250_392000,335250,392000,1.0,0.0,-0.0,790.0,790.0,1.0,1.0,0.0,-0.0,1475.0,1475.0,1.0,0.0,0.0,0.0,0.0,685.0,86.70886075949366,persistent
Liverpool,Liverpool_335250_392500,335250,392500,1.0,,-0.0,,,0.0,0.0,,,,,,-1.0,-100.0,,,,,disappeared
Liverpool,Liverpool_335250_392750,335250,392750,3.0,,0.6365141682948128,13825.0,4800.0,0.0,3.0,0.0,0.6365141682948128,10725.0,2250.0,2.0,0.0,0.0,,0.0,-3100.0,-22.423146473779383,persistent
Liverpool,Liverpool_335250_393000,335250,393000,2.0,,0.6931471805599453,9150.0,4575.0,0.0,2.0,,0.6931471805599453,10600.0,5300.0,0.0,0.0,0.0,,0.0,1450.0,15.846994535519126,persistent
Liverpool,Liverpool_335250_393250,335250,393250,10.0,0.0,0.5004024235381879,40225.0,2925.0,6.0,10.0,0.0,0.5004024235381879,34825.0,2925.0,6.0,0.0,0.0,0.0,0.0,-5400.0,-13.424487259167183,persistent
Liverpool,Liverpool_335250_393500,335250,393500,12.0,0.25,0.5623351446188083,75300.0,6100.0,4.0,11.0,0.125,0.47413931305783735,79200.0,6000.0,8.0,-1.0,-8.333333333333332,-12.5,-0.08819583156097094,3900.0,5.179282868525896,declined
Liverpool,Liverpool_335250_393750,335250,393750,34.0,0.08333333333333333,0.4175732119168012,238290.0,3750.0,12.0,28.0,0.05263157894736842,0.410116318288409,211375.0,3525.0,19.0,-6.0,-17.647058823529413,-3.070175438596491,-0.007456893628392192,-26915.0,-11.295060640396155,declined
Liverpool,Liverpool_335250_394000,335250,394000,6.0,0.0,0.45056120886630463,26065.0,1775.0,2.0,5.0,0.0,0.9502705392332347,21750.0,2750.0,3.0,-1.0,-16.666666666666664,0.0,0.49970933036693005,-4315.0,-16.554766928831764,declined
Liverpool,Liverpool_335250_394250,335250,394250,10.0,0.0,0.3250829733914482,29150.0,2212.5,2.0,8.0,0.0,0.37677016125643675,34175.0,3100.0,6.0,-2.0,-20.0,0.0,0.05168718786498855,5025.0,17.238421955403087,declined
Liverpool,Liverpool_335250_394750,335250,394750,1.0,0.0,-0.0,1300.0,1300.0,1.0,1.0,0.0,-0.0,1850.0,1850.0,1.0,0.0,0.0,0.0,0.0,550.0,42.30769230769231,persistent
Liverpool,Liverpool_335250_396500,335250,396500,1.0,,-0.0,4200.0,4200.0,0.0,1.0,0.0,-0.0,4200.0,4200.0,1.0,0.0,0.0,,0.0,0.0,0.0,persistent
Liverpool,Liverpool_335500_387250,335500,387250,1.0,,-0.0,147000.0,147000.0,0.0,1.0,0.0,-0.0,146000.0,146000.0,1.0,0.0,0.0,,0.0,-1000.0,-0.6802721088435374,persistent
Liverpool,Liverpool_335500_387500,335500,387500,2.0,1.0,0.6931471805599453,600.0,300.0,1.0,1.0,,-0.0,1325.0,1325.0,0.0,-1.0,-50.0,,-0.6931471805599453,725.0,120.83333333333333,declined
Liverpool,Liverpool_335500_387750,335500,387750,3.0,0.0,0.6365141682948128,7025.0,2325.0,1.0,2.0,0.0,-0.0,14200.0,7100.0,2.0,-1.0,-33.33333333333333,0.0,-0.6365141682948128,7175.0,102.13523131672598,declined
Liverpool,Liverpool_335500_388000,335500,388000,7.0,0.0,-0.0,8790.0,1025.0,4.0,7.0,0.16666666666666666,-0.0,26450.0,3100.0,6.0,0.0,0.0,16.666666666666664,0.0,17660.0,200.91012514220705,persistent
Liverpool,Liverpool_335500_388250,335500,388250,4.0,0.0,0.5623351446188083,13850.0,1462.5,1.0,4.0,0.0,0.5623351446188083,17050.0,3450.0,3.0,0.0,0.0,0.0,0.0,3200.0,23.104693140794225,persistent
Liverpool,Liverpool_335500_388500,335500,388500,2.0,0.0,0.6931471805599453,1950.0,1950.0,1.0,1.0,0.0,-0.0,4700.0,4700.0,1.0,-1.0,-50.0,0.0,-0.6931471805599453,2750.0,141.02564102564102,declined
Liverpool,Liverpool_335500_389000,335500,389000,10.0,0.0,0.3250829733914482,54775.0,7100.0,1.0,7.0,0.0,0.410116318288409,43650.0,5400.0,5.0,-3.0,-30.0,0.0,0.0850333448969608,-11125.0,-20.310360565951623,declined
Liverpool,Liverpool_335500_389250,335500,389250,1.0,0.0,-0.0,2300.0,2300.0,1.0,1.0,0.0,-0.0,4600.0,4600.0,1.0,0.0,0.0,0.0,0.0,2300.0,100.0,persistent
Liverpool,Liverpool_335500_389500,335500,389500,13.0,0.0,0.6172417697303416,172100.0,13025.0,5.0,11.0,0.16666666666666666,0.6554817739013927,280050.0,32000.0,6.0,-2.0,-15.384615384615385,16.666666666666664,0.03824000417105111,107950.0,62.7251597908193,declined
Liverpool,Liverpool_335500_389750,335500,389750,21.0,0.0,0.5488743844849944,504650.0,33875.0,4.0,22.0,0.0,0.7088329479943613,651550.0,24750.0,11.0,1.0,4.761904761904762,0.0,0.15995856350936688,146900.0,29.10928366194392,intensified
Liverpool,Liverpool_335500_390000,335500,390000,3.0,1.0,0.6365141682948128,25900.0,12950.0,1.0,5.0,0.0,0.9502705392332347,52050.0,13400.0,1.0,2.0,66.66666666666666,-100.0,0.3137563709384219,26150.0,100.96525096525097,intensified
Liverpool,Liverpool_335500_390250,335500,390250,7.0,0.0,-0.0,141850.0,19500.0,2.0,5.0,0.0,-0.0,141000.0,19000.0,5.0,-2.0,-28.57142857142857,0.0,0.0,-850.0,-0.5992245329573492,declined
Liverpool,Liverpool_335500_390500,335500,390500,26.0,0.0,0.5158361211027406,131105.0,4050.0,5.0,22.0,0.07692307692307693,0.48510450039094044,221200.0,7800.0,13.0,-4.0,-15.384615384615385,7.6923076923076925,-0.030731620711800134,90095.0,68.71972846191984,declined
Liverpool,Liverpool_335500_390750,335500,390750,17.0,0.0,0.5783252866601273,196050.0,7950.0,5.0,25.0,0.0,1.208132104199607,386350.0,11000.0,9.0,8.0,47.05882352941176,0.0,0.6298068175394796,190300.0,97.06707472583524,intensified
Liverpool,Liverpool_335500_391000,335500,391000,1.0,,-0.0,11750.0,11750.0,0.0,0.0,,,,,,-1.0,-100.0,,,,,disappeared
Liverpool,Liverpool_335500_391500,335500,391500,1.0,,-0.0,23500.0,23500.0,0.0,1.0,0.0,-0.0,22000.0,22000.0,1.0,0.0,0.0,,0.0,-1500.0,-6.382978723404255,persistent
Liverpool,Liverpool_335500_391750,335500,391750,4.0,0.0,1.0397207708399179,9250.0,9250.0,1.0,1.0,0.0,-0.0,12500.0,12500.0,1.0,-3.0,-75.0,0.0,-1.0397207708399179,3250.0,35.13513513513514,declined
Liverpool,Liverpool_335500_392000,335500,392000,1.0,,-0.0,23000.0,23000.0,0.0,1.0,0.0,-0.0,29750.0,29750.0,1.0,0.0,0.0,,0.0,6750.0,29.347826086956523,persistent
Liverpool,Liverpool_335500_392250,335500,392250,1.0,,-0.0,6475.0,6475.0,0.0,1.0,0.0,-0.0,4500.0,4500.0,1.0,0.0,0.0,,0.0,-1975.0,-30.501930501930502,persistent
Liverpool,Liverpool_335500_392500,335500,392500,2.0,,-0.0,23230.0,11615.0,0.0,1.0,0.0,-0.0,66000.0,66000.0,1.0,-1.0,-50.0,,0.0,42770.0,184.115368058545,declined
Liverpool,Liverpool_335500_393000,335500,393000,1.0,0.0,-0.0,16150.0,16150.0,1.0,2.0,0.0,0.6931471805599453,11850.0,5925.0,1.0,1.0,100.0,0.0,0.6931471805599453,-4300.0,-26.625386996904027,intensified
Liverpool,Liverpool_335500_393500,335500,393500,8.0,0.0,0.9743147528693494,303075.0,15600.0,4.0,8.0,0.0,1.0821955300387673,349650.0,16625.0,6.0,0.0,0.0,0.0,0.10788077716941791,46575.0,15.367483296213807,persistent
Liverpool,Liverpool_335500_393750,335500,393750,50.0,0.21739130434782608,0.471032578690485,464750.0,8000.0,23.0,45.0,0.0,0.5808903592102728,388500.0,5050.0,26.0,-5.0,-10.0,-21.73913043478261,0.10985778051978778,-76250.0,-16.4066702528241,declined
Liverpool,Liverpool_335500_394000,335500,394000,70.0,0.22727272727272727,0.3470668257548097,684550.0,8850.0,22.0,60.0,0.0,0.374745997055006,598250.0,6050.0,41.0,-10.0,-14.285714285714285,-22.727272727272727,0.027679171300196315,-86300.0,-12.606821999853917,declined
Liverpool,Liverpool_335500_394250,335500,394250,35.0,0.16666666666666666,0.6915424017606948,349900.0,4550.0,12.0,32.0,0.1,0.7343806706964617,496850.0,4400.0,20.0,-3.0,-8.571428571428571,-6.666666666666665,0.04283826893576692,146950.0,41.99771363246642,declined
Liverpool,Liverpool_335500_394500,335500,394500,42.0,0.07692307692307693,0.11251593411963928,209550.0,4100.0,13.0,39.0,0.038461538461538464,0.11924692639624491,216100.0,3900.0,26.0,-3.0,-7.142857142857142,-3.8461538461538463,0.006730992276605632,6550.0,3.1257456454306847,declined
Liverpool,Liverpool_335500_394750,335500,394750,6.0,0.0,0.45056120886630463,21925.0,2125.0,3.0,6.0,0.2,0.45056120886630463,22350.0,3475.0,5.0,0.0,0.0,20.0,0.0,425.0,1.9384264538198404,persistent
Liverpool,Liverpool_335500_395000,335500,395000,1.0,,-0.0,1325.0,1325.0,0.0,1.0,,-0.0,2150.0,2150.0,0.0,0.0,0.0,,0.0,825.0,62.264150943396224,persistent
Liverpool,Liverpool_335500_396500,335500,396500,27.0,0.09090909090909091,0.4195558923202333,94575.0,3100.0,11.0,24.0,0.06666666666666667,0.3445982481028228,96675.0,3025.0,15.0,-3.0,-11.11111111111111,-2.4242424242424248,-0.07495764421741052,2100.0,2.2204599524187154,declined
Liverpool,Liverpool_335750_386750,335750,386750,2.0,,-0.0,134600.0,67300.0,0.0,2.0,0.0,-0.0,138750.0,69375.0,1.0,0.0,0.0,,0.0,4150.0,3.083209509658247,persistent
Liverpool,Liverpool_335750_387250,335750,387250,5.0,0.0,0.6730116670092565,17560.0,1325.0,3.0,5.0,0.0,0.6730116670092565,11800.0,2650.0,2.0,0.0,0.0,0.0,0.0,-5760.0,-32.80182232346242,persistent
Liverpool,Liverpool_335750_387500,335750,387500,19.0,0.4,0.5366645624845252,26095.0,1500.0,5.0,14.0,0.1111111111111111,0.25731864054383163,71300.0,4575.0,9.0,-5.0,-26.31578947368421,-28.888888888888893,-0.2793459219406936,45205.0,173.23242000383215,declined
Liverpool,Liverpool_335750_387750,335750,387750,36.0,0.0,0.5660857389596289,2105700.0,4900.0,15.0,33.0,0.0,0.6580309975500831,1740525.0,6800.0,24.0,-3.0,-8.333333333333332,0.0,0.09194525859045422,-365175.0,-17.342213990596953,declined
Liverpool,Liverpool_335750_388000,335750,388000,25.0,0.3333333333333333,0.44330669146808716,278950.0,3350.0,3.0,15.0,0.0,0.48509409130221154,84400.0,5600.0,7.0,-10.0,-40.0,-33.33333333333333,0.041787399834124384,-194550.0,-69.74368166338053,declined
Liverpool,Liverpool_335750_388250,335750,388250,2.0,,0.6931471805599453,8820.0,8820.0,0.0,1.0,,-0.0,2000.0,2000.0,0.0,-1.0,-50.0,,-0.6931471805599453,-6820.0,-77.32426303854876,declined
Liverpool,Liverpool_335750_388500,335750,388500,18.0,0.0,-0.0,29120.0,1450.0,5.0,17.0,0.0,0.22371807606583377,66825.0,3825.0,14.0,-1.0,-5.555555555555555,0.0,0.22371807606583377,37705.0,129.48145604395606,declined
Liverpool,Liverpool_335750_389000,335750,389000,5.0,0.5,0.6730116670092565,14575.0,2425.0,2.0,5.0,0.3333333333333333,0.6730116670092565,34150.0,5800.0,3.0,0.0,0.0,-16.666666666666668,0.0,19575.0,134.30531732418524,persistent
Liverpool,Liverpool_335750_389250,335750,389250,1.0,0.0,-0.0,19500.0,19500.0,1.0,1.0,0.0,-0.0,19250.0,19250.0,1.0,0.0,0.0,0.0,0.0,-250.0,-1.282051282051282,persistent
Liverpool,Liverpool_335750_389500,335750,389500,12.0,,0.45056120886630463,19000.0,19000.0,0.0,16.0,0.0,0.8222653373287878,337850.0,15375.0,6.0,4.0,33.33333333333333,,0.3717041284624832,318850.0,1678.157894736842,intensified
Liverpool,Liverpool_335750_389750,335750,389750,12.0,0.0,1.0114042647073516,202325.0,10500.0,1.0,10.0,0.0,1.0296530140645737,319000.0,33875.0,6.0,-2.0,-16.666666666666664,0.0,0.018248749357222094,116675.0,57.66711973310268,declined
Liverpool,Liverpool_335750_390000,335750,390000,5.0,0.0,1.0549201679861442,104400.0,19500.0,1.0,5.0,0.0,1.0549201679861442,40650.0,9600.0,1.0,0.0,0.0,0.0,0.0,-63750.0,-61.06321839080459,persistent
Liverpool,Liverpool_335750_390250,335750,390250,12.0,0.5,0.2868359830561607,97450.0,22750.0,2.0,4.0,0.0,0.5623351446188083,70750.0,17750.0,2.0,-8.0,-66.66666666666666,-50.0,0.2754991615626476,-26700.0,-27.398665982555155,declined
Liverpool,Liverpool_335750_390750,335750,390750,20.0,0.0,0.7999027794271169,167225.0,9825.0,3.0,17.0,0.0,1.006214565944081,219200.0,8700.0,10.0,-3.0,-15.0,0.0,0.20631178651696425,51975.0,31.080879055165195,declined
Liverpool,Liverpool_335750_391000,335750,391000,1.0,,-0.0,111000.0,111000.0,0.0,1.0,0.0,-0.0,74500.0,74500.0,1.0,0.0,0.0,,0.0,-36500.0,-32.88288288288289,persistent
Liverpool,Liverpool_335750_391250,335750,391250,2.0,0.0,-0.0,16750.0,16750.0,1.0,1.0,0.0,-0.0,45000.0,45000.0,1.0,-1.0,-50.0,0.0,0.0,28250.0,168.65671641791045,declined
Liverpool,Liverpool_335750_392250,335750,392250,1.0,,-0.0,8300.0,8300.0,0.0,1.0,,-0.0,7000.0,7000.0,0.0,0.0,0.0,,0.0,-1300.0,-15.66265060240964,persistent
Liverpool,Liverpool_335750_392750,335750,392750,10.0,0.0,0.3250829733914482,12525.0,2100.0,2.0,5.0,0.25,-0.0,16900.0,2650.0,4.0,-5.0,-50.0,25.0,-0.3250829733914482,4375.0,34.930139720558884,declined
Liverpool,Liverpool_335750_393000,335750,393000,17.0,0.0,0.6779087256441981,49630.0,1800.0,3.0,9.0,0.0,0.8486855577264172,38450.0,3300.0,5.0,-8.0,-47.05882352941176,0.0,0.17077683208221905,-11180.0,-22.526697561958493,declined
Liverpool,Liverpool_335750_393250,335750,393250,1.0,,-0.0,24000.0,24000.0,0.0,1.0,0.0,-0.0,28750.0,28750.0,1.0,0.0,0.0,,0.0,4750.0,19.791666666666664,persistent
Liverpool,Liverpool_335750_393500,335750,393500,2.0,,0.6931471805599453,68750.0,34375.0,0.0,3.0,0.0,0.6365141682948128,68000.0,34000.0,1.0,1.0,50.0,,-0.05663301226513251,-750.0,-1.090909090909091,intensified
Liverpool,Liverpool_335750_393750,335750,393750,7.0,0.5,0.410116318288409,20595.0,1020.0,2.0,6.0,0.5,0.45056120886630463,18725.0,1737.5,4.0,-1.0,-14.285714285714285,0.0,0.04044489057789563,-1870.0,-9.079873755765963,declined
Liverpool,Liverpool_335750_394000,335750,394000,25.0,0.0,0.33422114621338295,65245.0,2150.0,9.0,21.0,0.0625,0.5670609309552819,81925.0,2850.0,16.0,-4.0,-16.0,6.25,0.23283978474189893,16680.0,25.565177408230515,declined
Liverpool,Liverpool_335750_394250,335750,394250,5.0,0.0,-0.0,10230.0,1775.0,1.0,5.0,0.0,-0.0,13425.0,2450.0,4.0,0.0,0.0,0.0,0.0,3195.0,31.2316715542522,persistent
Liverpool,Liverpool_335750_394500,335750,394500,51.0,0.2857142857142857,0.26116008596552864,291025.0,3300.0,14.0,48.0,0.058823529411764705,0.2020863392725082,302525.0,4150.0,34.0,-3.0,-5.88235294117647,-22.6890756302521,-0.05907374669302046,11500.0,3.95155055407611,declined
Liverpool,Liverpool_335750_394750,335750,394750,11.0,0.0,0.30463609734923813,35175.0,2800.0,5.0,11.0,0.125,0.30463609734923813,49675.0,3900.0,8.0,0.0,0.0,12.5,0.0,14500.0,41.2224591329069,persistent
Liverpool,Liverpool_335750_395000,335750,395000,21.0,0.0,0.8359373644898985,161075.0,6000.0,4.0,21.0,0.08333333333333333,0.6680178186607535,166900.0,4250.0,12.0,0.0,0.0,8.333333333333332,-0.16791954582914503,5825.0,3.6163277976098094,persistent
Liverpool,Liverpool_335750_395500,335750,395500,1.0,,-0.0,230000.0,230000.0,0.0,1.0,0.0,-0.0,312500.0,312500.0,1.0,0.0,0.0,,0.0,82500.0,35.869565217391305,persistent
Liverpool,Liverpool_335750_396500,335750,396500,31.0,0.0,0.1425058673927378,87375.0,2825.0,8.0,31.0,0.0,0.28393626675586414,118400.0,3550.0,19.0,0.0,0.0,0.0,0.14143039936312635,31025.0,35.50786838340486,persistent
Liverpool,Liverpool_335750_396750,335750,396750,9.0,0.0,0.6837389058487535,89775.0,3300.0,2.0,10.0,0.0,0.9404479886553263,53450.0,3500.0,6.0,1.0,11.11111111111111,0.0,0.2567090828065728,-36325.0,-40.46226677805625,intensified
Liverpool,Liverpool_336000_387500,336000,387500,1.0,,-0.0,,,0.0,0.0,,,,,,-1.0,-100.0,,,,,disappeared
Liverpool,Liverpool_336000_387750,336000,387750,13.0,0.0,0.5359610497090694,34800.0,2525.0,3.0,11.0,0.0,0.30463609734923813,53700.0,4850.0,8.0,-2.0,-15.384615384615385,0.0,-0.2313249523598313,18900.0,54.310344827586206,declined
Liverpool,Liverpool_336000_388000,336000,388000,5.0,,0.5004024235381879,5750.0,1350.0,0.0,5.0,0.3333333333333333,0.5004024235381879,12475.0,3000.0,3.0,0.0,0.0,,0.0,6725.0,116.95652173913042,persistent
Liverpool,Liverpool_336000_388250,336000,388250,23.0,0.0,0.2954391918721161,41530.0,1625.0,7.0,20.0,0.0,0.3250829733914482,73800.0,4025.0,11.0,-3.0,-13.043478260869565,0.0,0.029643781519332113,32270.0,77.7028653985071,declined
Liverpool,Liverpool_336000_389000,336000,389000,1.0,,-0.0,1325.0,1325.0,0.0,1.0,1.0,-0.0,,,1.0,0.0,0.0,,0.0,,,persistent
Liverpool,Liverpool_336000_389250,336000,389250,2.0,0.0,-0.0,3450.0,1725.0,1.0,2.0,0.5,0.6931471805599453,1500.0,1500.0,2.0,0.0,0.0,50.0,0.6931471805599453,-1950.0,-56.52173913043478,persistent
Liverpool,Liverpool_336000_389750,336000,389750,3.0,0.0,-0.0,15800.0,4200.0,1.0,3.0,0.0,-0.0,72750.0,20250.0,3.0,0.0,0.0,0.0,0.0,56950.0,360.44303797468353,persistent
Liverpool,Liverpool_336000_390000,336000,390000,1.0,0.0,-0.0,1850.0,1850.0,1.0,1.0,0.0,-0.0,1250.0,1250.0,1.0,0.0,0.0,0.0,0.0,-600.0,-32.432432432432435,persistent
Liverpool,Liverpool_336000_390250,336000,390250,2.0,,-0.0,15400.0,7700.0,0.0,2.0,0.0,-0.0,11000.0,11000.0,1.0,0.0,0.0,,0.0,-4400.0,-28.57142857142857,persistent
Liverpool,Liverpool_336000_390750,336000,390750,15.0,0.0,0.24493002679463532,104350.0,6000.0,1.0,3.0,0.0,0.6365141682948128,78700.0,19500.0,2.0,-12.0,-80.0,0.0,0.39158414150017745,-25650.0,-24.580737901293723,declined
Liverpool,Liverpool_336000_391250,336000,391250,2.0,0.0,-0.0,28250.0,28250.0,1.0,1.0,0.0,-0.0,26500.0,26500.0,1.0,-1.0,-50.0,0.0,0.0,-1750.0,-6.1946902654867255,declined
Liverpool,Liverpool_336000_392000,336000,392000,4.0,1.0,0.5623351446188083,13900.0,4250.0,1.0,3.0,1.0,1.0986122886681096,15100.0,5100.0,1.0,-1.0,-25.0,0.0,0.5362771440493013,1200.0,8.633093525179856,declined
Liverpool,Liverpool_336000_392250,336000,392250,27.0,0.14285714285714285,0.4195558923202333,42675.0,2062.5,7.0,17.0,0.0,0.4437572842601484,66075.0,2900.0,10.0,-10.0,-37.03703703703704,-14.285714285714285,0.02420139193991505,23400.0,54.833040421792624,declined
Liverpool,Liverpool_336000_392500,336000,392500,2.0,,-0.0,1900.0,1900.0,0.0,1.0,0.0,-0.0,3750.0,3750.0,1.0,-1.0,-50.0,,0.0,1850.0,97.36842105263158,declined
Liverpool,Liverpool_336000_392750,336000,392750,10.0,0.5,0.6108643020548935,22380.0,2875.0,2.0,7.0,0.25,0.5982695885852573,25300.0,3750.0,4.0,-3.0,-30.0,-25.0,-0.012594713469636254,2920.0,13.047363717605004,declined
Liverpool,Liverpool_336000_393000,336000,393000,22.0,0.3333333333333333,0.30463609734923813,37350.0,2012.5,6.0,3.0,0.5,0.6365141682948128,14400.0,2950.0,2.0,-19.0,-86.36363636363636,16.666666666666668,0.33187807094557464,-22950.0,-61.44578313253012,declined
Liverpool,Liverpool_336000_393750,336000,393750,2.0,0.0,0.6931471805599453,29850.0,14925.0,1.0,1.0,0.0,-0.0,3050.0,3050.0,1.0,-1.0,-50.0,0.0,-0.6931471805599453,-26800.0,-89.7822445561139,declined
Liverpool,Liverpool_336000_394000,336000,394000,1.0,,-0.0,900.0,900.0,0.0,0.0,,,,,,-1.0,-100.0,,,,,disappeared
Liverpool,Liverpool_336000_394250,336000,394250,1.0,,-0.0,1375.0,1375.0,0.0,1.0,1.0,-0.0,2150.0,2150.0,1.0,0.0,0.0,,0.0,775.0,56.36363636363636,persistent
Liverpool,Liverpool_336000_394500,336000,394500,6.0,0.3333333333333333,0.6365141682948128,14575.0,2150.0,3.0,4.0,0.0,0.5623351446188083,10700.0,2550.0,1.0,-2.0,-33.33333333333333,-33.33333333333333,-0.07417902367600449,-3875.0,-26.58662092624357,declined
Liverpool,Liverpool_336000_394750,336000,394750,1.0,,-0.0,0.0,0.0,0.0,1.0,1.0,-0.0,0.0,0.0,1.0,0.0,0.0,,0.0,0.0,,persistent
Liverpool,Liverpool_336000_395250,336000,395250,6.0,0.0,0.6365141682948128,2335500.0,28000.0,1.0,3.0,0.0,0.6365141682948128,1572500.0,15500.0,1.0,-3.0,-50.0,0.0,0.0,-763000.0,-32.669663883536714,declined
Liverpool,Liverpool_336000_395500,336000,395500,43.0,0.1111111111111111,0.41763147583118515,189350.0,4350.0,9.0,28.0,0.06666666666666667,0.40869772507431423,98650.0,3250.0,15.0,-15.0,-34.883720930232556,-4.444444444444444,-0.008933750756870917,-90700.0,-47.900712965407976,declined
Liverpool,Liverpool_336000_395750,336000,395750,20.0,0.125,0.9433483923290391,192620.0,7350.0,8.0,15.0,0.0,1.0437570363314086,173950.0,7500.0,9.0,-5.0,-25.0,-12.5,0.10040864400236948,-18670.0,-9.692659121586543,declined
Liverpool,Liverpool_336000_396000,336000,396000,2.0,,0.6931471805599453,77100.0,38550.0,0.0,2.0,0.0,0.6931471805599453,82950.0,41475.0,1.0,0.0,0.0,,0.0,5850.0,7.587548638132295,persistent
Liverpool,Liverpool_336000_396250,336000,396250,28.0,0.125,0.15407610367102942,157550.0,6200.0,8.0,22.0,0.0,0.18490739916777568,118500.0,4975.0,13.0,-6.0,-21.428571428571427,-12.5,0.030831295496746264,-39050.0,-24.785782291336083,declined
Liverpool,Liverpool_336000_396500,336000,396500,19.0,0.0,-0.0,56350.0,3150.0,10.0,19.0,0.0,-0.0,80375.0,3350.0,12.0,0.0,0.0,0.0,0.0,24025.0,42.63531499556345,persistent
Liverpool,Liverpool_336000_396750,336000,396750,6.0,0.0,-0.0,8130.0,1500.0,2.0,2.0,0.0,-0.0,7625.0,3812.5,1.0,-4.0,-66.66666666666666,0.0,0.0,-505.0,-6.211562115621156,declined
Liverpool,Liverpool_336000_397000,336000,397000,1.0,,-0.0,,,0.0,0.0,,,,,,-1.0,-100.0,,,,,disappeared
Liverpool,Liverpool_336250_387250,336250,387250,5.0,0.0,-0.0,6450.0,1200.0,4.0,5.0,0.0,-0.0,15600.0,2900.0,3.0,0.0,0.0,0.0,0.0,9150.0,141.86046511627907,persistent
Liverpool,Liverpool_336250_387500,336250,387500,1.0,0.0,-0.0,16250.0,16250.0,1.0,1.0,,-0.0,28250.0,28250.0,0.0,0.0,0.0,,0.0,12000.0,73.84615384615385,persistent
Liverpool,Liverpool_336250_388000,336250,388000,1.0,0.0,-0.0,9850.0,9850.0,1.0,1.0,,-0.0,9000.0,9000.0,0.0,0.0,0.0,,0.0,-850.0,-8.629441624365482,persistent
Liverpool,Liverpool_336250_388250,336250,388250,5.0,0.6666666666666666,-0.0,8680.0,1450.0,3.0,4.0,0.0,-0.0,11700.0,3850.0,2.0,-1.0,-20.0,-66.66666666666666,0.0,3020.0,34.7926267281106,declined
Liverpool,Liverpool_336250_388750,336250,388750,10.0,0.0,0.3250829733914482,15825.0,1637.5,3.0,11.0,0.0,-0.0,43950.0,3550.0,5.0,1.0,10.0,0.0,-0.3250829733914482,28125.0,177.72511848341233,intensified
Liverpool,Liverpool_336250_389000,336250,389000,24.0,0.0,-0.0,19700.0,1675.0,6.0,13.0,0.0,-0.0,68250.0,5350.0,5.0,-11.0,-45.83333333333333,0.0,0.0,48550.0,246.44670050761422,declined
Liverpool,Liverpool_336250_390250,336250,390250,2.0,,-0.0,2000.0,2000.0,0.0,0.0,,,,,,-2.0,-100.0,,,,,disappeared
Liverpool,Liverpool_336250_390500,336250,390500,3.0,0.0,-0.0,1650.0,825.0,1.0,2.0,0.0,-0.0,4400.0,2200.0,2.0,-1.0,-33.33333333333333,0.0,0.0,2750.0,166.66666666666669,declined
Liverpool,Liverpool_336250_390750,336250,390750,18.0,0.16666666666666666,0.2145591551764051,25775.0,2175.0,6.0,15.0,0.16666666666666666,0.7201248812718097,53300.0,3375.0,12.0,-3.0,-16.666666666666664,0.0,0.5055657260954046,27525.0,106.78952473326868,declined
Liverpool,Liverpool_336250_391000,336250,391000,3.0,0.5,-0.0,19300.0,6800.0,2.0,4.0,0.0,0.5623351446188083,37650.0,7900.0,2.0,1.0,33.33333333333333,-50.0,0.5623351446188083,18350.0,95.07772020725389,intensified
Liverpool,Liverpool_336250_391250,336250,391250,2.0,,0.6931471805599453,10075.0,5037.5,0.0,2.0,0.0,0.6931471805599453,13750.0,6875.0,2.0,0.0,0.0,,0.0,3675.0,36.47642679900744,persistent
Liverpool,Liverpool_336250_391500,336250,391500,1.0,,-0.0,4400.0,4400.0,0.0,1.0,0.0,-0.0,4200.0,4200.0,1.0,0.0,0.0,,0.0,-200.0,-4.545454545454546,persistent
Liverpool,Liverpool_336250_392000,336250,392000,68.0,0.06451612903225806,0.7670313045837412,1550325.0,6525.0,31.0,63.0,0.023255813953488372,0.730573357157364,1509950.0,6000.0,43.0,-5.0,-7.352941176470589,-4.126031507876969,-0.0364579474263772,-40375.0,-2.604292648315676,declined
Liverpool,Liverpool_336250_392250,336250,392250,5.0,0.5,0.6730116670092565,15150.0,4025.0,4.0,4.0,0.0,0.6931471805599453,13325.0,2650.0,3.0,-1.0,-20.0,-50.0,0.020135513550688766,-1825.0,-12.046204620462046,declined
Liverpool,Liverpool_336250_392500,336250,392500,29.0,0.14285714285714285,0.3325942143118925,54375.0,1712.5,14.0,30.0,0.13043478260869565,0.39267446722755217,84075.0,2300.0,23.0,1.0,3.4482758620689653,-1.2422360248447202,0.06008025291565966,29700.0,54.62068965517241,intensified
Liverpool,Liverpool_336250_392750,336250,392750,27.0,0.0,0.5718327393983101,165425.0,3800.0,6.0,12.0,0.0,0.887694275799104,166375.0,4425.0,8.0,-15.0,-55.55555555555556,0.0,0.31586153640079384,950.0,0.5742783738854466,declined
Liverpool,Liverpool_336250_394250,336250,394250,2.0,0.0,0.6931471805599453,1500.0,1500.0,1.0,1.0,0.0,-0.0,1500.0,1500.0,1.0,-1.0,-50.0,0.0,-0.6931471805599453,0.0,0.0,declined
Liverpool,Liverpool_336250_394500,336250,394500,29.0,0.125,0.3984405075837697,102000.0,3500.0,8.0,27.0,0.125,0.5735160760972796,115125.0,3850.0,16.0,-2.0,-6.896551724137931,0.0,0.17507556851350992,13125.0,12.867647058823529,declined
Liverpool,Liverpool_336250_395500,336250,395500,4.0,0.0,-0.0,3850.0,1925.0,1.0,3.0,0.0,-0.0,10100.0,3750.0,2.0,-1.0,-25.0,0.0,0.0,6250.0,162.33766233766232,declined
Liverpool,Liverpool_336250_395750,336250,395750,1.0,,-0.0,,,0.0,0.0,,,,,,-1.0,-100.0,,,,,disappeared
Liverpool,Liverpool_336250_396250,336250,396250,6.0,0.5,0.45056120886630463,38050.0,7200.0,2.0,5.0,0.25,-0.0,28500.0,5400.0,4.0,-1.0,-16.666666666666664,-25.0,-0.45056120886630463,-9550.0,-25.098554533508544,declined
Liverpool,Liverpool_336250_396500,336250,396500,61.0,0.1,0.1960946596209072,921500.0,12375.0,20.0,58.0,0.0,0.2897365384692617,538400.0,6800.0,38.0,-3.0,-4.918032786885246,-10.0,0.09364187884835448,-383100.0,-41.573521432447095,declined
Liverpool,Liverpool_336250_396750,336250,396750,35.0,0.125,-0.0,532875.0,16000.0,8.0,35.0,0.0,-0.0,303625.0,8800.0,26.0,0.0,0.0,-12.5,0.0,-229250.0,-43.02134646962233,persistent
Liverpool,Liverpool_336500_387250,336500,387250,23.0,0.0,-0.0,79050.0,3350.0,6.0,22.0,0.0,-0.0,151200.0,6100.0,20.0,-1.0,-4.3478260869565215,0.0,0.0,72150.0,91.27134724857684,declined
Liverpool,Liverpool_336500_387500,336500,387500,4.0,0.0,0.5623351446188083,85400.0,42700.0,2.0,2.0,0.0,0.6931471805599453,122500.0,61250.0,1.0,-2.0,-50.0,0.0,0.130812035941137,37100.0,43.44262295081967,declined
Liverpool,Liverpool_336500_389000,336500,389000,1.0,,-0.0,1525.0,1525.0,0.0,1.0,,-0.0,3350.0,3350.0,0.0,0.0,0.0,,0.0,1825.0,119.67213114754098,persistent
Liverpool,Liverpool_336500_389250,336500,389250,6.0,0.0,-0.0,26550.0,5950.0,3.0,4.0,0.0,-0.0,27950.0,7200.0,4.0,-2.0,-33.33333333333333,0.0,0.0,1400.0,5.273069679849341,declined
Liverpool,Liverpool_336500_390000,336500,390000,13.0,1.0,0.6870920273799715,250800.0,4150.0,1.0,5.0,0.5,0.9502705392332347,260750.0,7000.0,4.0,-8.0,-61.53846153846154,-50.0,0.26317851185326313,9950.0,3.9673046251993616,declined
Liverpool,Liverpool_336500_390250,336500,390250,25.0,0.3333333333333333,0.806816703850445,917725.0,4900.0,6.0,14.0,0.0,1.060944240790747,924450.0,10750.0,8.0,-11.0,-44.0,-33.33333333333333,0.254127536940302,6725.0,0.7327903238987714,declined
Liverpool,Liverpool_336500_390750,336500,390750,16.0,0.0,0.46341355882643,17750.0,2375.0,2.0,5.0,0.0,-0.0,21950.0,3050.0,4.0,-11.0,-68.75,0.0,-0.46341355882643,4200.0,23.661971830985916,declined
Liverpool,Liverpool_336500_391250,336500,391250,6.0,0.0,0.6931471805599453,8725.0,4362.5,2.0,2.0,0.0,0.6931471805599453,11800.0,5900.0,2.0,-4.0,-66.66666666666666,0.0,0.0,3075.0,35.24355300859599,declined
Liverpool,Liverpool_336500_391500,336500,391500,5.0,0.0,-0.0,48250.0,10250.0,3.0,4.0,0.0,-0.0,43600.0,11250.0,4.0,-1.0,-20.0,0.0,0.0,-4650.0,-9.637305699481866,declined
Liverpool,Liverpool_336500_391750,336500,391750,1.0,,-0.0,,,0.0,0.0,,,,,,-1.0,-100.0,,,,,disappeared
Liverpool,Liverpool_336500_392000,336500,392000,3.0,0.5,-0.0,9200.0,4600.0,2.0,2.0,0.0,0.6931471805599453,10750.0,5375.0,1.0,-1.0,-33.33333333333333,-50.0,0.6931471805599453,1550.0,16.847826086956523,declined
Liverpool,Liverpool_336500_392250,336500,392250,61.0,0.29411764705882354,0.33871278370949853,223625.0,3100.0,17.0,57.0,0.02702702702702703,0.3897659680367606,232235.0,3400.0,37.0,-4.0,-6.557377049180328,-26.70906200317965,0.05105318432726208,8610.0,3.850195640022359,declined
Liverpool,Liverpool_336500_392500,336500,392500,2.0,0.0,-0.0,5525.0,2762.5,1.0,1.0,0.0,-0.0,2000.0,2000.0,1.0,-1.0,-50.0,0.0,0.0,-3525.0,-63.80090497737556,declined
Liverpool,Liverpool_336500_392750,336500,392750,9.0,0.0,0.34883209584303193,28675.0,3000.0,4.0,6.0,0.16666666666666666,0.45056120886630463,27875.0,3700.0,6.0,-3.0,-33.33333333333333,16.666666666666664,0.1017291130232727,-800.0,-2.789886660854403,declined
Liverpool,Liverpool_336500_394250,336500,394250,7.0,1.0,0.410116318288409,83500.0,6000.0,1.0,5.0,0.0,-0.0,29250.0,5200.0,1.0,-2.0,-28.57142857142857,-100.0,-0.410116318288409,-54250.0,-64.97005988023952,declined
Liverpool,Liverpool_336500_394500,336500,394500,2.0,,-0.0,2850.0,2850.0,0.0,1.0,,-0.0,3150.0,3150.0,0.0,-1.0,-50.0,,0.0,300.0,10.526315789473683,declined
Liverpool,Liverpool_336500_395500,336500,395500,2.0,0.0,-0.0,1375.0,1375.0,1.0,1.0,0.0,-0.0,2250.0,2250.0,1.0,-1.0,-50.0,0.0,0.0,875.0,63.63636363636363,declined
Liverpool,Liverpool_336500_396750,336500,396750,42.0,0.10526315789473684,0.6634002521106612,354250.0,6000.0,19.0,36.0,0.08,0.8232369419797262,277475.0,4375.0,25.0,-6.0,-14.285714285714285,-2.5263157894736836,0.15983668986906496,-76775.0,-21.67254763585039,declined
Liverpool,Liverpool_336500_397000,336500,397000,2.0,,0.6931471805599453,10700.0,5350.0,0.0,2.0,1.0,0.6931471805599453,13600.0,6800.0,1.0,0.0,0.0,,0.0,2900.0,27.102803738317753,persistent
Liverpool,Liverpool_336500_397250,336500,397250,16.0,0.0,-0.0,52300.0,3350.0,4.0,15.0,0.0,-0.0,54950.0,3450.0,13.0,-1.0,-6.25,0.0,0.0,2650.0,5.066921606118547,declined
Liverpool,Liverpool_336500_397500,336500,397500,20.0,0.0,0.42270908780599087,101725.0,3250.0,3.0,20.0,0.15384615384615385,0.42270908780599087,118050.0,3625.0,13.0,0.0,0.0,15.384615384615385,0.0,16325.0,16.048169083312853,persistent
Liverpool,Liverpool_336750_387000,336750,387000,1.0,1.0,-0.0,9500.0,9500.0,1.0,1.0,,-0.0,3500.0,3500.0,0.0,0.0,0.0,,0.0,-6000.0,-63.1578947368421,persistent
Liverpool,Liverpool_336750_387250,336750,387250,39.0,0.0,0.20227300179743635,223950.0,5500.0,16.0,37.0,0.0,0.12425083738963087,279600.0,7000.0,32.0,-2.0,-5.128205128205128,0.0,-0.07802216440780547,55650.0,24.849296718017413,declined
Liverpool,Liverpool_336750_388750,336750,388750,16.0,0.16666666666666666,0.2337916587064593,44550.0,2575.0,6.0,15.0,0.0,0.24493002679463532,72050.0,4650.0,12.0,-1.0,-6.25,-16.666666666666664,0.011138368088176032,27500.0,61.72839506172839,declined
Liverpool,Liverpool_336750_389000,336750,389000,49.0,0.06666666666666667,0.32864378983167314,181550.0,2950.0,15.0,61.0,0.034482758620689655,0.16702617252679575,370950.0,4400.0,29.0,12.0,24.489795918367346,-3.218390804597701,-0.1616176173048774,189400.0,104.32387771963647,intensified
Liverpool,Liverpool_336750_389250,336750,389250,11.0,0.0,0.7595473914748635,48700.0,4500.0,4.0,11.0,0.0,1.0335620542068176,269800.0,6900.0,6.0,0.0,0.0,0.0,0.2740146627319541,221100.0,454.0041067761807,persistent
Liverpool,Liverpool_336750_389500,336750,389500,6.0,0.0,-0.0,22450.0,3650.0,3.0,6.0,0.0,-0.0,37200.0,7600.0,4.0,0.0,0.0,0.0,0.0,14750.0,65.70155902004454,persistent
Liverpool,Liverpool_336750_390000,336750,390000,49.0,0.75,0.17052985644751145,27725.0,2475.0,4.0,1.0,0.0,-0.0,9400.0,9400.0,1.0,-48.0,-97.95918367346938,-75.0,-0.17052985644751145,-18325.0,-66.09558160504959,declined
Liverpool,Liverpool_336750_390250,336750,390250,1.0,,-0.0,,,0.0,0.0,,,,,,-1.0,-100.0,,,,,disappeared
Liverpool,Liverpool_336750_390500,336750,390500,5.0,0.0,0.5004024235381879,25475.0,12737.5,2.0,2.0,0.0,-0.0,56850.0,28425.0,2.0,-3.0,-60.0,0.0,-0.5004024235381879,31375.0,123.15996074582924,declined
Liverpool,Liverpool_336750_390750,336750,390750,6.0,0.0,1.0114042647073516,20275.0,3250.0,3.0,5.0,0.25,1.0549201679861442,23100.0,4000.0,4.0,-1.0,-16.666666666666664,25.0,0.04351590327879262,2825.0,13.933415536374847,declined
Liverpool,Liverpool_336750_391000,336750,391000,34.0,0.0,0.22371807606583377,97050.0,2550.0,10.0,30.0,0.037037037037037035,0.1461447460085638,124000.0,3650.0,27.0,-4.0,-11.76470588235294,3.7037037037037033,-0.07757333005726996,26950.0,27.769191138588354,declined
Liverpool,Liverpool_336750_391250,336750,391250,14.0,0.2,0.410116318288409,47775.0,2975.0,5.0,8.0,0.25,0.7356219397587946,36025.0,2400.0,4.0,-6.0,-42.857142857142854,4.999999999999999,0.32550562147038564,-11750.0,-24.59445316588174,declined
Liverpool,Liverpool_336750_391500,336750,391500,4.0,1.0,0.5623351446188083,1950.0,975.0,1.0,1.0,,-0.0,3350.0,3350.0,0.0,-3.0,-75.0,,-0.5623351446188083,1400.0,71.7948717948718,declined
Liverpool,Liverpool_336750_392000,336750,392000,4.0,,-0.0,13800.0,6900.0,0.0,2.0,0.0,-0.0,15600.0,7800.0,2.0,-2.0,-50.0,,0.0,1800.0,13.043478260869565,declined
Liverpool,Liverpool_336750_392250,336750,392250,2.0,,-0.0,3150.0,3150.0,0.0,1.0,0.0,-0.0,4200.0,4200.0,1.0,-1.0,-50.0,,0.0,1050.0,33.33333333333333,declined
Liverpool,Liverpool_336750_392500,336750,392500,39.0,0.16666666666666666,0.2711893730418441,141250.0,2900.0,12.0,31.0,0.13043478260869565,0.3795349255810947,144025.0,3300.0,23.0,-8.0,-20.51282051282051,-3.6231884057971007,0.1083455525392506,2775.0,1.9646017699115046,declined
Liverpool,Liverpool_336750_392750,336750,392750,28.0,0.125,0.40869772507431423,139725.0,3925.0,8.0,25.0,0.0,0.33422114621338295,146725.0,3900.0,18.0,-3.0,-10.714285714285714,-12.5,-0.07447657886093129,7000.0,5.00984075863303,declined
Liverpool,Liverpool_336750_393000,336750,393000,27.0,0.0,0.15841057013179086,129050.0,4150.0,11.0,27.0,0.0,0.15841057013179086,135300.0,4150.0,19.0,0.0,0.0,0.0,0.0,6250.0,4.843084075939559,persistent
Liverpool,Liverpool_336750_393500,336750,393500,26.0,0.0,0.16302362949436594,113250.0,3150.0,11.0,25.0,0.0,0.33422114621338295,138950.0,3600.0,15.0,-1.0,-3.8461538461538463,0.0,0.171197516719017,25700.0,22.693156732891833,declined
Liverpool,Liverpool_336750_394000,336750,394000,3.0,0.0,-0.0,6475.0,1150.0,2.0,3.0,0.0,-0.0,9725.0,1725.0,1.0,0.0,0.0,0.0,0.0,3250.0,50.19305019305019,persistent
Liverpool,Liverpool_336750_394250,336750,394250,17.0,0.0,0.22371807606583377,75700.0,4100.0,5.0,18.0,0.0625,0.42584844923858145,93325.0,4050.0,16.0,1.0,5.88235294117647,6.25,0.20213037317274768,17625.0,23.282694848084546,intensified
Liverpool,Liverpool_336750_394500,336750,394500,7.0,0.0,-0.0,22450.0,4100.0,2.0,6.0,0.25,0.45056120886630463,25250.0,4500.0,4.0,-1.0,-14.285714285714285,25.0,0.45056120886630463,2800.0,12.47216035634744,declined
Liverpool,Liverpool_336750_396250,336750,396250,7.0,,0.9556998911125343,84800.0,15500.0,0.0,9.0,0.25,0.9649629230074277,199700.0,29875.0,4.0,2.0,28.57142857142857,,0.009263031894893414,114900.0,135.49528301886792,intensified
Liverpool,Liverpool_336750_396750,336750,396750,15.0,0.0,0.24493002679463532,66175.0,3250.0,4.0,17.0,0.0,0.22371807606583377,72125.0,3000.0,11.0,2.0,13.333333333333334,0.0,-0.021211950728801554,5950.0,8.991310918020401,intensified
Liverpool,Liverpool_336750_397000,336750,397000,1.0,0.0,-0.0,4250.0,4250.0,1.0,1.0,0.0,-0.0,5600.0,5600.0,1.0,0.0,0.0,0.0,0.0,1350.0,31.76470588235294,persistent
Liverpool,Liverpool_336750_397250,336750,397250,1.0,,-0.0,1700.0,1700.0,0.0,1.0,1.0,-0.0,2275.0,2275.0,1.0,0.0,0.0,,0.0,575.0,33.82352941176471,persistent
Liverpool,Liverpool_337000_387000,337000,387000,18.0,0.0,0.2145591551764051,175300.0,6500.0,8.0,16.0,0.0,0.6019239717322894,280425.0,9400.0,14.0,-2.0,-11.11111111111111,0.0,0.3873648165558843,105125.0,59.96862521391899,declined
Liverpool,Liverpool_337000_387250,337000,387250,16.0,0.0,0.6210863745552451,179975.0,8000.0,4.0,15.0,0.0,0.6730116670092565,368350.0,24250.0,9.0,-1.0,-6.25,0.0,0.05192529245401145,188375.0,104.66731490484788,declined
Liverpool,Liverpool_337000_387500,337000,387500,28.0,0.1111111111111111,0.410116318288409,229000.0,5700.0,9.0,28.0,0.0,0.627941588739906,488950.0,10625.0,19.0,0.0,0.0,-11.11111111111111,0.21782527045149702,259950.0,113.51528384279477,persistent
Liverpool,Liverpool_337000_388500,337000,388500,1.0,,-0.0,2700.0,2700.0,0.0,1.0,0.0,-0.0,3250.0,3250.0,1.0,0.0,0.0,,0.0,550.0,20.37037037037037,persistent
Liverpool,Liverpool_337000_388750,337000,388750,3.0,0.0,-0.0,21550.0,10775.0,1.0,2.0,0.0,-0.0,10400.0,5200.0,1.0,-1.0,-33.33333333333333,0.0,0.0,-11150.0,-51.74013921113689,declined
Liverpool,Liverpool_337000_389250,337000,389250,21.0,0.0,0.19144408195771734,60150.0,1925.0,10.0,18.0,0.0,0.34883209584303193,112450.0,4625.0,11.0,-3.0,-14.285714285714285,0.0,0.1573880138853146,52300.0,86.94929343308395,declined
Liverpool,Liverpool_337000_389500,337000,389500,1.0,,-0.0,13000.0,13000.0,0.0,1.0,0.0,-0.0,16250.0,16250.0,1.0,0.0,0.0,,0.0,3250.0,25.0,persistent
Liverpool,Liverpool_337000_389750,337000,389750,2.0,0.0,-0.0,20750.0,10375.0,2.0,2.0,0.0,0.6931471805599453,21750.0,10875.0,2.0,0.0,0.0,0.0,0.6931471805599453,1000.0,4.819277108433735,persistent
Liverpool,Liverpool_337000_390000,337000,390000,7.0,0.0,0.410116318288409,52525.0,7900.0,2.0,4.0,0.0,1.0397207708399179,137550.0,9800.0,3.0,-3.0,-42.857142857142854,0.0,0.6296044525515089,85025.0,161.8752974773917,declined
Liverpool,Liverpool_337000_390250,337000,390250,8.0,,0.37677016125643675,7100.0,1850.0,0.0,4.0,0.0,-0.0,14200.0,3700.0,3.0,-4.0,-50.0,,-0.37677016125643675,7100.0,100.0,declined
Liverpool,Liverpool_337000_390500,337000,390500,28.0,0.0,0.15407610367102942,31670.0,1300.0,7.0,21.0,0.06666666666666667,0.19144408195771734,86000.0,3750.0,15.0,-7.0,-25.0,6.666666666666667,0.03736797828668792,54330.0,171.55036311967163,declined
Liverpool,Liverpool_337000_390750,337000,390750,28.0,0.0,0.7400661909751662,378075.0,6400.0,6.0,13.0,0.0,0.9251290835720823,406800.0,7600.0,7.0,-15.0,-53.57142857142857,0.0,0.1850628925969161,28725.0,7.597698869271969,declined
Liverpool,Liverpool_337000_391000,337000,391000,22.0,0.16666666666666666,0.36764947740014225,106200.0,4100.0,6.0,19.0,0.0,0.40945861869508926,120650.0,4650.0,14.0,-3.0,-13.636363636363635,-16.666666666666664,0.041809141294947005,14450.0,13.606403013182675,declined
Liverpool,Liverpool_337000_391250,337000,391250,3.0,0.0,-0.0,13675.0,2700.0,1.0,2.0,0.0,-0.0,19450.0,9725.0,2.0,-1.0,-33.33333333333333,0.0,0.0,5775.0,42.230347349177336,declined
Liverpool,Liverpool_337000_391500,337000,391500,7.0,0.2,0.410116318288409,17075.0,2162.5,5.0,8.0,0.0,0.7356219397587946,42875.0,4550.0,4.0,1.0,14.285714285714285,-20.0,0.32550562147038564,25800.0,151.09809663250365,intensified
Liverpool,Liverpool_337000_392000,337000,392000,10.0,0.0,0.8979457248567797,140965.0,7500.0,2.0,8.0,0.0,0.9743147528693494,203425.0,4850.0,6.0,-2.0,-20.0,0.0,0.07636902801256973,62460.0,44.30887099634661,declined
Liverpool,Liverpool_337000_392500,337000,392500,3.0,0.0,-0.0,1275.0,1275.0,1.0,1.0,0.0,-0.0,2550.0,2550.0,1.0,-2.0,-66.66666666666666,0.0,0.0,1275.0,100.0,declined
Liverpool,Liverpool_337000_392750,337000,392750,32.0,0.2222222222222222,0.65619279201862,193025.0,5300.0,9.0,25.0,0.0,0.703843328477728,246875.0,6300.0,13.0,-7.0,-21.875,-22.22222222222222,0.047650536459107995,53850.0,27.897940681258902,declined
Liverpool,Liverpool_337000_396250,337000,396250,7.0,0.5,-0.0,91500.0,32250.0,2.0,2.0,0.5,-0.0,54500.0,27250.0,2.0,-5.0,-71.42857142857143,0.0,0.0,-37000.0,-40.43715846994536,declined
Liverpool,Liverpool_337000_396750,337000,396750,3.0,,-0.0,4600.0,4600.0,0.0,0.0,,,,,,-3.0,-100.0,,,,,disappeared
Liverpool,Liverpool_337000_397000,337000,397000,24.0,0.0,0.37677016125643675,154425.0,3650.0,8.0,22.0,0.07692307692307693,0.5763820666248933,107250.0,3450.0,13.0,-2.0,-8.333333333333332,7.6923076923076925,0.19961190536845658,-47175.0,-30.548810101991258,declined
Liverpool,Liverpool_337000_397500,337000,397500,3.0,,0.6365141682948128,7600.0,3800.0,0.0,2.0,0.0,-0.0,7800.0,3900.0,1.0,-1.0,-33.33333333333333,,-0.6365141682948128,200.0,2.631578947368421,declined
Liverpool,Liverpool_337250_387500,337250,387500,16.0,0.0,0.8647400965276372,234850.0,9200.0,4.0,16.0,0.0,1.0609581504393426,449650.0,17500.0,8.0,0.0,0.0,0.0,0.19621805391170544,214800.0,91.4626357249308,persistent
Liverpool,Liverpool_337250_389000,337250,389000,17.0,0.8333333333333334,0.362210557135449,25500.0,2000.0,6.0,12.0,0.1111111111111111,0.2868359830561607,46950.0,3550.0,9.0,-5.0,-29.411764705882355,-72.22222222222223,-0.07537457407928827,21450.0,84.11764705882354,declined
Liverpool,Liverpool_337250_389250,337250,389250,24.0,0.25,0.3445982481028228,33125.0,1975.0,4.0,15.0,0.0,0.24493002679463532,86850.0,4550.0,7.0,-9.0,-37.5,-25.0,-0.09966822130818748,53725.0,162.18867924528303,declined
Liverpool,Liverpool_337250_389500,337250,389500,2.0,0.0,0.6931471805599453,16950.0,8475.0,1.0,2.0,0.0,0.6931471805599453,20250.0,10125.0,2.0,0.0,0.0,0.0,0.0,3300.0,19.469026548672566,persistent
Liverpool,Liverpool_337250_390500,337250,390500,1.0,,-0.0,2025.0,2025.0,0.0,1.0,1.0,-0.0,3750.0,3750.0,1.0,0.0,0.0,,0.0,1725.0,85.18518518518519,persistent
Liverpool,Liverpool_337250_391000,337250,391000,35.0,0.0,0.3470668257548097,209475.0,4550.0,9.0,29.0,0.0,0.4967963698504464,315150.0,7400.0,22.0,-6.0,-17.142857142857142,0.0,0.1497295440956367,105675.0,50.44754744002864,declined
Liverpool,Liverpool_337250_392000,337250,392000,24.0,0.14285714285714285,-0.0,69150.0,3100.0,7.0,22.0,0.0625,-0.0,81500.0,3600.0,16.0,-2.0,-8.333333333333332,-8.035714285714285,0.0,12350.0,17.859725234996386,declined
Liverpool,Liverpool_337250_392250,337250,392250,14.0,0.0,0.25731864054383163,26045.0,1487.5,3.0,10.0,0.0,0.3250829733914482,33800.0,2975.0,5.0,-4.0,-28.57142857142857,0.0,0.06776433284761657,7755.0,29.775388750239966,declined
Liverpool,Liverpool_337250_392750,337250,392750,6.0,0.0,0.8675632284814612,38075.0,3325.0,1.0,7.0,0.0,0.7963116401738131,39775.0,5075.0,4.0,1.0,16.666666666666664,0.0,-0.0712515883076481,1700.0,4.4648719632304665,intensified
Liverpool,Liverpool_337250_393000,337250,393000,4.0,,0.5623351446188083,22975.0,2250.0,0.0,3.0,0.5,0.6365141682948128,14850.0,4150.0,2.0,-1.0,-25.0,,0.07417902367600449,-8125.0,-35.364526659412405,declined
Liverpool,Liverpool_337250_393750,337250,393750,11.0,0.5,0.6001660731596457,68875.0,3850.0,2.0,10.0,0.0,0.3250829733914482,50275.0,4300.0,3.0,-1.0,-9.090909090909092,-50.0,-0.27508309976819745,-18600.0,-27.005444646098002,declined
Liverpool,Liverpool_337250_394750,337250,394750,1.0,0.0,-0.0,930.0,930.0,1.0,1.0,1.0,-0.0,1150.0,1150.0,1.0,0.0,0.0,100.0,0.0,220.0,23.655913978494624,persistent
Liverpool,Liverpool_337250_395250,337250,395250,5.0,0.0,0.6730116670092565,456650.0,24250.0,3.0,7.0,0.0,0.5982695885852573,523500.0,24500.0,5.0,2.0,40.0,0.0,-0.07474207842399927,66850.0,14.639220409503997,intensified
Liverpool,Liverpool_337250_395750,337250,395750,3.0,0.0,0.6365141682948128,19950.0,8100.0,1.0,4.0,1.0,0.5623351446188083,15450.0,4500.0,1.0,1.0,33.33333333333333,100.0,-0.07417902367600449,-4500.0,-22.55639097744361,intensified
Liverpool,Liverpool_337250_396000,337250,396000,3.0,0.0,-0.0,47900.0,23950.0,1.0,2.0,0.0,-0.0,48300.0,24150.0,2.0,-1.0,-33.33333333333333,0.0,0.0,400.0,0.8350730688935281,declined
Liverpool,Liverpool_337250_396500,337250,396500,2.0,0.0,-0.0,81500.0,40750.0,1.0,2.0,0.0,-0.0,95000.0,47500.0,2.0,0.0,0.0,0.0,0.0,13500.0,16.56441717791411,persistent
Liverpool,Liverpool_337250_397000,337250,397000,7.0,0.0,-0.0,22200.0,3200.0,3.0,7.0,0.0,-0.0,18350.0,3075.0,5.0,0.0,0.0,0.0,0.0,-3850.0,-17.34234234234234,persistent
Liverpool,Liverpool_337500_386250,337500,386250,1.0,,-0.0,8300.0,8300.0,0.0,1.0,0.0,-0.0,26250.0,26250.0,1.0,0.0,0.0,,0.0,17950.0,216.26506024096383,persistent
Liverpool,Liverpool_337500_386750,337500,386750,15.0,0.2,-0.0,41350.0,2800.0,5.0,15.0,0.0,0.24493002679463532,94900.0,6000.0,11.0,0.0,0.0,-20.0,0.24493002679463532,53550.0,129.50423216444983,persistent
Liverpool,Liverpool_337500_389000,337500,389000,14.0,0.0,0.25731864054383163,35500.0,2237.5,5.0,11.0,0.1,-0.0,64600.0,3550.0,10.0,-3.0,-21.428571428571427,10.0,-0.25731864054383163,29100.0,81.97183098591549,declined
Liverpool,Liverpool_337500_389250,337500,389250,11.0,1.0,0.30463609734923813,17800.0,2750.0,1.0,8.0,0.5,-0.0,50275.0,6750.0,4.0,-3.0,-27.27272727272727,-50.0,-0.30463609734923813,32475.0,182.4438202247191,declined
Liverpool,Liverpool_337500_389500,337500,389500,2.0,0.0,0.6931471805599453,1100.0,1100.0,1.0,1.0,0.0,-0.0,2425.0,2425.0,1.0,-1.0,-50.0,0.0,-0.6931471805599453,1325.0,120.45454545454545,declined
Liverpool,Liverpool_337500_390250,337500,390250,1.0,,-0.0,28500.0,28500.0,0.0,11.0,0.125,-0.0,77350.0,7000.0,8.0,10.0,1000.0,,0.0,48850.0,171.40350877192984,intensified
Liverpool,Liverpool_337500_390500,337500,390500,1.0,,-0.0,,,0.0,0.0,,,,,,-1.0,-100.0,,,,,disappeared
Liverpool,Liverpool_337500_391000,337500,391000,48.0,0.08333333333333333,0.5140966973399506,134850.0,3000.0,12.0,36.0,0.125,0.4643566259363562,183025.0,3950.0,32.0,-12.0,-25.0,4.166666666666667,-0.04974007140359438,48175.0,35.724879495736,declined
Liverpool,Liverpool_337500_392000,337500,392000,9.0,0.25,0.34883209584303193,41100.0,3400.0,4.0,8.0,0.16666666666666666,-0.0,30550.0,3750.0,6.0,-1.0,-11.11111111111111,-8.333333333333334,-0.34883209584303193,-10550.0,-25.669099756691,declined
Liverpool,Liverpool_337500_392250,337500,392250,7.0,,-0.0,29225.0,2950.0,0.0,8.0,0.0,-0.0,28800.0,3250.0,5.0,1.0,14.285714285714285,,0.0,-425.0,-1.4542343883661248,intensified
Liverpool,Liverpool_337500_393250,337500,393250,1.0,0.0,-0.0,930.0,930.0,1.0,1.0,0.0,-0.0,1150.0,1150.0,1.0,0.0,0.0,0.0,0.0,220.0,23.655913978494624,persistent
Liverpool,Liverpool_337500_393750,337500,393750,2.0,,-0.0,3600.0,3600.0,0.0,1.0,0.0,-0.0,4000.0,4000.0,1.0,-1.0,-50.0,,0.0,400.0,11.11111111111111,declined
Liverpool,Liverpool_337500_394250,337500,394250,4.0,0.0,-0.0,2360000.0,1180000.0,1.0,2.0,0.0,-0.0,1793000.0,896500.0,2.0,-2.0,-50.0,0.0,0.0,-567000.0,-24.025423728813557,declined
Liverpool,Liverpool_337500_394750,337500,394750,1.0,,-0.0,8800.0,8800.0,0.0,1.0,0.0,-0.0,17000.0,17000.0,1.0,0.0,0.0,,0.0,8200.0,93.18181818181817,persistent
Liverpool,Liverpool_337500_395250,337500,395250,7.0,1.0,-0.0,46860.0,4500.0,1.0,7.0,0.0,-0.0,41605.0,4200.0,4.0,0.0,0.0,-100.0,0.0,-5255.0,-11.214255228339736,persistent
Liverpool,Liverpool_337500_396250,337500,396250,3.0,1.0,-0.0,8300.0,8300.0,1.0,2.0,,0.6931471805599453,15800.0,7900.0,0.0,-1.0,-33.33333333333333,,0.6931471805599453,7500.0,90.36144578313254,declined
Liverpool,Liverpool_337500_397250,337500,397250,16.0,0.0,0.2337916587064593,245050.0,3550.0,7.0,15.0,0.0,0.24493002679463532,286800.0,3250.0,8.0,-1.0,-6.25,0.0,0.011138368088176032,41750.0,17.03733931850643,declined
Liverpool,Liverpool_337750_386500,337750,386500,12.0,0.0,0.7214636866925115,57750.0,3650.0,5.0,11.0,0.0,0.7595473914748635,98850.0,7600.0,8.0,-1.0,-8.333333333333332,0.0,0.03808370478235201,41100.0,71.16883116883118,declined
Liverpool,Liverpool_337750_386750,337750,386750,14.0,0.14285714285714285,0.6559757323365467,56025.0,3150.0,7.0,13.0,0.0,0.4293230219306162,122500.0,8400.0,10.0,-1.0,-7.142857142857142,-14.285714285714285,-0.2266527104059305,66475.0,118.65238732708612,declined
Liverpool,Liverpool_337750_388750,337750,388750,11.0,0.0,0.47413931305783735,119000.0,12000.0,4.0,7.0,0.0,0.5982695885852573,110600.0,16625.0,5.0,-4.0,-36.36363636363637,0.0,0.1241302755274199,-8400.0,-7.0588235294117645,declined
Liverpool,Liverpool_337750_389000,337750,389000,7.0,0.0,0.9556998911125343,146550.0,9150.0,3.0,4.0,0.0,1.0397207708399179,185400.0,19500.0,3.0,-3.0,-42.857142857142854,0.0,0.08402087972738359,38850.0,26.509723643807575,declined
Liverpool,Liverpool_337750_389250,337750,389250,56.0,0.0,0.2677539868376054,163255.0,2675.0,20.0,49.0,0.03125,0.36761404503339634,286400.0,4950.0,32.0,-7.0,-12.5,3.125,0.09986005819579097,123145.0,75.4310740865517,declined
Liverpool,Liverpool_337750_389500,337750,389500,4.0,0.0,-0.0,11125.0,4150.0,1.0,3.0,0.0,-0.0,15750.0,5500.0,3.0,-1.0,-25.0,0.0,0.0,4625.0,41.57303370786517,declined
Liverpool,Liverpool_337750_389750,337750,389750,13.0,0.0,0.5359610497090694,17875.0,2037.5,1.0,6.0,0.0,0.45056120886630463,34250.0,4575.0,5.0,-7.0,-53.84615384615385,0.0,-0.08539984084276481,16375.0,91.6083916083916,declined
Liverpool,Liverpool_337750_390500,337750,390500,2.0,,-0.0,24500.0,12250.0,0.0,3.0,0.0,-0.0,106500.0,17500.0,3.0,1.0,50.0,,0.0,82000.0,334.6938775510204,intensified
Liverpool,Liverpool_337750_391000,337750,391000,22.0,0.3333333333333333,0.9075352941050092,167000.0,4100.0,3.0,15.0,0.0,0.8608513906312316,217250.0,5300.0,11.0,-7.0,-31.818181818181817,-33.33333333333333,-0.0466839034737776,50250.0,30.08982035928144,declined
Liverpool,Liverpool_337750_392250,337750,392250,22.0,0.0,0.5763820666248933,127625.0,4525.0,6.0,21.0,0.0,0.7751292747786217,121850.0,4850.0,11.0,-1.0,-4.545454545454546,0.0,0.19874720815372837,-5775.0,-4.524975514201763,declined
Liverpool,Liverpool_337750_392500,337750,392500,1.0,,-0.0,6500.0,6500.0,0.0,1.0,,-0.0,3250.0,3250.0,0.0,0.0,0.0,,0.0,-3250.0,-50.0,persistent
Liverpool,Liverpool_337750_393250,337750,393250,12.0,0.0,-0.0,63625.0,3050.0,2.0,12.0,0.16666666666666666,0.2868359830561607,58075.0,4450.0,6.0,0.0,0.0,16.666666666666664,0.2868359830561607,-5550.0,-8.722986247544204,persistent
Liverpool,Liverpool_337750_393500,337750,393500,7.0,0.0,-0.0,29400.0,2225.0,1.0,7.0,0.0,0.410116318288409,42650.0,3650.0,7.0,0.0,0.0,0.0,0.410116318288409,13250.0,45.06802721088435,persistent
Liverpool,Liverpool_337750_393750,337750,393750,5.0,0.0,0.6730116670092565,101600.0,10500.0,1.0,3.0,0.0,1.0986122886681096,113400.0,11000.0,1.0,-2.0,-40.0,0.0,0.42560062165885304,11800.0,11.614173228346457,declined
Liverpool,Liverpool_337750_394250,337750,394250,1.0,,-0.0,2400.0,2400.0,0.0,2.0,,0.6931471805599453,93500.0,46750.0,0.0,1.0,100.0,,0.6931471805599453,91100.0,3795.8333333333335,intensified
Liverpool,Liverpool_337750_395000,337750,395000,9.0,0.0,0.34883209584303193,46875.0,5250.0,4.0,8.0,0.0,0.37677016125643675,52050.0,5850.0,7.0,-1.0,-11.11111111111111,0.0,0.027938065413404822,5175.0,11.04,declined
Liverpool,Liverpool_337750_395250,337750,395250,4.0,0.0,-0.0,4150.0,4150.0,1.0,1.0,0.0,-0.0,6800.0,6800.0,1.0,-3.0,-75.0,0.0,0.0,2650.0,63.85542168674698,declined
Liverpool,Liverpool_337750_395500,337750,395500,1.0,0.0,-0.0,1950.0,1950.0,1.0,1.0,1.0,-0.0,2550.0,2550.0,1.0,0.0,0.0,100.0,0.0,600.0,30.76923076923077,persistent
Liverpool,Liverpool_337750_397250,337750,397250,12.0,0.16666666666666666,0.7214636866925115,84600.0,5225.0,6.0,12.0,0.0,0.7214636866925115,345550.0,4800.0,10.0,0.0,0.0,-16.666666666666664,0.0,260950.0,308.451536643026,persistent
Liverpool,Liverpool_338000_385500,338000,385500,2.0,0.0,0.6931471805599453,123000.0,61500.0,1.0,2.0,0.0,-0.0,99700.0,49850.0,2.0,0.0,0.0,0.0,-0.6931471805599453,-23300.0,-18.943089430894307,persistent
Liverpool,Liverpool_338000_386250,338000,386250,10.0,0.25,-0.0,36300.0,3750.0,4.0,10.0,0.125,-0.0,76750.0,7800.0,8.0,0.0,0.0,-12.5,0.0,40450.0,111.43250688705236,persistent
Liverpool,Liverpool_338000_386500,338000,386500,15.0,0.0,-0.0,49300.0,3650.0,7.0,14.0,0.0,-0.0,98500.0,7300.0,8.0,-1.0,-6.666666666666667,0.0,0.0,49200.0,99.79716024340772,declined
Liverpool,Liverpool_338000_386750,338000,386750,6.0,0.0,-0.0,19795.0,3525.0,1.0,7.0,0.0,0.410116318288409,44540.0,6100.0,4.0,1.0,16.666666666666664,0.0,0.410116318288409,24745.0,125.00631472594091,intensified
Liverpool,Liverpool_338000_387000,338000,387000,1.0,,-0.0,23750.0,23750.0,0.0,2.0,,-0.0,44250.0,44250.0,0.0,1.0,100.0,,0.0,20500.0,86.31578947368422,intensified
Liverpool,Liverpool_338000_388500,338000,388500,74.0,0.04,0.3634075907839065,2311050.0,5050.0,25.0,69.0,0.0,0.4090409765542713,2091150.0,7250.0,50.0,-5.0,-6.756756756756757,-4.0,0.0456333857703648,-219900.0,-9.515155448821965,declined
Liverpool,Liverpool_338000_389000,338000,389000,6.0,0.0,0.45056120886630463,14950.0,4225.0,1.0,5.0,0.0,-0.0,34450.0,8100.0,4.0,-1.0,-16.666666666666664,0.0,-0.45056120886630463,19500.0,130.43478260869566,declined
Liverpool,Liverpool_338000_389250,338000,389250,8.0,0.0,0.37677016125643675,27975.0,2950.0,2.0,6.0,0.0,-0.0,51250.0,5750.0,4.0,-2.0,-25.0,0.0,-0.37677016125643675,23275.0,83.19928507596069,declined
Liverpool,Liverpool_338000_389500,338000,389500,9.0,0.2,0.8486855577264172,31100.0,2000.0,5.0,7.0,0.0,0.7963116401738131,32200.0,4150.0,7.0,-2.0,-22.22222222222222,-20.0,-0.05237391755260412,1100.0,3.536977491961415,declined
Liverpool,Liverpool_338000_389750,338000,389750,6.0,0.5,0.45056120886630463,11200.0,2800.0,2.0,3.0,0.5,0.6365141682948128,19100.0,4350.0,2.0,-3.0,-50.0,0.0,0.18595295942850815,7900.0,70.53571428571429,declined
Liverpool,Liverpool_338000_390250,338000,390250,2.0,,0.6931471805599453,14500.0,14500.0,0.0,1.0,0.0,-0.0,21000.0,21000.0,1.0,-1.0,-50.0,,-0.6931471805599453,6500.0,44.827586206896555,declined
Liverpool,Liverpool_338000_390500,338000,390500,5.0,,0.5004024235381879,3450.0,3450.0,0.0,2.0,,0.6931471805599453,467100.0,233550.0,0.0,-3.0,-60.0,,0.19274475702175742,463650.0,13439.13043478261,declined
Liverpool,Liverpool_338000_390750,338000,390750,4.0,1.0,1.0397207708399179,92750.0,22725.0,1.0,4.0,0.25,1.0397207708399179,11500.0,5750.0,4.0,0.0,0.0,-75.0,0.0,-81250.0,-87.6010781671159,persistent
Liverpool,Liverpool_338000_391000,338000,391000,3.0,0.0,-0.0,9025.0,2750.0,2.0,3.0,0.0,-0.0,13750.0,4200.0,3.0,0.0,0.0,0.0,0.0,4725.0,52.35457063711911,persistent
Liverpool,Liverpool_338000_392250,338000,392250,56.0,0.0,0.24299873038903588,454200.0,7050.0,14.0,48.0,0.0,0.5031956943448558,356400.0,6150.0,31.0,-8.0,-14.285714285714285,0.0,0.2601969639558199,-97800.0,-21.532364597093792,declined
Liverpool,Liverpool_338000_392500,338000,392500,8.0,0.0,-0.0,10400.0,2100.0,2.0,5.0,0.0,-0.0,18700.0,3800.0,3.0,-3.0,-37.5,0.0,0.0,8300.0,79.8076923076923,declined
Liverpool,Liverpool_338000_392750,338000,392750,2.0,0.0,-0.0,4350.0,2175.0,1.0,1.0,0.0,-0.0,4850.0,4850.0,1.0,-1.0,-50.0,0.0,0.0,500.0,11.494252873563218,declined
Liverpool,Liverpool_338000_393000,338000,393000,9.0,0.0,-0.0,12225.0,1250.0,4.0,7.0,0.16666666666666666,-0.0,22775.0,2250.0,6.0,-2.0,-22.22222222222222,16.666666666666664,0.0,10550.0,86.29856850715747,declined
Liverpool,Liverpool_338000_393250,338000,393250,11.0,0.0,0.30463609734923813,87125.0,1600.0,6.0,11.0,0.0,0.30463609734923813,104525.0,3150.0,10.0,0.0,0.0,0.0,0.0,17400.0,19.971305595408893,persistent
Liverpool,Liverpool_338000_394000,338000,394000,4.0,0.0,1.0397207708399179,47050.0,9750.0,1.0,4.0,0.0,1.0397207708399179,29800.0,6800.0,2.0,0.0,0.0,0.0,0.0,-17250.0,-36.66312433581297,persistent
Liverpool,Liverpool_338000_394250,338000,394250,6.0,,0.45056120886630463,34800.0,7800.0,0.0,4.0,0.0,0.6931471805599453,37850.0,9275.0,2.0,-2.0,-33.33333333333333,,0.24258597169364066,3050.0,8.764367816091955,declined
Liverpool,Liverpool_338000_395250,338000,395250,2.0,0.0,-0.0,76500.0,38250.0,1.0,2.0,0.0,0.6931471805599453,57900.0,28950.0,1.0,0.0,0.0,0.0,0.6931471805599453,-18600.0,-24.313725490196077,persistent
Liverpool,Liverpool_338250_386000,338250,386000,9.0,0.0,0.34883209584303193,31035.0,3350.0,2.0,7.0,0.0,0.410116318288409,84675.0,10000.0,4.0,-2.0,-22.22222222222222,0.0,0.06128422244537707,53640.0,172.83711938134365,declined
Liverpool,Liverpool_338250_388250,338250,388250,9.0,0.0,-0.0,25900.0,2950.0,5.0,9.0,0.0,0.34883209584303193,62850.0,5700.0,6.0,0.0,0.0,0.0,0.34883209584303193,36950.0,142.66409266409266,persistent
Liverpool,Liverpool_338250_388500,338250,388500,28.0,0.0,0.3068291534409705,159050.0,5900.0,5.0,25.0,0.0,0.5505734282909343,274150.0,9300.0,22.0,-3.0,-10.714285714285714,0.0,0.24374427484996375,115100.0,72.36718013203395,declined
Liverpool,Liverpool_338250_389000,338250,389000,8.0,0.0,0.5623351446188083,2050.0,2050.0,1.0,1.0,0.0,-0.0,3750.0,3750.0,1.0,-7.0,-87.5,0.0,-0.5623351446188083,1700.0,82.92682926829268,declined
Liverpool,Liverpool_338250_389250,338250,389250,17.0,0.0,0.22371807606583377,57885.0,5600.0,3.0,13.0,0.14285714285714285,-0.0,71115.0,6400.0,7.0,-4.0,-23.52941176470588,14.285714285714285,-0.22371807606583377,13230.0,22.855662088623994,declined
Liverpool,Liverpool_338250_389500,338250,389500,36.0,0.14285714285714285,0.4113137785784551,131525.0,2800.0,14.0,33.0,0.045454545454545456,0.22863187358286127,207650.0,5400.0,22.0,-3.0,-8.333333333333332,-9.74025974025974,-0.1826819049955938,76125.0,57.87873027941456,declined
Liverpool,Liverpool_338250_390500,338250,390500,3.0,,0.6365141682948128,30700.0,15350.0,0.0,5.0,0.0,0.6730116670092565,685400.0,88500.0,1.0,2.0,66.66666666666666,,0.036497498714443743,654700.0,2132.57328990228,intensified
Liverpool,Liverpool_338250_390750,338250,390750,17.0,0.0,0.5783252866601273,177900.0,5250.0,3.0,13.0,0.0,-0.0,93750.0,5000.0,10.0,-4.0,-23.52941176470588,0.0,-0.5783252866601273,-84150.0,-47.30185497470489,declined
Liverpool,Liverpool_338250_392000,338250,392000,5.0,0.0,0.5004024235381879,19700.0,3100.0,2.0,6.0,0.0,0.45056120886630463,24875.0,3300.0,4.0,1.0,20.0,0.0,-0.04984121467188324,5175.0,26.269035532994923,intensified
Liverpool,Liverpool_338250_392250,338250,392250,25.0,0.0,0.44330669146808716,322550.0,7300.0,8.0,22.0,0.0,0.36764947740014225,363150.0,6100.0,11.0,-3.0,-12.0,0.0,-0.0756572140679449,40600.0,12.587195783599443,declined
Liverpool,Liverpool_338250_392500,338250,392500,10.0,0.0,0.3250829733914482,44950.0,2475.0,2.0,8.0,0.0,-0.0,23675.0,2825.0,7.0,-2.0,-20.0,0.0,-0.3250829733914482,-21275.0,-47.33036707452725,declined
Liverpool,Liverpool_338250_392750,338250,392750,8.0,0.0,-0.0,17450.0,2200.0,4.0,7.0,0.3333333333333333,-0.0,21775.0,2600.0,6.0,-1.0,-12.5,33.33333333333333,0.0,4325.0,24.785100286532952,declined
Liverpool,Liverpool_338250_393250,338250,393250,9.0,0.5,0.5297061990576545,46400.0,4950.0,4.0,8.0,0.0,0.37677016125643675,52000.0,6500.0,3.0,-1.0,-11.11111111111111,-50.0,-0.15293603780121773,5600.0,12.068965517241379,declined
Liverpool,Liverpool_338250_394000,338250,394000,41.0,0.15384615384615385,0.42112677087610795,774600.0,14625.0,13.0,35.0,0.07692307692307693,0.6860861245794843,613800.0,11000.0,26.0,-6.0,-14.634146341463413,-7.6923076923076925,0.2649593537033763,-160800.0,-20.75910147172734,declined
Liverpool,Liverpool_338250_394250,338250,394250,34.0,0.0,0.13269142083987176,544800.0,14500.0,13.0,30.0,0.0,0.3887343902209295,449000.0,12500.0,22.0,-4.0,-11.76470588235294,0.0,0.25604296938105775,-95800.0,-17.58443465491924,declined
Liverpool,Liverpool_338250_395500,338250,395500,22.0,0.0,-0.0,25100.0,3400.0,2.0,5.0,0.0,-0.0,25100.0,3400.0,2.0,-17.0,-77.27272727272727,0.0,0.0,0.0,0.0,declined
Liverpool,Liverpool_338250_397250,338250,397250,20.0,0.0,0.1985152433458726,143725.0,5450.0,4.0,21.0,0.0,0.3805062184775959,200775.0,6800.0,17.0,1.0,5.0,0.0,0.18199097513172333,57050.0,39.69385980170465,intensified
Liverpool,Liverpool_338500_385750,338500,385750,10.0,0.0,-0.0,34950.0,4775.0,1.0,8.0,0.0,-0.0,68800.0,9100.0,6.0,-2.0,-20.0,0.0,0.0,33850.0,96.85264663805437,declined
Liverpool,Liverpool_338500_388250,338500,388250,27.0,0.0,0.3153962874226617,213850.0,5600.0,6.0,24.0,0.0,0.1732052067491771,328950.0,8250.0,15.0,-3.0,-11.11111111111111,0.0,-0.14219108067348457,115100.0,53.82277297170914,declined
Liverpool,Liverpool_338500_388500,338500,388500,21.0,0.0,0.410116318288409,236825.0,4225.0,6.0,20.0,0.0,0.5004024235381879,293600.0,7700.0,14.0,-1.0,-4.761904761904762,0.0,0.09028610524977887,56775.0,23.973398078750133,declined
Liverpool,Liverpool_338500_389500,338500,389500,32.0,0.0,0.37080235808948786,208800.0,3900.0,9.0,29.0,0.0,0.47875333041028967,249350.0,6000.0,17.0,-3.0,-9.375,0.0,0.10795097232080181,40550.0,19.42049808429119,declined
Liverpool,Liverpool_338500_390000,338500,390000,8.0,0.0,0.5623351446188083,32775.0,3350.0,3.0,6.0,0.0,0.45056120886630463,43875.0,5650.0,3.0,-2.0,-25.0,0.0,-0.11177393575250366,11100.0,33.86727688787185,declined
Liverpool,Liverpool_338500_390500,338500,390500,9.0,0.0,1.0608569471580214,259950.0,68125.0,1.0,29.0,0.0,0.545969299888879,3892750.0,150000.0,23.0,20.0,222.22222222222223,0.0,-0.5148876472691424,3632800.0,1397.499519138296,intensified
Liverpool,Liverpool_338500_390750,338500,390750,6.0,,-0.0,285000.0,285000.0,0.0,2.0,0.0,0.6931471805599453,327500.0,163750.0,2.0,-4.0,-66.66666666666666,,0.6931471805599453,42500.0,14.912280701754385,declined
Liverpool,Liverpool_338500_391000,338500,391000,6.0,,0.45056120886630463,26125.0,3675.0,0.0,0.0,,,,,,-6.0,-100.0,,,,,disappeared
Liverpool,Liverpool_338500_391250,338500,391250,71.0,0.0,0.1478439782073591,139800.0,2375.0,31.0,56.0,0.2571428571428571,0.15407610367102942,203875.0,3100.0,35.0,-15.0,-21.12676056338028,25.71428571428571,0.006232125463670329,64075.0,45.83333333333333,declined
Liverpool,Liverpool_338500_391750,338500,391750,13.0,0.0,0.2711893730418441,85900.0,3350.0,8.0,14.0,0.0,0.410116318288409,143650.0,3725.0,8.0,1.0,7.6923076923076925,0.0,0.1389269452465649,57750.0,67.22933643771827,intensified
Liverpool,Liverpool_338500_392000,338500,392000,5.0,0.0,-0.0,10950.0,3400.0,1.0,3.0,,-0.0,3250.0,3250.0,0.0,-2.0,-40.0,,0.0,-7700.0,-70.31963470319634,declined
Liverpool,Liverpool_338500_393250,338500,393250,15.0,0.0,-0.0,70500.0,4750.0,6.0,13.0,0.0,-0.0,88000.0,5900.0,12.0,-2.0,-13.333333333333334,0.0,0.0,17500.0,24.822695035460992,declined
Liverpool,Liverpool_338500_394000,338500,394000,52.0,0.16666666666666666,0.09503011725564635,243250.0,23750.0,6.0,9.0,0.0,0.34883209584303193,160550.0,14000.0,6.0,-43.0,-82.6923076923077,-16.666666666666664,0.25380197858738557,-82700.0,-33.997944501541625,declined
Liverpool,Liverpool_338500_394250,338500,394250,12.0,0.0,0.5660857389596289,417250.0,24750.0,6.0,7.0,0.0,0.7963116401738131,474750.0,22750.0,6.0,-5.0,-41.66666666666667,0.0,0.23022590121418418,57500.0,13.780707010185738,declined
Liverpool,Liverpool_338750_385500,338750,385500,1.0,,-0.0,5500.0,5500.0,0.0,1.0,0.0,-0.0,7100.0,7100.0,1.0,0.0,0.0,,0.0,1600.0,29.09090909090909,persistent
Liverpool,Liverpool_338750_388000,338750,388000,18.0,0.16666666666666666,0.34883209584303193,79000.0,2650.0,6.0,15.0,0.07692307692307693,0.24493002679463532,208100.0,8900.0,13.0,-3.0,-16.666666666666664,-8.974358974358973,-0.1039020690483966,129100.0,163.41772151898735,declined
Liverpool,Liverpool_338750_388250,338750,388250,24.0,0.0,0.2868359830561607,177550.0,4675.0,11.0,24.0,0.05263157894736842,0.2868359830561607,183900.0,5700.0,19.0,0.0,0.0,5.263157894736842,0.0,6350.0,3.576457335961701,persistent
Liverpool,Liverpool_338750_388500,338750,388500,9.0,0.0,0.34883209584303193,103150.0,6400.0,5.0,9.0,0.0,0.5297061990576545,120250.0,7600.0,7.0,0.0,0.0,0.0,0.18087410321462255,17100.0,16.577799321376634,persistent
Liverpool,Liverpool_338750_389500,338750,389500,38.0,0.0,0.5879259686124404,211050.0,4125.0,9.0,29.0,0.0,0.4967963698504464,238700.0,6900.0,18.0,-9.0,-23.684210526315788,0.0,-0.091129598761994,27650.0,13.101160862354892,declined
Liverpool,Liverpool_338750_390250,338750,390250,15.0,0.0,-0.0,6750.0,1512.5,2.0,4.0,0.0,-0.0,9000.0,2012.5,2.0,-11.0,-73.33333333333333,0.0,0.0,2250.0,33.33333333333333,declined
Liverpool,Liverpool_338750_390500,338750,390500,7.0,0.0,0.410116318288409,7750.0,2900.0,3.0,3.0,0.3333333333333333,-0.0,10350.0,3850.0,3.0,-4.0,-57.14285714285714,33.33333333333333,-0.410116318288409,2600.0,33.5483870967742,declined
Liverpool,Liverpool_338750_390750,338750,390750,1.0,,-0.0,82500.0,82500.0,0.0,1.0,0.0,-0.0,91000.0,91000.0,1.0,0.0,0.0,,0.0,8500.0,10.303030303030303,persistent
Liverpool,Liverpool_338750_391000,338750,391000,1.0,,-0.0,1025.0,1025.0,0.0,1.0,0.0,-0.0,1675.0,1675.0,1.0,0.0,0.0,,0.0,650.0,63.41463414634146,persistent
Liverpool,Liverpool_338750_391250,338750,391250,40.0,0.0,0.1985152433458726,127525.0,2700.0,8.0,30.0,0.041666666666666664,0.24493002679463532,182250.0,5100.0,24.0,-10.0,-25.0,4.166666666666666,0.046414783448762736,54725.0,42.91315428347383,declined
Liverpool,Liverpool_338750_391500,338750,391500,18.0,0.0,1.161591334329453,121575.0,6100.0,7.0,16.0,0.08333333333333333,0.8314025204956377,93150.0,6175.0,12.0,-2.0,-11.11111111111111,8.333333333333332,-0.3301888138338154,-28425.0,-23.38062924120913,declined
Liverpool,Liverpool_338750_392000,338750,392000,2.0,,-0.0,2375.0,2375.0,0.0,1.0,0.0,-0.0,3850.0,3850.0,1.0,-1.0,-50.0,,0.0,1475.0,62.10526315789474,declined
Liverpool,Liverpool_338750_393250,338750,393250,8.0,0.0,-0.0,25550.0,2475.0,4.0,8.0,0.0,-0.0,55300.0,5325.0,8.0,0.0,0.0,0.0,0.0,29750.0,116.43835616438356,persistent
Liverpool,Liverpool_338750_394750,338750,394750,3.0,0.0,-0.0,12100.0,3700.0,1.0,3.0,0.0,-0.0,13150.0,3950.0,3.0,0.0,0.0,0.0,0.0,1050.0,8.677685950413224,persistent
Liverpool,Liverpool_338750_395750,338750,395750,1.0,,-0.0,2475.0,2475.0,0.0,1.0,1.0,-0.0,3950.0,3950.0,1.0,0.0,0.0,,0.0,1475.0,59.59595959595959,persistent
Liverpool,Liverpool_338750_397250,338750,397250,8.0,0.0,-0.0,37500.0,4675.0,3.0,8.0,0.0,0.37677016125643675,45500.0,5650.0,6.0,0.0,0.0,0.0,0.37677016125643675,8000.0,21.333333333333336,persistent
Liverpool,Liverpool_339000_385500,339000,385500,13.0,0.0,0.8587409130062867,184850.0,4875.0,2.0,13.0,0.0,0.7902679680745903,169400.0,5650.0,9.0,0.0,0.0,0.0,-0.06847294493169642,-15450.0,-8.358128212063836,persistent
Liverpool,Liverpool_339000_385750,339000,385750,1.0,,-0.0,15750.0,15750.0,0.0,1.0,,-0.0,15750.0,15750.0,0.0,0.0,0.0,,0.0,0.0,0.0,persistent
Liverpool,Liverpool_339000_387250,339000,387250,17.0,0.0,0.22371807606583377,71700.0,4150.0,7.0,15.0,0.125,0.24493002679463532,171900.0,9800.0,8.0,-2.0,-11.76470588235294,12.5,0.021211950728801554,100200.0,139.7489539748954,declined
Liverpool,Liverpool_339000_388250,339000,388250,38.0,0.0625,0.27619092240707505,396625.0,8250.0,16.0,39.0,0.0625,0.3883560302800616,583025.0,12500.0,32.0,1.0,2.631578947368421,0.0,0.11216510787298656,186400.0,46.99653324929089,intensified
Liverpool,Liverpool_339000_388500,339000,388500,16.0,0.0,0.48257756517701206,384500.0,31500.0,2.0,8.0,0.0,0.6931471805599453,387000.0,30250.0,8.0,-8.0,-50.0,0.0,0.21056961538293323,2500.0,0.6501950585175552,declined
Liverpool,Liverpool_339000_389250,339000,389250,28.0,0.0,0.9255162785403126,203675.0,4900.0,11.0,25.0,0.0,0.9286244108693272,215600.0,6100.0,17.0,-3.0,-10.714285714285714,0.0,0.0031081323290146345,11925.0,5.854915919970542,declined
Liverpool,Liverpool_339000_389500,339000,389500,1.0,,-0.0,8300.0,8300.0,0.0,1.0,0.0,-0.0,9000.0,9000.0,1.0,0.0,0.0,,0.0,700.0,8.433734939759036,persistent
Liverpool,Liverpool_339000_390250,339000,390250,3.0,0.0,0.6365141682948128,4650.0,2325.0,1.0,2.0,,-0.0,6425.0,3212.5,0.0,-1.0,-33.33333333333333,,-0.6365141682948128,1775.0,38.17204301075269,declined
Liverpool,Liverpool_339000_390500,339000,390500,4.0,,0.5623351446188083,606000.0,210000.0,0.0,6.0,0.0,0.45056120886630463,1163250.0,157500.0,4.0,2.0,50.0,,-0.11177393575250366,557250.0,91.95544554455446,intensified
Liverpool,Liverpool_339000_390750,339000,390750,2.0,0.0,-0.0,46000.0,46000.0,1.0,1.0,0.0,-0.0,14250.0,14250.0,1.0,-1.0,-50.0,0.0,0.0,-31750.0,-69.02173913043478,declined
Liverpool,Liverpool_339000_391000,339000,391000,8.0,0.5,0.5623351446188083,1560850.0,4650.0,2.0,10.0,0.0,0.8018185525433372,1340750.0,4650.0,5.0,2.0,25.0,-50.0,0.23948340792452893,-220100.0,-14.101290963257199,intensified
Liverpool,Liverpool_339000_391250,339000,391250,43.0,0.13333333333333333,0.2530369754479396,188675.0,3600.0,15.0,37.0,0.0,0.4033344965794089,201150.0,4300.0,21.0,-6.0,-13.953488372093023,-13.333333333333334,0.15029752113146927,12475.0,6.611898767722274,declined
Liverpool,Liverpool_339000_391500,339000,391500,6.0,0.0,0.6931471805599453,33200.0,4875.0,3.0,5.0,0.0,1.0549201679861442,32000.0,6500.0,4.0,-1.0,-16.666666666666664,0.0,0.3617729874261989,-1200.0,-3.614457831325301,declined
Liverpool,Liverpool_339000_392250,339000,392250,2.0,0.0,-0.0,10550.0,5275.0,1.0,2.0,0.0,-0.0,15450.0,7725.0,2.0,0.0,0.0,0.0,0.0,4900.0,46.44549763033176,persistent
Liverpool,Liverpool_339000_392500,339000,392500,2.0,0.0,-0.0,410000.0,205000.0,1.0,2.0,0.0,-0.0,347000.0,173500.0,2.0,0.0,0.0,0.0,0.0,-63000.0,-15.365853658536585,persistent
Liverpool,Liverpool_339000_393250,339000,393250,4.0,0.0,-0.0,18500.0,4775.0,2.0,4.0,0.0,-0.0,22150.0,5700.0,3.0,0.0,0.0,0.0,0.0,3650.0,19.72972972972973,persistent
Liverpool,Liverpool_339000_393500,339000,393500,3.0,0.0,-0.0,23450.0,11725.0,1.0,2.0,0.0,-0.0,22750.0,11375.0,2.0,-1.0,-33.33333333333333,0.0,0.0,-700.0,-2.9850746268656714,declined
Liverpool,Liverpool_339000_394500,339000,394500,1.0,0.0,-0.0,11250.0,11250.0,1.0,1.0,0.0,-0.0,44750.0,44750.0,1.0,0.0,0.0,0.0,0.0,33500.0,297.77777777777777,persistent
Liverpool,Liverpool_339000_394750,339000,394750,28.0,0.0,0.15407610367102942,87350.0,3450.0,6.0,20.0,0.0,-0.0,110050.0,4400.0,13.0,-8.0,-28.57142857142857,0.0,-0.15407610367102942,22700.0,25.987406983400113,declined
Liverpool,Liverpool_339000_395750,339000,395750,3.0,,0.6365141682948128,44500.0,14750.0,0.0,4.0,0.0,-0.0,40250.0,8800.0,4.0,1.0,33.33333333333333,,-0.6365141682948128,-4250.0,-9.550561797752808,intensified
Liverpool,Liverpool_339250_384500,339250,384500,1.0,0.0,-0.0,2500.0,2500.0,1.0,1.0,0.0,-0.0,,,1.0,0.0,0.0,0.0,0.0,,,persistent
Liverpool,Liverpool_339250_385000,339250,385000,14.0,0.0,-0.0,63325.0,4325.0,4.0,14.0,0.0,-0.0,73725.0,5075.0,12.0,0.0,0.0,0.0,0.0,10400.0,16.42321358073431,persistent
Liverpool,Liverpool_339250_386000,339250,386000,15.0,0.2,-0.0,92850.0,5900.0,5.0,14.0,0.08333333333333333,0.25731864054383163,202550.0,11500.0,12.0,-1.0,-6.666666666666667,-11.666666666666668,0.25731864054383163,109700.0,118.14754981152396,declined
Liverpool,Liverpool_339250_387250,339250,387250,32.0,0.0,0.5818786450459387,223800.0,5600.0,13.0,24.0,0.0,0.7097131024243333,287100.0,9550.0,13.0,-8.0,-25.0,0.0,0.1278344573783946,63300.0,28.28418230563003,declined
Liverpool,Liverpool_339250_387500,339250,387500,1.0,0.0,-0.0,6700.0,6700.0,1.0,1.0,0.0,-0.0,9500.0,9500.0,1.0,0.0,0.0,0.0,0.0,2800.0,41.7910447761194,persistent
Liverpool,Liverpool_339250_387750,339250,387750,8.0,0.5,-0.0,23400.0,2775.0,2.0,8.0,0.0,-0.0,53400.0,6150.0,6.0,0.0,0.0,-50.0,0.0,30000.0,128.2051282051282,persistent
Liverpool,Liverpool_339250_388250,339250,388250,66.0,0.16666666666666666,0.439561090571321,1154400.0,16750.0,24.0,61.0,0.047619047619047616,0.4850373357531344,1344100.0,19125.0,42.0,-5.0,-7.575757575757576,-11.904761904761903,0.045476245181813424,189700.0,16.432778932778934,declined
Liverpool,Liverpool_339250_389250,339250,389250,2.0,,-0.0,86000.0,86000.0,0.0,1.0,,-0.0,205000.0,205000.0,0.0,-1.0,-50.0,,0.0,119000.0,138.37209302325581,declined
Liverpool,Liverpool_339250_390250,339250,390250,20.0,0.0,0.3250829733914482,57525.0,2850.0,4.0,15.0,0.0,0.24493002679463532,47475.0,2950.0,10.0,-5.0,-25.0,0.0,-0.08015294659681288,-10050.0,-17.470664928292045,declined
Liverpool,Liverpool_339250_390500,339250,390500,1.0,0.0,-0.0,123000.0,123000.0,1.0,1.0,0.0,-0.0,131000.0,131000.0,1.0,0.0,0.0,0.0,0.0,8000.0,6.504065040650407,persistent
Liverpool,Liverpool_339250_390750,339250,390750,2.0,,0.6931471805599453,130000.0,65000.0,0.0,1.0,,-0.0,3500.0,3500.0,0.0,-1.0,-50.0,,-0.6931471805599453,-126500.0,-97.3076923076923,declined
Liverpool,Liverpool_339250_391000,339250,391000,55.0,0.0,0.5028037247019579,939875.0,6550.0,28.0,53.0,0.0,0.4954863701432752,817900.0,6500.0,41.0,-2.0,-3.6363636363636362,0.0,-0.007317354558682709,-121975.0,-12.977789599680808,declined
Liverpool,Liverpool_339250_391250,339250,391250,21.0,0.0,0.6849547610531581,124250.0,2950.0,7.0,19.0,0.0,0.5366645624845252,102175.0,3400.0,15.0,-2.0,-9.523809523809524,0.0,-0.1482901985686329,-22075.0,-17.766599597585515,declined
Liverpool,Liverpool_339250_391500,339250,391500,26.0,0.0,0.16302362949436594,94500.0,3700.0,9.0,24.0,0.0,-0.0,123250.0,4675.0,15.0,-2.0,-7.6923076923076925,0.0,-0.16302362949436594,28750.0,30.423280423280424,declined
Liverpool,Liverpool_339250_391750,339250,391750,13.0,0.0,-0.0,58750.0,4300.0,5.0,12.0,0.0,-0.0,67300.0,4875.0,8.0,-1.0,-7.6923076923076925,0.0,0.0,8550.0,14.553191489361703,declined
Liverpool,Liverpool_339250_392000,339250,392000,11.0,0.0,0.5859526183035508,182200.0,4300.0,1.0,10.0,0.0,0.5004024235381879,183750.0,7900.0,4.0,-1.0,-9.090909090909092,0.0,-0.08555019476536296,1550.0,0.8507135016465421,declined
Liverpool,Liverpool_339250_392500,339250,392500,1.0,,-0.0,3150.0,3150.0,0.0,2.0,0.0,-0.0,7600.0,7600.0,1.0,1.0,100.0,,0.0,4450.0,141.26984126984127,intensified
Liverpool,Liverpool_339250_393250,339250,393250,3.0,0.0,-0.0,3850.0,1925.0,1.0,1.0,0.0,-0.0,4800.0,4800.0,1.0,-2.0,-66.66666666666666,0.0,0.0,950.0,24.675324675324674,declined
Liverpool,Liverpool_339250_393500,339250,393500,7.0,0.0,0.410116318288409,60650.0,5200.0,3.0,7.0,0.0,0.7963116401738131,77750.0,6800.0,3.0,0.0,0.0,0.0,0.38619532188540406,17100.0,28.194558944765046,persistent
Liverpool,Liverpool_339250_393750,339250,393750,29.0,0.0,0.2987580581893401,151925.0,5500.0,10.0,28.0,0.045454545454545456,0.45820823797145316,201850.0,7250.0,22.0,-1.0,-3.4482758620689653,4.545454545454546,0.15945017978211307,49925.0,32.86160934671713,declined
Liverpool,Liverpool_339250_395000,339250,395000,2.0,0.0,-0.0,24350.0,12175.0,1.0,2.0,0.0,-0.0,22600.0,11300.0,2.0,0.0,0.0,0.0,0.0,-1750.0,-7.186858316221765,persistent
Liverpool,Liverpool_339250_396000,339250,396000,1.0,,-0.0,70500.0,70500.0,0.0,1.0,0.0,-0.0,102000.0,102000.0,1.0,0.0,0.0,,0.0,31500.0,44.680851063829785,persistent
Liverpool,Liverpool_339500_384750,339500,384750,9.0,0.2,-0.0,31400.0,3350.0,5.0,8.0,0.0,-0.0,37200.0,3975.0,5.0,-1.0,-11.11111111111111,-20.0,0.0,5800.0,18.471337579617835,declined
Liverpool,Liverpool_339500_385000,339500,385000,12.0,0.14285714285714285,0.2868359830561607,45400.0,3750.0,7.0,13.0,0.0,0.5359610497090694,319850.0,4000.0,6.0,1.0,8.333333333333332,-14.285714285714285,0.24912506665290873,274450.0,604.5154185022026,intensified
Liverpool,Liverpool_339500_385250,339500,385250,10.0,0.0,-0.0,42800.0,3300.0,2.0,9.0,0.0,-0.0,50600.0,4350.0,5.0,-1.0,-10.0,0.0,0.0,7800.0,18.22429906542056,declined
Liverpool,Liverpool_339500_386000,339500,386000,1.0,0.0,-0.0,1925.0,1925.0,1.0,1.0,1.0,-0.0,3200.0,3200.0,1.0,0.0,0.0,100.0,0.0,1275.0,66.23376623376623,persistent
Liverpool,Liverpool_339500_386250,339500,386250,12.0,0.25,0.2868359830561607,90650.0,7300.0,4.0,12.0,0.0,0.5660857389596289,149800.0,12750.0,7.0,0.0,0.0,-25.0,0.2792497559034682,59150.0,65.25096525096525,persistent
Liverpool,Liverpool_339500_387500,339500,387500,5.0,0.0,-0.0,20650.0,4000.0,3.0,5.0,0.0,-0.0,28950.0,5600.0,4.0,0.0,0.0,0.0,0.0,8300.0,40.19370460048426,persistent
Liverpool,Liverpool_339500_387750,339500,387750,9.0,0.3333333333333333,0.5297061990576545,283500.0,26000.0,3.0,10.0,0.0,0.8018185525433372,270250.0,23000.0,6.0,1.0,11.11111111111111,-33.33333333333333,0.27211235348568275,-13250.0,-4.673721340388007,intensified
Liverpool,Liverpool_339500_388000,339500,388000,68.0,0.041666666666666664,0.4437572842601484,1227390.0,14625.0,24.0,67.0,0.0,0.5788631937693486,1606255.0,21000.0,49.0,-1.0,-1.4705882352941175,-4.166666666666666,0.1351059095092002,378865.0,30.867531917320495,declined
Liverpool,Liverpool_339500_388750,339500,388750,19.0,0.0,-0.0,103750.0,7050.0,4.0,13.0,0.0,0.2711893730418441,216400.0,13250.0,10.0,-6.0,-31.57894736842105,0.0,0.2711893730418441,112650.0,108.57831325301204,declined
Liverpool,Liverpool_339500_389000,339500,389000,1.0,,-0.0,2900.0,2900.0,0.0,1.0,0.0,-0.0,3950.0,3950.0,1.0,0.0,0.0,,0.0,1050.0,36.206896551724135,persistent
Liverpool,Liverpool_339500_390000,339500,390000,7.0,0.0,-0.0,20050.0,3450.0,2.0,5.0,0.0,-0.0,40100.0,6900.0,2.0,-2.0,-28.57142857142857,0.0,0.0,20050.0,100.0,declined
Liverpool,Liverpool_339500_390750,339500,390750,2.0,0.0,-0.0,6650.0,3325.0,1.0,2.0,0.0,-0.0,7400.0,3700.0,1.0,0.0,0.0,0.0,0.0,750.0,11.278195488721805,persistent
Liverpool,Liverpool_339500_391000,339500,391000,57.0,0.1,0.49845089878901444,1441505.0,23000.0,20.0,52.0,0.02857142857142857,0.6710010400178298,994675.0,15750.0,35.0,-5.0,-8.771929824561402,-7.142857142857144,0.17255014122881535,-446830.0,-30.997464455551665,declined
Liverpool,Liverpool_339500_391250,339500,391250,19.0,0.0,-0.0,437700.0,17500.0,6.0,13.0,0.0,0.6870920273799715,317600.0,10250.0,7.0,-6.0,-31.57894736842105,0.0,0.6870920273799715,-120100.0,-27.43888508110578,declined
Liverpool,Liverpool_339500_392750,339500,392750,11.0,0.0,0.47413931305783735,44300.0,5100.0,2.0,6.0,0.0,0.8675632284814612,53750.0,8400.0,4.0,-5.0,-45.45454545454545,0.0,0.3934239154236238,9450.0,21.33182844243792,declined
Liverpool,Liverpool_339500_393000,339500,393000,24.0,0.0,0.8823830530748153,349075.0,6900.0,15.0,20.0,0.0,0.9989315046035592,346300.0,8250.0,14.0,-4.0,-16.666666666666664,0.0,0.11654845152874382,-2775.0,-0.794958103559407,declined
Liverpool,Liverpool_339500_393250,339500,393250,23.0,0.0,0.38721237518636065,296350.0,7900.0,6.0,22.0,0.0,0.7749927584562633,302850.0,7450.0,15.0,-1.0,-4.3478260869565215,0.0,0.3877803832699026,6500.0,2.193352454867555,declined
Liverpool,Liverpool_339500_394000,339500,394000,7.0,0.5,0.9556998911125343,26200.0,4100.0,2.0,5.0,0.25,0.9502705392332347,40750.0,4500.0,4.0,-2.0,-28.57142857142857,-25.0,-0.005429351879299604,14550.0,55.534351145038165,declined
Liverpool,Liverpool_339500_394750,339500,394750,15.0,0.0,0.39267446722755217,141750.0,4450.0,3.0,11.0,0.0,0.6001660731596457,105600.0,4000.0,7.0,-4.0,-26.666666666666668,0.0,0.20749160593209348,-36150.0,-25.502645502645503,declined
Liverpool,Liverpool_339500_395000,339500,395000,2.0,,0.6931471805599453,139000.0,139000.0,0.0,1.0,0.0,-0.0,111000.0,111000.0,1.0,-1.0,-50.0,,-0.6931471805599453,-28000.0,-20.14388489208633,declined
Liverpool,Liverpool_339500_395750,339500,395750,8.0,0.0,0.6615632381579821,358000.0,51000.0,2.0,6.0,0.0,1.242453324894,380250.0,58250.0,5.0,-2.0,-25.0,0.0,0.5808900867360178,22250.0,6.215083798882681,declined
Liverpool,Liverpool_339750_384750,339750,384750,5.0,0.0,0.6730116670092565,114675.0,2900.0,4.0,4.0,0.0,0.5623351446188083,146700.0,3300.0,3.0,-1.0,-20.0,0.0,-0.11067652239044823,32025.0,27.926749509483322,declined
Liverpool,Liverpool_339750_385000,339750,385000,1.0,0.0,-0.0,1400.0,1400.0,1.0,1.0,0.0,-0.0,2025.0,2025.0,1.0,0.0,0.0,0.0,0.0,625.0,44.642857142857146,persistent
Liverpool,Liverpool_339750_385250,339750,385250,4.0,0.0,-0.0,7975.0,2050.0,2.0,4.0,0.0,-0.0,12450.0,3200.0,3.0,0.0,0.0,0.0,0.0,4475.0,56.112852664576806,persistent
Liverpool,Liverpool_339750_386250,339750,386250,1.0,,-0.0,29500.0,29500.0,0.0,1.0,0.0,-0.0,62500.0,62500.0,1.0,0.0,0.0,,0.0,33000.0,111.86440677966101,persistent
Liverpool,Liverpool_339750_386500,339750,386500,5.0,0.0,0.5004024235381879,139750.0,69875.0,1.0,3.0,0.0,1.0986122886681096,70400.0,16000.0,2.0,-2.0,-40.0,0.0,0.5982098651299217,-69350.0,-49.624329159212884,declined
Liverpool,Liverpool_339750_387000,339750,387000,8.0,0.0,0.37677016125643675,37950.0,2350.0,5.0,7.0,0.0,0.410116318288409,36500.0,5000.0,6.0,-1.0,-12.5,0.0,0.033346157031972246,-1450.0,-3.820816864295125,declined
Liverpool,Liverpool_339750_387750,339750,387750,9.0,0.0,0.6365141682948128,172500.0,14750.0,2.0,11.0,0.0,0.5859526183035508,224000.0,18500.0,9.0,2.0,22.22222222222222,0.0,-0.050561549991261945,51500.0,29.855072463768117,intensified
Liverpool,Liverpool_339750_388000,339750,388000,4.0,,-0.0,26900.0,9200.0,0.0,3.0,0.0,0.6365141682948128,28450.0,9500.0,2.0,-1.0,-25.0,,0.6365141682948128,1550.0,5.762081784386617,declined
Liverpool,Liverpool_339750_390500,339750,390500,3.0,0.0,0.6365141682948128,5000.0,5000.0,1.0,1.0,0.0,-0.0,5300.0,5300.0,1.0,-2.0,-66.66666666666666,0.0,-0.6365141682948128,300.0,6.0,declined
Liverpool,Liverpool_339750_391000,339750,391000,9.0,0.0,0.34883209584303193,86775.0,1925.0,1.0,9.0,0.0,0.34883209584303193,106500.0,3850.0,5.0,0.0,0.0,0.0,0.0,19725.0,22.731201382886777,persistent
Liverpool,Liverpool_339750_391250,339750,391250,1.0,0.0,-0.0,89000.0,89000.0,1.0,1.0,0.0,-0.0,71500.0,71500.0,1.0,0.0,0.0,0.0,0.0,-17500.0,-19.662921348314608,persistent
Liverpool,Liverpool_339750_392750,339750,392750,8.0,0.0,-0.0,25900.0,3800.0,5.0,7.0,0.0,-0.0,51800.0,7600.0,7.0,-1.0,-12.5,0.0,0.0,25900.0,100.0,declined
Liverpool,Liverpool_339750_394000,339750,394000,1.0,,-0.0,,,0.0,0.0,,,,,,-1.0,-100.0,,,,,disappeared
Liverpool,Liverpool_339750_395000,339750,395000,1.0,,-0.0,17500.0,17500.0,0.0,1.0,0.0,-0.0,,,1.0,0.0,0.0,,0.0,,,persistent
Liverpool,Liverpool_339750_396000,339750,396000,5.0,,0.5004024235381879,,,0.0,0.0,,,,,,-5.0,-100.0,,,,,disappeared
Liverpool,Liverpool_339750_396750,339750,396750,1.0,,-0.0,,,0.0,0.0,,,,,,-1.0,-100.0,,,,,disappeared
Liverpool,Liverpool_340000_383500,340000,383500,15.0,0.0,0.24493002679463532,58131.0,4500.0,7.0,12.0,0.0,0.2868359830561607,42220.0,4400.0,11.0,-3.0,-20.0,0.0,0.04190595626152538,-15911.0,-27.370938053706283,declined
Liverpool,Liverpool_340000_384000,340000,384000,2.0,1.0,-0.0,5975.0,5975.0,1.0,1.0,,-0.0,1500.0,1500.0,0.0,-1.0,-50.0,,0.0,-4475.0,-74.89539748953975,declined
Liverpool,Liverpool_340000_384250,340000,384250,1.0,0.0,-0.0,2425.0,2425.0,1.0,0.0,,,,,,-1.0,-100.0,,,,,disappeared
Liverpool,Liverpool_340000_384500,340000,384500,33.0,0.09090909090909091,0.2706407936167973,127600.0,3000.0,11.0,33.0,0.0,0.3625010217396757,198350.0,5300.0,21.0,0.0,0.0,-9.090909090909092,0.09186022812287836,70750.0,55.44670846394985,persistent
Liverpool,Liverpool_340000_385000,340000,385000,2.0,0.0,-0.0,11450.0,5725.0,1.0,2.0,0.0,0.6931471805599453,22350.0,11175.0,1.0,0.0,0.0,0.0,0.6931471805599453,10900.0,95.19650655021834,persistent
Liverpool,Liverpool_340000_385500,340000,385500,10.0,0.25,-0.0,43150.0,4175.0,4.0,10.0,0.125,-0.0,75150.0,7000.0,8.0,0.0,0.0,-12.5,0.0,32000.0,74.15990730011588,persistent
Liverpool,Liverpool_340000_385750,340000,385750,2.0,,-0.0,2335.0,1167.5,0.0,2.0,0.0,-0.0,6800.0,3400.0,2.0,0.0,0.0,,0.0,4465.0,191.22055674518202,persistent
Liverpool,Liverpool_340000_386250,340000,386250,4.0,0.0,0.5623351446188083,16600.0,4175.0,3.0,4.0,0.0,0.5623351446188083,29200.0,7300.0,3.0,0.0,0.0,0.0,0.0,12600.0,75.90361445783132,persistent
Liverpool,Liverpool_340000_386500,340000,386500,8.0,0.0,0.9743147528693494,1835500.0,8500.0,4.0,4.0,0.0,1.0397207708399179,1546100.0,14250.0,4.0,-4.0,-50.0,0.0,0.06540601797056844,-289400.0,-15.766821029692183,declined
Liverpool,Liverpool_340000_388500,340000,388500,9.0,0.0,0.34883209584303193,139350.0,9100.0,4.0,6.0,0.0,0.45056120886630463,113750.0,15500.0,4.0,-3.0,-33.33333333333333,0.0,0.1017291130232727,-25600.0,-18.371008252601364,declined
Liverpool,Liverpool_340000_389750,340000,389750,4.0,0.0,-0.0,4050.0,2025.0,1.0,2.0,0.0,-0.0,4400.0,4400.0,1.0,-2.0,-50.0,0.0,0.0,350.0,8.641975308641975,declined
Liverpool,Liverpool_340000_390000,340000,390000,2.0,,-0.0,1675.0,1675.0,0.0,1.0,0.0,-0.0,3350.0,3350.0,1.0,-1.0,-50.0,,0.0,1675.0,100.0,declined
Liverpool,Liverpool_340000_390250,340000,390250,15.0,0.0,0.24493002679463532,121400.0,6250.0,4.0,14.0,0.0,0.5195798391305154,122300.0,7000.0,12.0,-1.0,-6.666666666666667,0.0,0.2746498123358801,900.0,0.7413509060955519,declined
Liverpool,Liverpool_340000_390500,340000,390500,1.0,0.0,-0.0,4900.0,4900.0,1.0,2.0,0.0,-0.0,12600.0,6300.0,2.0,1.0,100.0,0.0,0.0,7700.0,157.14285714285714,intensified
Liverpool,Liverpool_340000_391250,340000,391250,15.0,0.25,-0.0,69550.0,5900.0,4.0,11.0,0.0,-0.0,111050.0,9200.0,7.0,-4.0,-26.666666666666668,-25.0,0.0,41500.0,59.66930265995687,declined
Liverpool,Liverpool_340000_392500,340000,392500,19.0,0.0,0.20619205063323187,57500.0,2750.0,4.0,17.0,0.0,0.22371807606583377,119750.0,5500.0,13.0,-2.0,-10.526315789473683,0.0,0.0175260254326019,62250.0,108.26086956521739,declined
Liverpool,Liverpool_340000_392750,340000,392750,14.0,0.0,0.25731864054383163,46350.0,3350.0,6.0,13.0,0.0,0.2711893730418441,85700.0,6200.0,10.0,-1.0,-7.142857142857142,0.0,0.013870732498012461,39350.0,84.89751887810141,declined
Liverpool,Liverpool_340000_395000,340000,395000,11.0,0.0,0.47413931305783735,29060.0,3100.0,3.0,9.0,0.0,0.34883209584303193,42100.0,3850.0,6.0,-2.0,-18.181818181818183,0.0,-0.12530721721480542,13040.0,44.872677219545764,declined
Liverpool,Liverpool_340000_395250,340000,395250,20.0,0.0,0.3250829733914482,28725.0,2300.0,1.0,7.0,0.0,0.410116318288409,45850.0,6250.0,5.0,-13.0,-65.0,0.0,0.0850333448969608,17125.0,59.61705831157529,declined
Liverpool,Liverpool_340250_383750,340250,383750,4.0,0.0,-0.0,7040.0,1170.0,1.0,4.0,0.5,-0.0,18075.0,3000.0,2.0,0.0,0.0,50.0,0.0,11035.0,156.7471590909091,persistent
Liverpool,Liverpool_340250_384000,340250,384000,4.0,0.0,0.5623351446188083,2450.0,2450.0,1.0,1.0,0.0,-0.0,,,1.0,-3.0,-75.0,0.0,-0.5623351446188083,,,declined
Liverpool,Liverpool_340250_384250,340250,384250,35.0,0.0,0.6315277672970718,489050.0,3475.0,10.0,35.0,0.0,0.5458692524645854,497050.0,5100.0,23.0,0.0,0.0,0.0,-0.08565851483248643,8000.0,1.635824557816174,persistent
Liverpool,Liverpool_340250_384500,340250,384500,43.0,0.07142857142857142,0.4669872708096832,157950.0,3850.0,14.0,43.0,0.06666666666666667,0.36178753278517783,234250.0,4850.0,30.0,0.0,0.0,-0.4761904761904759,-0.10519973802450538,76300.0,48.30642608420386,persistent
Liverpool,Liverpool_340250_384750,340250,384750,2.0,,0.6931471805599453,14450.0,7225.0,0.0,2.0,0.0,0.6931471805599453,13450.0,6725.0,1.0,0.0,0.0,,0.0,-1000.0,-6.920415224913495,persistent
Liverpool,Liverpool_340250_385750,340250,385750,9.0,0.3333333333333333,-0.0,25650.0,3600.0,3.0,7.0,0.0,-0.0,45000.0,5900.0,3.0,-2.0,-22.22222222222222,-33.33333333333333,0.0,19350.0,75.43859649122807,declined
Liverpool,Liverpool_340250_388500,340250,388500,15.0,0.0,-0.0,68725.0,5200.0,5.0,13.0,0.0,0.7902679680745903,114100.0,8300.0,9.0,-2.0,-13.333333333333334,0.0,0.7902679680745903,45375.0,66.02400873044743,declined
Liverpool,Liverpool_340250_388750,340250,388750,2.0,,-0.0,8300.0,4150.0,0.0,2.0,,-0.0,23250.0,11625.0,0.0,0.0,0.0,,0.0,14950.0,180.12048192771084,persistent
Liverpool,Liverpool_340250_389000,340250,389000,5.0,1.0,0.5004024235381879,51050.0,8600.0,1.0,6.0,0.0,0.8675632284814612,75250.0,10600.0,2.0,1.0,20.0,-100.0,0.3671608049432733,24200.0,47.40450538687561,intensified
Liverpool,Liverpool_340250_389250,340250,389250,18.0,0.14285714285714285,0.5566469035821068,295800.0,8050.0,7.0,19.0,0.0,0.5366645624845252,364075.0,12500.0,15.0,1.0,5.555555555555555,-14.285714285714285,-0.01998234109758157,68275.0,23.081473968897903,intensified
Liverpool,Liverpool_340250_390000,340250,390000,7.0,0.0,-0.0,24650.0,4025.0,3.0,6.0,0.0,-0.0,35000.0,5850.0,5.0,-1.0,-14.285714285714285,0.0,0.0,10350.0,41.98782961460446,declined
Liverpool,Liverpool_340250_390250,340250,390250,7.0,0.0,0.7963116401738131,56450.0,5500.0,3.0,5.0,0.2,0.9502705392332347,49150.0,7200.0,5.0,-2.0,-28.57142857142857,20.0,0.15395889905942162,-7300.0,-12.931798051372898,declined
Liverpool,Liverpool_340250_391250,340250,391250,3.0,0.0,0.6365141682948128,1756500.0,878250.0,1.0,5.0,0.0,0.6730116670092565,1493750.0,23750.0,1.0,2.0,66.66666666666666,0.0,0.036497498714443743,-262750.0,-14.958724736692286,intensified
Liverpool,Liverpool_340250_391500,340250,391500,4.0,,1.0397207708399179,25700.0,12850.0,0.0,2.0,,0.6931471805599453,20000.0,10000.0,0.0,-2.0,-50.0,,-0.3465735902799726,-5700.0,-22.17898832684825,declined
Liverpool,Liverpool_340250_392000,340250,392000,15.0,0.0,0.24493002679463532,99850.0,7250.0,6.0,13.0,0.0,0.2711893730418441,129900.0,9400.0,8.0,-2.0,-13.333333333333334,0.0,0.02625934624720877,30050.0,30.095142714071105,declined
Liverpool,Liverpool_340250_392250,340250,392250,1.0,0.0,-0.0,19750.0,19750.0,1.0,1.0,0.0,-0.0,22000.0,22000.0,1.0,0.0,0.0,0.0,0.0,2250.0,11.39240506329114,persistent
Liverpool,Liverpool_340250_392500,340250,392500,2.0,0.0,-0.0,157500.0,78750.0,2.0,2.0,0.0,-0.0,85750.0,42875.0,2.0,0.0,0.0,0.0,0.0,-71750.0,-45.55555555555556,persistent
Liverpool,Liverpool_340250_392750,340250,392750,9.0,0.25,-0.0,42975.0,4950.0,4.0,9.0,0.0,0.34883209584303193,72800.0,8300.0,9.0,0.0,0.0,-25.0,0.34883209584303193,29825.0,69.40081442699244,persistent
Liverpool,Liverpool_340250_395250,340250,395250,1.0,,-0.0,,,0.0,0.0,,,,,,-1.0,-100.0,,,,,disappeared
Liverpool,Liverpool_340250_395750,340250,395750,1.0,,-0.0,13250.0,13250.0,0.0,1.0,0.0,-0.0,5250.0,5250.0,1.0,0.0,0.0,,0.0,-8000.0,-60.37735849056604,persistent
Liverpool,Liverpool_340500_383500,340500,383500,1.0,,-0.0,740.0,740.0,0.0,1.0,,-0.0,1700.0,1700.0,0.0,0.0,0.0,,0.0,960.0,129.72972972972974,persistent
Liverpool,Liverpool_340500_383750,340500,383750,1.0,,-0.0,1000.0,1000.0,0.0,2.0,,0.6931471805599453,41125.0,20562.5,0.0,1.0,100.0,,0.6931471805599453,40125.0,4012.5,intensified
Liverpool,Liverpool_340500_384250,340500,384250,19.0,0.14285714285714285,0.40945861869508926,238300.0,9750.0,7.0,21.0,0.0,0.5940241655824705,345600.0,10750.0,13.0,2.0,10.526315789473683,-14.285714285714285,0.18456554688738125,107300.0,45.02727654217373,intensified
Liverpool,Liverpool_340500_384500,340500,384500,4.0,,0.6931471805599453,343250.0,171625.0,0.0,2.0,0.0,0.6931471805599453,285750.0,142875.0,1.0,-2.0,-50.0,,0.0,-57500.0,-16.751638747268753,declined
Liverpool,Liverpool_340500_384750,340500,384750,13.0,0.0,0.2711893730418441,41150.0,3350.0,3.0,14.0,0.16666666666666666,0.25731864054383163,69025.0,4975.0,6.0,1.0,7.6923076923076925,16.666666666666664,-0.013870732498012461,27875.0,67.73997569866343,intensified
Liverpool,Liverpool_340500_385000,340500,385000,3.0,0.0,-0.0,9800.0,3450.0,2.0,3.0,0.0,-0.0,14700.0,5200.0,2.0,0.0,0.0,0.0,0.0,4900.0,50.0,persistent
Liverpool,Liverpool_340500_385750,340500,385750,9.0,0.25,-0.0,38700.0,5500.0,4.0,8.0,0.0,0.37677016125643675,66500.0,6950.0,2.0,-1.0,-11.11111111111111,-25.0,0.37677016125643675,27800.0,71.83462532299741,declined
Liverpool,Liverpool_340500_387500,340500,387500,1.0,,-0.0,5600.0,5600.0,0.0,1.0,0.0,-0.0,10750.0,10750.0,1.0,0.0,0.0,,0.0,5150.0,91.96428571428571,persistent
Liverpool,Liverpool_340500_388750,340500,388750,6.0,0.0,-0.0,29950.0,6500.0,3.0,5.0,0.0,-0.0,45900.0,9900.0,4.0,-1.0,-16.666666666666664,0.0,0.0,15950.0,53.255425709515855,declined
Liverpool,Liverpool_340500_389000,340500,389000,4.0,0.0,0.6931471805599453,23200.0,4975.0,2.0,4.0,0.25,-0.0,49900.0,10750.0,4.0,0.0,0.0,25.0,-0.6931471805599453,26700.0,115.08620689655173,persistent
Liverpool,Liverpool_340500_389250,340500,389250,8.0,0.0,-0.0,45650.0,4950.0,3.0,7.0,0.0,-0.0,82500.0,9700.0,5.0,-1.0,-12.5,0.0,0.0,36850.0,80.72289156626506,declined
Liverpool,Liverpool_340500_390250,340500,390250,8.0,0.0,0.37677016125643675,20125.0,2000.0,1.0,4.0,0.0,-0.0,15450.0,3550.0,4.0,-4.0,-50.0,0.0,-0.37677016125643675,-4675.0,-23.229813664596275,declined
Liverpool,Liverpool_340500_391500,340500,391500,14.0,0.0,0.25731864054383163,80050.0,3925.0,3.0,12.0,0.0,0.2868359830561607,88750.0,5100.0,8.0,-2.0,-14.285714285714285,0.0,0.02951734251232907,8700.0,10.868207370393504,declined
Liverpool,Liverpool_340500_391750,340500,391750,5.0,0.0,-0.0,31900.0,8000.0,2.0,6.0,0.0,-0.0,60200.0,10075.0,4.0,1.0,20.0,0.0,0.0,28300.0,88.71473354231975,intensified
Liverpool,Liverpool_340500_392000,340500,392000,7.0,0.0,-0.0,26900.0,6700.0,1.0,5.0,0.0,0.5004024235381879,20300.0,6400.0,4.0,-2.0,-28.57142857142857,0.0,0.5004024235381879,-6600.0,-24.53531598513011,declined
Liverpool,Liverpool_340500_393000,340500,393000,1.0,,-0.0,16250.0,16250.0,0.0,1.0,,-0.0,49500.0,49500.0,0.0,0.0,0.0,,0.0,33250.0,204.61538461538458,persistent
Liverpool,Liverpool_340500_395750,340500,395750,14.0,0.0,-0.0,72510.0,4550.0,7.0,14.0,0.07142857142857142,-0.0,65750.0,4100.0,14.0,0.0,0.0,7.142857142857142,0.0,-6760.0,-9.322852020410979,persistent
Liverpool,Liverpool_340500_396750,340500,396750,2.0,,-0.0,0.0,0.0,0.0,4.0,0.0,-0.0,1000000.0,174500.0,2.0,2.0,100.0,,0.0,1000000.0,,intensified
Liverpool,Liverpool_340750_383500,340750,383500,2.0,0.0,-0.0,2975.0,1487.5,1.0,2.0,0.0,-0.0,5950.0,2975.0,1.0,0.0,0.0,0.0,0.0,2975.0,100.0,persistent
Liverpool,Liverpool_340750_388750,340750,388750,16.0,0.0,0.2337916587064593,120150.0,8050.0,5.0,14.0,0.0,0.25731864054383163,168500.0,12500.0,8.0,-2.0,-12.5,0.0,0.02352698183737234,48350.0,40.241364960466086,declined
Liverpool,Liverpool_340750_389000,340750,389000,7.0,0.0,-0.0,43700.0,6400.0,1.0,7.0,0.0,0.410116318288409,69500.0,9700.0,6.0,0.0,0.0,0.0,0.410116318288409,25800.0,59.03890160183066,persistent
Liverpool,Liverpool_340750_389750,340750,389750,3.0,0.0,0.6365141682948128,10850.0,5425.0,1.0,2.0,0.0,-0.0,19900.0,9950.0,1.0,-1.0,-33.33333333333333,0.0,-0.6365141682948128,9050.0,83.41013824884793,declined
Liverpool,Liverpool_340750_390000,340750,390000,1.0,,-0.0,54250.0,54250.0,0.0,1.0,0.0,-0.0,87000.0,87000.0,1.0,0.0,0.0,,0.0,32750.0,60.36866359447005,persistent
Liverpool,Liverpool_340750_391000,340750,391000,6.0,0.0,-0.0,13450.0,2800.0,1.0,3.0,0.0,-0.0,19500.0,4050.0,1.0,-3.0,-50.0,0.0,0.0,6050.0,44.98141263940521,declined
Liverpool,Liverpool_340750_391500,340750,391500,29.0,0.125,0.813111017499334,162050.0,4525.0,8.0,27.0,0.0,0.6711537920120574,257600.0,8100.0,18.0,-2.0,-6.896551724137931,-12.5,-0.14195722548727663,95550.0,58.963282937365015,declined
Liverpool,Liverpool_340750_392250,340750,392250,11.0,,0.47413931305783735,71800.0,6800.0,0.0,5.0,0.0,0.5004024235381879,88050.0,18000.0,4.0,-6.0,-54.54545454545454,,0.026263110480350516,16250.0,22.632311977715876,declined
Liverpool,Liverpool_340750_396250,340750,396250,3.0,,-0.0,10100.0,3100.0,0.0,3.0,0.0,-0.0,14000.0,4300.0,3.0,0.0,0.0,,0.0,3900.0,38.613861386138616,persistent
Liverpool,Liverpool_341000_385000,341000,385000,1.0,,-0.0,3600.0,3600.0,0.0,1.0,0.0,-0.0,4300.0,4300.0,1.0,0.0,0.0,,0.0,700.0,19.444444444444446,persistent
Liverpool,Liverpool_341000_389000,341000,389000,3.0,0.0,-0.0,26350.0,13175.0,1.0,2.0,0.0,-0.0,38250.0,19125.0,1.0,-1.0,-33.33333333333333,0.0,0.0,11900.0,45.16129032258064,declined
Liverpool,Liverpool_341000_389500,341000,389500,10.0,0.0,0.3250829733914482,38275.0,3300.0,6.0,9.0,0.0,0.34883209584303193,81600.0,5800.0,6.0,-1.0,-10.0,0.0,0.023749122451583726,43325.0,113.1939908556499,declined
Liverpool,Liverpool_341000_390250,341000,390250,2.0,0.0,-0.0,5200.0,2600.0,1.0,2.0,0.0,-0.0,9150.0,4575.0,2.0,0.0,0.0,0.0,0.0,3950.0,75.96153846153845,persistent
Liverpool,Liverpool_341000_391750,341000,391750,3.0,0.0,0.6365141682948128,323000.0,68000.0,2.0,3.0,0.0,0.6365141682948128,351000.0,71000.0,3.0,0.0,0.0,0.0,0.0,28000.0,8.6687306501548,persistent
Liverpool,Liverpool_341000_393500,341000,393500,11.0,0.0,1.0335620542068176,1142575.0,7350.0,4.0,9.0,0.0,1.0027182645175161,1081750.0,12000.0,5.0,-2.0,-18.181818181818183,0.0,-0.03084378968930146,-60825.0,-5.323501739491937,declined
Liverpool,Liverpool_341250_383750,341250,383750,2.0,0.0,0.6931471805599453,157700.0,78850.0,1.0,1.0,,-0.0,198000.0,198000.0,0.0,-1.0,-50.0,,-0.6931471805599453,40300.0,25.554850982878886,declined
Liverpool,Liverpool_341250_384000,341250,384000,3.0,,-0.0,5825.0,2025.0,0.0,3.0,0.0,-0.0,8350.0,2900.0,1.0,0.0,0.0,,0.0,2525.0,43.34763948497854,persistent
Liverpool,Liverpool_341250_389750,341250,389750,2.0,,-0.0,6250.0,3125.0,0.0,2.0,0.0,-0.0,14100.0,7050.0,1.0,0.0,0.0,,0.0,7850.0,125.6,persistent
Liverpool,Liverpool_341250_390000,341250,390000,3.0,,-0.0,8600.0,4300.0,0.0,3.0,0.0,-0.0,22200.0,6900.0,3.0,0.0,0.0,,0.0,13600.0,158.13953488372093,persistent
Liverpool,Liverpool_341250_390250,341250,390250,1.0,,-0.0,3800.0,3800.0,0.0,1.0,0.0,-0.0,6600.0,6600.0,1.0,0.0,0.0,,0.0,2800.0,73.68421052631578,persistent
Liverpool,Liverpool_341250_393250,341250,393250,1.0,,-0.0,,,0.0,0.0,,,,,,-1.0,-100.0,,,,,disappeared
Liverpool,Liverpool_341500_384000,341500,384000,41.0,0.09090909090909091,0.3083386903452212,13781700.0,345000.0,11.0,41.0,0.0,0.5262898694941316,8594000.0,170000.0,29.0,0.0,0.0,-9.090909090909092,0.21795117914891038,-5187700.0,-37.64194547842429,persistent
Liverpool,Liverpool_341500_386750,341500,386750,1.0,,-0.0,22500.0,22500.0,0.0,2.0,,0.6931471805599453,9750.0,9750.0,0.0,1.0,100.0,,0.6931471805599453,-12750.0,-56.666666666666664,intensified
Liverpool,Liverpool_341500_389000,341500,389000,1.0,0.0,-0.0,103000.0,103000.0,1.0,1.0,0.0,-0.0,81250.0,81250.0,1.0,0.0,0.0,0.0,0.0,-21750.0,-21.11650485436893,persistent
Liverpool,Liverpool_341500_391500,341500,391500,2.0,0.0,-0.0,11600.0,5800.0,1.0,2.0,0.0,-0.0,21700.0,10850.0,2.0,0.0,0.0,0.0,0.0,10100.0,87.06896551724138,persistent
Liverpool,Liverpool_341500_391750,341500,391750,2.0,,-0.0,50050.0,25025.0,0.0,2.0,0.0,0.6931471805599453,54700.0,27350.0,2.0,0.0,0.0,,0.6931471805599453,4650.0,9.290709290709291,persistent
Liverpool,Liverpool_341500_393250,341500,393250,10.0,0.0,-0.0,21100.0,2100.0,5.0,10.0,0.0,-0.0,57400.0,5700.0,6.0,0.0,0.0,0.0,0.0,36300.0,172.03791469194314,persistent
Liverpool,Liverpool_341500_395000,341500,395000,8.0,0.25,0.37677016125643675,65700.0,5300.0,4.0,7.0,0.0,0.410116318288409,72050.0,9300.0,5.0,-1.0,-12.5,-25.0,0.033346157031972246,6350.0,9.665144596651446,declined
Liverpool,Liverpool_341750_384250,341750,384250,1.0,,-0.0,,,0.0,0.0,,,,,,-1.0,-100.0,,,,,disappeared
Liverpool,Liverpool_341750_386250,341750,386250,1.0,,-0.0,21500.0,21500.0,0.0,1.0,0.0,-0.0,11750.0,11750.0,1.0,0.0,0.0,,0.0,-9750.0,-45.348837209302324,persistent
Liverpool,Liverpool_341750_386750,341750,386750,5.0,0.0,0.5004024235381879,30725.0,2850.0,2.0,5.0,0.0,0.5004024235381879,34450.0,5000.0,5.0,0.0,0.0,0.0,0.0,3725.0,12.12367778681855,persistent
Liverpool,Liverpool_341750_387000,341750,387000,4.0,0.25,0.5623351446188083,8450.0,2725.0,4.0,4.0,0.25,0.5623351446188083,18500.0,5950.0,4.0,0.0,0.0,0.0,0.0,10050.0,118.93491124260356,persistent
Liverpool,Liverpool_341750_391250,341750,391250,2.0,,-0.0,8100.0,8100.0,0.0,1.0,0.0,-0.0,2750.0,2750.0,1.0,-1.0,-50.0,,0.0,-5350.0,-66.0493827160494,declined
Liverpool,Liverpool_341750_391500,341750,391500,17.0,0.0,-0.0,68450.0,5100.0,2.0,13.0,0.0,0.2711893730418441,123600.0,9300.0,11.0,-4.0,-23.52941176470588,0.0,0.2711893730418441,55150.0,80.56975894813732,declined
Liverpool,Liverpool_341750_391750,341750,391750,13.0,0.0,-0.0,76000.0,5000.0,1.0,15.0,0.0,-0.0,137350.0,9100.0,13.0,2.0,15.384615384615385,0.0,0.0,61350.0,80.72368421052632,intensified
Liverpool,Liverpool_341750_392500,341750,392500,9.0,0.0,0.34883209584303193,43400.0,4000.0,4.0,9.0,0.0,0.34883209584303193,62850.0,5900.0,8.0,0.0,0.0,0.0,0.0,19450.0,44.815668202764975,persistent
Liverpool,Liverpool_341750_392750,341750,392750,3.0,0.0,1.0986122886681096,26100.0,13050.0,1.0,3.0,0.0,1.0986122886681096,73150.0,26500.0,2.0,0.0,0.0,0.0,0.0,47050.0,180.26819923371647,persistent
Liverpool,Liverpool_341750_393500,341750,393500,2.0,0.0,0.6931471805599453,14575.0,7287.5,1.0,1.0,1.0,-0.0,,,1.0,-1.0,-50.0,100.0,-0.6931471805599453,,,declined
Liverpool,Liverpool_342000_382500,342000,382500,1.0,0.0,-0.0,3250.0,3250.0,1.0,0.0,,,,,,-1.0,-100.0,,,,,disappeared
Liverpool,Liverpool_342000_383500,342000,383500,459.0,0.04126984126984127,-0.0,56089.0,93.0,315.0,921.0,0.0,-0.0,280350.0,230.0,662.0,462.0,100.65359477124183,-4.1269841269841265,0.0,224261.0,399.8306263260176,intensified
Liverpool,Liverpool_342000_384250,342000,384250,1.0,,-0.0,7000.0,7000.0,0.0,1.0,0.0,-0.0,9500.0,9500.0,1.0,0.0,0.0,,0.0,2500.0,35.714285714285715,persistent
Liverpool,Liverpool_342000_384500,342000,384500,3.0,,0.6365141682948128,75500.0,9200.0,0.0,2.0,0.0,0.6931471805599453,79100.0,39550.0,2.0,-1.0,-33.33333333333333,,0.05663301226513251,3600.0,4.768211920529802,declined
Liverpool,Liverpool_342000_385250,342000,385250,1.0,,-0.0,78500.0,78500.0,0.0,1.0,0.0,-0.0,98000.0,98000.0,1.0,0.0,0.0,,0.0,19500.0,24.840764331210192,persistent
Liverpool,Liverpool_342000_386250,342000,386250,1.0,,-0.0,20750.0,20750.0,0.0,1.0,,-0.0,15500.0,15500.0,0.0,0.0,0.0,,0.0,-5250.0,-25.301204819277107,persistent
Liverpool,Liverpool_342000_386500,342000,386500,8.0,0.0,0.9743147528693494,660600.0,24000.0,1.0,4.0,0.0,0.5623351446188083,606750.0,20000.0,3.0,-4.0,-50.0,0.0,-0.41197960825054114,-53850.0,-8.151680290644867,declined
Liverpool,Liverpool_342000_386750,342000,386750,2.0,,0.6931471805599453,,,0.0,0.0,,,,,,-2.0,-100.0,,,,,disappeared
Liverpool,Liverpool_342000_388250,342000,388250,2.0,,-0.0,19750.0,19750.0,0.0,1.0,,-0.0,12500.0,12500.0,0.0,-1.0,-50.0,,0.0,-7250.0,-36.708860759493675,declined
Liverpool,Liverpool_342000_388500,342000,388500,29.0,0.0,0.47875333041028967,283750.0,13500.0,2.0,7.0,0.0,0.7963116401738131,353250.0,20000.0,6.0,-22.0,-75.86206896551724,0.0,0.3175583097635234,69500.0,24.493392070484582,declined
Liverpool,Liverpool_342000_389000,342000,389000,7.0,0.0,-0.0,23400.0,4350.0,1.0,5.0,0.0,-0.0,32600.0,6100.0,5.0,-2.0,-28.57142857142857,0.0,0.0,9200.0,39.31623931623932,declined
Liverpool,Liverpool_342000_389250,342000,389250,1.0,,-0.0,,,0.0,0.0,,,,,,-1.0,-100.0,,,,,disappeared
Liverpool,Liverpool_342000_389500,342000,389500,2.0,,0.6931471805599453,,,0.0,1.0,0.0,-0.0,295000.0,295000.0,1.0,-1.0,-50.0,,-0.6931471805599453,,,declined
Liverpool,Liverpool_342000_391000,342000,391000,8.0,0.0,-0.0,61900.0,6550.0,1.0,8.0,0.0,-0.0,66000.0,7350.0,6.0,0.0,0.0,0.0,0.0,4100.0,6.623586429725363,persistent
Liverpool,Liverpool_342000_391750,342000,391750,1.0,,-0.0,14250.0,14250.0,0.0,1.0,0.0,-0.0,20000.0,20000.0,1.0,0.0,0.0,,0.0,5750.0,40.35087719298245,persistent
Liverpool,Liverpool_342000_392500,342000,392500,11.0,0.0,0.30463609734923813,86450.0,3975.0,4.0,8.0,0.0,0.37677016125643675,92950.0,6450.0,6.0,-3.0,-27.27272727272727,0.0,0.07213406390719862,6500.0,7.518796992481203,declined
Liverpool,Liverpool_342250_384250,342250,384250,1.0,0.0,-0.0,3850.0,3850.0,1.0,1.0,,-0.0,5000.0,5000.0,0.0,0.0,0.0,,0.0,1150.0,29.87012987012987,persistent
Liverpool,Liverpool_342250_384500,342250,384500,1.0,0.0,-0.0,107000.0,107000.0,1.0,1.0,,-0.0,125000.0,125000.0,0.0,0.0,0.0,,0.0,18000.0,16.822429906542055,persistent
Liverpool,Liverpool_342250_384750,342250,384750,42.0,0.07692307692307693,0.7322261769722849,3697250.0,16500.0,13.0,32.0,0.041666666666666664,0.7462406295585069,2814250.0,17500.0,24.0,-10.0,-23.809523809523807,-3.5256410256410264,0.014014452586222026,-883000.0,-23.882615457434582,declined
Liverpool,Liverpool_342250_386500,342250,386500,42.0,0.0,0.4451435707843082,362150.0,9450.0,8.0,36.0,0.0,0.7024076979602251,369950.0,9400.0,25.0,-6.0,-14.285714285714285,0.0,0.25726412717591685,7800.0,2.1538036725113905,declined
Liverpool,Liverpool_342250_386750,342250,386750,45.0,0.06666666666666667,0.8496229753400615,1357100.0,9400.0,15.0,42.0,0.0,0.9592034863980932,1365200.0,10250.0,28.0,-3.0,-6.666666666666667,-6.666666666666667,0.10958051105803168,8100.0,0.5968609535037949,declined
Liverpool,Liverpool_342250_387500,342250,387500,1.0,,-0.0,,,0.0,0.0,,,,,,-1.0,-100.0,,,,,disappeared
Liverpool,Liverpool_342250_391500,342250,391500,3.0,0.5,-0.0,15800.0,7900.0,2.0,2.0,0.5,-0.0,28250.0,14125.0,2.0,-1.0,-33.33333333333333,0.0,0.0,12450.0,78.79746835443038,declined
Liverpool,Liverpool_342500_383000,342500,383000,33.0,0.42857142857142855,-0.0,122700.0,2900.0,7.0,31.0,0.0,0.1425058673927378,151550.0,3850.0,8.0,-2.0,-6.0606060606060606,-42.857142857142854,0.1425058673927378,28850.0,23.512632436837816,declined
Liverpool,Liverpool_342500_383750,342500,383750,2.0,,0.6931471805599453,434500.0,217250.0,0.0,3.0,0.0,1.0986122886681096,385000.0,192500.0,2.0,1.0,50.0,,0.4054651081081643,-49500.0,-11.39240506329114,intensified
Liverpool,Liverpool_342500_384000,342500,384000,2.0,0.0,0.6931471805599453,206500.0,103250.0,1.0,2.0,0.0,-0.0,524000.0,262000.0,1.0,0.0,0.0,0.0,-0.6931471805599453,317500.0,153.75302663438256,persistent
Liverpool,Liverpool_342500_384250,342500,384250,1.0,0.0,-0.0,19000.0,19000.0,1.0,1.0,0.0,-0.0,17000.0,17000.0,1.0,0.0,0.0,0.0,0.0,-2000.0,-10.526315789473683,persistent
Liverpool,Liverpool_342500_385000,342500,385000,1.0,0.0,-0.0,91500.0,91500.0,1.0,1.0,0.0,-0.0,59000.0,59000.0,1.0,0.0,0.0,0.0,0.0,-32500.0,-35.51912568306011,persistent
Liverpool,Liverpool_342500_386000,342500,386000,1.0,,-0.0,7800.0,7800.0,0.0,1.0,,-0.0,,,0.0,0.0,0.0,,0.0,,,persistent
Liverpool,Liverpool_342500_386250,342500,386250,1.0,1.0,-0.0,2025.0,2025.0,1.0,1.0,,-0.0,2025.0,2025.0,0.0,0.0,0.0,,0.0,0.0,0.0,persistent
Liverpool,Liverpool_342500_386500,342500,386500,3.0,0.0,1.0986122886681096,17950.0,8975.0,1.0,2.0,0.5,0.6931471805599453,6200.0,6200.0,2.0,-1.0,-33.33333333333333,50.0,-0.4054651081081643,-11750.0,-65.45961002785515,declined
Liverpool,Liverpool_342500_387500,342500,387500,8.0,0.0,0.5623351446188083,167650.0,7700.0,4.0,6.0,0.0,0.6365141682948128,148500.0,10075.0,5.0,-2.0,-25.0,0.0,0.07417902367600449,-19150.0,-11.422606620936476,declined
Liverpool,Liverpool_342500_387750,342500,387750,10.0,0.0,-0.0,69100.0,8600.0,3.0,8.0,0.0,-0.0,64000.0,7900.0,6.0,-2.0,-20.0,0.0,0.0,-5100.0,-7.380607814761215,declined
Liverpool,Liverpool_342500_388500,342500,388500,1.0,,-0.0,,,0.0,0.0,,,,,,-1.0,-100.0,,,,,disappeared
Liverpool,Liverpool_342500_388750,342500,388750,1.0,,-0.0,280.0,280.0,0.0,0.0,,,,,,-1.0,-100.0,,,,,disappeared
Liverpool,Liverpool_342750_382750,342750,382750,3.0,0.3333333333333333,-0.0,13400.0,4600.0,3.0,3.0,0.5,-0.0,24200.0,8200.0,2.0,0.0,0.0,16.666666666666668,0.0,10800.0,80.59701492537313,persistent
Liverpool,Liverpool_342750_384250,342750,384250,5.0,1.0,0.5004024235381879,487350.0,6600.0,2.0,5.0,0.2,0.6730116670092565,538575.0,6400.0,5.0,0.0,0.0,-80.0,0.17260924347106865,51225.0,10.510926438904278,persistent
Liverpool,Liverpool_342750_385000,342750,385000,1.0,,-0.0,18250.0,18250.0,0.0,2.0,0.0,-0.0,38750.0,19375.0,1.0,1.0,100.0,,0.0,20500.0,112.32876712328768,intensified
Liverpool,Liverpool_342750_386750,342750,386750,9.0,0.0,-0.0,45100.0,4750.0,4.0,9.0,0.0,-0.0,54200.0,5800.0,9.0,0.0,0.0,0.0,0.0,9100.0,20.17738359201774,persistent
Liverpool,Liverpool_342750_387500,342750,387500,5.0,,0.5004024235381879,26650.0,3300.0,0.0,5.0,0.0,0.5004024235381879,32650.0,4650.0,4.0,0.0,0.0,,0.0,6000.0,22.5140712945591,persistent
Liverpool,Liverpool_342750_388250,342750,388250,1.0,,-0.0,1500000.0,1500000.0,0.0,3.0,0.0,0.6365141682948128,1262000.0,631000.0,2.0,2.0,200.0,,0.6365141682948128,-238000.0,-15.866666666666667,intensified
Liverpool,Liverpool_342750_388500,342750,388500,64.0,0.13636363636363635,0.13906079845474112,1670150.0,20250.0,22.0,62.0,0.0,0.6259078913644016,1408900.0,17875.0,39.0,-2.0,-3.125,-13.636363636363635,0.4868470929096605,-261250.0,-15.642307577163727,declined
Liverpool,Liverpool_343000_383500,343000,383500,10.0,0.0,-0.0,26975.0,2325.0,1.0,2.0,0.0,0.6931471805599453,21550.0,10775.0,1.0,-8.0,-80.0,0.0,0.6931471805599453,-5425.0,-20.111214087117702,declined
Liverpool,Liverpool_343000_384000,343000,384000,1.0,,-0.0,100000.0,100000.0,0.0,1.0,0.0,-0.0,113000.0,113000.0,1.0,0.0,0.0,,0.0,13000.0,13.0,persistent
Liverpool,Liverpool_343000_384750,343000,384750,12.0,0.0,0.45056120886630463,86100.0,7200.0,6.0,12.0,0.0,-0.0,111750.0,9000.0,7.0,0.0,0.0,0.0,-0.45056120886630463,25650.0,29.790940766550523,persistent
Liverpool,Liverpool_343000_385000,343000,385000,14.0,0.0,0.509137344082687,141150.0,8350.0,3.0,13.0,0.0,0.7937300551584247,181100.0,11500.0,9.0,-1.0,-7.142857142857142,0.0,0.2845927110757377,39950.0,28.30322352107687,declined
Liverpool,Liverpool_343000_385500,343000,385500,1.0,,-0.0,11000.0,11000.0,0.0,1.0,,-0.0,13750.0,13750.0,0.0,0.0,0.0,,0.0,2750.0,25.0,persistent
Liverpool,Liverpool_343000_386250,343000,386250,10.0,0.0,0.3250829733914482,44500.0,3850.0,4.0,9.0,0.0,0.6837389058487535,75700.0,6300.0,5.0,-1.0,-10.0,0.0,0.3586559324573053,31200.0,70.11235955056179,declined
Liverpool,Liverpool_343000_387750,343000,387750,8.0,,0.7356219397587946,9100.0,9100.0,0.0,2.0,0.0,0.6931471805599453,19000.0,9500.0,2.0,-6.0,-75.0,,-0.042474759198849354,9900.0,108.79120879120879,declined
Liverpool,Liverpool_343000_388250,343000,388250,6.0,0.0,0.45056120886630463,67250.0,11250.0,3.0,6.0,0.0,0.45056120886630463,56250.0,9450.0,6.0,0.0,0.0,0.0,0.0,-11000.0,-16.356877323420075,persistent
Liverpool,Liverpool_343000_388500,343000,388500,1.0,,-0.0,76000.0,76000.0,0.0,1.0,0.0,-0.0,88500.0,88500.0,1.0,0.0,0.0,,0.0,12500.0,16.447368421052634,persistent
Liverpool,Liverpool_343250_382500,343250,382500,1.0,,-0.0,,,0.0,0.0,,,,,,-1.0,-100.0,,,,,disappeared
Liverpool,Liverpool_343250_382750,343250,382750,6.0,0.0,-0.0,9175.0,1675.0,4.0,6.0,0.4,-0.0,,,5.0,0.0,0.0,40.0,0.0,,,persistent
Liverpool,Liverpool_343250_383000,343250,383000,5.0,0.0,-0.0,7850.0,1925.0,3.0,3.0,0.0,-0.0,16750.0,4100.0,3.0,-2.0,-40.0,0.0,0.0,8900.0,113.37579617834395,declined
Liverpool,Liverpool_343250_384000,343250,384000,3.0,,0.6365141682948128,10000.0,5000.0,0.0,2.0,0.0,-0.0,5600.0,5600.0,2.0,-1.0,-33.33333333333333,,-0.6365141682948128,-4400.0,-44.0,declined
Liverpool,Liverpool_343250_385000,343250,385000,5.0,1.0,0.9502705392332347,49300.0,10450.0,1.0,4.0,0.0,1.0397207708399179,71000.0,17750.0,1.0,-1.0,-20.0,-100.0,0.0894502316066832,21700.0,44.01622718052739,declined
Liverpool,Liverpool_343250_385250,343250,385250,1.0,,-0.0,14250.0,14250.0,0.0,1.0,,-0.0,17250.0,17250.0,0.0,0.0,0.0,,0.0,3000.0,21.052631578947366,persistent
Liverpool,Liverpool_343250_386500,343250,386500,2.0,,0.6931471805599453,37650.0,18825.0,0.0,2.0,0.0,0.6931471805599453,58350.0,29175.0,2.0,0.0,0.0,,0.0,20700.0,54.980079681274894,persistent
Liverpool,Liverpool_343250_388250,343250,388250,2.0,0.0,0.6931471805599453,31100.0,15550.0,1.0,2.0,0.0,-0.0,290900.0,145450.0,1.0,0.0,0.0,0.0,-0.6931471805599453,259800.0,835.3697749196142,persistent
Liverpool,Liverpool_343250_388750,343250,388750,3.0,,-0.0,6450.0,3225.0,0.0,2.0,0.0,-0.0,14300.0,7150.0,2.0,-1.0,-33.33333333333333,,0.0,7850.0,121.70542635658914,declined
Liverpool,Liverpool_343500_382750,343500,382750,1.0,0.0,-0.0,21250.0,21250.0,1.0,1.0,,-0.0,20500.0,20500.0,0.0,0.0,0.0,,0.0,-750.0,-3.5294117647058822,persistent
Liverpool,Liverpool_343500_384000,343500,384000,27.0,0.0,0.4709001279172663,171560.0,4000.0,12.0,25.0,0.0,0.49875846591288275,183650.0,5200.0,15.0,-2.0,-7.4074074074074066,0.0,0.027858337995616433,12090.0,7.0470972254604805,declined
Liverpool,Liverpool_344000_382750,344000,382750,7.0,0.0,0.410116318288409,43800.0,5600.0,3.0,6.0,0.3333333333333333,0.45056120886630463,48725.0,6350.0,3.0,-1.0,-14.285714285714285,33.33333333333333,0.04044489057789563,4925.0,11.244292237442922,declined
Liverpool,Liverpool_344000_383250,344000,383250,17.0,0.5,0.6774944044487072,2549250.0,15500.0,2.0,17.0,0.0,0.649248354870898,2237500.0,22500.0,13.0,0.0,0.0,-50.0,-0.028246049577809185,-311750.0,-12.22908698636854,persistent
Liverpool,Liverpool_344000_388000,344000,388000,6.0,,-0.0,18075.0,2637.5,0.0,6.0,0.0,-0.0,36600.0,5500.0,2.0,0.0,0.0,,0.0,18525.0,102.48962655601659,persistent
Liverpool,Liverpool_344000_388500,344000,388500,12.0,0.0,-0.0,34625.0,4100.0,3.0,10.0,0.125,-0.0,51750.0,5900.0,8.0,-2.0,-16.666666666666664,12.5,0.0,17125.0,49.458483754512635,declined
Liverpool,Liverpool_344250_383250,344250,383250,1.0,,-0.0,,,0.0,0.0,,,,,,-1.0,-100.0,,,,,disappeared
Liverpool,Liverpool_344250_388500,344250,388500,1.0,,-0.0,5300.0,5300.0,0.0,0.0,,,,,,-1.0,-100.0,,,,,disappeared
Liverpool,Liverpool_344750_382750,344750,382750,1.0,0.0,-0.0,3150.0,3150.0,1.0,1.0,,-0.0,5500.0,5500.0,0.0,0.0,0.0,,0.0,2350.0,74.60317460317461,persistent
Liverpool,Liverpool_344750_383250,344750,383250,5.0,0.0,0.5004024235381879,26650.0,2550.0,1.0,4.0,0.0,0.5623351446188083,18900.0,3975.0,3.0,-1.0,-20.0,0.0,0.06193272108062042,-7750.0,-29.080675422138835,declined
Liverpool,Liverpool_345000_383000,345000,383000,16.0,0.2,-0.0,37625.0,2275.0,5.0,14.0,0.125,-0.0,68250.0,4100.0,8.0,-2.0,-12.5,-7.500000000000001,0.0,30625.0,81.3953488372093,declined
Liverpool,Liverpool_345000_387500,345000,387500,8.0,0.0,-0.0,11400.0,2325.0,2.0,5.0,0.0,-0.0,22800.0,4650.0,5.0,-3.0,-37.5,0.0,0.0,11400.0,100.0,declined
Liverpool,Liverpool_345250_383500,345250,383500,1.0,0.0,-0.0,14500.0,14500.0,1.0,1.0,,-0.0,16500.0,16500.0,0.0,0.0,0.0,,0.0,2000.0,13.793103448275861,persistent
Liverpool,Liverpool_334500_388500,334500,388500,0.0,,,,,,1.0,,-0.0,41500.0,41500.0,0.0,1.0,,,,,,emerged
Liverpool,Liverpool_336000_389500,336000,389500,0.0,,,,,,1.0,0.0,-0.0,27750.0,27750.0,1.0,1.0,,,,,,emerged
Liverpool,Liverpool_336000_393250,336000,393250,0.0,,,,,,1.0,0.0,-0.0,19000.0,19000.0,1.0,1.0,,,,,,emerged
Liverpool,Liverpool_336750_397500,336750,397500,0.0,,,,,,1.0,0.0,-0.0,13500.0,13500.0,1.0,1.0,,,,,,emerged
Liverpool,Liverpool_337500_391250,337500,391250,0.0,,,,,,1.0,0.0,-0.0,4500.0,4500.0,1.0,1.0,,,,,,emerged
Liverpool,Liverpool_338250_391750,338250,391750,0.0,,,,,,1.0,0.0,-0.0,,,1.0,1.0,,,,,,emerged
Liverpool,Liverpool_338750_397500,338750,397500,0.0,,,,,,1.0,0.0,-0.0,9200.0,9200.0,1.0,1.0,,,,,,emerged
Liverpool,Liverpool_339250_389000,339250,389000,0.0,,,,,,1.0,,-0.0,16500.0,16500.0,0.0,1.0,,,,,,emerged
Liverpool,Liverpool_340250_391750,340250,391750,0.0,,,,,,3.0,0.0,0.6365141682948128,100500.0,37750.0,3.0,3.0,,,,,,emerged
Liverpool,Liverpool_342500_389000,342500,389000,0.0,,,,,,1.0,1.0,-0.0,4600.0,4600.0,1.0,1.0,,,,,,emerged
Liverpool,Liverpool_342750_383750,342750,383750,0.0,,,,,,4.0,0.0,0.5623351446188083,760000.0,169500.0,1.0,4.0,,,,,,emerged
Liverpool,Liverpool_344000_383000,344000,383000,0.0,,,,,,1.0,0.0,-0.0,37000.0,37000.0,1.0,1.0,,,,,,emerged
