"city","year","grid_id","grid_x","grid_y","retail_records","occupied_count","vacant_count","unknown_count","known_occupation_count","vacancy_rate"
"Birmingham",2016,"Birmingham_4e+05_276250",4e+05,276250,1,1,0,0,1,0
"Birmingham",2019,"Birmingham_4e+05_276250",4e+05,276250,1,1,0,0,1,0
"Birmingham",2022,"Birmingham_4e+05_276250",4e+05,276250,1,1,0,0,1,0
"Birmingham",2025,"Birmingham_4e+05_276250",4e+05,276250,1,0,0,1,0,NA
"Birmingham",2016,"Birmingham_400500_276250",400500,276250,1,1,0,0,1,0
"Birmingham",2019,"Birmingham_400500_276250",400500,276250,1,1,0,0,1,0
"Birmingham",2022,"Birmingham_400500_276250",400500,276250,1,1,0,0,1,0
"Birmingham",2025,"Birmingham_400500_276250",400500,276250,1,1,0,0,1,0
"Birmingham",2016,"Birmingham_399250_276750",399250,276750,1,1,0,0,1,0
"Birmingham",2019,"Birmingham_399250_276750",399250,276750,1,0,0,1,0,NA
"Birmingham",2022,"Birmingham_399250_276750",399250,276750,1,0,0,1,0,NA
"Birmingham",2025,"Birmingham_399250_276750",399250,276750,1,0,0,1,0,NA
"Birmingham",2016,"Birmingham_399750_276750",399750,276750,14,6,0,8,6,0
"Birmingham",2019,"Birmingham_399750_276750",399750,276750,12,7,2,3,9,0.222222222222222
"Birmingham",2022,"Birmingham_399750_276750",399750,276750,12,9,0,3,9,0
"Birmingham",2025,"Birmingham_399750_276750",399750,276750,12,8,0,4,8,0
"Birmingham",2016,"Birmingham_4e+05_276750",4e+05,276750,8,5,0,3,5,0
"Birmingham",2019,"Birmingham_4e+05_276750",4e+05,276750,8,8,0,0,8,0
"Birmingham",2022,"Birmingham_4e+05_276750",4e+05,276750,8,6,1,1,7,0.142857142857143
"Birmingham",2025,"Birmingham_4e+05_276750",4e+05,276750,8,4,1,3,5,0.2
"Birmingham",2016,"Birmingham_401500_276750",401500,276750,5,3,0,2,3,0
"Birmingham",2019,"Birmingham_401500_276750",401500,276750,3,3,0,0,3,0
"Birmingham",2022,"Birmingham_401500_276750",401500,276750,4,4,0,0,4,0
"Birmingham",2025,"Birmingham_401500_276750",401500,276750,5,1,0,4,1,0
"Birmingham",2016,"Birmingham_402000_276750",402000,276750,1,1,0,0,1,0
"Birmingham",2019,"Birmingham_402000_276750",402000,276750,1,1,0,0,1,0
"Birmingham",2022,"Birmingham_402000_276750",402000,276750,1,1,0,0,1,0
"Birmingham",2016,"Birmingham_402750_276750",402750,276750,1,1,0,0,1,0
"Birmingham",2019,"Birmingham_402750_276750",402750,276750,1,1,0,0,1,0
"Birmingham",2022,"Birmingham_402750_276750",402750,276750,1,1,0,0,1,0
"Birmingham",2025,"Birmingham_402750_276750",402750,276750,1,1,0,0,1,0
"Birmingham",2016,"Birmingham_400500_277000",400500,277000,1,0,0,1,0,NA
"Birmingham",2019,"Birmingham_400500_277000",400500,277000,1,1,0,0,1,0
"Birmingham",2022,"Birmingham_400500_277000",400500,277000,1,0,1,0,1,1
"Birmingham",2025,"Birmingham_400500_277000",400500,277000,1,0,1,0,1,1
"Birmingham",2016,"Birmingham_401500_277000",401500,277000,3,1,0,2,1,0
"Birmingham",2019,"Birmingham_401500_277000",401500,277000,3,2,0,1,2,0
"Birmingham",2022,"Birmingham_401500_277000",401500,277000,2,2,0,0,2,0
"Birmingham",2025,"Birmingham_401500_277000",401500,277000,2,1,0,1,1,0
"Birmingham",2016,"Birmingham_402250_277000",402250,277000,4,3,0,1,3,0
"Birmingham",2019,"Birmingham_402250_277000",402250,277000,3,2,0,1,2,0
"Birmingham",2022,"Birmingham_402250_277000",402250,277000,3,2,0,1,2,0
"Birmingham",2025,"Birmingham_402250_277000",402250,277000,3,2,0,1,2,0
"Birmingham",2016,"Birmingham_403750_277000",403750,277000,1,0,0,1,0,NA
"Birmingham",2019,"Birmingham_403750_277000",403750,277000,1,1,0,0,1,0
"Birmingham",2022,"Birmingham_403750_277000",403750,277000,1,1,0,0,1,0
"Birmingham",2025,"Birmingham_403750_277000",403750,277000,1,0,0,1,0,NA
"Birmingham",2016,"Birmingham_399000_277250",399000,277250,2,1,0,1,1,0
"Birmingham",2019,"Birmingham_399000_277250",399000,277250,1,1,0,0,1,0
"Birmingham",2022,"Birmingham_399000_277250",399000,277250,1,1,0,0,1,0
"Birmingham",2025,"Birmingham_399000_277250",399000,277250,1,1,0,0,1,0
"Birmingham",2016,"Birmingham_399250_277250",399250,277250,4,4,0,0,4,0
"Birmingham",2019,"Birmingham_399250_277250",399250,277250,4,4,0,0,4,0
"Birmingham",2022,"Birmingham_399250_277250",399250,277250,4,3,1,0,4,0.25
"Birmingham",2025,"Birmingham_399250_277250",399250,277250,4,3,1,0,4,0.25
"Birmingham",2016,"Birmingham_4e+05_277250",4e+05,277250,1,1,0,0,1,0
"Birmingham",2019,"Birmingham_4e+05_277250",4e+05,277250,1,1,0,0,1,0
"Birmingham",2022,"Birmingham_4e+05_277250",4e+05,277250,2,2,0,0,2,0
"Birmingham",2025,"Birmingham_4e+05_277250",4e+05,277250,2,1,0,1,1,0
"Birmingham",2016,"Birmingham_400500_277250",400500,277250,9,6,1,2,7,0.142857142857143
"Birmingham",2019,"Birmingham_400500_277250",400500,277250,7,6,0,1,6,0
"Birmingham",2022,"Birmingham_400500_277250",400500,277250,7,6,0,1,6,0
"Birmingham",2025,"Birmingham_400500_277250",400500,277250,7,6,0,1,6,0
"Birmingham",2019,"Birmingham_400750_277250",400750,277250,3,2,0,1,2,0
"Birmingham",2022,"Birmingham_400750_277250",400750,277250,4,1,0,3,1,0
"Birmingham",2025,"Birmingham_400750_277250",400750,277250,4,1,0,3,1,0
"Birmingham",2016,"Birmingham_401000_277250",401000,277250,24,9,3,12,12,0.25
"Birmingham",2019,"Birmingham_401000_277250",401000,277250,29,24,3,2,27,0.111111111111111
"Birmingham",2022,"Birmingham_401000_277250",401000,277250,32,24,4,4,28,0.142857142857143
"Birmingham",2025,"Birmingham_401000_277250",401000,277250,26,17,0,9,17,0
"Birmingham",2016,"Birmingham_401250_277250",401250,277250,11,6,0,5,6,0
"Birmingham",2019,"Birmingham_401250_277250",401250,277250,9,9,0,0,9,0
"Birmingham",2022,"Birmingham_401250_277250",401250,277250,10,9,0,1,9,0
"Birmingham",2025,"Birmingham_401250_277250",401250,277250,10,7,0,3,7,0
"Birmingham",2016,"Birmingham_401500_277250",401500,277250,4,2,0,2,2,0
"Birmingham",2019,"Birmingham_401500_277250",401500,277250,3,3,0,0,3,0
"Birmingham",2022,"Birmingham_401500_277250",401500,277250,3,2,0,1,2,0
"Birmingham",2025,"Birmingham_401500_277250",401500,277250,3,1,0,2,1,0
"Birmingham",2016,"Birmingham_401750_277250",401750,277250,1,0,0,1,0,NA
"Birmingham",2019,"Birmingham_401750_277250",401750,277250,1,1,0,0,1,0
"Birmingham",2022,"Birmingham_401750_277250",401750,277250,1,1,0,0,1,0
"Birmingham",2025,"Birmingham_401750_277250",401750,277250,1,1,0,0,1,0
"Birmingham",2016,"Birmingham_402750_277250",402750,277250,1,1,0,0,1,0
"Birmingham",2019,"Birmingham_402750_277250",402750,277250,1,1,0,0,1,0
"Birmingham",2022,"Birmingham_402750_277250",402750,277250,1,1,0,0,1,0
"Birmingham",2016,"Birmingham_403000_277250",403000,277250,1,1,0,0,1,0
"Birmingham",2019,"Birmingham_403000_277250",403000,277250,1,1,0,0,1,0
"Birmingham",2022,"Birmingham_403000_277250",403000,277250,1,1,0,0,1,0
"Birmingham",2025,"Birmingham_403000_277250",403000,277250,1,1,0,0,1,0
"Birmingham",2016,"Birmingham_403750_277250",403750,277250,1,1,0,0,1,0
"Birmingham",2019,"Birmingham_403750_277250",403750,277250,1,1,0,0,1,0
"Birmingham",2022,"Birmingham_403750_277250",403750,277250,1,0,0,1,0,NA
"Birmingham",2025,"Birmingham_403750_277250",403750,277250,1,0,0,1,0,NA
"Birmingham",2016,"Birmingham_404250_277250",404250,277250,10,5,1,4,6,0.166666666666667
"Birmingham",2019,"Birmingham_404250_277250",404250,277250,9,8,1,0,9,0.111111111111111
"Birmingham",2022,"Birmingham_404250_277250",404250,277250,10,10,0,0,10,0
"Birmingham",2025,"Birmingham_404250_277250",404250,277250,8,6,0,2,6,0
"Birmingham",2016,"Birmingham_398750_277500",398750,277500,1,1,0,0,1,0
"Birmingham",2019,"Birmingham_398750_277500",398750,277500,1,1,0,0,1,0
"Birmingham",2022,"Birmingham_398750_277500",398750,277500,1,1,0,0,1,0
"Birmingham",2025,"Birmingham_398750_277500",398750,277500,1,0,0,1,0,NA
"Birmingham",2016,"Birmingham_399250_277500",399250,277500,2,1,0,1,1,0
"Birmingham",2019,"Birmingham_399250_277500",399250,277500,2,2,0,0,2,0
"Birmingham",2022,"Birmingham_399250_277500",399250,277500,2,2,0,0,2,0
"Birmingham",2025,"Birmingham_399250_277500",399250,277500,2,1,0,1,1,0
"Birmingham",2016,"Birmingham_399500_277500",399500,277500,3,1,0,2,1,0
"Birmingham",2019,"Birmingham_399500_277500",399500,277500,3,3,0,0,3,0
"Birmingham",2022,"Birmingham_399500_277500",399500,277500,3,3,0,0,3,0
"Birmingham",2025,"Birmingham_399500_277500",399500,277500,3,2,0,1,2,0
"Birmingham",2016,"Birmingham_4e+05_277500",4e+05,277500,9,5,0,4,5,0
"Birmingham",2019,"Birmingham_4e+05_277500",4e+05,277500,7,7,0,0,7,0
"Birmingham",2022,"Birmingham_4e+05_277500",4e+05,277500,8,6,1,1,7,0.142857142857143
"Birmingham",2025,"Birmingham_4e+05_277500",4e+05,277500,7,4,1,2,5,0.2
"Birmingham",2016,"Birmingham_400250_277500",400250,277500,22,12,1,9,13,0.0769230769230769
"Birmingham",2019,"Birmingham_400250_277500",400250,277500,19,17,0,2,17,0
"Birmingham",2022,"Birmingham_400250_277500",400250,277500,20,14,2,4,16,0.125
"Birmingham",2025,"Birmingham_400250_277500",400250,277500,19,8,1,10,9,0.111111111111111
"Birmingham",2016,"Birmingham_401250_277500",401250,277500,8,1,0,7,1,0
"Birmingham",2019,"Birmingham_401250_277500",401250,277500,6,5,0,1,5,0
"Birmingham",2022,"Birmingham_401250_277500",401250,277500,6,2,0,4,2,0
"Birmingham",2025,"Birmingham_401250_277500",401250,277500,5,0,0,5,0,NA
"Birmingham",2016,"Birmingham_402250_277500",402250,277500,20,5,3,12,8,0.375
"Birmingham",2019,"Birmingham_402250_277500",402250,277500,17,10,6,1,16,0.375
"Birmingham",2022,"Birmingham_402250_277500",402250,277500,17,17,0,0,17,0
"Birmingham",2025,"Birmingham_402250_277500",402250,277500,17,7,0,10,7,0
"Birmingham",2016,"Birmingham_402750_277500",402750,277500,1,1,0,0,1,0
"Birmingham",2019,"Birmingham_402750_277500",402750,277500,1,1,0,0,1,0
"Birmingham",2022,"Birmingham_402750_277500",402750,277500,1,1,0,0,1,0
"Birmingham",2025,"Birmingham_402750_277500",402750,277500,1,1,0,0,1,0
"Birmingham",2016,"Birmingham_403500_277500",403500,277500,10,6,0,4,6,0
"Birmingham",2019,"Birmingham_403500_277500",403500,277500,9,9,0,0,9,0
"Birmingham",2022,"Birmingham_403500_277500",403500,277500,9,8,0,1,8,0
"Birmingham",2025,"Birmingham_403500_277500",403500,277500,9,4,0,5,4,0
"Birmingham",2016,"Birmingham_404750_277500",404750,277500,1,1,0,0,1,0
"Birmingham",2019,"Birmingham_404750_277500",404750,277500,1,1,0,0,1,0
"Birmingham",2022,"Birmingham_404750_277500",404750,277500,1,1,0,0,1,0
"Birmingham",2025,"Birmingham_404750_277500",404750,277500,1,1,0,0,1,0
"Birmingham",2016,"Birmingham_399500_277750",399500,277750,1,0,0,1,0,NA
"Birmingham",2019,"Birmingham_399500_277750",399500,277750,1,1,0,0,1,0
"Birmingham",2022,"Birmingham_399500_277750",399500,277750,1,1,0,0,1,0
"Birmingham",2025,"Birmingham_399500_277750",399500,277750,1,1,0,0,1,0
"Birmingham",2016,"Birmingham_400750_277750",400750,277750,1,1,0,0,1,0
"Birmingham",2019,"Birmingham_400750_277750",400750,277750,1,1,0,0,1,0
"Birmingham",2022,"Birmingham_400750_277750",400750,277750,1,1,0,0,1,0
"Birmingham",2025,"Birmingham_400750_277750",400750,277750,1,1,0,0,1,0
"Birmingham",2016,"Birmingham_401000_277750",401000,277750,4,4,0,0,4,0
"Birmingham",2019,"Birmingham_401000_277750",401000,277750,4,4,0,0,4,0
"Birmingham",2022,"Birmingham_401000_277750",401000,277750,5,3,1,1,4,0.25
"Birmingham",2025,"Birmingham_401000_277750",401000,277750,4,3,0,1,3,0
"Birmingham",2016,"Birmingham_401250_277750",401250,277750,1,1,0,0,1,0
"Birmingham",2019,"Birmingham_401250_277750",401250,277750,1,1,0,0,1,0
"Birmingham",2022,"Birmingham_401250_277750",401250,277750,2,2,0,0,2,0
"Birmingham",2025,"Birmingham_401250_277750",401250,277750,1,1,0,0,1,0
"Birmingham",2016,"Birmingham_401500_277750",401500,277750,1,0,0,1,0,NA
"Birmingham",2016,"Birmingham_402250_277750",402250,277750,2,0,2,0,2,1
"Birmingham",2019,"Birmingham_402250_277750",402250,277750,2,1,1,0,2,0.5
"Birmingham",2022,"Birmingham_402250_277750",402250,277750,2,0,1,1,1,1
"Birmingham",2025,"Birmingham_402250_277750",402250,277750,2,0,0,2,0,NA
"Birmingham",2016,"Birmingham_402500_277750",402500,277750,2,1,0,1,1,0
"Birmingham",2019,"Birmingham_402500_277750",402500,277750,2,2,0,0,2,0
"Birmingham",2022,"Birmingham_402500_277750",402500,277750,2,2,0,0,2,0
"Birmingham",2025,"Birmingham_402500_277750",402500,277750,2,0,0,2,0,NA
"Birmingham",2016,"Birmingham_402750_277750",402750,277750,33,17,2,14,19,0.105263157894737
"Birmingham",2019,"Birmingham_402750_277750",402750,277750,29,25,2,2,27,0.0740740740740741
"Birmingham",2022,"Birmingham_402750_277750",402750,277750,29,26,0,3,26,0
"Birmingham",2025,"Birmingham_402750_277750",402750,277750,27,15,0,12,15,0
"Birmingham",2016,"Birmingham_403500_277750",403500,277750,1,1,0,0,1,0
"Birmingham",2019,"Birmingham_403500_277750",403500,277750,1,1,0,0,1,0
"Birmingham",2022,"Birmingham_403500_277750",403500,277750,4,1,0,3,1,0
"Birmingham",2025,"Birmingham_403500_277750",403500,277750,3,1,0,2,1,0
"Birmingham",2016,"Birmingham_403750_277750",403750,277750,2,1,0,1,1,0
"Birmingham",2019,"Birmingham_403750_277750",403750,277750,2,2,0,0,2,0
"Birmingham",2022,"Birmingham_403750_277750",403750,277750,4,3,0,1,3,0
"Birmingham",2025,"Birmingham_403750_277750",403750,277750,3,1,0,2,1,0
"Birmingham",2016,"Birmingham_404250_277750",404250,277750,6,0,0,6,0,NA
"Birmingham",2019,"Birmingham_404250_277750",404250,277750,1,1,0,0,1,0
"Birmingham",2022,"Birmingham_404250_277750",404250,277750,2,2,0,0,2,0
"Birmingham",2025,"Birmingham_404250_277750",404250,277750,1,1,0,0,1,0
"Birmingham",2016,"Birmingham_398750_278000",398750,278000,1,0,1,0,1,1
"Birmingham",2019,"Birmingham_398750_278000",398750,278000,1,1,0,0,1,0
"Birmingham",2022,"Birmingham_398750_278000",398750,278000,1,1,0,0,1,0
"Birmingham",2016,"Birmingham_399250_278000",399250,278000,1,0,0,1,0,NA
"Birmingham",2016,"Birmingham_402000_278000",402000,278000,1,0,0,1,0,NA
"Birmingham",2019,"Birmingham_402000_278000",402000,278000,1,1,0,0,1,0
"Birmingham",2022,"Birmingham_402000_278000",402000,278000,1,1,0,0,1,0
"Birmingham",2025,"Birmingham_402000_278000",402000,278000,1,0,0,1,0,NA
"Birmingham",2016,"Birmingham_402750_278000",402750,278000,9,2,5,2,7,0.714285714285714
"Birmingham",2022,"Birmingham_402750_278000",402750,278000,9,3,6,0,9,0.666666666666667
"Birmingham",2016,"Birmingham_403500_278000",403500,278000,1,0,0,1,0,NA
"Birmingham",2019,"Birmingham_403500_278000",403500,278000,1,1,0,0,1,0
"Birmingham",2022,"Birmingham_403500_278000",403500,278000,1,1,0,0,1,0
"Birmingham",2025,"Birmingham_403500_278000",403500,278000,1,1,0,0,1,0
"Birmingham",2016,"Birmingham_405000_278000",405000,278000,13,8,2,3,10,0.2
"Birmingham",2019,"Birmingham_405000_278000",405000,278000,13,9,2,2,11,0.181818181818182
"Birmingham",2022,"Birmingham_405000_278000",405000,278000,13,7,1,5,8,0.125
"Birmingham",2025,"Birmingham_405000_278000",405000,278000,13,6,0,7,6,0
"Birmingham",2016,"Birmingham_398250_278250",398250,278250,3,3,0,0,3,0
"Birmingham",2019,"Birmingham_398250_278250",398250,278250,3,2,1,0,3,0.333333333333333
"Birmingham",2022,"Birmingham_398250_278250",398250,278250,3,2,1,0,3,0.333333333333333
"Birmingham",2025,"Birmingham_398250_278250",398250,278250,3,0,0,3,0,NA
"Birmingham",2016,"Birmingham_398750_278250",398750,278250,11,7,0,4,7,0
"Birmingham",2019,"Birmingham_398750_278250",398750,278250,10,10,0,0,10,0
"Birmingham",2022,"Birmingham_398750_278250",398750,278250,10,9,1,0,10,0.1
"Birmingham",2025,"Birmingham_398750_278250",398750,278250,10,5,0,5,5,0
"Birmingham",2016,"Birmingham_399750_278250",399750,278250,1,1,0,0,1,0
"Birmingham",2019,"Birmingham_399750_278250",399750,278250,1,1,0,0,1,0
"Birmingham",2022,"Birmingham_399750_278250",399750,278250,1,1,0,0,1,0
"Birmingham",2025,"Birmingham_399750_278250",399750,278250,1,0,0,1,0,NA
"Birmingham",2016,"Birmingham_4e+05_278250",4e+05,278250,2,1,0,1,1,0
"Birmingham",2019,"Birmingham_4e+05_278250",4e+05,278250,1,1,0,0,1,0
"Birmingham",2022,"Birmingham_4e+05_278250",4e+05,278250,1,1,0,0,1,0
"Birmingham",2025,"Birmingham_4e+05_278250",4e+05,278250,1,0,0,1,0,NA
"Birmingham",2016,"Birmingham_401250_278250",401250,278250,18,10,0,8,10,0
"Birmingham",2019,"Birmingham_401250_278250",401250,278250,17,14,2,1,16,0.125
"Birmingham",2022,"Birmingham_401250_278250",401250,278250,17,14,1,2,15,0.0666666666666667
"Birmingham",2025,"Birmingham_401250_278250",401250,278250,16,9,0,7,9,0
"Birmingham",2016,"Birmingham_401750_278250",401750,278250,1,0,0,1,0,NA
"Birmingham",2019,"Birmingham_401750_278250",401750,278250,1,1,0,0,1,0
"Birmingham",2022,"Birmingham_401750_278250",401750,278250,1,1,0,0,1,0
"Birmingham",2025,"Birmingham_401750_278250",401750,278250,1,0,0,1,0,NA
"Birmingham",2016,"Birmingham_402000_278250",402000,278250,5,4,1,0,5,0.2
"Birmingham",2019,"Birmingham_402000_278250",402000,278250,5,4,0,1,4,0
"Birmingham",2022,"Birmingham_402000_278250",402000,278250,5,3,0,2,3,0
"Birmingham",2025,"Birmingham_402000_278250",402000,278250,5,1,0,4,1,0
"Birmingham",2016,"Birmingham_402250_278250",402250,278250,4,3,0,1,3,0
"Birmingham",2019,"Birmingham_402250_278250",402250,278250,4,4,0,0,4,0
"Birmingham",2022,"Birmingham_402250_278250",402250,278250,4,3,0,1,3,0
"Birmingham",2025,"Birmingham_402250_278250",402250,278250,4,2,0,2,2,0
"Birmingham",2019,"Birmingham_405000_278250",405000,278250,1,1,0,0,1,0
"Birmingham",2022,"Birmingham_405000_278250",405000,278250,1,1,0,0,1,0
"Birmingham",2025,"Birmingham_405000_278250",405000,278250,1,1,0,0,1,0
"Birmingham",2016,"Birmingham_405500_278250",405500,278250,1,0,0,1,0,NA
"Birmingham",2019,"Birmingham_405500_278250",405500,278250,1,1,0,0,1,0
"Birmingham",2022,"Birmingham_405500_278250",405500,278250,1,1,0,0,1,0
"Birmingham",2025,"Birmingham_405500_278250",405500,278250,1,1,0,0,1,0
"Birmingham",2016,"Birmingham_407000_278250",407000,278250,1,1,0,0,1,0
"Birmingham",2019,"Birmingham_407000_278250",407000,278250,1,1,0,0,1,0
"Birmingham",2022,"Birmingham_407000_278250",407000,278250,1,1,0,0,1,0
"Birmingham",2025,"Birmingham_407000_278250",407000,278250,1,1,0,0,1,0
"Birmingham",2016,"Birmingham_407750_278250",407750,278250,3,2,0,1,2,0
"Birmingham",2019,"Birmingham_407750_278250",407750,278250,2,2,0,0,2,0
"Birmingham",2022,"Birmingham_407750_278250",407750,278250,2,2,0,0,2,0
"Birmingham",2025,"Birmingham_407750_278250",407750,278250,1,1,0,0,1,0
"Birmingham",2016,"Birmingham_400500_278500",400500,278500,3,2,0,1,2,0
"Birmingham",2019,"Birmingham_400500_278500",400500,278500,3,3,0,0,3,0
"Birmingham",2022,"Birmingham_400500_278500",400500,278500,3,2,0,1,2,0
"Birmingham",2025,"Birmingham_400500_278500",400500,278500,3,2,0,1,2,0
"Birmingham",2016,"Birmingham_401500_278500",401500,278500,35,23,2,10,25,0.08
"Birmingham",2019,"Birmingham_401500_278500",401500,278500,31,28,1,2,29,0.0344827586206897
"Birmingham",2022,"Birmingham_401500_278500",401500,278500,31,21,3,7,24,0.125
"Birmingham",2025,"Birmingham_401500_278500",401500,278500,31,13,0,18,13,0
"Birmingham",2016,"Birmingham_403750_278500",403750,278500,4,3,0,1,3,0
"Birmingham",2019,"Birmingham_403750_278500",403750,278500,4,3,0,1,3,0
"Birmingham",2022,"Birmingham_403750_278500",403750,278500,4,2,1,1,3,0.333333333333333
"Birmingham",2025,"Birmingham_403750_278500",403750,278500,4,1,0,3,1,0
"Birmingham",2016,"Birmingham_404750_278500",404750,278500,2,1,0,1,1,0
"Birmingham",2019,"Birmingham_404750_278500",404750,278500,3,2,0,1,2,0
"Birmingham",2022,"Birmingham_404750_278500",404750,278500,2,1,0,1,1,0
"Birmingham",2025,"Birmingham_404750_278500",404750,278500,1,0,0,1,0,NA
"Birmingham",2016,"Birmingham_406250_278500",406250,278500,1,0,0,1,0,NA
"Birmingham",2019,"Birmingham_406250_278500",406250,278500,1,1,0,0,1,0
"Birmingham",2022,"Birmingham_406250_278500",406250,278500,1,1,0,0,1,0
"Birmingham",2025,"Birmingham_406250_278500",406250,278500,1,1,0,0,1,0
"Birmingham",2016,"Birmingham_406750_278500",406750,278500,8,6,0,2,6,0
"Birmingham",2019,"Birmingham_406750_278500",406750,278500,6,6,0,0,6,0
"Birmingham",2022,"Birmingham_406750_278500",406750,278500,7,6,0,1,6,0
"Birmingham",2025,"Birmingham_406750_278500",406750,278500,6,5,0,1,5,0
"Birmingham",2016,"Birmingham_407250_278500",407250,278500,1,1,0,0,1,0
"Birmingham",2019,"Birmingham_407250_278500",407250,278500,1,1,0,0,1,0
"Birmingham",2022,"Birmingham_407250_278500",407250,278500,1,1,0,0,1,0
"Birmingham",2019,"Birmingham_407500_278500",407500,278500,1,0,0,1,0,NA
"Birmingham",2022,"Birmingham_407500_278500",407500,278500,1,1,0,0,1,0
"Birmingham",2025,"Birmingham_407500_278500",407500,278500,1,1,0,0,1,0
"Birmingham",2016,"Birmingham_407750_278500",407750,278500,23,11,0,12,11,0
"Birmingham",2019,"Birmingham_407750_278500",407750,278500,27,20,0,7,20,0
"Birmingham",2022,"Birmingham_407750_278500",407750,278500,29,22,0,7,22,0
"Birmingham",2025,"Birmingham_407750_278500",407750,278500,26,15,0,11,15,0
"Birmingham",2016,"Birmingham_408250_278500",408250,278500,7,4,0,3,4,0
"Birmingham",2019,"Birmingham_408250_278500",408250,278500,7,6,0,1,6,0
"Birmingham",2022,"Birmingham_408250_278500",408250,278500,7,5,0,2,5,0
"Birmingham",2025,"Birmingham_408250_278500",408250,278500,7,2,0,5,2,0
"Birmingham",2016,"Birmingham_399250_278750",399250,278750,1,1,0,0,1,0
"Birmingham",2019,"Birmingham_399250_278750",399250,278750,1,1,0,0,1,0
"Birmingham",2022,"Birmingham_399250_278750",399250,278750,1,0,0,1,0,NA
"Birmingham",2025,"Birmingham_399250_278750",399250,278750,1,0,0,1,0,NA
"Birmingham",2016,"Birmingham_399750_278750",399750,278750,4,3,0,1,3,0
"Birmingham",2019,"Birmingham_399750_278750",399750,278750,4,4,0,0,4,0
"Birmingham",2022,"Birmingham_399750_278750",399750,278750,4,4,0,0,4,0
"Birmingham",2025,"Birmingham_399750_278750",399750,278750,4,3,0,1,3,0
"Birmingham",2016,"Birmingham_400250_278750",400250,278750,13,6,1,6,7,0.142857142857143
"Birmingham",2019,"Birmingham_400250_278750",400250,278750,10,8,1,1,9,0.111111111111111
"Birmingham",2022,"Birmingham_400250_278750",400250,278750,10,8,1,1,9,0.111111111111111
"Birmingham",2025,"Birmingham_400250_278750",400250,278750,8,7,0,1,7,0
"Birmingham",2016,"Birmingham_401500_278750",401500,278750,3,1,0,2,1,0
"Birmingham",2019,"Birmingham_401500_278750",401500,278750,3,1,0,2,1,0
"Birmingham",2022,"Birmingham_401500_278750",401500,278750,3,1,0,2,1,0
"Birmingham",2025,"Birmingham_401500_278750",401500,278750,3,0,0,3,0,NA
"Birmingham",2016,"Birmingham_402250_278750",402250,278750,5,5,0,0,5,0
"Birmingham",2019,"Birmingham_402250_278750",402250,278750,5,5,0,0,5,0
"Birmingham",2022,"Birmingham_402250_278750",402250,278750,6,6,0,0,6,0
"Birmingham",2025,"Birmingham_402250_278750",402250,278750,5,4,0,1,4,0
"Birmingham",2016,"Birmingham_402500_278750",402500,278750,21,9,1,11,10,0.1
"Birmingham",2019,"Birmingham_402500_278750",402500,278750,15,13,0,2,13,0
"Birmingham",2022,"Birmingham_402500_278750",402500,278750,17,15,0,2,15,0
"Birmingham",2025,"Birmingham_402500_278750",402500,278750,15,12,0,3,12,0
"Birmingham",2016,"Birmingham_402750_278750",402750,278750,3,1,0,2,1,0
"Birmingham",2019,"Birmingham_402750_278750",402750,278750,1,1,0,0,1,0
"Birmingham",2022,"Birmingham_402750_278750",402750,278750,2,2,0,0,2,0
"Birmingham",2025,"Birmingham_402750_278750",402750,278750,1,1,0,0,1,0
"Birmingham",2016,"Birmingham_404750_278750",404750,278750,43,22,4,17,26,0.153846153846154
"Birmingham",2019,"Birmingham_404750_278750",404750,278750,43,35,2,6,37,0.0540540540540541
"Birmingham",2022,"Birmingham_404750_278750",404750,278750,44,33,2,9,35,0.0571428571428571
"Birmingham",2025,"Birmingham_404750_278750",404750,278750,40,17,0,23,17,0
"Birmingham",2016,"Birmingham_405000_278750",405000,278750,1,0,0,1,0,NA
"Birmingham",2019,"Birmingham_405000_278750",405000,278750,1,0,1,0,1,1
"Birmingham",2022,"Birmingham_405000_278750",405000,278750,2,0,1,1,1,1
"Birmingham",2025,"Birmingham_405000_278750",405000,278750,1,0,0,1,0,NA
"Birmingham",2016,"Birmingham_405250_278750",405250,278750,1,0,0,1,0,NA
"Birmingham",2019,"Birmingham_405250_278750",405250,278750,1,0,0,1,0,NA
"Birmingham",2022,"Birmingham_405250_278750",405250,278750,1,0,0,1,0,NA
"Birmingham",2025,"Birmingham_405250_278750",405250,278750,1,0,0,1,0,NA
"Birmingham",2016,"Birmingham_405500_278750",405500,278750,5,3,0,2,3,0
"Birmingham",2019,"Birmingham_405500_278750",405500,278750,5,4,0,1,4,0
"Birmingham",2022,"Birmingham_405500_278750",405500,278750,5,3,0,2,3,0
"Birmingham",2025,"Birmingham_405500_278750",405500,278750,5,4,0,1,4,0
"Birmingham",2016,"Birmingham_406250_278750",406250,278750,1,0,0,1,0,NA
"Birmingham",2019,"Birmingham_406250_278750",406250,278750,1,1,0,0,1,0
"Birmingham",2022,"Birmingham_406250_278750",406250,278750,1,1,0,0,1,0
"Birmingham",2025,"Birmingham_406250_278750",406250,278750,1,1,0,0,1,0
"Birmingham",2016,"Birmingham_407250_278750",407250,278750,1,0,0,1,0,NA
"Birmingham",2019,"Birmingham_407250_278750",407250,278750,2,1,0,1,1,0
"Birmingham",2022,"Birmingham_407250_278750",407250,278750,2,1,0,1,1,0
"Birmingham",2025,"Birmingham_407250_278750",407250,278750,1,0,0,1,0,NA
"Birmingham",2016,"Birmingham_407500_278750",407500,278750,9,4,0,5,4,0
"Birmingham",2019,"Birmingham_407500_278750",407500,278750,6,5,0,1,5,0
"Birmingham",2022,"Birmingham_407500_278750",407500,278750,6,5,0,1,5,0
"Birmingham",2025,"Birmingham_407500_278750",407500,278750,5,2,0,3,2,0
"Birmingham",2016,"Birmingham_407750_278750",407750,278750,1,1,0,0,1,0
"Birmingham",2019,"Birmingham_407750_278750",407750,278750,1,1,0,0,1,0
"Birmingham",2022,"Birmingham_407750_278750",407750,278750,1,1,0,0,1,0
"Birmingham",2025,"Birmingham_407750_278750",407750,278750,1,1,0,0,1,0
"Birmingham",2016,"Birmingham_408250_278750",408250,278750,5,2,1,2,3,0.333333333333333
"Birmingham",2019,"Birmingham_408250_278750",408250,278750,5,5,0,0,5,0
"Birmingham",2022,"Birmingham_408250_278750",408250,278750,5,5,0,0,5,0
"Birmingham",2025,"Birmingham_408250_278750",408250,278750,4,4,0,0,4,0
"Birmingham",2016,"Birmingham_400500_279000",400500,279000,1,1,0,0,1,0
"Birmingham",2019,"Birmingham_400500_279000",400500,279000,1,0,0,1,0,NA
"Birmingham",2022,"Birmingham_400500_279000",400500,279000,1,0,0,1,0,NA
"Birmingham",2025,"Birmingham_400500_279000",400500,279000,1,0,0,1,0,NA
"Birmingham",2016,"Birmingham_401750_279000",401750,279000,12,8,0,4,8,0
"Birmingham",2019,"Birmingham_401750_279000",401750,279000,13,13,0,0,13,0
"Birmingham",2022,"Birmingham_401750_279000",401750,279000,14,13,1,0,14,0.0714285714285714
"Birmingham",2025,"Birmingham_401750_279000",401750,279000,12,6,0,6,6,0
"Birmingham",2016,"Birmingham_402500_279000",402500,279000,1,1,0,0,1,0
"Birmingham",2019,"Birmingham_402500_279000",402500,279000,1,1,0,0,1,0
"Birmingham",2022,"Birmingham_402500_279000",402500,279000,1,1,0,0,1,0
"Birmingham",2025,"Birmingham_402500_279000",402500,279000,1,1,0,0,1,0
"Birmingham",2016,"Birmingham_403500_279000",403500,279000,15,12,1,2,13,0.0769230769230769
"Birmingham",2019,"Birmingham_403500_279000",403500,279000,15,12,0,3,12,0
"Birmingham",2022,"Birmingham_403500_279000",403500,279000,15,11,1,3,12,0.0833333333333333
"Birmingham",2025,"Birmingham_403500_279000",403500,279000,15,3,0,12,3,0
"Birmingham",2016,"Birmingham_404750_279000",404750,279000,1,1,0,0,1,0
"Birmingham",2019,"Birmingham_404750_279000",404750,279000,1,1,0,0,1,0
"Birmingham",2016,"Birmingham_406000_279000",406000,279000,3,2,0,1,2,0
"Birmingham",2019,"Birmingham_406000_279000",406000,279000,3,2,0,1,2,0
"Birmingham",2022,"Birmingham_406000_279000",406000,279000,3,2,0,1,2,0
"Birmingham",2025,"Birmingham_406000_279000",406000,279000,3,2,0,1,2,0
"Birmingham",2016,"Birmingham_407000_279000",407000,279000,1,1,0,0,1,0
"Birmingham",2019,"Birmingham_407000_279000",407000,279000,1,1,0,0,1,0
"Birmingham",2022,"Birmingham_407000_279000",407000,279000,1,1,0,0,1,0
"Birmingham",2025,"Birmingham_407000_279000",407000,279000,1,1,0,0,1,0
"Birmingham",2016,"Birmingham_407750_279000",407750,279000,11,6,0,5,6,0
"Birmingham",2019,"Birmingham_407750_279000",407750,279000,10,9,0,1,9,0
"Birmingham",2022,"Birmingham_407750_279000",407750,279000,10,10,0,0,10,0
"Birmingham",2025,"Birmingham_407750_279000",407750,279000,12,7,0,5,7,0
"Birmingham",2016,"Birmingham_409000_279000",409000,279000,8,5,1,2,6,0.166666666666667
"Birmingham",2019,"Birmingham_409000_279000",409000,279000,9,6,0,3,6,0
"Birmingham",2022,"Birmingham_409000_279000",409000,279000,9,6,0,3,6,0
"Birmingham",2025,"Birmingham_409000_279000",409000,279000,8,4,1,3,5,0.2
"Birmingham",2016,"Birmingham_400500_279250",400500,279250,2,1,0,1,1,0
"Birmingham",2019,"Birmingham_400500_279250",400500,279250,2,2,0,0,2,0
"Birmingham",2022,"Birmingham_400500_279250",400500,279250,2,2,0,0,2,0
"Birmingham",2025,"Birmingham_400500_279250",400500,279250,2,2,0,0,2,0
"Birmingham",2016,"Birmingham_400750_279250",400750,279250,1,0,0,1,0,NA
"Birmingham",2019,"Birmingham_400750_279250",400750,279250,1,1,0,0,1,0
"Birmingham",2022,"Birmingham_400750_279250",400750,279250,1,1,0,0,1,0
"Birmingham",2025,"Birmingham_400750_279250",400750,279250,1,1,0,0,1,0
"Birmingham",2016,"Birmingham_401750_279250",401750,279250,50,37,0,13,37,0
"Birmingham",2019,"Birmingham_401750_279250",401750,279250,51,43,3,5,46,0.0652173913043478
"Birmingham",2022,"Birmingham_401750_279250",401750,279250,66,49,4,13,53,0.0754716981132075
"Birmingham",2025,"Birmingham_401750_279250",401750,279250,71,18,0,53,18,0
"Birmingham",2016,"Birmingham_402000_279250",402000,279250,2,2,0,0,2,0
"Birmingham",2019,"Birmingham_402000_279250",402000,279250,3,3,0,0,3,0
"Birmingham",2022,"Birmingham_402000_279250",402000,279250,3,3,0,0,3,0
"Birmingham",2025,"Birmingham_402000_279250",402000,279250,3,0,1,2,1,1
"Birmingham",2016,"Birmingham_402250_279250",402250,279250,1,0,0,1,0,NA
"Birmingham",2019,"Birmingham_402250_279250",402250,279250,1,1,0,0,1,0
"Birmingham",2022,"Birmingham_402250_279250",402250,279250,1,1,0,0,1,0
"Birmingham",2025,"Birmingham_402250_279250",402250,279250,1,1,0,0,1,0
"Birmingham",2016,"Birmingham_403250_279250",403250,279250,1,1,0,0,1,0
"Birmingham",2019,"Birmingham_403250_279250",403250,279250,1,1,0,0,1,0
"Birmingham",2022,"Birmingham_403250_279250",403250,279250,1,1,0,0,1,0
"Birmingham",2025,"Birmingham_403250_279250",403250,279250,1,0,0,1,0,NA
"Birmingham",2016,"Birmingham_404250_279250",404250,279250,4,2,0,2,2,0
"Birmingham",2019,"Birmingham_404250_279250",404250,279250,3,3,0,0,3,0
"Birmingham",2022,"Birmingham_404250_279250",404250,279250,3,3,0,0,3,0
"Birmingham",2025,"Birmingham_404250_279250",404250,279250,3,2,0,1,2,0
"Birmingham",2016,"Birmingham_404500_279250",404500,279250,4,1,0,3,1,0
"Birmingham",2019,"Birmingham_404500_279250",404500,279250,3,2,0,1,2,0
"Birmingham",2022,"Birmingham_404500_279250",404500,279250,3,1,0,2,1,0
"Birmingham",2025,"Birmingham_404500_279250",404500,279250,2,1,0,1,1,0
"Birmingham",2016,"Birmingham_404750_279250",404750,279250,1,0,0,1,0,NA
"Birmingham",2019,"Birmingham_404750_279250",404750,279250,1,1,0,0,1,0
"Birmingham",2022,"Birmingham_404750_279250",404750,279250,1,1,0,0,1,0
"Birmingham",2025,"Birmingham_404750_279250",404750,279250,1,1,0,0,1,0
"Birmingham",2025,"Birmingham_405000_279250",405000,279250,1,1,0,0,1,0
"Birmingham",2016,"Birmingham_405750_279250",405750,279250,1,0,0,1,0,NA
"Birmingham",2016,"Birmingham_406250_279250",406250,279250,5,4,0,1,4,0
"Birmingham",2019,"Birmingham_406250_279250",406250,279250,5,5,0,0,5,0
"Birmingham",2022,"Birmingham_406250_279250",406250,279250,5,4,0,1,4,0
"Birmingham",2025,"Birmingham_406250_279250",406250,279250,5,3,0,2,3,0
"Birmingham",2016,"Birmingham_407750_279250",407750,279250,13,7,0,6,7,0
"Birmingham",2019,"Birmingham_407750_279250",407750,279250,10,9,0,1,9,0
"Birmingham",2022,"Birmingham_407750_279250",407750,279250,11,9,0,2,9,0
"Birmingham",2025,"Birmingham_407750_279250",407750,279250,9,6,0,3,6,0
"Birmingham",2016,"Birmingham_408250_279250",408250,279250,1,0,0,1,0,NA
"Birmingham",2016,"Birmingham_408750_279250",408750,279250,1,1,0,0,1,0
"Birmingham",2019,"Birmingham_408750_279250",408750,279250,1,1,0,0,1,0
"Birmingham",2022,"Birmingham_408750_279250",408750,279250,1,1,0,0,1,0
"Birmingham",2025,"Birmingham_408750_279250",408750,279250,1,0,0,1,0,NA
"Birmingham",2016,"Birmingham_409000_279250",409000,279250,9,7,0,2,7,0
"Birmingham",2019,"Birmingham_409000_279250",409000,279250,8,7,0,1,7,0
"Birmingham",2022,"Birmingham_409000_279250",409000,279250,8,6,1,1,7,0.142857142857143
"Birmingham",2025,"Birmingham_409000_279250",409000,279250,7,3,1,3,4,0.25
"Birmingham",2016,"Birmingham_410000_279250",410000,279250,4,1,0,3,1,0
"Birmingham",2019,"Birmingham_410000_279250",410000,279250,3,3,0,0,3,0
"Birmingham",2022,"Birmingham_410000_279250",410000,279250,3,3,0,0,3,0
"Birmingham",2025,"Birmingham_410000_279250",410000,279250,3,3,0,0,3,0
"Birmingham",2016,"Birmingham_401250_279500",401250,279500,1,0,0,1,0,NA
"Birmingham",2019,"Birmingham_401250_279500",401250,279500,1,1,0,0,1,0
"Birmingham",2022,"Birmingham_401250_279500",401250,279500,1,1,0,0,1,0
"Birmingham",2025,"Birmingham_401250_279500",401250,279500,1,1,0,0,1,0
"Birmingham",2016,"Birmingham_401750_279500",401750,279500,16,6,0,10,6,0
"Birmingham",2019,"Birmingham_401750_279500",401750,279500,16,16,0,0,16,0
"Birmingham",2022,"Birmingham_401750_279500",401750,279500,17,15,0,2,15,0
"Birmingham",2025,"Birmingham_401750_279500",401750,279500,15,7,0,8,7,0
"Birmingham",2016,"Birmingham_402000_279500",402000,279500,53,28,2,23,30,0.0666666666666667
"Birmingham",2019,"Birmingham_402000_279500",402000,279500,49,42,3,4,45,0.0666666666666667
"Birmingham",2022,"Birmingham_402000_279500",402000,279500,51,46,1,4,47,0.0212765957446809
"Birmingham",2025,"Birmingham_402000_279500",402000,279500,48,21,0,27,21,0
"Birmingham",2016,"Birmingham_402250_279500",402250,279500,1,0,0,1,0,NA
"Birmingham",2019,"Birmingham_402250_279500",402250,279500,1,1,0,0,1,0
"Birmingham",2022,"Birmingham_402250_279500",402250,279500,1,1,0,0,1,0
"Birmingham",2025,"Birmingham_402250_279500",402250,279500,1,0,0,1,0,NA
"Birmingham",2016,"Birmingham_404750_279500",404750,279500,26,14,0,12,14,0
"Birmingham",2019,"Birmingham_404750_279500",404750,279500,23,18,3,2,21,0.142857142857143
"Birmingham",2022,"Birmingham_404750_279500",404750,279500,24,20,3,1,23,0.130434782608696
"Birmingham",2025,"Birmingham_404750_279500",404750,279500,24,14,0,10,14,0
"Birmingham",2016,"Birmingham_405000_279500",405000,279500,1,0,0,1,0,NA
"Birmingham",2019,"Birmingham_405000_279500",405000,279500,1,1,0,0,1,0
"Birmingham",2022,"Birmingham_405000_279500",405000,279500,1,1,0,0,1,0
"Birmingham",2025,"Birmingham_405000_279500",405000,279500,1,0,0,1,0,NA
"Birmingham",2016,"Birmingham_405500_279500",405500,279500,1,0,0,1,0,NA
"Birmingham",2016,"Birmingham_406750_279500",406750,279500,4,2,0,2,2,0
"Birmingham",2019,"Birmingham_406750_279500",406750,279500,3,3,0,0,3,0
"Birmingham",2022,"Birmingham_406750_279500",406750,279500,3,2,0,1,2,0
"Birmingham",2025,"Birmingham_406750_279500",406750,279500,3,1,0,2,1,0
"Birmingham",2016,"Birmingham_407500_279500",407500,279500,1,1,0,0,1,0
"Birmingham",2019,"Birmingham_407500_279500",407500,279500,1,1,0,0,1,0
"Birmingham",2022,"Birmingham_407500_279500",407500,279500,1,1,0,0,1,0
"Birmingham",2025,"Birmingham_407500_279500",407500,279500,1,1,0,0,1,0
"Birmingham",2016,"Birmingham_407750_279500",407750,279500,1,1,0,0,1,0
"Birmingham",2019,"Birmingham_407750_279500",407750,279500,1,1,0,0,1,0
"Birmingham",2022,"Birmingham_407750_279500",407750,279500,1,0,0,1,0,NA
"Birmingham",2025,"Birmingham_407750_279500",407750,279500,1,0,0,1,0,NA
"Birmingham",2022,"Birmingham_408000_279500",408000,279500,1,1,0,0,1,0
"Birmingham",2025,"Birmingham_408000_279500",408000,279500,1,1,0,0,1,0
"Birmingham",2016,"Birmingham_408250_279500",408250,279500,1,1,0,0,1,0
"Birmingham",2019,"Birmingham_408250_279500",408250,279500,1,1,0,0,1,0
"Birmingham",2022,"Birmingham_408250_279500",408250,279500,1,1,0,0,1,0
"Birmingham",2025,"Birmingham_408250_279500",408250,279500,1,0,0,1,0,NA
"Birmingham",2016,"Birmingham_408750_279500",408750,279500,27,22,0,5,22,0
"Birmingham",2019,"Birmingham_408750_279500",408750,279500,25,23,1,1,24,0.0416666666666667
"Birmingham",2022,"Birmingham_408750_279500",408750,279500,25,19,1,5,20,0.05
"Birmingham",2025,"Birmingham_408750_279500",408750,279500,25,16,0,9,16,0
"Birmingham",2016,"Birmingham_409000_279500",409000,279500,1,1,0,0,1,0
"Birmingham",2019,"Birmingham_409000_279500",409000,279500,1,0,1,0,1,1
"Birmingham",2022,"Birmingham_409000_279500",409000,279500,1,0,0,1,0,NA
"Birmingham",2025,"Birmingham_409000_279500",409000,279500,1,0,0,1,0,NA
"Birmingham",2016,"Birmingham_409250_279500",409250,279500,3,2,0,1,2,0
"Birmingham",2019,"Birmingham_409250_279500",409250,279500,3,2,1,0,3,0.333333333333333
"Birmingham",2022,"Birmingham_409250_279500",409250,279500,3,2,1,0,3,0.333333333333333
"Birmingham",2025,"Birmingham_409250_279500",409250,279500,3,1,0,2,1,0
"Birmingham",2016,"Birmingham_409500_279500",409500,279500,4,1,0,3,1,0
"Birmingham",2019,"Birmingham_409500_279500",409500,279500,2,1,0,1,1,0
"Birmingham",2022,"Birmingham_409500_279500",409500,279500,2,1,0,1,1,0
"Birmingham",2025,"Birmingham_409500_279500",409500,279500,2,1,0,1,1,0
"Birmingham",2016,"Birmingham_409750_279500",409750,279500,8,6,0,2,6,0
"Birmingham",2019,"Birmingham_409750_279500",409750,279500,8,8,0,0,8,0
"Birmingham",2022,"Birmingham_409750_279500",409750,279500,9,8,0,1,8,0
"Birmingham",2025,"Birmingham_409750_279500",409750,279500,7,2,0,5,2,0
"Birmingham",2016,"Birmingham_410250_279500",410250,279500,1,1,0,0,1,0
"Birmingham",2019,"Birmingham_410250_279500",410250,279500,1,0,0,1,0,NA
"Birmingham",2022,"Birmingham_410250_279500",410250,279500,1,1,0,0,1,0
"Birmingham",2025,"Birmingham_410250_279500",410250,279500,1,1,0,0,1,0
"Birmingham",2016,"Birmingham_410500_279500",410500,279500,26,17,3,6,20,0.15
"Birmingham",2019,"Birmingham_410500_279500",410500,279500,21,15,2,4,17,0.117647058823529
"Birmingham",2022,"Birmingham_410500_279500",410500,279500,22,19,0,3,19,0
"Birmingham",2025,"Birmingham_410500_279500",410500,279500,21,13,0,8,13,0
"Birmingham",2016,"Birmingham_410750_279500",410750,279500,1,0,0,1,0,NA
"Birmingham",2019,"Birmingham_410750_279500",410750,279500,1,1,0,0,1,0
"Birmingham",2022,"Birmingham_410750_279500",410750,279500,1,1,0,0,1,0
"Birmingham",2025,"Birmingham_410750_279500",410750,279500,1,1,0,0,1,0
"Birmingham",2016,"Birmingham_401000_279750",401000,279750,11,6,1,4,7,0.142857142857143
"Birmingham",2019,"Birmingham_401000_279750",401000,279750,10,7,1,2,8,0.125
"Birmingham",2022,"Birmingham_401000_279750",401000,279750,10,8,0,2,8,0
"Birmingham",2025,"Birmingham_401000_279750",401000,279750,9,5,0,4,5,0
"Birmingham",2016,"Birmingham_401750_279750",401750,279750,1,0,0,1,0,NA
"Birmingham",2019,"Birmingham_401750_279750",401750,279750,1,1,0,0,1,0
"Birmingham",2022,"Birmingham_401750_279750",401750,279750,1,1,0,0,1,0
"Birmingham",2025,"Birmingham_401750_279750",401750,279750,1,1,0,0,1,0
"Birmingham",2016,"Birmingham_402000_279750",402000,279750,187,69,8,110,77,0.103896103896104
"Birmingham",2019,"Birmingham_402000_279750",402000,279750,111,94,10,7,104,0.0961538461538462
"Birmingham",2022,"Birmingham_402000_279750",402000,279750,114,93,10,11,103,0.0970873786407767
"Birmingham",2025,"Birmingham_402000_279750",402000,279750,89,46,0,43,46,0
"Birmingham",2016,"Birmingham_404500_279750",404500,279750,2,1,0,1,1,0
"Birmingham",2019,"Birmingham_404500_279750",404500,279750,1,1,0,0,1,0
"Birmingham",2022,"Birmingham_404500_279750",404500,279750,1,1,0,0,1,0
"Birmingham",2025,"Birmingham_404500_279750",404500,279750,1,1,0,0,1,0
"Birmingham",2016,"Birmingham_404750_279750",404750,279750,80,52,1,27,53,0.0188679245283019
"Birmingham",2019,"Birmingham_404750_279750",404750,279750,74,65,1,8,66,0.0151515151515152
"Birmingham",2022,"Birmingham_404750_279750",404750,279750,75,60,2,13,62,0.032258064516129
"Birmingham",2025,"Birmingham_404750_279750",404750,279750,79,35,0,44,35,0
"Birmingham",2016,"Birmingham_405000_279750",405000,279750,25,16,5,4,21,0.238095238095238
"Birmingham",2019,"Birmingham_405000_279750",405000,279750,24,21,2,1,23,0.0869565217391304
"Birmingham",2022,"Birmingham_405000_279750",405000,279750,27,15,2,10,17,0.117647058823529
"Birmingham",2025,"Birmingham_405000_279750",405000,279750,25,7,1,17,8,0.125
"Birmingham",2016,"Birmingham_406250_279750",406250,279750,9,6,0,3,6,0
"Birmingham",2019,"Birmingham_406250_279750",406250,279750,9,9,0,0,9,0
"Birmingham",2022,"Birmingham_406250_279750",406250,279750,9,7,1,1,8,0.125
"Birmingham",2025,"Birmingham_406250_279750",406250,279750,9,3,0,6,3,0
"Birmingham",2016,"Birmingham_408750_279750",408750,279750,1,1,0,0,1,0
"Birmingham",2019,"Birmingham_408750_279750",408750,279750,1,1,0,0,1,0
"Birmingham",2022,"Birmingham_408750_279750",408750,279750,1,1,0,0,1,0
"Birmingham",2025,"Birmingham_408750_279750",408750,279750,1,0,0,1,0,NA
"Birmingham",2016,"Birmingham_409250_279750",409250,279750,4,1,0,3,1,0
"Birmingham",2019,"Birmingham_409250_279750",409250,279750,4,2,1,1,3,0.333333333333333
"Birmingham",2022,"Birmingham_409250_279750",409250,279750,4,2,1,1,3,0.333333333333333
"Birmingham",2025,"Birmingham_409250_279750",409250,279750,2,1,0,1,1,0
"Birmingham",2016,"Birmingham_410250_279750",410250,279750,2,0,0,2,0,NA
"Birmingham",2019,"Birmingham_410250_279750",410250,279750,2,2,0,0,2,0
"Birmingham",2022,"Birmingham_410250_279750",410250,279750,2,2,0,0,2,0
"Birmingham",2025,"Birmingham_410250_279750",410250,279750,2,1,0,1,1,0
"Birmingham",2016,"Birmingham_401500_280000",401500,280000,1,1,0,0,1,0
"Birmingham",2019,"Birmingham_401500_280000",401500,280000,2,2,0,0,2,0
"Birmingham",2022,"Birmingham_401500_280000",401500,280000,2,1,0,1,1,0
"Birmingham",2025,"Birmingham_401500_280000",401500,280000,2,0,0,2,0,NA
"Birmingham",2016,"Birmingham_402250_280000",402250,280000,9,6,0,3,6,0
"Birmingham",2019,"Birmingham_402250_280000",402250,280000,9,9,0,0,9,0
"Birmingham",2022,"Birmingham_402250_280000",402250,280000,9,9,0,0,9,0
"Birmingham",2025,"Birmingham_402250_280000",402250,280000,10,7,0,3,7,0
"Birmingham",2016,"Birmingham_402500_280000",402500,280000,1,1,0,0,1,0
"Birmingham",2019,"Birmingham_402500_280000",402500,280000,3,3,0,0,3,0
"Birmingham",2022,"Birmingham_402500_280000",402500,280000,1,1,0,0,1,0
"Birmingham",2025,"Birmingham_402500_280000",402500,280000,1,1,0,0,1,0
"Birmingham",2016,"Birmingham_403250_280000",403250,280000,3,2,0,1,2,0
"Birmingham",2019,"Birmingham_403250_280000",403250,280000,2,2,0,0,2,0
"Birmingham",2022,"Birmingham_403250_280000",403250,280000,2,2,0,0,2,0
"Birmingham",2025,"Birmingham_403250_280000",403250,280000,2,0,0,2,0,NA
"Birmingham",2016,"Birmingham_403500_280000",403500,280000,2,1,1,0,2,0.5
"Birmingham",2019,"Birmingham_403500_280000",403500,280000,2,1,1,0,2,0.5
"Birmingham",2022,"Birmingham_403500_280000",403500,280000,2,2,0,0,2,0
"Birmingham",2025,"Birmingham_403500_280000",403500,280000,2,1,0,1,1,0
"Birmingham",2016,"Birmingham_404500_280000",404500,280000,2,1,0,1,1,0
"Birmingham",2019,"Birmingham_404500_280000",404500,280000,2,1,1,0,2,0.5
"Birmingham",2022,"Birmingham_404500_280000",404500,280000,2,2,0,0,2,0
"Birmingham",2025,"Birmingham_404500_280000",404500,280000,2,1,0,1,1,0
"Birmingham",2016,"Birmingham_404750_280000",404750,280000,3,2,0,1,2,0
"Birmingham",2019,"Birmingham_404750_280000",404750,280000,3,3,0,0,3,0
"Birmingham",2022,"Birmingham_404750_280000",404750,280000,3,3,0,0,3,0
"Birmingham",2025,"Birmingham_404750_280000",404750,280000,3,3,0,0,3,0
"Birmingham",2016,"Birmingham_405000_280000",405000,280000,7,7,0,0,7,0
"Birmingham",2019,"Birmingham_405000_280000",405000,280000,7,7,0,0,7,0
"Birmingham",2022,"Birmingham_405000_280000",405000,280000,12,9,0,3,9,0
"Birmingham",2025,"Birmingham_405000_280000",405000,280000,6,2,0,4,2,0
"Birmingham",2016,"Birmingham_405250_280000",405250,280000,14,8,0,6,8,0
"Birmingham",2019,"Birmingham_405250_280000",405250,280000,11,9,1,1,10,0.1
"Birmingham",2022,"Birmingham_405250_280000",405250,280000,13,12,0,1,12,0
"Birmingham",2025,"Birmingham_405250_280000",405250,280000,12,5,0,7,5,0
"Birmingham",2016,"Birmingham_405750_280000",405750,280000,1,0,0,1,0,NA
"Birmingham",2019,"Birmingham_405750_280000",405750,280000,1,1,0,0,1,0
"Birmingham",2022,"Birmingham_405750_280000",405750,280000,1,1,0,0,1,0
"Birmingham",2025,"Birmingham_405750_280000",405750,280000,1,1,0,0,1,0
"Birmingham",2016,"Birmingham_406750_280000",406750,280000,8,8,0,0,8,0
"Birmingham",2019,"Birmingham_406750_280000",406750,280000,8,7,0,1,7,0
"Birmingham",2022,"Birmingham_406750_280000",406750,280000,8,7,0,1,7,0
"Birmingham",2025,"Birmingham_406750_280000",406750,280000,8,5,0,3,5,0
"Birmingham",2016,"Birmingham_408500_280000",408500,280000,1,0,0,1,0,NA
"Birmingham",2019,"Birmingham_408500_280000",408500,280000,1,0,0,1,0,NA
"Birmingham",2022,"Birmingham_408500_280000",408500,280000,1,0,0,1,0,NA
"Birmingham",2025,"Birmingham_408500_280000",408500,280000,1,0,0,1,0,NA
"Birmingham",2022,"Birmingham_404500_280250",404500,280250,1,0,0,1,0,NA
"Birmingham",2025,"Birmingham_404500_280250",404500,280250,1,1,0,0,1,0
"Birmingham",2016,"Birmingham_405250_280250",405250,280250,5,2,0,3,2,0
"Birmingham",2019,"Birmingham_405250_280250",405250,280250,3,2,1,0,3,0.333333333333333
"Birmingham",2022,"Birmingham_405250_280250",405250,280250,4,4,0,0,4,0
"Birmingham",2025,"Birmingham_405250_280250",405250,280250,3,2,0,1,2,0
"Birmingham",2016,"Birmingham_405500_280250",405500,280250,2,1,1,0,2,0.5
"Birmingham",2019,"Birmingham_405500_280250",405500,280250,2,2,0,0,2,0
"Birmingham",2022,"Birmingham_405500_280250",405500,280250,2,1,0,1,1,0
"Birmingham",2025,"Birmingham_405500_280250",405500,280250,2,0,1,1,1,1
"Birmingham",2016,"Birmingham_406500_280250",406500,280250,2,0,0,2,0,NA
"Birmingham",2016,"Birmingham_407250_280250",407250,280250,23,16,0,7,16,0
"Birmingham",2019,"Birmingham_407250_280250",407250,280250,19,19,0,0,19,0
"Birmingham",2022,"Birmingham_407250_280250",407250,280250,20,15,0,5,15,0
"Birmingham",2025,"Birmingham_407250_280250",407250,280250,20,8,0,12,8,0
"Birmingham",2016,"Birmingham_407500_280250",407500,280250,1,1,0,0,1,0
"Birmingham",2019,"Birmingham_407500_280250",407500,280250,1,1,0,0,1,0
"Birmingham",2022,"Birmingham_407500_280250",407500,280250,1,1,0,0,1,0
"Birmingham",2025,"Birmingham_407500_280250",407500,280250,1,0,0,1,0,NA
"Birmingham",2025,"Birmingham_407750_280250",407750,280250,1,0,0,1,0,NA
"Birmingham",2016,"Birmingham_408250_280250",408250,280250,14,9,0,5,9,0
"Birmingham",2019,"Birmingham_408250_280250",408250,280250,13,12,0,1,12,0
"Birmingham",2022,"Birmingham_408250_280250",408250,280250,13,8,0,5,8,0
"Birmingham",2025,"Birmingham_408250_280250",408250,280250,14,1,0,13,1,0
"Birmingham",2016,"Birmingham_408500_280250",408500,280250,4,3,0,1,3,0
"Birmingham",2019,"Birmingham_408500_280250",408500,280250,4,4,0,0,4,0
"Birmingham",2022,"Birmingham_408500_280250",408500,280250,4,4,0,0,4,0
"Birmingham",2025,"Birmingham_408500_280250",408500,280250,4,3,0,1,3,0
"Birmingham",2016,"Birmingham_408750_280250",408750,280250,1,1,0,0,1,0
"Birmingham",2019,"Birmingham_408750_280250",408750,280250,1,1,0,0,1,0
"Birmingham",2022,"Birmingham_408750_280250",408750,280250,1,1,0,0,1,0
"Birmingham",2025,"Birmingham_408750_280250",408750,280250,1,1,0,0,1,0
"Birmingham",2016,"Birmingham_409250_280250",409250,280250,2,1,0,1,1,0
"Birmingham",2019,"Birmingham_409250_280250",409250,280250,2,2,0,0,2,0
"Birmingham",2022,"Birmingham_409250_280250",409250,280250,3,2,1,0,3,0.333333333333333
"Birmingham",2025,"Birmingham_409250_280250",409250,280250,2,1,0,1,1,0
"Birmingham",2016,"Birmingham_409750_280250",409750,280250,17,11,0,6,11,0
"Birmingham",2019,"Birmingham_409750_280250",409750,280250,17,14,1,2,15,0.0666666666666667
"Birmingham",2022,"Birmingham_409750_280250",409750,280250,17,15,0,2,15,0
"Birmingham",2025,"Birmingham_409750_280250",409750,280250,15,13,0,2,13,0
"Birmingham",2016,"Birmingham_411000_280250",411000,280250,1,1,0,0,1,0
"Birmingham",2019,"Birmingham_411000_280250",411000,280250,1,1,0,0,1,0
"Birmingham",2022,"Birmingham_411000_280250",411000,280250,1,1,0,0,1,0
"Birmingham",2025,"Birmingham_411000_280250",411000,280250,1,1,0,0,1,0
"Birmingham",2016,"Birmingham_411250_280250",411250,280250,47,28,2,17,30,0.0666666666666667
"Birmingham",2019,"Birmingham_411250_280250",411250,280250,46,39,7,0,46,0.152173913043478
"Birmingham",2022,"Birmingham_411250_280250",411250,280250,47,39,4,4,43,0.0930232558139535
"Birmingham",2025,"Birmingham_411250_280250",411250,280250,46,19,1,26,20,0.05
"Birmingham",2016,"Birmingham_401000_280500",401000,280500,4,2,0,2,2,0
"Birmingham",2019,"Birmingham_401000_280500",401000,280500,2,2,0,0,2,0
"Birmingham",2022,"Birmingham_401000_280500",401000,280500,2,2,0,0,2,0
"Birmingham",2025,"Birmingham_401000_280500",401000,280500,2,2,0,0,2,0
"Birmingham",2016,"Birmingham_404250_280500",404250,280500,7,5,0,2,5,0
"Birmingham",2019,"Birmingham_404250_280500",404250,280500,6,5,0,1,5,0
"Birmingham",2022,"Birmingham_404250_280500",404250,280500,7,6,0,1,6,0
"Birmingham",2025,"Birmingham_404250_280500",404250,280500,6,4,0,2,4,0
"Birmingham",2016,"Birmingham_404500_280500",404500,280500,12,8,2,2,10,0.2
"Birmingham",2019,"Birmingham_404500_280500",404500,280500,12,10,2,0,12,0.166666666666667
"Birmingham",2022,"Birmingham_404500_280500",404500,280500,12,8,2,2,10,0.2
"Birmingham",2025,"Birmingham_404500_280500",404500,280500,10,5,0,5,5,0
"Birmingham",2016,"Birmingham_405000_280500",405000,280500,1,1,0,0,1,0
"Birmingham",2019,"Birmingham_405000_280500",405000,280500,1,0,1,0,1,1
"Birmingham",2022,"Birmingham_405000_280500",405000,280500,1,0,1,0,1,1
"Birmingham",2025,"Birmingham_405000_280500",405000,280500,1,0,0,1,0,NA
"Birmingham",2016,"Birmingham_405250_280500",405250,280500,42,27,2,13,29,0.0689655172413793
"Birmingham",2019,"Birmingham_405250_280500",405250,280500,39,36,0,3,36,0
"Birmingham",2022,"Birmingham_405250_280500",405250,280500,40,34,0,6,34,0
"Birmingham",2025,"Birmingham_405250_280500",405250,280500,38,23,0,15,23,0
"Birmingham",2016,"Birmingham_405750_280500",405750,280500,2,1,0,1,1,0
"Birmingham",2019,"Birmingham_405750_280500",405750,280500,1,0,0,1,0,NA
"Birmingham",2022,"Birmingham_405750_280500",405750,280500,1,1,0,0,1,0
"Birmingham",2025,"Birmingham_405750_280500",405750,280500,1,1,0,0,1,0
"Birmingham",2016,"Birmingham_406000_280500",406000,280500,2,2,0,0,2,0
"Birmingham",2019,"Birmingham_406000_280500",406000,280500,2,2,0,0,2,0
"Birmingham",2022,"Birmingham_406000_280500",406000,280500,2,1,0,1,1,0
"Birmingham",2025,"Birmingham_406000_280500",406000,280500,2,1,0,1,1,0
"Birmingham",2016,"Birmingham_406250_280500",406250,280500,1,1,0,0,1,0
"Birmingham",2019,"Birmingham_406250_280500",406250,280500,1,1,0,0,1,0
"Birmingham",2022,"Birmingham_406250_280500",406250,280500,1,1,0,0,1,0
"Birmingham",2025,"Birmingham_406250_280500",406250,280500,1,1,0,0,1,0
"Birmingham",2016,"Birmingham_407250_280500",407250,280500,7,7,0,0,7,0
"Birmingham",2019,"Birmingham_407250_280500",407250,280500,7,7,0,0,7,0
"Birmingham",2022,"Birmingham_407250_280500",407250,280500,7,7,0,0,7,0
"Birmingham",2025,"Birmingham_407250_280500",407250,280500,7,6,0,1,6,0
"Birmingham",2016,"Birmingham_408250_280500",408250,280500,12,6,0,6,6,0
"Birmingham",2019,"Birmingham_408250_280500",408250,280500,11,8,1,2,9,0.111111111111111
"Birmingham",2022,"Birmingham_408250_280500",408250,280500,11,5,2,4,7,0.285714285714286
"Birmingham",2025,"Birmingham_408250_280500",408250,280500,10,1,0,9,1,0
"Birmingham",2016,"Birmingham_408750_280500",408750,280500,2,1,0,1,1,0
"Birmingham",2019,"Birmingham_408750_280500",408750,280500,1,1,0,0,1,0
"Birmingham",2022,"Birmingham_408750_280500",408750,280500,1,1,0,0,1,0
"Birmingham",2025,"Birmingham_408750_280500",408750,280500,1,0,0,1,0,NA
"Birmingham",2016,"Birmingham_409250_280500",409250,280500,6,3,0,3,3,0
"Birmingham",2019,"Birmingham_409250_280500",409250,280500,5,5,0,0,5,0
"Birmingham",2022,"Birmingham_409250_280500",409250,280500,7,6,0,1,6,0
"Birmingham",2025,"Birmingham_409250_280500",409250,280500,6,5,0,1,5,0
"Birmingham",2016,"Birmingham_410000_280500",410000,280500,1,0,1,0,1,1
"Birmingham",2019,"Birmingham_410000_280500",410000,280500,1,1,0,0,1,0
"Birmingham",2022,"Birmingham_410000_280500",410000,280500,1,1,0,0,1,0
"Birmingham",2025,"Birmingham_410000_280500",410000,280500,1,0,0,1,0,NA
"Birmingham",2016,"Birmingham_410250_280500",410250,280500,11,3,1,7,4,0.25
"Birmingham",2019,"Birmingham_410250_280500",410250,280500,10,9,0,1,9,0
"Birmingham",2022,"Birmingham_410250_280500",410250,280500,10,8,0,2,8,0
"Birmingham",2025,"Birmingham_410250_280500",410250,280500,12,5,0,7,5,0
"Birmingham",2016,"Birmingham_410500_280500",410500,280500,1,0,1,0,1,1
"Birmingham",2019,"Birmingham_410500_280500",410500,280500,1,1,0,0,1,0
"Birmingham",2022,"Birmingham_410500_280500",410500,280500,1,1,0,0,1,0
"Birmingham",2025,"Birmingham_410500_280500",410500,280500,1,1,0,0,1,0
"Birmingham",2016,"Birmingham_411000_280500",411000,280500,1,0,0,1,0,NA
"Birmingham",2019,"Birmingham_411000_280500",411000,280500,1,1,0,0,1,0
"Birmingham",2022,"Birmingham_411000_280500",411000,280500,1,1,0,0,1,0
"Birmingham",2025,"Birmingham_411000_280500",411000,280500,1,1,0,0,1,0
"Birmingham",2016,"Birmingham_411250_280500",411250,280500,13,10,0,3,10,0
"Birmingham",2019,"Birmingham_411250_280500",411250,280500,12,12,0,0,12,0
"Birmingham",2022,"Birmingham_411250_280500",411250,280500,12,12,0,0,12,0
"Birmingham",2025,"Birmingham_411250_280500",411250,280500,12,8,0,4,8,0
"Birmingham",2016,"Birmingham_411500_280500",411500,280500,3,3,0,0,3,0
"Birmingham",2019,"Birmingham_411500_280500",411500,280500,3,2,0,1,2,0
"Birmingham",2022,"Birmingham_411500_280500",411500,280500,3,1,0,2,1,0
"Birmingham",2025,"Birmingham_411500_280500",411500,280500,4,2,0,2,2,0
"Birmingham",2016,"Birmingham_401250_280750",401250,280750,1,0,0,1,0,NA
"Birmingham",2019,"Birmingham_401250_280750",401250,280750,1,1,0,0,1,0
"Birmingham",2022,"Birmingham_401250_280750",401250,280750,1,1,0,0,1,0
"Birmingham",2025,"Birmingham_401250_280750",401250,280750,1,1,0,0,1,0
"Birmingham",2016,"Birmingham_401750_280750",401750,280750,8,7,1,0,8,0.125
"Birmingham",2019,"Birmingham_401750_280750",401750,280750,8,6,2,0,8,0.25
"Birmingham",2022,"Birmingham_401750_280750",401750,280750,8,5,1,2,6,0.166666666666667
"Birmingham",2025,"Birmingham_401750_280750",401750,280750,8,3,0,5,3,0
"Birmingham",2016,"Birmingham_403000_280750",403000,280750,2,1,0,1,1,0
"Birmingham",2019,"Birmingham_403000_280750",403000,280750,2,2,0,0,2,0
"Birmingham",2022,"Birmingham_403000_280750",403000,280750,2,2,0,0,2,0
"Birmingham",2025,"Birmingham_403000_280750",403000,280750,1,1,0,0,1,0
"Birmingham",2016,"Birmingham_403500_280750",403500,280750,2,0,1,1,1,1
"Birmingham",2019,"Birmingham_403500_280750",403500,280750,1,0,1,0,1,1
"Birmingham",2022,"Birmingham_403500_280750",403500,280750,1,0,1,0,1,1
"Birmingham",2025,"Birmingham_403500_280750",403500,280750,1,0,1,0,1,1
"Birmingham",2016,"Birmingham_405000_280750",405000,280750,2,2,0,0,2,0
"Birmingham",2019,"Birmingham_405000_280750",405000,280750,2,1,0,1,1,0
"Birmingham",2022,"Birmingham_405000_280750",405000,280750,2,1,0,1,1,0
"Birmingham",2025,"Birmingham_405000_280750",405000,280750,1,0,0,1,0,NA
"Birmingham",2016,"Birmingham_405250_280750",405250,280750,90,57,4,29,61,0.0655737704918033
"Birmingham",2019,"Birmingham_405250_280750",405250,280750,80,72,1,7,73,0.0136986301369863
"Birmingham",2022,"Birmingham_405250_280750",405250,280750,81,68,2,11,70,0.0285714285714286
"Birmingham",2025,"Birmingham_405250_280750",405250,280750,82,46,2,34,48,0.0416666666666667
"Birmingham",2016,"Birmingham_406000_280750",406000,280750,1,1,0,0,1,0
"Birmingham",2019,"Birmingham_406000_280750",406000,280750,1,1,0,0,1,0
"Birmingham",2022,"Birmingham_406000_280750",406000,280750,1,1,0,0,1,0
"Birmingham",2025,"Birmingham_406000_280750",406000,280750,1,1,0,0,1,0
"Birmingham",2016,"Birmingham_406250_280750",406250,280750,7,5,0,2,5,0
"Birmingham",2019,"Birmingham_406250_280750",406250,280750,7,6,0,1,6,0
"Birmingham",2022,"Birmingham_406250_280750",406250,280750,8,8,0,0,8,0
"Birmingham",2025,"Birmingham_406250_280750",406250,280750,8,5,0,3,5,0
"Birmingham",2016,"Birmingham_408750_280750",408750,280750,12,8,1,3,9,0.111111111111111
"Birmingham",2019,"Birmingham_408750_280750",408750,280750,10,8,0,2,8,0
"Birmingham",2022,"Birmingham_408750_280750",408750,280750,10,7,1,2,8,0.125
"Birmingham",2025,"Birmingham_408750_280750",408750,280750,10,7,0,3,7,0
"Birmingham",2016,"Birmingham_410000_280750",410000,280750,1,1,0,0,1,0
"Birmingham",2019,"Birmingham_410000_280750",410000,280750,1,1,0,0,1,0
"Birmingham",2022,"Birmingham_410000_280750",410000,280750,1,1,0,0,1,0
"Birmingham",2025,"Birmingham_410000_280750",410000,280750,1,1,0,0,1,0
"Birmingham",2016,"Birmingham_410250_280750",410250,280750,15,13,1,1,14,0.0714285714285714
"Birmingham",2019,"Birmingham_410250_280750",410250,280750,15,12,2,1,14,0.142857142857143
"Birmingham",2022,"Birmingham_410250_280750",410250,280750,15,12,1,2,13,0.0769230769230769
"Birmingham",2025,"Birmingham_410250_280750",410250,280750,14,8,0,6,8,0
"Birmingham",2016,"Birmingham_410500_280750",410500,280750,3,0,2,1,2,1
"Birmingham",2019,"Birmingham_410500_280750",410500,280750,3,2,0,1,2,0
"Birmingham",2022,"Birmingham_410500_280750",410500,280750,3,2,0,1,2,0
"Birmingham",2025,"Birmingham_410500_280750",410500,280750,2,1,0,1,1,0
"Birmingham",2016,"Birmingham_399250_281000",399250,281000,1,1,0,0,1,0
"Birmingham",2019,"Birmingham_399250_281000",399250,281000,1,1,0,0,1,0
"Birmingham",2022,"Birmingham_399250_281000",399250,281000,1,1,0,0,1,0
"Birmingham",2025,"Birmingham_399250_281000",399250,281000,1,1,0,0,1,0
"Birmingham",2016,"Birmingham_401750_281000",401750,281000,1,1,0,0,1,0
"Birmingham",2019,"Birmingham_401750_281000",401750,281000,1,1,0,0,1,0
"Birmingham",2022,"Birmingham_401750_281000",401750,281000,1,1,0,0,1,0
"Birmingham",2025,"Birmingham_401750_281000",401750,281000,1,0,0,1,0,NA
"Birmingham",2016,"Birmingham_403000_281000",403000,281000,6,3,0,3,3,0
"Birmingham",2019,"Birmingham_403000_281000",403000,281000,4,4,0,0,4,0
"Birmingham",2022,"Birmingham_403000_281000",403000,281000,4,4,0,0,4,0
"Birmingham",2025,"Birmingham_403000_281000",403000,281000,4,4,0,0,4,0
"Birmingham",2016,"Birmingham_403250_281000",403250,281000,3,3,0,0,3,0
"Birmingham",2019,"Birmingham_403250_281000",403250,281000,3,3,0,0,3,0
"Birmingham",2022,"Birmingham_403250_281000",403250,281000,3,3,0,0,3,0
"Birmingham",2025,"Birmingham_403250_281000",403250,281000,3,3,0,0,3,0
"Birmingham",2016,"Birmingham_405000_281000",405000,281000,5,3,0,2,3,0
"Birmingham",2019,"Birmingham_405000_281000",405000,281000,4,4,0,0,4,0
"Birmingham",2022,"Birmingham_405000_281000",405000,281000,4,4,0,0,4,0
"Birmingham",2025,"Birmingham_405000_281000",405000,281000,3,2,0,1,2,0
"Birmingham",2016,"Birmingham_405250_281000",405250,281000,30,14,5,11,19,0.263157894736842
"Birmingham",2019,"Birmingham_405250_281000",405250,281000,28,20,3,5,23,0.130434782608696
"Birmingham",2022,"Birmingham_405250_281000",405250,281000,32,27,2,3,29,0.0689655172413793
"Birmingham",2025,"Birmingham_405250_281000",405250,281000,33,14,0,19,14,0
"Birmingham",2016,"Birmingham_406250_281000",406250,281000,32,20,1,11,21,0.0476190476190476
"Birmingham",2019,"Birmingham_406250_281000",406250,281000,26,21,1,4,22,0.0454545454545455
"Birmingham",2022,"Birmingham_406250_281000",406250,281000,26,20,2,4,22,0.0909090909090909
"Birmingham",2025,"Birmingham_406250_281000",406250,281000,24,11,0,13,11,0
"Birmingham",2016,"Birmingham_406750_281000",406750,281000,2,2,0,0,2,0
"Birmingham",2019,"Birmingham_406750_281000",406750,281000,2,2,0,0,2,0
"Birmingham",2022,"Birmingham_406750_281000",406750,281000,2,2,0,0,2,0
"Birmingham",2025,"Birmingham_406750_281000",406750,281000,2,2,0,0,2,0
"Birmingham",2016,"Birmingham_407250_281000",407250,281000,1,1,0,0,1,0
"Birmingham",2019,"Birmingham_407250_281000",407250,281000,1,1,0,0,1,0
"Birmingham",2022,"Birmingham_407250_281000",407250,281000,1,1,0,0,1,0
"Birmingham",2025,"Birmingham_407250_281000",407250,281000,1,1,0,0,1,0
"Birmingham",2016,"Birmingham_407500_281000",407500,281000,3,2,0,1,2,0
"Birmingham",2019,"Birmingham_407500_281000",407500,281000,3,3,0,0,3,0
"Birmingham",2022,"Birmingham_407500_281000",407500,281000,3,2,0,1,2,0
"Birmingham",2025,"Birmingham_407500_281000",407500,281000,1,0,0,1,0,NA
"Birmingham",2016,"Birmingham_408750_281000",408750,281000,15,7,0,8,7,0
"Birmingham",2019,"Birmingham_408750_281000",408750,281000,12,10,2,0,12,0.166666666666667
"Birmingham",2022,"Birmingham_408750_281000",408750,281000,12,10,2,0,12,0.166666666666667
"Birmingham",2025,"Birmingham_408750_281000",408750,281000,12,8,1,3,9,0.111111111111111
"Birmingham",2016,"Birmingham_409500_281000",409500,281000,11,6,0,5,6,0
"Birmingham",2019,"Birmingham_409500_281000",409500,281000,11,10,1,0,11,0.0909090909090909
"Birmingham",2022,"Birmingham_409500_281000",409500,281000,13,12,1,0,13,0.0769230769230769
"Birmingham",2025,"Birmingham_409500_281000",409500,281000,10,6,0,4,6,0
"Birmingham",2016,"Birmingham_409750_281000",409750,281000,5,3,0,2,3,0
"Birmingham",2019,"Birmingham_409750_281000",409750,281000,5,4,0,1,4,0
"Birmingham",2022,"Birmingham_409750_281000",409750,281000,5,4,0,1,4,0
"Birmingham",2025,"Birmingham_409750_281000",409750,281000,5,3,0,2,3,0
"Birmingham",2016,"Birmingham_410750_281000",410750,281000,45,30,3,12,33,0.0909090909090909
"Birmingham",2019,"Birmingham_410750_281000",410750,281000,43,36,3,4,39,0.0769230769230769
"Birmingham",2022,"Birmingham_410750_281000",410750,281000,49,37,5,7,42,0.119047619047619
"Birmingham",2025,"Birmingham_410750_281000",410750,281000,43,22,1,20,23,0.0434782608695652
"Birmingham",2016,"Birmingham_411750_281000",411750,281000,3,3,0,0,3,0
"Birmingham",2019,"Birmingham_411750_281000",411750,281000,3,2,1,0,3,0.333333333333333
"Birmingham",2022,"Birmingham_411750_281000",411750,281000,3,2,1,0,3,0.333333333333333
"Birmingham",2025,"Birmingham_411750_281000",411750,281000,1,1,0,0,1,0
"Birmingham",2016,"Birmingham_399750_281250",399750,281250,1,1,0,0,1,0
"Birmingham",2019,"Birmingham_399750_281250",399750,281250,1,1,0,0,1,0
"Birmingham",2022,"Birmingham_399750_281250",399750,281250,1,0,0,1,0,NA
"Birmingham",2025,"Birmingham_399750_281250",399750,281250,1,0,0,1,0,NA
"Birmingham",2016,"Birmingham_401000_281250",401000,281250,9,5,0,4,5,0
"Birmingham",2019,"Birmingham_401000_281250",401000,281250,10,8,1,1,9,0.111111111111111
"Birmingham",2022,"Birmingham_401000_281250",401000,281250,10,9,0,1,9,0
"Birmingham",2025,"Birmingham_401000_281250",401000,281250,8,5,0,3,5,0
"Birmingham",2016,"Birmingham_402000_281250",402000,281250,1,1,0,0,1,0
"Birmingham",2019,"Birmingham_402000_281250",402000,281250,1,1,0,0,1,0
"Birmingham",2022,"Birmingham_402000_281250",402000,281250,1,1,0,0,1,0
"Birmingham",2025,"Birmingham_402000_281250",402000,281250,1,0,0,1,0,NA
"Birmingham",2016,"Birmingham_402750_281250",402750,281250,3,1,0,2,1,0
"Birmingham",2019,"Birmingham_402750_281250",402750,281250,3,3,0,0,3,0
"Birmingham",2022,"Birmingham_402750_281250",402750,281250,3,3,0,0,3,0
"Birmingham",2025,"Birmingham_402750_281250",402750,281250,3,3,0,0,3,0
"Birmingham",2016,"Birmingham_404250_281250",404250,281250,1,1,0,0,1,0
"Birmingham",2019,"Birmingham_404250_281250",404250,281250,1,0,1,0,1,1
"Birmingham",2016,"Birmingham_404500_281250",404500,281250,14,10,1,3,11,0.0909090909090909
"Birmingham",2019,"Birmingham_404500_281250",404500,281250,15,13,1,1,14,0.0714285714285714
"Birmingham",2022,"Birmingham_404500_281250",404500,281250,14,12,1,1,13,0.0769230769230769
"Birmingham",2025,"Birmingham_404500_281250",404500,281250,13,7,0,6,7,0
"Birmingham",2016,"Birmingham_405000_281250",405000,281250,4,1,1,2,2,0.5
"Birmingham",2019,"Birmingham_405000_281250",405000,281250,3,3,0,0,3,0
"Birmingham",2022,"Birmingham_405000_281250",405000,281250,3,2,0,1,2,0
"Birmingham",2025,"Birmingham_405000_281250",405000,281250,2,1,0,1,1,0
"Birmingham",2016,"Birmingham_405250_281250",405250,281250,21,7,0,14,7,0
"Birmingham",2019,"Birmingham_405250_281250",405250,281250,13,13,0,0,13,0
"Birmingham",2022,"Birmingham_405250_281250",405250,281250,13,10,0,3,10,0
"Birmingham",2025,"Birmingham_405250_281250",405250,281250,15,7,1,7,8,0.125
"Birmingham",2016,"Birmingham_405500_281250",405500,281250,24,15,1,8,16,0.0625
"Birmingham",2019,"Birmingham_405500_281250",405500,281250,22,18,2,2,20,0.1
"Birmingham",2022,"Birmingham_405500_281250",405500,281250,27,22,1,4,23,0.0434782608695652
"Birmingham",2025,"Birmingham_405500_281250",405500,281250,26,9,2,15,11,0.181818181818182
"Birmingham",2016,"Birmingham_406250_281250",406250,281250,1,1,0,0,1,0
"Birmingham",2019,"Birmingham_406250_281250",406250,281250,1,1,0,0,1,0
"Birmingham",2022,"Birmingham_406250_281250",406250,281250,1,1,0,0,1,0
"Birmingham",2025,"Birmingham_406250_281250",406250,281250,1,1,0,0,1,0
"Birmingham",2016,"Birmingham_407000_281250",407000,281250,1,1,0,0,1,0
"Birmingham",2019,"Birmingham_407000_281250",407000,281250,1,1,0,0,1,0
"Birmingham",2022,"Birmingham_407000_281250",407000,281250,1,1,0,0,1,0
"Birmingham",2025,"Birmingham_407000_281250",407000,281250,1,1,0,0,1,0
"Birmingham",2016,"Birmingham_407250_281250",407250,281250,16,9,1,6,10,0.1
"Birmingham",2019,"Birmingham_407250_281250",407250,281250,14,11,1,2,12,0.0833333333333333
"Birmingham",2022,"Birmingham_407250_281250",407250,281250,15,12,1,2,13,0.0769230769230769
"Birmingham",2025,"Birmingham_407250_281250",407250,281250,14,7,0,7,7,0
"Birmingham",2016,"Birmingham_407500_281250",407500,281250,3,1,1,1,2,0.5
"Birmingham",2019,"Birmingham_407500_281250",407500,281250,3,3,0,0,3,0
"Birmingham",2022,"Birmingham_407500_281250",407500,281250,3,2,0,1,2,0
"Birmingham",2025,"Birmingham_407500_281250",407500,281250,4,1,0,3,1,0
"Birmingham",2016,"Birmingham_407750_281250",407750,281250,2,1,0,1,1,0
"Birmingham",2019,"Birmingham_407750_281250",407750,281250,2,2,0,0,2,0
"Birmingham",2022,"Birmingham_407750_281250",407750,281250,2,2,0,0,2,0
"Birmingham",2025,"Birmingham_407750_281250",407750,281250,2,2,0,0,2,0
"Birmingham",2016,"Birmingham_408500_281250",408500,281250,1,1,0,0,1,0
"Birmingham",2019,"Birmingham_408500_281250",408500,281250,1,1,0,0,1,0
"Birmingham",2022,"Birmingham_408500_281250",408500,281250,1,1,0,0,1,0
"Birmingham",2025,"Birmingham_408500_281250",408500,281250,1,1,0,0,1,0
"Birmingham",2016,"Birmingham_410500_281250",410500,281250,5,5,0,0,5,0
"Birmingham",2019,"Birmingham_410500_281250",410500,281250,5,4,0,1,4,0
"Birmingham",2022,"Birmingham_410500_281250",410500,281250,5,4,0,1,4,0
"Birmingham",2025,"Birmingham_410500_281250",410500,281250,5,2,0,3,2,0
"Birmingham",2016,"Birmingham_411750_281250",411750,281250,23,10,2,11,12,0.166666666666667
"Birmingham",2019,"Birmingham_411750_281250",411750,281250,18,12,3,3,15,0.2
"Birmingham",2022,"Birmingham_411750_281250",411750,281250,20,14,3,3,17,0.176470588235294
"Birmingham",2025,"Birmingham_411750_281250",411750,281250,19,9,3,7,12,0.25
"Birmingham",2016,"Birmingham_399500_281500",399500,281500,23,14,1,8,15,0.0666666666666667
"Birmingham",2019,"Birmingham_399500_281500",399500,281500,23,23,0,0,23,0
"Birmingham",2022,"Birmingham_399500_281500",399500,281500,24,19,0,5,19,0
"Birmingham",2025,"Birmingham_399500_281500",399500,281500,22,12,0,10,12,0
"Birmingham",2016,"Birmingham_401750_281500",401750,281500,1,1,0,0,1,0
"Birmingham",2019,"Birmingham_401750_281500",401750,281500,1,1,0,0,1,0
"Birmingham",2022,"Birmingham_401750_281500",401750,281500,1,1,0,0,1,0
"Birmingham",2025,"Birmingham_401750_281500",401750,281500,1,0,0,1,0,NA
"Birmingham",2016,"Birmingham_404250_281500",404250,281500,2,2,0,0,2,0
"Birmingham",2019,"Birmingham_404250_281500",404250,281500,2,1,0,1,1,0
"Birmingham",2022,"Birmingham_404250_281500",404250,281500,2,1,0,1,1,0
"Birmingham",2025,"Birmingham_404250_281500",404250,281500,2,1,0,1,1,0
"Birmingham",2016,"Birmingham_405250_281500",405250,281500,4,3,0,1,3,0
"Birmingham",2019,"Birmingham_405250_281500",405250,281500,3,3,0,0,3,0
"Birmingham",2022,"Birmingham_405250_281500",405250,281500,3,3,0,0,3,0
"Birmingham",2025,"Birmingham_405250_281500",405250,281500,3,1,0,2,1,0
"Birmingham",2016,"Birmingham_407000_281500",407000,281500,3,3,0,0,3,0
"Birmingham",2019,"Birmingham_407000_281500",407000,281500,3,3,0,0,3,0
"Birmingham",2022,"Birmingham_407000_281500",407000,281500,4,2,0,2,2,0
"Birmingham",2025,"Birmingham_407000_281500",407000,281500,4,1,0,3,1,0
"Birmingham",2016,"Birmingham_407250_281500",407250,281500,44,25,1,18,26,0.0384615384615385
"Birmingham",2019,"Birmingham_407250_281500",407250,281500,45,35,7,3,42,0.166666666666667
"Birmingham",2022,"Birmingham_407250_281500",407250,281500,45,32,5,8,37,0.135135135135135
"Birmingham",2025,"Birmingham_407250_281500",407250,281500,41,20,1,20,21,0.0476190476190476
"Birmingham",2016,"Birmingham_407500_281500",407500,281500,5,2,2,1,4,0.5
"Birmingham",2019,"Birmingham_407500_281500",407500,281500,6,5,1,0,6,0.166666666666667
"Birmingham",2022,"Birmingham_407500_281500",407500,281500,6,5,1,0,6,0.166666666666667
"Birmingham",2025,"Birmingham_407500_281500",407500,281500,4,3,0,1,3,0
"Birmingham",2016,"Birmingham_408250_281500",408250,281500,2,0,0,2,0,NA
"Birmingham",2019,"Birmingham_408250_281500",408250,281500,1,1,0,0,1,0
"Birmingham",2022,"Birmingham_408250_281500",408250,281500,1,1,0,0,1,0
"Birmingham",2025,"Birmingham_408250_281500",408250,281500,1,1,0,0,1,0
"Birmingham",2016,"Birmingham_409500_281500",409500,281500,2,1,0,1,1,0
"Birmingham",2019,"Birmingham_409500_281500",409500,281500,2,1,0,1,1,0
"Birmingham",2022,"Birmingham_409500_281500",409500,281500,2,1,0,1,1,0
"Birmingham",2025,"Birmingham_409500_281500",409500,281500,2,1,0,1,1,0
"Birmingham",2016,"Birmingham_409750_281500",409750,281500,2,1,0,1,1,0
"Birmingham",2019,"Birmingham_409750_281500",409750,281500,2,2,0,0,2,0
"Birmingham",2022,"Birmingham_409750_281500",409750,281500,2,2,0,0,2,0
"Birmingham",2025,"Birmingham_409750_281500",409750,281500,2,1,0,1,1,0
"Birmingham",2016,"Birmingham_410500_281500",410500,281500,1,1,0,0,1,0
"Birmingham",2019,"Birmingham_410500_281500",410500,281500,1,1,0,0,1,0
"Birmingham",2022,"Birmingham_410500_281500",410500,281500,1,0,0,1,0,NA
"Birmingham",2025,"Birmingham_410500_281500",410500,281500,1,0,0,1,0,NA
"Birmingham",2016,"Birmingham_411000_281500",411000,281500,1,1,0,0,1,0
"Birmingham",2019,"Birmingham_411000_281500",411000,281500,1,1,0,0,1,0
"Birmingham",2022,"Birmingham_411000_281500",411000,281500,1,1,0,0,1,0
"Birmingham",2025,"Birmingham_411000_281500",411000,281500,1,0,0,1,0,NA
"Birmingham",2016,"Birmingham_411250_281500",411250,281500,14,10,0,4,10,0
"Birmingham",2019,"Birmingham_411250_281500",411250,281500,14,11,1,2,12,0.0833333333333333
"Birmingham",2022,"Birmingham_411250_281500",411250,281500,15,10,1,4,11,0.0909090909090909
"Birmingham",2025,"Birmingham_411250_281500",411250,281500,14,6,1,7,7,0.142857142857143
"Birmingham",2016,"Birmingham_399500_281750",399500,281750,2,0,0,2,0,NA
"Birmingham",2019,"Birmingham_399500_281750",399500,281750,1,1,0,0,1,0
"Birmingham",2022,"Birmingham_399500_281750",399500,281750,1,1,0,0,1,0
"Birmingham",2025,"Birmingham_399500_281750",399500,281750,1,1,0,0,1,0
"Birmingham",2016,"Birmingham_399750_281750",399750,281750,1,1,0,0,1,0
"Birmingham",2019,"Birmingham_399750_281750",399750,281750,1,1,0,0,1,0
"Birmingham",2022,"Birmingham_399750_281750",399750,281750,1,1,0,0,1,0
"Birmingham",2025,"Birmingham_399750_281750",399750,281750,1,1,0,0,1,0
"Birmingham",2016,"Birmingham_400250_281750",400250,281750,6,2,0,4,2,0
"Birmingham",2019,"Birmingham_400250_281750",400250,281750,5,5,0,0,5,0
"Birmingham",2022,"Birmingham_400250_281750",400250,281750,5,5,0,0,5,0
"Birmingham",2025,"Birmingham_400250_281750",400250,281750,5,2,0,3,2,0
"Birmingham",2016,"Birmingham_402750_281750",402750,281750,6,3,0,3,3,0
"Birmingham",2019,"Birmingham_402750_281750",402750,281750,4,3,0,1,3,0
"Birmingham",2022,"Birmingham_402750_281750",402750,281750,4,3,0,1,3,0
"Birmingham",2025,"Birmingham_402750_281750",402750,281750,3,2,0,1,2,0
"Birmingham",2016,"Birmingham_403750_281750",403750,281750,1,0,0,1,0,NA
"Birmingham",2019,"Birmingham_404500_281750",404500,281750,1,1,0,0,1,0
"Birmingham",2016,"Birmingham_405500_281750",405500,281750,21,10,2,9,12,0.166666666666667
"Birmingham",2019,"Birmingham_405500_281750",405500,281750,17,15,1,1,16,0.0625
"Birmingham",2022,"Birmingham_405500_281750",405500,281750,17,12,1,4,13,0.0769230769230769
"Birmingham",2025,"Birmingham_405500_281750",405500,281750,17,10,1,6,11,0.0909090909090909
"Birmingham",2016,"Birmingham_406750_281750",406750,281750,6,4,0,2,4,0
"Birmingham",2019,"Birmingham_406750_281750",406750,281750,6,6,0,0,6,0
"Birmingham",2022,"Birmingham_406750_281750",406750,281750,6,6,0,0,6,0
"Birmingham",2025,"Birmingham_406750_281750",406750,281750,5,2,0,3,2,0
"Birmingham",2016,"Birmingham_407000_281750",407000,281750,18,12,0,6,12,0
"Birmingham",2019,"Birmingham_407000_281750",407000,281750,16,13,3,0,16,0.1875
"Birmingham",2022,"Birmingham_407000_281750",407000,281750,16,13,3,0,16,0.1875
"Birmingham",2025,"Birmingham_407000_281750",407000,281750,15,8,1,6,9,0.111111111111111
"Birmingham",2016,"Birmingham_407250_281750",407250,281750,122,59,3,60,62,0.0483870967741935
"Birmingham",2019,"Birmingham_407250_281750",407250,281750,113,100,5,8,105,0.0476190476190476
"Birmingham",2022,"Birmingham_407250_281750",407250,281750,115,94,7,14,101,0.0693069306930693
"Birmingham",2025,"Birmingham_407250_281750",407250,281750,117,55,2,60,57,0.0350877192982456
"Birmingham",2016,"Birmingham_407500_281750",407500,281750,20,11,1,8,12,0.0833333333333333
"Birmingham",2019,"Birmingham_407500_281750",407500,281750,13,12,0,1,12,0
"Birmingham",2022,"Birmingham_407500_281750",407500,281750,13,11,1,1,12,0.0833333333333333
"Birmingham",2025,"Birmingham_407500_281750",407500,281750,16,9,1,6,10,0.1
"Birmingham",2016,"Birmingham_407750_281750",407750,281750,2,1,0,1,1,0
"Birmingham",2019,"Birmingham_407750_281750",407750,281750,1,1,0,0,1,0
"Birmingham",2022,"Birmingham_407750_281750",407750,281750,1,1,0,0,1,0
"Birmingham",2025,"Birmingham_407750_281750",407750,281750,1,1,0,0,1,0
"Birmingham",2016,"Birmingham_409000_281750",409000,281750,1,1,0,0,1,0
"Birmingham",2019,"Birmingham_409000_281750",409000,281750,1,1,0,0,1,0
"Birmingham",2022,"Birmingham_409000_281750",409000,281750,1,1,0,0,1,0
"Birmingham",2016,"Birmingham_409500_281750",409500,281750,3,1,0,2,1,0
"Birmingham",2019,"Birmingham_409500_281750",409500,281750,2,2,0,0,2,0
"Birmingham",2022,"Birmingham_409500_281750",409500,281750,2,2,0,0,2,0
"Birmingham",2025,"Birmingham_409500_281750",409500,281750,2,2,0,0,2,0
"Birmingham",2016,"Birmingham_409750_281750",409750,281750,1,1,0,0,1,0
"Birmingham",2019,"Birmingham_409750_281750",409750,281750,1,1,0,0,1,0
"Birmingham",2022,"Birmingham_409750_281750",409750,281750,1,1,0,0,1,0
"Birmingham",2025,"Birmingham_409750_281750",409750,281750,1,1,0,0,1,0
"Birmingham",2016,"Birmingham_410500_281750",410500,281750,19,10,0,9,10,0
"Birmingham",2019,"Birmingham_410500_281750",410500,281750,13,11,2,0,13,0.153846153846154
"Birmingham",2022,"Birmingham_410500_281750",410500,281750,16,12,1,3,13,0.0769230769230769
"Birmingham",2025,"Birmingham_410500_281750",410500,281750,13,8,0,5,8,0
"Birmingham",2016,"Birmingham_411500_281750",411500,281750,4,0,0,4,0,NA
"Birmingham",2019,"Birmingham_411500_281750",411500,281750,4,4,0,0,4,0
"Birmingham",2022,"Birmingham_411500_281750",411500,281750,4,4,0,0,4,0
"Birmingham",2025,"Birmingham_411500_281750",411500,281750,4,4,0,0,4,0
"Birmingham",2016,"Birmingham_411750_281750",411750,281750,4,2,0,2,2,0
"Birmingham",2019,"Birmingham_411750_281750",411750,281750,3,3,0,0,3,0
"Birmingham",2022,"Birmingham_411750_281750",411750,281750,3,2,0,1,2,0
"Birmingham",2025,"Birmingham_411750_281750",411750,281750,3,2,0,1,2,0
"Birmingham",2016,"Birmingham_399250_282000",399250,282000,6,4,0,2,4,0
"Birmingham",2019,"Birmingham_399250_282000",399250,282000,6,6,0,0,6,0
"Birmingham",2022,"Birmingham_399250_282000",399250,282000,6,6,0,0,6,0
"Birmingham",2025,"Birmingham_399250_282000",399250,282000,6,5,0,1,5,0
"Birmingham",2016,"Birmingham_399750_282000",399750,282000,2,0,1,1,1,1
"Birmingham",2019,"Birmingham_399750_282000",399750,282000,2,2,0,0,2,0
"Birmingham",2022,"Birmingham_399750_282000",399750,282000,2,2,0,0,2,0
"Birmingham",2025,"Birmingham_399750_282000",399750,282000,2,1,1,0,2,0.5
"Birmingham",2016,"Birmingham_400250_282000",400250,282000,1,1,0,0,1,0
"Birmingham",2019,"Birmingham_400250_282000",400250,282000,1,1,0,0,1,0
"Birmingham",2022,"Birmingham_400250_282000",400250,282000,1,1,0,0,1,0
"Birmingham",2025,"Birmingham_400250_282000",400250,282000,1,1,0,0,1,0
"Birmingham",2016,"Birmingham_400500_282000",400500,282000,1,1,0,0,1,0
"Birmingham",2019,"Birmingham_400500_282000",400500,282000,1,1,0,0,1,0
"Birmingham",2022,"Birmingham_400500_282000",400500,282000,1,0,0,1,0,NA
"Birmingham",2025,"Birmingham_400500_282000",400500,282000,1,0,0,1,0,NA
"Birmingham",2016,"Birmingham_402000_282000",402000,282000,51,34,1,16,35,0.0285714285714286
"Birmingham",2019,"Birmingham_402000_282000",402000,282000,50,43,3,4,46,0.0652173913043478
"Birmingham",2022,"Birmingham_402000_282000",402000,282000,53,43,3,7,46,0.0652173913043478
"Birmingham",2025,"Birmingham_402000_282000",402000,282000,48,25,0,23,25,0
"Birmingham",2016,"Birmingham_402250_282000",402250,282000,9,6,0,3,6,0
"Birmingham",2019,"Birmingham_402250_282000",402250,282000,9,9,0,0,9,0
"Birmingham",2022,"Birmingham_402250_282000",402250,282000,9,9,0,0,9,0
"Birmingham",2025,"Birmingham_402250_282000",402250,282000,9,7,0,2,7,0
"Birmingham",2016,"Birmingham_403250_282000",403250,282000,1,1,0,0,1,0
"Birmingham",2019,"Birmingham_403250_282000",403250,282000,1,1,0,0,1,0
"Birmingham",2022,"Birmingham_403250_282000",403250,282000,1,1,0,0,1,0
"Birmingham",2025,"Birmingham_403250_282000",403250,282000,1,1,0,0,1,0
"Birmingham",2016,"Birmingham_403750_282000",403750,282000,1,1,0,0,1,0
"Birmingham",2019,"Birmingham_403750_282000",403750,282000,1,1,0,0,1,0
"Birmingham",2022,"Birmingham_403750_282000",403750,282000,1,1,0,0,1,0
"Birmingham",2025,"Birmingham_403750_282000",403750,282000,1,1,0,0,1,0
"Birmingham",2016,"Birmingham_404000_282000",404000,282000,8,6,0,2,6,0
"Birmingham",2019,"Birmingham_404000_282000",404000,282000,8,8,0,0,8,0
"Birmingham",2022,"Birmingham_404000_282000",404000,282000,9,7,1,1,8,0.125
"Birmingham",2025,"Birmingham_404000_282000",404000,282000,6,3,0,3,3,0
"Birmingham",2016,"Birmingham_404750_282000",404750,282000,39,23,1,15,24,0.0416666666666667
"Birmingham",2019,"Birmingham_404750_282000",404750,282000,30,27,0,3,27,0
"Birmingham",2022,"Birmingham_404750_282000",404750,282000,34,30,1,3,31,0.032258064516129
"Birmingham",2025,"Birmingham_404750_282000",404750,282000,30,18,2,10,20,0.1
"Birmingham",2016,"Birmingham_405000_282000",405000,282000,1,0,0,1,0,NA
"Birmingham",2022,"Birmingham_405000_282000",405000,282000,1,1,0,0,1,0
"Birmingham",2025,"Birmingham_405000_282000",405000,282000,1,0,0,1,0,NA
"Birmingham",2016,"Birmingham_405750_282000",405750,282000,8,4,1,3,5,0.2
"Birmingham",2019,"Birmingham_405750_282000",405750,282000,7,6,1,0,7,0.142857142857143
"Birmingham",2022,"Birmingham_405750_282000",405750,282000,7,6,1,0,7,0.142857142857143
"Birmingham",2025,"Birmingham_405750_282000",405750,282000,6,4,0,2,4,0
"Birmingham",2016,"Birmingham_406250_282000",406250,282000,10,5,1,4,6,0.166666666666667
"Birmingham",2019,"Birmingham_406250_282000",406250,282000,7,4,2,1,6,0.333333333333333
"Birmingham",2022,"Birmingham_406250_282000",406250,282000,7,5,1,1,6,0.166666666666667
"Birmingham",2025,"Birmingham_406250_282000",406250,282000,7,5,0,2,5,0
"Birmingham",2016,"Birmingham_407000_282000",407000,282000,2,2,0,0,2,0
"Birmingham",2019,"Birmingham_407000_282000",407000,282000,2,2,0,0,2,0
"Birmingham",2022,"Birmingham_407000_282000",407000,282000,3,3,0,0,3,0
"Birmingham",2025,"Birmingham_407000_282000",407000,282000,2,1,0,1,1,0
"Birmingham",2016,"Birmingham_407250_282000",407250,282000,74,46,0,28,46,0
"Birmingham",2019,"Birmingham_407250_282000",407250,282000,63,58,0,5,58,0
"Birmingham",2022,"Birmingham_407250_282000",407250,282000,68,57,2,9,59,0.0338983050847458
"Birmingham",2025,"Birmingham_407250_282000",407250,282000,65,29,0,36,29,0
"Birmingham",2016,"Birmingham_407500_282000",407500,282000,10,8,0,2,8,0
"Birmingham",2019,"Birmingham_407500_282000",407500,282000,10,9,1,0,10,0.1
"Birmingham",2022,"Birmingham_407500_282000",407500,282000,10,7,1,2,8,0.125
"Birmingham",2025,"Birmingham_407500_282000",407500,282000,9,3,0,6,3,0
"Birmingham",2016,"Birmingham_408000_282000",408000,282000,2,1,1,0,2,0.5
"Birmingham",2019,"Birmingham_408000_282000",408000,282000,3,1,2,0,3,0.666666666666667
"Birmingham",2022,"Birmingham_408000_282000",408000,282000,3,3,0,0,3,0
"Birmingham",2025,"Birmingham_408000_282000",408000,282000,3,2,0,1,2,0
"Birmingham",2016,"Birmingham_410250_282000",410250,282000,21,12,0,9,12,0
"Birmingham",2019,"Birmingham_410250_282000",410250,282000,20,16,0,4,16,0
"Birmingham",2022,"Birmingham_410250_282000",410250,282000,21,15,0,6,15,0
"Birmingham",2025,"Birmingham_410250_282000",410250,282000,17,8,0,9,8,0
"Birmingham",2016,"Birmingham_410500_282000",410500,282000,8,5,0,3,5,0
"Birmingham",2019,"Birmingham_410500_282000",410500,282000,9,8,0,1,8,0
"Birmingham",2022,"Birmingham_410500_282000",410500,282000,9,9,0,0,9,0
"Birmingham",2025,"Birmingham_410500_282000",410500,282000,7,2,0,5,2,0
"Birmingham",2016,"Birmingham_410750_282000",410750,282000,2,2,0,0,2,0
"Birmingham",2019,"Birmingham_410750_282000",410750,282000,2,2,0,0,2,0
"Birmingham",2022,"Birmingham_410750_282000",410750,282000,3,3,0,0,3,0
"Birmingham",2025,"Birmingham_410750_282000",410750,282000,1,0,0,1,0,NA
"Birmingham",2016,"Birmingham_411500_282000",411500,282000,3,2,0,1,2,0
"Birmingham",2019,"Birmingham_411500_282000",411500,282000,3,2,0,1,2,0
"Birmingham",2022,"Birmingham_411500_282000",411500,282000,3,2,0,1,2,0
"Birmingham",2025,"Birmingham_411500_282000",411500,282000,3,2,0,1,2,0
"Birmingham",2016,"Birmingham_412250_282000",412250,282000,1,1,0,0,1,0
"Birmingham",2019,"Birmingham_412250_282000",412250,282000,1,1,0,0,1,0
"Birmingham",2022,"Birmingham_412250_282000",412250,282000,1,1,0,0,1,0
"Birmingham",2025,"Birmingham_412250_282000",412250,282000,1,1,0,0,1,0
"Birmingham",2016,"Birmingham_412500_282000",412500,282000,1,1,0,0,1,0
"Birmingham",2019,"Birmingham_412500_282000",412500,282000,1,1,0,0,1,0
"Birmingham",2022,"Birmingham_412500_282000",412500,282000,1,1,0,0,1,0
"Birmingham",2025,"Birmingham_412500_282000",412500,282000,1,1,0,0,1,0
"Birmingham",2016,"Birmingham_400500_282250",400500,282250,6,1,0,5,1,0
"Birmingham",2019,"Birmingham_400500_282250",400500,282250,2,2,0,0,2,0
"Birmingham",2022,"Birmingham_400500_282250",400500,282250,2,2,0,0,2,0
"Birmingham",2025,"Birmingham_400500_282250",400500,282250,2,1,0,1,1,0
"Birmingham",2016,"Birmingham_401500_282250",401500,282250,1,0,0,1,0,NA
"Birmingham",2016,"Birmingham_402000_282250",402000,282250,6,5,0,1,5,0
"Birmingham",2019,"Birmingham_402000_282250",402000,282250,6,5,0,1,5,0
"Birmingham",2022,"Birmingham_402000_282250",402000,282250,7,6,0,1,6,0
"Birmingham",2025,"Birmingham_402000_282250",402000,282250,5,3,0,2,3,0
"Birmingham",2016,"Birmingham_403250_282250",403250,282250,9,4,0,5,4,0
"Birmingham",2019,"Birmingham_403250_282250",403250,282250,7,4,1,2,5,0.2
"Birmingham",2022,"Birmingham_403250_282250",403250,282250,7,4,0,3,4,0
"Birmingham",2025,"Birmingham_403250_282250",403250,282250,6,3,0,3,3,0
"Birmingham",2016,"Birmingham_404000_282250",404000,282250,31,13,3,15,16,0.1875
"Birmingham",2019,"Birmingham_404000_282250",404000,282250,27,19,2,6,21,0.0952380952380952
"Birmingham",2022,"Birmingham_404000_282250",404000,282250,28,17,1,10,18,0.0555555555555556
"Birmingham",2025,"Birmingham_404000_282250",404000,282250,26,7,2,17,9,0.222222222222222
"Birmingham",2016,"Birmingham_404250_282250",404250,282250,30,14,0,16,14,0
"Birmingham",2019,"Birmingham_404250_282250",404250,282250,21,16,2,3,18,0.111111111111111
"Birmingham",2022,"Birmingham_404250_282250",404250,282250,21,15,1,5,16,0.0625
"Birmingham",2025,"Birmingham_404250_282250",404250,282250,22,11,0,11,11,0
"Birmingham",2016,"Birmingham_404500_282250",404500,282250,1,1,0,0,1,0
"Birmingham",2019,"Birmingham_404500_282250",404500,282250,1,1,0,0,1,0
"Birmingham",2022,"Birmingham_404500_282250",404500,282250,1,1,0,0,1,0
"Birmingham",2016,"Birmingham_404750_282250",404750,282250,1,0,0,1,0,NA
"Birmingham",2019,"Birmingham_404750_282250",404750,282250,1,1,0,0,1,0
"Birmingham",2022,"Birmingham_404750_282250",404750,282250,1,1,0,0,1,0
"Birmingham",2025,"Birmingham_404750_282250",404750,282250,1,1,0,0,1,0
"Birmingham",2016,"Birmingham_405000_282250",405000,282250,1,1,0,0,1,0
"Birmingham",2019,"Birmingham_405000_282250",405000,282250,1,1,0,0,1,0
"Birmingham",2022,"Birmingham_405000_282250",405000,282250,1,1,0,0,1,0
"Birmingham",2025,"Birmingham_405000_282250",405000,282250,1,1,0,0,1,0
"Birmingham",2016,"Birmingham_405750_282250",405750,282250,7,5,0,2,5,0
"Birmingham",2019,"Birmingham_405750_282250",405750,282250,7,6,0,1,6,0
"Birmingham",2022,"Birmingham_405750_282250",405750,282250,7,6,0,1,6,0
"Birmingham",2025,"Birmingham_405750_282250",405750,282250,6,2,0,4,2,0
"Birmingham",2016,"Birmingham_407500_282250",407500,282250,1,1,0,0,1,0
"Birmingham",2019,"Birmingham_407500_282250",407500,282250,2,1,1,0,2,0.5
"Birmingham",2022,"Birmingham_407500_282250",407500,282250,2,1,1,0,2,0.5
"Birmingham",2025,"Birmingham_407500_282250",407500,282250,2,0,1,1,1,1
"Birmingham",2016,"Birmingham_408000_282250",408000,282250,1,1,0,0,1,0
"Birmingham",2019,"Birmingham_408000_282250",408000,282250,1,1,0,0,1,0
"Birmingham",2022,"Birmingham_408000_282250",408000,282250,1,1,0,0,1,0
"Birmingham",2025,"Birmingham_408000_282250",408000,282250,1,0,0,1,0,NA
"Birmingham",2016,"Birmingham_408750_282250",408750,282250,2,1,0,1,1,0
"Birmingham",2019,"Birmingham_408750_282250",408750,282250,2,2,0,0,2,0
"Birmingham",2022,"Birmingham_408750_282250",408750,282250,2,2,0,0,2,0
"Birmingham",2025,"Birmingham_408750_282250",408750,282250,2,1,0,1,1,0
"Birmingham",2022,"Birmingham_409250_282250",409250,282250,1,1,0,0,1,0
"Birmingham",2025,"Birmingham_409250_282250",409250,282250,1,1,0,0,1,0
"Birmingham",2016,"Birmingham_410250_282250",410250,282250,52,30,1,21,31,0.032258064516129
"Birmingham",2019,"Birmingham_410250_282250",410250,282250,50,44,2,4,46,0.0434782608695652
"Birmingham",2022,"Birmingham_410250_282250",410250,282250,57,50,0,7,50,0
"Birmingham",2025,"Birmingham_410250_282250",410250,282250,48,22,0,26,22,0
"Birmingham",2016,"Birmingham_410500_282250",410500,282250,1,1,0,0,1,0
"Birmingham",2019,"Birmingham_410500_282250",410500,282250,1,1,0,0,1,0
"Birmingham",2022,"Birmingham_410500_282250",410500,282250,1,1,0,0,1,0
"Birmingham",2025,"Birmingham_410500_282250",410500,282250,1,1,0,0,1,0
"Birmingham",2016,"Birmingham_411000_282250",411000,282250,9,4,0,5,4,0
"Birmingham",2019,"Birmingham_411000_282250",411000,282250,9,9,0,0,9,0
"Birmingham",2022,"Birmingham_411000_282250",411000,282250,9,9,0,0,9,0
"Birmingham",2025,"Birmingham_411000_282250",411000,282250,9,5,0,4,5,0
"Birmingham",2016,"Birmingham_411750_282250",411750,282250,4,3,0,1,3,0
"Birmingham",2019,"Birmingham_411750_282250",411750,282250,4,4,0,0,4,0
"Birmingham",2022,"Birmingham_411750_282250",411750,282250,4,4,0,0,4,0
"Birmingham",2025,"Birmingham_411750_282250",411750,282250,4,2,0,2,2,0
"Birmingham",2016,"Birmingham_399000_282500",399000,282500,1,1,0,0,1,0
"Birmingham",2019,"Birmingham_399000_282500",399000,282500,1,0,0,1,0,NA
"Birmingham",2022,"Birmingham_399000_282500",399000,282500,1,1,0,0,1,0
"Birmingham",2025,"Birmingham_399000_282500",399000,282500,1,0,0,1,0,NA
"Birmingham",2016,"Birmingham_399250_282500",399250,282500,1,1,0,0,1,0
"Birmingham",2019,"Birmingham_399250_282500",399250,282500,1,1,0,0,1,0
"Birmingham",2022,"Birmingham_399250_282500",399250,282500,1,1,0,0,1,0
"Birmingham",2025,"Birmingham_399250_282500",399250,282500,1,1,0,0,1,0
"Birmingham",2016,"Birmingham_400500_282500",400500,282500,9,3,1,5,4,0.25
"Birmingham",2019,"Birmingham_400500_282500",400500,282500,9,5,3,1,8,0.375
"Birmingham",2022,"Birmingham_400500_282500",400500,282500,9,6,3,0,9,0.333333333333333
"Birmingham",2025,"Birmingham_400500_282500",400500,282500,8,3,0,5,3,0
"Birmingham",2016,"Birmingham_401250_282500",401250,282500,10,9,0,1,9,0
"Birmingham",2019,"Birmingham_401250_282500",401250,282500,10,10,0,0,10,0
"Birmingham",2022,"Birmingham_401250_282500",401250,282500,10,8,0,2,8,0
"Birmingham",2025,"Birmingham_401250_282500",401250,282500,9,5,0,4,5,0
"Birmingham",2016,"Birmingham_401500_282500",401500,282500,4,3,0,1,3,0
"Birmingham",2019,"Birmingham_401500_282500",401500,282500,4,4,0,0,4,0
"Birmingham",2022,"Birmingham_401500_282500",401500,282500,4,3,0,1,3,0
"Birmingham",2025,"Birmingham_401500_282500",401500,282500,4,3,0,1,3,0
"Birmingham",2016,"Birmingham_402000_282500",402000,282500,1,0,1,0,1,1
"Birmingham",2019,"Birmingham_402000_282500",402000,282500,1,0,1,0,1,1
"Birmingham",2022,"Birmingham_402000_282500",402000,282500,1,0,1,0,1,1
"Birmingham",2025,"Birmingham_402000_282500",402000,282500,1,0,0,1,0,NA
"Birmingham",2016,"Birmingham_403000_282500",403000,282500,6,3,1,2,4,0.25
"Birmingham",2019,"Birmingham_403000_282500",403000,282500,6,3,1,2,4,0.25
"Birmingham",2022,"Birmingham_403000_282500",403000,282500,6,6,0,0,6,0
"Birmingham",2025,"Birmingham_403000_282500",403000,282500,6,4,0,2,4,0
"Birmingham",2016,"Birmingham_404000_282500",404000,282500,14,6,0,8,6,0
"Birmingham",2019,"Birmingham_404000_282500",404000,282500,12,9,1,2,10,0.1
"Birmingham",2022,"Birmingham_404000_282500",404000,282500,13,9,2,2,11,0.181818181818182
"Birmingham",2025,"Birmingham_404000_282500",404000,282500,11,6,0,5,6,0
"Birmingham",2016,"Birmingham_404250_282500",404250,282500,1,0,0,1,0,NA
"Birmingham",2019,"Birmingham_404250_282500",404250,282500,1,1,0,0,1,0
"Birmingham",2022,"Birmingham_404250_282500",404250,282500,1,1,0,0,1,0
"Birmingham",2025,"Birmingham_404250_282500",404250,282500,1,0,0,1,0,NA
"Birmingham",2016,"Birmingham_404500_282500",404500,282500,2,1,0,1,1,0
"Birmingham",2019,"Birmingham_404500_282500",404500,282500,1,0,1,0,1,1
"Birmingham",2022,"Birmingham_404500_282500",404500,282500,1,0,1,0,1,1
"Birmingham",2016,"Birmingham_404750_282500",404750,282500,4,1,0,3,1,0
"Birmingham",2019,"Birmingham_404750_282500",404750,282500,2,1,0,1,1,0
"Birmingham",2022,"Birmingham_404750_282500",404750,282500,2,1,0,1,1,0
"Birmingham",2025,"Birmingham_404750_282500",404750,282500,1,0,0,1,0,NA
"Birmingham",2016,"Birmingham_405750_282500",405750,282500,5,2,0,3,2,0
"Birmingham",2019,"Birmingham_405750_282500",405750,282500,3,3,0,0,3,0
"Birmingham",2022,"Birmingham_405750_282500",405750,282500,3,3,0,0,3,0
"Birmingham",2025,"Birmingham_405750_282500",405750,282500,2,0,0,2,0,NA
"Birmingham",2016,"Birmingham_410000_282500",410000,282500,5,3,0,2,3,0
"Birmingham",2019,"Birmingham_410000_282500",410000,282500,5,5,0,0,5,0
"Birmingham",2022,"Birmingham_410000_282500",410000,282500,6,4,0,2,4,0
"Birmingham",2025,"Birmingham_410000_282500",410000,282500,6,2,0,4,2,0
"Birmingham",2016,"Birmingham_410250_282500",410250,282500,4,2,0,2,2,0
"Birmingham",2019,"Birmingham_410250_282500",410250,282500,3,3,0,0,3,0
"Birmingham",2022,"Birmingham_410250_282500",410250,282500,3,3,0,0,3,0
"Birmingham",2025,"Birmingham_410250_282500",410250,282500,3,1,0,2,1,0
"Birmingham",2016,"Birmingham_410500_282500",410500,282500,9,5,0,4,5,0
"Birmingham",2019,"Birmingham_410500_282500",410500,282500,7,5,0,2,5,0
"Birmingham",2022,"Birmingham_410500_282500",410500,282500,8,6,0,2,6,0
"Birmingham",2025,"Birmingham_410500_282500",410500,282500,9,2,0,7,2,0
"Birmingham",2016,"Birmingham_410750_282500",410750,282500,5,4,1,0,5,0.2
"Birmingham",2019,"Birmingham_410750_282500",410750,282500,5,3,1,1,4,0.25
"Birmingham",2022,"Birmingham_410750_282500",410750,282500,5,3,0,2,3,0
"Birmingham",2025,"Birmingham_410750_282500",410750,282500,5,2,0,3,2,0
"Birmingham",2016,"Birmingham_411250_282500",411250,282500,12,7,0,5,7,0
"Birmingham",2019,"Birmingham_411250_282500",411250,282500,11,8,0,3,8,0
"Birmingham",2022,"Birmingham_411250_282500",411250,282500,11,7,0,4,7,0
"Birmingham",2025,"Birmingham_411250_282500",411250,282500,11,5,0,6,5,0
"Birmingham",2016,"Birmingham_411500_282500",411500,282500,3,2,0,1,2,0
"Birmingham",2019,"Birmingham_411500_282500",411500,282500,3,3,0,0,3,0
"Birmingham",2022,"Birmingham_411500_282500",411500,282500,3,3,0,0,3,0
"Birmingham",2025,"Birmingham_411500_282500",411500,282500,3,2,0,1,2,0
"Birmingham",2016,"Birmingham_411750_282500",411750,282500,2,2,0,0,2,0
"Birmingham",2019,"Birmingham_411750_282500",411750,282500,2,2,0,0,2,0
"Birmingham",2022,"Birmingham_411750_282500",411750,282500,2,0,0,2,0,NA
"Birmingham",2025,"Birmingham_411750_282500",411750,282500,2,0,0,2,0,NA
"Birmingham",2016,"Birmingham_412750_282500",412750,282500,2,0,0,2,0,NA
"Birmingham",2019,"Birmingham_412750_282500",412750,282500,2,2,0,0,2,0
"Birmingham",2022,"Birmingham_412750_282500",412750,282500,2,2,0,0,2,0
"Birmingham",2025,"Birmingham_412750_282500",412750,282500,1,0,0,1,0,NA
"Birmingham",2016,"Birmingham_399000_282750",399000,282750,1,1,0,0,1,0
"Birmingham",2019,"Birmingham_399000_282750",399000,282750,1,1,0,0,1,0
"Birmingham",2022,"Birmingham_399000_282750",399000,282750,1,1,0,0,1,0
"Birmingham",2025,"Birmingham_399000_282750",399000,282750,1,1,0,0,1,0
"Birmingham",2016,"Birmingham_399250_282750",399250,282750,16,6,0,10,6,0
"Birmingham",2019,"Birmingham_399250_282750",399250,282750,9,8,1,0,9,0.111111111111111
"Birmingham",2022,"Birmingham_399250_282750",399250,282750,10,9,0,1,9,0
"Birmingham",2025,"Birmingham_399250_282750",399250,282750,7,4,0,3,4,0
"Birmingham",2016,"Birmingham_400250_282750",400250,282750,1,1,0,0,1,0
"Birmingham",2019,"Birmingham_400250_282750",400250,282750,1,1,0,0,1,0
"Birmingham",2022,"Birmingham_400250_282750",400250,282750,1,1,0,0,1,0
"Birmingham",2025,"Birmingham_400250_282750",400250,282750,1,1,0,0,1,0
"Birmingham",2016,"Birmingham_400750_282750",400750,282750,1,1,0,0,1,0
"Birmingham",2019,"Birmingham_400750_282750",400750,282750,1,1,0,0,1,0
"Birmingham",2022,"Birmingham_400750_282750",400750,282750,1,1,0,0,1,0
"Birmingham",2025,"Birmingham_400750_282750",400750,282750,1,0,0,1,0,NA
"Birmingham",2016,"Birmingham_401500_282750",401500,282750,2,0,0,2,0,NA
"Birmingham",2019,"Birmingham_401500_282750",401500,282750,1,1,0,0,1,0
"Birmingham",2022,"Birmingham_401500_282750",401500,282750,1,1,0,0,1,0
"Birmingham",2025,"Birmingham_401500_282750",401500,282750,1,1,0,0,1,0
"Birmingham",2016,"Birmingham_402250_282750",402250,282750,3,1,0,2,1,0
"Birmingham",2019,"Birmingham_402250_282750",402250,282750,2,2,0,0,2,0
"Birmingham",2022,"Birmingham_402250_282750",402250,282750,3,2,0,1,2,0
"Birmingham",2025,"Birmingham_402250_282750",402250,282750,3,2,0,1,2,0
"Birmingham",2016,"Birmingham_403000_282750",403000,282750,1,1,0,0,1,0
"Birmingham",2019,"Birmingham_403000_282750",403000,282750,1,1,0,0,1,0
"Birmingham",2022,"Birmingham_403000_282750",403000,282750,1,1,0,0,1,0
"Birmingham",2025,"Birmingham_403000_282750",403000,282750,1,1,0,0,1,0
"Birmingham",2016,"Birmingham_404000_282750",404000,282750,1,1,0,0,1,0
"Birmingham",2019,"Birmingham_404000_282750",404000,282750,15,5,0,10,5,0
"Birmingham",2022,"Birmingham_404000_282750",404000,282750,25,17,0,8,17,0
"Birmingham",2025,"Birmingham_404000_282750",404000,282750,20,12,0,8,12,0
"Birmingham",2016,"Birmingham_404250_282750",404250,282750,17,9,2,6,11,0.181818181818182
"Birmingham",2019,"Birmingham_404250_282750",404250,282750,17,15,1,1,16,0.0625
"Birmingham",2022,"Birmingham_404250_282750",404250,282750,17,13,1,3,14,0.0714285714285714
"Birmingham",2025,"Birmingham_404250_282750",404250,282750,18,8,0,10,8,0
"Birmingham",2016,"Birmingham_404500_282750",404500,282750,22,13,0,9,13,0
"Birmingham",2019,"Birmingham_404500_282750",404500,282750,20,16,2,2,18,0.111111111111111
"Birmingham",2022,"Birmingham_404500_282750",404500,282750,20,14,1,5,15,0.0666666666666667
"Birmingham",2025,"Birmingham_404500_282750",404500,282750,18,9,1,8,10,0.1
"Birmingham",2016,"Birmingham_404750_282750",404750,282750,1,0,1,0,1,1
"Birmingham",2019,"Birmingham_404750_282750",404750,282750,1,1,0,0,1,0
"Birmingham",2022,"Birmingham_404750_282750",404750,282750,1,1,0,0,1,0
"Birmingham",2025,"Birmingham_404750_282750",404750,282750,1,1,0,0,1,0
"Birmingham",2016,"Birmingham_405750_282750",405750,282750,6,4,0,2,4,0
"Birmingham",2019,"Birmingham_405750_282750",405750,282750,5,4,0,1,4,0
"Birmingham",2022,"Birmingham_405750_282750",405750,282750,5,3,0,2,3,0
"Birmingham",2025,"Birmingham_405750_282750",405750,282750,5,1,0,4,1,0
"Birmingham",2016,"Birmingham_407500_282750",407500,282750,4,2,0,2,2,0
"Birmingham",2019,"Birmingham_407500_282750",407500,282750,3,3,0,0,3,0
"Birmingham",2022,"Birmingham_407500_282750",407500,282750,3,3,0,0,3,0
"Birmingham",2025,"Birmingham_407500_282750",407500,282750,3,1,0,2,1,0
"Birmingham",2016,"Birmingham_409500_282750",409500,282750,24,15,0,9,15,0
"Birmingham",2019,"Birmingham_409500_282750",409500,282750,23,20,0,3,20,0
"Birmingham",2022,"Birmingham_409500_282750",409500,282750,24,18,1,5,19,0.0526315789473684
"Birmingham",2025,"Birmingham_409500_282750",409500,282750,24,13,0,11,13,0
"Birmingham",2016,"Birmingham_409750_282750",409750,282750,24,14,2,8,16,0.125
"Birmingham",2019,"Birmingham_409750_282750",409750,282750,18,15,2,1,17,0.117647058823529
"Birmingham",2022,"Birmingham_409750_282750",409750,282750,24,20,0,4,20,0
"Birmingham",2025,"Birmingham_409750_282750",409750,282750,25,9,0,16,9,0
"Birmingham",2016,"Birmingham_410000_282750",410000,282750,6,2,0,4,2,0
"Birmingham",2019,"Birmingham_410000_282750",410000,282750,8,5,3,0,8,0.375
"Birmingham",2022,"Birmingham_410000_282750",410000,282750,8,5,3,0,8,0.375
"Birmingham",2025,"Birmingham_410000_282750",410000,282750,5,0,1,4,1,1
"Birmingham",2016,"Birmingham_410250_282750",410250,282750,2,2,0,0,2,0
"Birmingham",2019,"Birmingham_410250_282750",410250,282750,2,2,0,0,2,0
"Birmingham",2022,"Birmingham_410250_282750",410250,282750,2,2,0,0,2,0
"Birmingham",2025,"Birmingham_410250_282750",410250,282750,2,1,0,1,1,0
"Birmingham",2016,"Birmingham_410500_282750",410500,282750,3,2,0,1,2,0
"Birmingham",2019,"Birmingham_410500_282750",410500,282750,3,3,0,0,3,0
"Birmingham",2022,"Birmingham_410500_282750",410500,282750,3,3,0,0,3,0
"Birmingham",2025,"Birmingham_410500_282750",410500,282750,3,2,0,1,2,0
"Birmingham",2016,"Birmingham_411250_282750",411250,282750,54,38,0,16,38,0
"Birmingham",2019,"Birmingham_411250_282750",411250,282750,48,42,1,5,43,0.0232558139534884
"Birmingham",2022,"Birmingham_411250_282750",411250,282750,50,38,2,10,40,0.05
"Birmingham",2025,"Birmingham_411250_282750",411250,282750,49,23,1,25,24,0.0416666666666667
"Birmingham",2016,"Birmingham_411500_282750",411500,282750,1,1,0,0,1,0
"Birmingham",2019,"Birmingham_411500_282750",411500,282750,1,1,0,0,1,0
"Birmingham",2022,"Birmingham_411500_282750",411500,282750,1,1,0,0,1,0
"Birmingham",2025,"Birmingham_411500_282750",411500,282750,1,0,0,1,0,NA
"Birmingham",2016,"Birmingham_412500_282750",412500,282750,7,3,0,4,3,0
"Birmingham",2019,"Birmingham_412500_282750",412500,282750,4,4,0,0,4,0
"Birmingham",2022,"Birmingham_412500_282750",412500,282750,5,4,1,0,5,0.2
"Birmingham",2025,"Birmingham_412500_282750",412500,282750,5,2,1,2,3,0.333333333333333
"Birmingham",2016,"Birmingham_412750_282750",412750,282750,7,5,0,2,5,0
"Birmingham",2019,"Birmingham_412750_282750",412750,282750,6,4,0,2,4,0
"Birmingham",2022,"Birmingham_412750_282750",412750,282750,6,5,0,1,5,0
"Birmingham",2025,"Birmingham_412750_282750",412750,282750,5,1,0,4,1,0
"Birmingham",2016,"Birmingham_399000_283000",399000,283000,1,1,0,0,1,0
"Birmingham",2019,"Birmingham_399000_283000",399000,283000,1,0,0,1,0,NA
"Birmingham",2022,"Birmingham_399000_283000",399000,283000,1,1,0,0,1,0
"Birmingham",2025,"Birmingham_399000_283000",399000,283000,1,0,0,1,0,NA
"Birmingham",2016,"Birmingham_4e+05_283000",4e+05,283000,1,0,1,0,1,1
"Birmingham",2019,"Birmingham_4e+05_283000",4e+05,283000,1,0,1,0,1,1
"Birmingham",2022,"Birmingham_4e+05_283000",4e+05,283000,1,0,1,0,1,1
"Birmingham",2016,"Birmingham_402500_283000",402500,283000,2,2,0,0,2,0
"Birmingham",2019,"Birmingham_402500_283000",402500,283000,2,2,0,0,2,0
"Birmingham",2022,"Birmingham_402500_283000",402500,283000,2,2,0,0,2,0
"Birmingham",2025,"Birmingham_402500_283000",402500,283000,2,2,0,0,2,0
"Birmingham",2016,"Birmingham_403500_283000",403500,283000,8,0,0,8,0,NA
"Birmingham",2019,"Birmingham_403500_283000",403500,283000,2,1,0,1,1,0
"Birmingham",2022,"Birmingham_403500_283000",403500,283000,2,2,0,0,2,0
"Birmingham",2025,"Birmingham_403500_283000",403500,283000,2,2,0,0,2,0
"Birmingham",2016,"Birmingham_404500_283000",404500,283000,45,28,0,17,28,0
"Birmingham",2019,"Birmingham_404500_283000",404500,283000,37,32,0,5,32,0
"Birmingham",2022,"Birmingham_404500_283000",404500,283000,38,30,0,8,30,0
"Birmingham",2025,"Birmingham_404500_283000",404500,283000,35,14,0,21,14,0
"Birmingham",2016,"Birmingham_404750_283000",404750,283000,31,9,0,22,9,0
"Birmingham",2019,"Birmingham_404750_283000",404750,283000,22,19,0,3,19,0
"Birmingham",2022,"Birmingham_404750_283000",404750,283000,23,19,0,4,19,0
"Birmingham",2025,"Birmingham_404750_283000",404750,283000,18,4,0,14,4,0
"Birmingham",2016,"Birmingham_405750_283000",405750,283000,14,8,0,6,8,0
"Birmingham",2019,"Birmingham_405750_283000",405750,283000,12,12,0,0,12,0
"Birmingham",2022,"Birmingham_405750_283000",405750,283000,13,13,0,0,13,0
"Birmingham",2025,"Birmingham_405750_283000",405750,283000,12,7,0,5,7,0
"Birmingham",2016,"Birmingham_406000_283000",406000,283000,1,1,0,0,1,0
"Birmingham",2019,"Birmingham_406000_283000",406000,283000,1,1,0,0,1,0
"Birmingham",2022,"Birmingham_406000_283000",406000,283000,1,1,0,0,1,0
"Birmingham",2025,"Birmingham_406000_283000",406000,283000,1,1,0,0,1,0
"Birmingham",2019,"Birmingham_407250_283000",407250,283000,1,1,0,0,1,0
"Birmingham",2016,"Birmingham_407500_283000",407500,283000,39,18,0,21,18,0
"Birmingham",2019,"Birmingham_407500_283000",407500,283000,39,33,2,4,35,0.0571428571428571
"Birmingham",2022,"Birmingham_407500_283000",407500,283000,39,36,2,1,38,0.0526315789473684
"Birmingham",2025,"Birmingham_407500_283000",407500,283000,37,16,0,21,16,0
"Birmingham",2016,"Birmingham_407750_283000",407750,283000,45,27,3,15,30,0.1
"Birmingham",2019,"Birmingham_407750_283000",407750,283000,39,32,2,5,34,0.0588235294117647
"Birmingham",2022,"Birmingham_407750_283000",407750,283000,47,33,2,12,35,0.0571428571428571
"Birmingham",2025,"Birmingham_407750_283000",407750,283000,46,19,0,27,19,0
"Birmingham",2016,"Birmingham_408000_283000",408000,283000,1,1,0,0,1,0
"Birmingham",2019,"Birmingham_408000_283000",408000,283000,1,1,0,0,1,0
"Birmingham",2022,"Birmingham_408000_283000",408000,283000,1,1,0,0,1,0
"Birmingham",2025,"Birmingham_408000_283000",408000,283000,1,0,0,1,0,NA
"Birmingham",2016,"Birmingham_408750_283000",408750,283000,2,2,0,0,2,0
"Birmingham",2019,"Birmingham_408750_283000",408750,283000,2,2,0,0,2,0
"Birmingham",2022,"Birmingham_408750_283000",408750,283000,2,2,0,0,2,0
"Birmingham",2025,"Birmingham_408750_283000",408750,283000,2,2,0,0,2,0
"Birmingham",2016,"Birmingham_409000_283000",409000,283000,1,0,0,1,0,NA
"Birmingham",2016,"Birmingham_409250_283000",409250,283000,6,5,0,1,5,0
"Birmingham",2019,"Birmingham_409250_283000",409250,283000,6,6,0,0,6,0
"Birmingham",2022,"Birmingham_409250_283000",409250,283000,6,5,0,1,5,0
"Birmingham",2025,"Birmingham_409250_283000",409250,283000,6,3,0,3,3,0
"Birmingham",2016,"Birmingham_409500_283000",409500,283000,125,64,5,56,69,0.072463768115942
"Birmingham",2019,"Birmingham_409500_283000",409500,283000,114,104,5,5,109,0.0458715596330275
"Birmingham",2022,"Birmingham_409500_283000",409500,283000,125,103,5,17,108,0.0462962962962963
"Birmingham",2025,"Birmingham_409500_283000",409500,283000,120,58,1,61,59,0.0169491525423729
"Birmingham",2016,"Birmingham_410500_283000",410500,283000,5,2,0,3,2,0
"Birmingham",2019,"Birmingham_410500_283000",410500,283000,2,2,0,0,2,0
"Birmingham",2022,"Birmingham_410500_283000",410500,283000,2,1,0,1,1,0
"Birmingham",2025,"Birmingham_410500_283000",410500,283000,1,0,0,1,0,NA
"Birmingham",2016,"Birmingham_410750_283000",410750,283000,9,3,0,6,3,0
"Birmingham",2019,"Birmingham_410750_283000",410750,283000,5,4,0,1,4,0
"Birmingham",2022,"Birmingham_410750_283000",410750,283000,7,5,1,1,6,0.166666666666667
"Birmingham",2025,"Birmingham_410750_283000",410750,283000,6,3,0,3,3,0
"Birmingham",2016,"Birmingham_411000_283000",411000,283000,6,4,0,2,4,0
"Birmingham",2019,"Birmingham_411000_283000",411000,283000,6,5,0,1,5,0
"Birmingham",2022,"Birmingham_411000_283000",411000,283000,10,8,0,2,8,0
"Birmingham",2025,"Birmingham_411000_283000",411000,283000,7,3,0,4,3,0
"Birmingham",2016,"Birmingham_411750_283000",411750,283000,14,7,0,7,7,0
"Birmingham",2019,"Birmingham_411750_283000",411750,283000,14,12,0,2,12,0
"Birmingham",2022,"Birmingham_411750_283000",411750,283000,14,11,1,2,12,0.0833333333333333
"Birmingham",2025,"Birmingham_411750_283000",411750,283000,12,4,0,8,4,0
"Birmingham",2016,"Birmingham_412000_283000",412000,283000,56,31,4,21,35,0.114285714285714
"Birmingham",2019,"Birmingham_412000_283000",412000,283000,51,42,5,4,47,0.106382978723404
"Birmingham",2022,"Birmingham_412000_283000",412000,283000,50,41,2,7,43,0.0465116279069767
"Birmingham",2025,"Birmingham_412000_283000",412000,283000,51,24,1,26,25,0.04
"Birmingham",2016,"Birmingham_412250_283000",412250,283000,64,37,1,26,38,0.0263157894736842
"Birmingham",2019,"Birmingham_412250_283000",412250,283000,59,54,3,2,57,0.0526315789473684
"Birmingham",2022,"Birmingham_412250_283000",412250,283000,61,51,2,8,53,0.0377358490566038
"Birmingham",2025,"Birmingham_412250_283000",412250,283000,60,24,0,36,24,0
"Birmingham",2016,"Birmingham_412500_283000",412500,283000,21,15,0,6,15,0
"Birmingham",2019,"Birmingham_412500_283000",412500,283000,17,17,0,0,17,0
"Birmingham",2022,"Birmingham_412500_283000",412500,283000,17,17,0,0,17,0
"Birmingham",2025,"Birmingham_412500_283000",412500,283000,16,9,0,7,9,0
"Birmingham",2016,"Birmingham_412750_283000",412750,283000,1,0,0,1,0,NA
"Birmingham",2019,"Birmingham_412750_283000",412750,283000,1,0,0,1,0,NA
"Birmingham",2022,"Birmingham_412750_283000",412750,283000,1,0,0,1,0,NA
"Birmingham",2025,"Birmingham_412750_283000",412750,283000,1,0,0,1,0,NA
"Birmingham",2016,"Birmingham_413000_283000",413000,283000,2,1,0,1,1,0
"Birmingham",2019,"Birmingham_413000_283000",413000,283000,2,1,0,1,1,0
"Birmingham",2022,"Birmingham_413000_283000",413000,283000,2,2,0,0,2,0
"Birmingham",2025,"Birmingham_413000_283000",413000,283000,2,0,0,2,0,NA
"Birmingham",2016,"Birmingham_402250_283250",402250,283250,6,6,0,0,6,0
"Birmingham",2019,"Birmingham_402250_283250",402250,283250,6,5,0,1,5,0
"Birmingham",2022,"Birmingham_402250_283250",402250,283250,7,5,1,1,6,0.166666666666667
"Birmingham",2025,"Birmingham_402250_283250",402250,283250,6,4,0,2,4,0
"Birmingham",2016,"Birmingham_402750_283250",402750,283250,1,0,0,1,0,NA
"Birmingham",2019,"Birmingham_402750_283250",402750,283250,1,1,0,0,1,0
"Birmingham",2022,"Birmingham_402750_283250",402750,283250,2,2,0,0,2,0
"Birmingham",2025,"Birmingham_402750_283250",402750,283250,1,0,0,1,0,NA
"Birmingham",2016,"Birmingham_403500_283250",403500,283250,13,11,1,1,12,0.0833333333333333
"Birmingham",2019,"Birmingham_403500_283250",403500,283250,12,9,1,2,10,0.1
"Birmingham",2022,"Birmingham_403500_283250",403500,283250,12,11,0,1,11,0
"Birmingham",2025,"Birmingham_403500_283250",403500,283250,12,9,0,3,9,0
"Birmingham",2016,"Birmingham_403750_283250",403750,283250,1,1,0,0,1,0
"Birmingham",2019,"Birmingham_403750_283250",403750,283250,1,1,0,0,1,0
"Birmingham",2022,"Birmingham_403750_283250",403750,283250,1,1,0,0,1,0
"Birmingham",2025,"Birmingham_403750_283250",403750,283250,1,1,0,0,1,0
"Birmingham",2016,"Birmingham_405000_283250",405000,283250,1,0,0,1,0,NA
"Birmingham",2016,"Birmingham_406000_283250",406000,283250,1,1,0,0,1,0
"Birmingham",2019,"Birmingham_406000_283250",406000,283250,1,1,0,0,1,0
"Birmingham",2022,"Birmingham_406000_283250",406000,283250,2,1,0,1,1,0
"Birmingham",2025,"Birmingham_406000_283250",406000,283250,5,1,0,4,1,0
"Birmingham",2016,"Birmingham_407250_283250",407250,283250,1,0,1,0,1,1
"Birmingham",2019,"Birmingham_407250_283250",407250,283250,1,1,0,0,1,0
"Birmingham",2022,"Birmingham_407250_283250",407250,283250,1,1,0,0,1,0
"Birmingham",2025,"Birmingham_407250_283250",407250,283250,1,0,0,1,0,NA
"Birmingham",2016,"Birmingham_407500_283250",407500,283250,19,11,0,8,11,0
"Birmingham",2019,"Birmingham_407500_283250",407500,283250,18,16,0,2,16,0
"Birmingham",2022,"Birmingham_407500_283250",407500,283250,19,14,1,4,15,0.0666666666666667
"Birmingham",2025,"Birmingham_407500_283250",407500,283250,18,8,0,10,8,0
"Birmingham",2016,"Birmingham_407750_283250",407750,283250,23,9,4,10,13,0.307692307692308
"Birmingham",2019,"Birmingham_407750_283250",407750,283250,20,18,2,0,20,0.1
"Birmingham",2022,"Birmingham_407750_283250",407750,283250,21,16,3,2,19,0.157894736842105
"Birmingham",2025,"Birmingham_407750_283250",407750,283250,19,8,1,10,9,0.111111111111111
"Birmingham",2016,"Birmingham_408000_283250",408000,283250,1,0,0,1,0,NA
"Birmingham",2016,"Birmingham_409250_283250",409250,283250,8,5,0,3,5,0
"Birmingham",2019,"Birmingham_409250_283250",409250,283250,8,6,0,2,6,0
"Birmingham",2022,"Birmingham_409250_283250",409250,283250,8,5,0,3,5,0
"Birmingham",2025,"Birmingham_409250_283250",409250,283250,6,1,0,5,1,0
"Birmingham",2016,"Birmingham_409500_283250",409500,283250,52,23,8,21,31,0.258064516129032
"Birmingham",2019,"Birmingham_409500_283250",409500,283250,52,43,3,6,46,0.0652173913043478
"Birmingham",2022,"Birmingham_409500_283250",409500,283250,67,52,3,12,55,0.0545454545454545
"Birmingham",2025,"Birmingham_409500_283250",409500,283250,66,29,1,36,30,0.0333333333333333
"Birmingham",2016,"Birmingham_409750_283250",409750,283250,4,4,0,0,4,0
"Birmingham",2019,"Birmingham_409750_283250",409750,283250,4,2,1,1,3,0.333333333333333
"Birmingham",2022,"Birmingham_409750_283250",409750,283250,4,2,1,1,3,0.333333333333333
"Birmingham",2025,"Birmingham_409750_283250",409750,283250,4,2,1,1,3,0.333333333333333
"Birmingham",2016,"Birmingham_410250_283250",410250,283250,1,0,0,1,0,NA
"Birmingham",2019,"Birmingham_410250_283250",410250,283250,1,1,0,0,1,0
"Birmingham",2022,"Birmingham_410250_283250",410250,283250,1,1,0,0,1,0
"Birmingham",2025,"Birmingham_410250_283250",410250,283250,1,1,0,0,1,0
"Birmingham",2016,"Birmingham_411250_283250",411250,283250,1,1,0,0,1,0
"Birmingham",2019,"Birmingham_411250_283250",411250,283250,1,1,0,0,1,0
"Birmingham",2022,"Birmingham_411250_283250",411250,283250,1,1,0,0,1,0
"Birmingham",2025,"Birmingham_411250_283250",411250,283250,1,1,0,0,1,0
"Birmingham",2016,"Birmingham_411750_283250",411750,283250,8,3,0,5,3,0
"Birmingham",2019,"Birmingham_411750_283250",411750,283250,8,6,0,2,6,0
"Birmingham",2022,"Birmingham_411750_283250",411750,283250,10,8,0,2,8,0
"Birmingham",2025,"Birmingham_411750_283250",411750,283250,9,5,0,4,5,0
"Birmingham",2016,"Birmingham_412000_283250",412000,283250,3,2,0,1,2,0
"Birmingham",2019,"Birmingham_412000_283250",412000,283250,3,3,0,0,3,0
"Birmingham",2022,"Birmingham_412000_283250",412000,283250,4,4,0,0,4,0
"Birmingham",2025,"Birmingham_412000_283250",412000,283250,3,3,0,0,3,0
"Birmingham",2016,"Birmingham_412750_283250",412750,283250,2,2,0,0,2,0
"Birmingham",2019,"Birmingham_412750_283250",412750,283250,2,1,0,1,1,0
"Birmingham",2022,"Birmingham_412750_283250",412750,283250,2,1,0,1,1,0
"Birmingham",2025,"Birmingham_412750_283250",412750,283250,2,1,0,1,1,0
"Birmingham",2016,"Birmingham_413000_283250",413000,283250,2,2,0,0,2,0
"Birmingham",2019,"Birmingham_413000_283250",413000,283250,2,2,0,0,2,0
"Birmingham",2022,"Birmingham_413000_283250",413000,283250,2,2,0,0,2,0
"Birmingham",2025,"Birmingham_413000_283250",413000,283250,2,2,0,0,2,0
"Birmingham",2016,"Birmingham_402250_283500",402250,283500,1,1,0,0,1,0
"Birmingham",2019,"Birmingham_402250_283500",402250,283500,1,1,0,0,1,0
"Birmingham",2022,"Birmingham_402250_283500",402250,283500,1,1,0,0,1,0
"Birmingham",2025,"Birmingham_402250_283500",402250,283500,1,1,0,0,1,0
"Birmingham",2016,"Birmingham_403000_283500",403000,283500,9,7,0,2,7,0
"Birmingham",2019,"Birmingham_403000_283500",403000,283500,9,7,1,1,8,0.125
"Birmingham",2022,"Birmingham_403000_283500",403000,283500,9,5,1,3,6,0.166666666666667
"Birmingham",2025,"Birmingham_403000_283500",403000,283500,9,4,1,4,5,0.2
"Birmingham",2016,"Birmingham_404750_283500",404750,283500,4,2,0,2,2,0
"Birmingham",2019,"Birmingham_404750_283500",404750,283500,4,3,1,0,4,0.25
"Birmingham",2022,"Birmingham_404750_283500",404750,283500,4,3,1,0,4,0.25
"Birmingham",2025,"Birmingham_404750_283500",404750,283500,1,0,0,1,0,NA
"Birmingham",2016,"Birmingham_405750_283500",405750,283500,2,0,0,2,0,NA
"Birmingham",2019,"Birmingham_405750_283500",405750,283500,2,2,0,0,2,0
"Birmingham",2016,"Birmingham_407500_283500",407500,283500,5,3,0,2,3,0
"Birmingham",2019,"Birmingham_407500_283500",407500,283500,3,3,0,0,3,0
"Birmingham",2022,"Birmingham_407500_283500",407500,283500,3,3,0,0,3,0
"Birmingham",2025,"Birmingham_407500_283500",407500,283500,3,1,0,2,1,0
"Birmingham",2016,"Birmingham_408000_283500",408000,283500,2,1,0,1,1,0
"Birmingham",2019,"Birmingham_408000_283500",408000,283500,2,2,0,0,2,0
"Birmingham",2022,"Birmingham_408000_283500",408000,283500,2,2,0,0,2,0
"Birmingham",2025,"Birmingham_408000_283500",408000,283500,2,2,0,0,2,0
"Birmingham",2016,"Birmingham_408500_283500",408500,283500,2,1,0,1,1,0
"Birmingham",2019,"Birmingham_408500_283500",408500,283500,1,1,0,0,1,0
"Birmingham",2022,"Birmingham_408500_283500",408500,283500,1,1,0,0,1,0
"Birmingham",2016,"Birmingham_409000_283500",409000,283500,13,9,1,3,10,0.1
"Birmingham",2019,"Birmingham_409000_283500",409000,283500,11,10,1,0,11,0.0909090909090909
"Birmingham",2022,"Birmingham_409000_283500",409000,283500,13,9,2,2,11,0.181818181818182
"Birmingham",2025,"Birmingham_409000_283500",409000,283500,12,4,0,8,4,0
"Birmingham",2016,"Birmingham_409250_283500",409250,283500,9,7,0,2,7,0
"Birmingham",2019,"Birmingham_409250_283500",409250,283500,9,8,1,0,9,0.111111111111111
"Birmingham",2022,"Birmingham_409250_283500",409250,283500,9,6,2,1,8,0.25
"Birmingham",2025,"Birmingham_409250_283500",409250,283500,8,3,0,5,3,0
"Birmingham",2016,"Birmingham_409500_283500",409500,283500,1,1,0,0,1,0
"Birmingham",2019,"Birmingham_409500_283500",409500,283500,1,1,0,0,1,0
"Birmingham",2022,"Birmingham_409500_283500",409500,283500,1,1,0,0,1,0
"Birmingham",2025,"Birmingham_409500_283500",409500,283500,1,1,0,0,1,0
"Birmingham",2016,"Birmingham_410250_283500",410250,283500,6,2,1,3,3,0.333333333333333
"Birmingham",2019,"Birmingham_410250_283500",410250,283500,5,5,0,0,5,0
"Birmingham",2022,"Birmingham_410250_283500",410250,283500,5,5,0,0,5,0
"Birmingham",2025,"Birmingham_410250_283500",410250,283500,5,3,1,1,4,0.25
"Birmingham",2016,"Birmingham_410500_283500",410500,283500,1,0,0,1,0,NA
"Birmingham",2016,"Birmingham_411000_283500",411000,283500,1,1,0,0,1,0
"Birmingham",2019,"Birmingham_411000_283500",411000,283500,1,1,0,0,1,0
"Birmingham",2022,"Birmingham_411000_283500",411000,283500,1,1,0,0,1,0
"Birmingham",2025,"Birmingham_411000_283500",411000,283500,1,0,0,1,0,NA
"Birmingham",2016,"Birmingham_411500_283500",411500,283500,7,3,0,4,3,0
"Birmingham",2019,"Birmingham_411500_283500",411500,283500,4,3,0,1,3,0
"Birmingham",2022,"Birmingham_411500_283500",411500,283500,4,3,0,1,3,0
"Birmingham",2025,"Birmingham_411500_283500",411500,283500,4,2,0,2,2,0
"Birmingham",2016,"Birmingham_412250_283500",412250,283500,10,5,1,4,6,0.166666666666667
"Birmingham",2019,"Birmingham_412250_283500",412250,283500,9,6,2,1,8,0.25
"Birmingham",2022,"Birmingham_412250_283500",412250,283500,9,7,1,1,8,0.125
"Birmingham",2025,"Birmingham_412250_283500",412250,283500,9,5,0,4,5,0
"Birmingham",2016,"Birmingham_412500_283500",412500,283500,1,0,0,1,0,NA
"Birmingham",2016,"Birmingham_413000_283500",413000,283500,2,2,0,0,2,0
"Birmingham",2019,"Birmingham_413000_283500",413000,283500,2,2,0,0,2,0
"Birmingham",2022,"Birmingham_413000_283500",413000,283500,2,2,0,0,2,0
"Birmingham",2025,"Birmingham_413000_283500",413000,283500,4,1,0,3,1,0
"Birmingham",2016,"Birmingham_414750_283500",414750,283500,18,8,1,9,9,0.111111111111111
"Birmingham",2019,"Birmingham_414750_283500",414750,283500,16,15,0,1,15,0
"Birmingham",2022,"Birmingham_414750_283500",414750,283500,16,13,0,3,13,0
"Birmingham",2025,"Birmingham_414750_283500",414750,283500,15,6,0,9,6,0
"Birmingham",2016,"Birmingham_415000_283500",415000,283500,19,2,0,17,2,0
"Birmingham",2019,"Birmingham_415000_283500",415000,283500,6,5,0,1,5,0
"Birmingham",2022,"Birmingham_415000_283500",415000,283500,6,6,0,0,6,0
"Birmingham",2025,"Birmingham_415000_283500",415000,283500,6,4,0,2,4,0
"Birmingham",2016,"Birmingham_415250_283500",415250,283500,8,4,0,4,4,0
"Birmingham",2019,"Birmingham_415250_283500",415250,283500,7,7,0,0,7,0
"Birmingham",2022,"Birmingham_415250_283500",415250,283500,7,7,0,0,7,0
"Birmingham",2025,"Birmingham_415250_283500",415250,283500,7,2,0,5,2,0
"Birmingham",2016,"Birmingham_399250_283750",399250,283750,1,1,0,0,1,0
"Birmingham",2019,"Birmingham_399250_283750",399250,283750,1,1,0,0,1,0
"Birmingham",2022,"Birmingham_399250_283750",399250,283750,1,0,1,0,1,1
"Birmingham",2025,"Birmingham_399250_283750",399250,283750,1,0,0,1,0,NA
"Birmingham",2016,"Birmingham_400250_283750",400250,283750,3,1,0,2,1,0
"Birmingham",2019,"Birmingham_400250_283750",400250,283750,2,2,0,0,2,0
"Birmingham",2022,"Birmingham_400250_283750",400250,283750,2,2,0,0,2,0
"Birmingham",2025,"Birmingham_400250_283750",400250,283750,2,2,0,0,2,0
"Birmingham",2016,"Birmingham_400500_283750",400500,283750,3,1,0,2,1,0
"Birmingham",2019,"Birmingham_400500_283750",400500,283750,3,3,0,0,3,0
"Birmingham",2022,"Birmingham_400500_283750",400500,283750,3,3,0,0,3,0
"Birmingham",2025,"Birmingham_400500_283750",400500,283750,3,3,0,0,3,0
"Birmingham",2016,"Birmingham_400750_283750",400750,283750,10,9,0,1,9,0
"Birmingham",2019,"Birmingham_400750_283750",400750,283750,9,8,0,1,8,0
"Birmingham",2022,"Birmingham_400750_283750",400750,283750,9,8,0,1,8,0
"Birmingham",2025,"Birmingham_400750_283750",400750,283750,9,5,0,4,5,0
"Birmingham",2016,"Birmingham_401250_283750",401250,283750,7,4,1,2,5,0.2
"Birmingham",2019,"Birmingham_401250_283750",401250,283750,7,6,1,0,7,0.142857142857143
"Birmingham",2022,"Birmingham_401250_283750",401250,283750,7,4,1,2,5,0.2
"Birmingham",2025,"Birmingham_401250_283750",401250,283750,9,4,0,5,4,0
"Birmingham",2016,"Birmingham_401750_283750",401750,283750,5,1,0,4,1,0
"Birmingham",2019,"Birmingham_401750_283750",401750,283750,3,3,0,0,3,0
"Birmingham",2022,"Birmingham_401750_283750",401750,283750,3,2,0,1,2,0
"Birmingham",2025,"Birmingham_401750_283750",401750,283750,3,1,0,2,1,0
"Birmingham",2016,"Birmingham_402750_283750",402750,283750,1,0,0,1,0,NA
"Birmingham",2019,"Birmingham_402750_283750",402750,283750,1,1,0,0,1,0
"Birmingham",2022,"Birmingham_402750_283750",402750,283750,1,1,0,0,1,0
"Birmingham",2025,"Birmingham_402750_283750",402750,283750,1,1,0,0,1,0
"Birmingham",2016,"Birmingham_403500_283750",403500,283750,1,0,0,1,0,NA
"Birmingham",2016,"Birmingham_404250_283750",404250,283750,4,4,0,0,4,0
"Birmingham",2019,"Birmingham_404250_283750",404250,283750,4,4,0,0,4,0
"Birmingham",2025,"Birmingham_404250_283750",404250,283750,1,0,0,1,0,NA
"Birmingham",2016,"Birmingham_404500_283750",404500,283750,1,1,0,0,1,0
"Birmingham",2019,"Birmingham_404500_283750",404500,283750,1,1,0,0,1,0
"Birmingham",2022,"Birmingham_404500_283750",404500,283750,1,0,0,1,0,NA
"Birmingham",2025,"Birmingham_404500_283750",404500,283750,1,0,0,1,0,NA
"Birmingham",2016,"Birmingham_404750_283750",404750,283750,23,13,0,10,13,0
"Birmingham",2019,"Birmingham_404750_283750",404750,283750,20,16,0,4,16,0
"Birmingham",2022,"Birmingham_404750_283750",404750,283750,21,17,2,2,19,0.105263157894737
"Birmingham",2025,"Birmingham_404750_283750",404750,283750,15,3,1,11,4,0.25
"Birmingham",2016,"Birmingham_407500_283750",407500,283750,1,1,0,0,1,0
"Birmingham",2019,"Birmingham_407500_283750",407500,283750,1,1,0,0,1,0
"Birmingham",2022,"Birmingham_407500_283750",407500,283750,1,1,0,0,1,0
"Birmingham",2025,"Birmingham_407500_283750",407500,283750,1,1,0,0,1,0
"Birmingham",2016,"Birmingham_407750_283750",407750,283750,2,0,0,2,0,NA
"Birmingham",2019,"Birmingham_407750_283750",407750,283750,2,2,0,0,2,0
"Birmingham",2022,"Birmingham_407750_283750",407750,283750,2,2,0,0,2,0
"Birmingham",2025,"Birmingham_407750_283750",407750,283750,2,2,0,0,2,0
"Birmingham",2016,"Birmingham_408250_283750",408250,283750,83,53,1,29,54,0.0185185185185185
"Birmingham",2019,"Birmingham_408250_283750",408250,283750,75,65,2,8,67,0.0298507462686567
"Birmingham",2022,"Birmingham_408250_283750",408250,283750,81,60,2,19,62,0.032258064516129
"Birmingham",2025,"Birmingham_408250_283750",408250,283750,73,35,0,38,35,0
"Birmingham",2016,"Birmingham_408500_283750",408500,283750,15,9,1,5,10,0.1
"Birmingham",2019,"Birmingham_408500_283750",408500,283750,16,16,0,0,16,0
"Birmingham",2022,"Birmingham_408500_283750",408500,283750,19,17,0,2,17,0
"Birmingham",2025,"Birmingham_408500_283750",408500,283750,18,7,0,11,7,0
"Birmingham",2016,"Birmingham_409000_283750",409000,283750,89,64,0,25,64,0
"Birmingham",2019,"Birmingham_409000_283750",409000,283750,81,70,2,9,72,0.0277777777777778
"Birmingham",2022,"Birmingham_409000_283750",409000,283750,86,65,3,18,68,0.0441176470588235
"Birmingham",2025,"Birmingham_409000_283750",409000,283750,94,45,0,49,45,0
"Birmingham",2016,"Birmingham_409250_283750",409250,283750,23,12,5,6,17,0.294117647058824
"Birmingham",2019,"Birmingham_409250_283750",409250,283750,29,25,0,4,25,0
"Birmingham",2022,"Birmingham_409250_283750",409250,283750,29,24,1,4,25,0.04
"Birmingham",2025,"Birmingham_409250_283750",409250,283750,28,19,1,8,20,0.05
"Birmingham",2016,"Birmingham_409500_283750",409500,283750,1,0,0,1,0,NA
"Birmingham",2019,"Birmingham_409500_283750",409500,283750,1,1,0,0,1,0
"Birmingham",2022,"Birmingham_409500_283750",409500,283750,1,1,0,0,1,0
"Birmingham",2025,"Birmingham_409500_283750",409500,283750,1,0,0,1,0,NA
"Birmingham",2016,"Birmingham_410000_283750",410000,283750,9,5,0,4,5,0
"Birmingham",2019,"Birmingham_410000_283750",410000,283750,7,6,0,1,6,0
"Birmingham",2022,"Birmingham_410000_283750",410000,283750,9,8,0,1,8,0
"Birmingham",2025,"Birmingham_410000_283750",410000,283750,8,4,0,4,4,0
"Birmingham",2016,"Birmingham_410250_283750",410250,283750,11,7,0,4,7,0
"Birmingham",2019,"Birmingham_410250_283750",410250,283750,9,8,1,0,9,0.111111111111111
"Birmingham",2022,"Birmingham_410250_283750",410250,283750,10,8,1,1,9,0.111111111111111
"Birmingham",2025,"Birmingham_410250_283750",410250,283750,9,4,0,5,4,0
"Birmingham",2016,"Birmingham_410500_283750",410500,283750,14,6,0,8,6,0
"Birmingham",2019,"Birmingham_410500_283750",410500,283750,11,10,1,0,11,0.0909090909090909
"Birmingham",2022,"Birmingham_410500_283750",410500,283750,11,9,1,1,10,0.1
"Birmingham",2025,"Birmingham_410500_283750",410500,283750,12,5,0,7,5,0
"Birmingham",2016,"Birmingham_410750_283750",410750,283750,13,9,0,4,9,0
"Birmingham",2019,"Birmingham_410750_283750",410750,283750,13,11,0,2,11,0
"Birmingham",2022,"Birmingham_410750_283750",410750,283750,13,10,1,2,11,0.0909090909090909
"Birmingham",2025,"Birmingham_410750_283750",410750,283750,11,9,1,1,10,0.1
"Birmingham",2016,"Birmingham_411000_283750",411000,283750,17,6,0,11,6,0
"Birmingham",2019,"Birmingham_411000_283750",411000,283750,13,11,0,2,11,0
"Birmingham",2022,"Birmingham_411000_283750",411000,283750,13,11,1,1,12,0.0833333333333333
"Birmingham",2025,"Birmingham_411000_283750",411000,283750,14,8,0,6,8,0
"Birmingham",2016,"Birmingham_411250_283750",411250,283750,6,3,0,3,3,0
"Birmingham",2019,"Birmingham_411250_283750",411250,283750,5,4,0,1,4,0
"Birmingham",2022,"Birmingham_411250_283750",411250,283750,5,4,0,1,4,0
"Birmingham",2025,"Birmingham_411250_283750",411250,283750,6,1,0,5,1,0
"Birmingham",2016,"Birmingham_411500_283750",411500,283750,1,0,0,1,0,NA
"Birmingham",2019,"Birmingham_411500_283750",411500,283750,1,1,0,0,1,0
"Birmingham",2022,"Birmingham_411500_283750",411500,283750,2,1,1,0,2,0.5
"Birmingham",2016,"Birmingham_411750_283750",411750,283750,4,3,0,1,3,0
"Birmingham",2019,"Birmingham_411750_283750",411750,283750,4,4,0,0,4,0
"Birmingham",2022,"Birmingham_411750_283750",411750,283750,4,4,0,0,4,0
"Birmingham",2025,"Birmingham_411750_283750",411750,283750,3,3,0,0,3,0
"Birmingham",2016,"Birmingham_412250_283750",412250,283750,30,21,1,8,22,0.0454545454545455
"Birmingham",2019,"Birmingham_412250_283750",412250,283750,27,25,1,1,26,0.0384615384615385
"Birmingham",2022,"Birmingham_412250_283750",412250,283750,27,24,0,3,24,0
"Birmingham",2025,"Birmingham_412250_283750",412250,283750,27,13,0,14,13,0
"Birmingham",2016,"Birmingham_412500_283750",412500,283750,1,1,0,0,1,0
"Birmingham",2019,"Birmingham_412500_283750",412500,283750,1,1,0,0,1,0
"Birmingham",2022,"Birmingham_412500_283750",412500,283750,1,1,0,0,1,0
"Birmingham",2025,"Birmingham_412500_283750",412500,283750,1,1,0,0,1,0
"Birmingham",2016,"Birmingham_412750_283750",412750,283750,1,1,0,0,1,0
"Birmingham",2019,"Birmingham_412750_283750",412750,283750,1,1,0,0,1,0
"Birmingham",2022,"Birmingham_412750_283750",412750,283750,1,1,0,0,1,0
"Birmingham",2025,"Birmingham_412750_283750",412750,283750,1,1,0,0,1,0
"Birmingham",2016,"Birmingham_413000_283750",413000,283750,9,6,0,3,6,0
"Birmingham",2019,"Birmingham_413000_283750",413000,283750,8,7,0,1,7,0
"Birmingham",2022,"Birmingham_413000_283750",413000,283750,8,7,0,1,7,0
"Birmingham",2025,"Birmingham_413000_283750",413000,283750,8,7,0,1,7,0
"Birmingham",2016,"Birmingham_414500_283750",414500,283750,7,5,0,2,5,0
"Birmingham",2019,"Birmingham_414500_283750",414500,283750,6,5,1,0,6,0.166666666666667
"Birmingham",2022,"Birmingham_414500_283750",414500,283750,8,7,0,1,7,0
"Birmingham",2025,"Birmingham_414500_283750",414500,283750,7,4,0,3,4,0
"Birmingham",2016,"Birmingham_414750_283750",414750,283750,39,17,3,19,20,0.15
"Birmingham",2019,"Birmingham_414750_283750",414750,283750,39,34,2,3,36,0.0555555555555556
"Birmingham",2022,"Birmingham_414750_283750",414750,283750,41,36,1,4,37,0.027027027027027
"Birmingham",2025,"Birmingham_414750_283750",414750,283750,38,16,0,22,16,0
"Birmingham",2016,"Birmingham_415000_283750",415000,283750,48,27,3,18,30,0.1
"Birmingham",2019,"Birmingham_415000_283750",415000,283750,45,40,3,2,43,0.0697674418604651
"Birmingham",2022,"Birmingham_415000_283750",415000,283750,51,40,4,7,44,0.0909090909090909
"Birmingham",2025,"Birmingham_415000_283750",415000,283750,47,16,0,31,16,0
"Birmingham",2016,"Birmingham_415500_283750",415500,283750,14,10,1,3,11,0.0909090909090909
"Birmingham",2019,"Birmingham_415500_283750",415500,283750,13,12,0,1,12,0
"Birmingham",2022,"Birmingham_415500_283750",415500,283750,13,11,0,2,11,0
"Birmingham",2025,"Birmingham_415500_283750",415500,283750,12,7,0,5,7,0
"Birmingham",2016,"Birmingham_416000_283750",416000,283750,3,1,1,1,2,0.5
"Birmingham",2019,"Birmingham_416000_283750",416000,283750,3,2,0,1,2,0
"Birmingham",2022,"Birmingham_416000_283750",416000,283750,1,0,0,1,0,NA
"Birmingham",2016,"Birmingham_399750_284000",399750,284000,2,2,0,0,2,0
"Birmingham",2019,"Birmingham_399750_284000",399750,284000,2,2,0,0,2,0
"Birmingham",2022,"Birmingham_399750_284000",399750,284000,2,2,0,0,2,0
"Birmingham",2025,"Birmingham_399750_284000",399750,284000,2,0,0,2,0,NA
"Birmingham",2022,"Birmingham_400250_284000",400250,284000,1,1,0,0,1,0
"Birmingham",2016,"Birmingham_401500_284000",401500,284000,1,1,0,0,1,0
"Birmingham",2019,"Birmingham_401500_284000",401500,284000,1,1,0,0,1,0
"Birmingham",2022,"Birmingham_401500_284000",401500,284000,1,1,0,0,1,0
"Birmingham",2025,"Birmingham_401500_284000",401500,284000,1,0,0,1,0,NA
"Birmingham",2016,"Birmingham_401750_284000",401750,284000,1,0,0,1,0,NA
"Birmingham",2019,"Birmingham_401750_284000",401750,284000,1,1,0,0,1,0
"Birmingham",2022,"Birmingham_401750_284000",401750,284000,1,1,0,0,1,0
"Birmingham",2025,"Birmingham_401750_284000",401750,284000,1,1,0,0,1,0
"Birmingham",2016,"Birmingham_402250_284000",402250,284000,14,8,0,6,8,0
"Birmingham",2019,"Birmingham_402250_284000",402250,284000,10,8,0,2,8,0
"Birmingham",2022,"Birmingham_402250_284000",402250,284000,11,9,0,2,9,0
"Birmingham",2025,"Birmingham_402250_284000",402250,284000,9,4,0,5,4,0
"Birmingham",2016,"Birmingham_402500_284000",402500,284000,4,2,1,1,3,0.333333333333333
"Birmingham",2019,"Birmingham_402500_284000",402500,284000,3,3,0,0,3,0
"Birmingham",2022,"Birmingham_402500_284000",402500,284000,3,3,0,0,3,0
"Birmingham",2025,"Birmingham_402500_284000",402500,284000,2,1,0,1,1,0
"Birmingham",2016,"Birmingham_403500_284000",403500,284000,1,1,0,0,1,0
"Birmingham",2019,"Birmingham_403500_284000",403500,284000,1,1,0,0,1,0
"Birmingham",2022,"Birmingham_403500_284000",403500,284000,1,1,0,0,1,0
"Birmingham",2025,"Birmingham_403500_284000",403500,284000,1,1,0,0,1,0
"Birmingham",2016,"Birmingham_406250_284000",406250,284000,1,0,0,1,0,NA
"Birmingham",2019,"Birmingham_406250_284000",406250,284000,1,1,0,0,1,0
"Birmingham",2022,"Birmingham_406250_284000",406250,284000,1,1,0,0,1,0
"Birmingham",2025,"Birmingham_406250_284000",406250,284000,1,1,0,0,1,0
"Birmingham",2016,"Birmingham_407000_284000",407000,284000,1,0,0,1,0,NA
"Birmingham",2016,"Birmingham_407250_284000",407250,284000,11,5,2,4,7,0.285714285714286
"Birmingham",2019,"Birmingham_407250_284000",407250,284000,7,6,0,1,6,0
"Birmingham",2022,"Birmingham_407250_284000",407250,284000,7,6,0,1,6,0
"Birmingham",2025,"Birmingham_407250_284000",407250,284000,7,4,0,3,4,0
"Birmingham",2016,"Birmingham_407500_284000",407500,284000,5,2,2,1,4,0.5
"Birmingham",2019,"Birmingham_407500_284000",407500,284000,4,4,0,0,4,0
"Birmingham",2022,"Birmingham_407500_284000",407500,284000,4,3,0,1,3,0
"Birmingham",2025,"Birmingham_407500_284000",407500,284000,2,0,1,1,1,1
"Birmingham",2016,"Birmingham_407750_284000",407750,284000,25,16,1,8,17,0.0588235294117647
"Birmingham",2019,"Birmingham_407750_284000",407750,284000,24,24,0,0,24,0
"Birmingham",2022,"Birmingham_407750_284000",407750,284000,24,20,0,4,20,0
"Birmingham",2025,"Birmingham_407750_284000",407750,284000,23,13,0,10,13,0
"Birmingham",2016,"Birmingham_408000_284000",408000,284000,8,5,1,2,6,0.166666666666667
"Birmingham",2019,"Birmingham_408000_284000",408000,284000,7,5,0,2,5,0
"Birmingham",2022,"Birmingham_408000_284000",408000,284000,6,3,0,3,3,0
"Birmingham",2025,"Birmingham_408000_284000",408000,284000,6,2,0,4,2,0
"Birmingham",2016,"Birmingham_408250_284000",408250,284000,19,8,1,10,9,0.111111111111111
"Birmingham",2019,"Birmingham_408250_284000",408250,284000,15,12,1,2,13,0.0769230769230769
"Birmingham",2022,"Birmingham_408250_284000",408250,284000,15,9,2,4,11,0.181818181818182
"Birmingham",2025,"Birmingham_408250_284000",408250,284000,15,3,0,12,3,0
"Birmingham",2016,"Birmingham_408500_284000",408500,284000,22,13,2,7,15,0.133333333333333
"Birmingham",2019,"Birmingham_408500_284000",408500,284000,18,18,0,0,18,0
"Birmingham",2022,"Birmingham_408500_284000",408500,284000,17,17,0,0,17,0
"Birmingham",2025,"Birmingham_408500_284000",408500,284000,17,11,0,6,11,0
"Birmingham",2016,"Birmingham_408750_284000",408750,284000,8,3,1,4,4,0.25
"Birmingham",2019,"Birmingham_408750_284000",408750,284000,6,3,1,2,4,0.25
"Birmingham",2022,"Birmingham_408750_284000",408750,284000,11,6,3,2,9,0.333333333333333
"Birmingham",2025,"Birmingham_408750_284000",408750,284000,7,1,2,4,3,0.666666666666667
"Birmingham",2016,"Birmingham_409000_284000",409000,284000,64,33,2,29,35,0.0571428571428571
"Birmingham",2019,"Birmingham_409000_284000",409000,284000,53,50,1,2,51,0.0196078431372549
"Birmingham",2022,"Birmingham_409000_284000",409000,284000,58,52,0,6,52,0
"Birmingham",2025,"Birmingham_409000_284000",409000,284000,57,32,0,25,32,0
"Birmingham",2016,"Birmingham_409250_284000",409250,284000,2,2,0,0,2,0
"Birmingham",2019,"Birmingham_409250_284000",409250,284000,2,2,0,0,2,0
"Birmingham",2022,"Birmingham_409250_284000",409250,284000,2,2,0,0,2,0
"Birmingham",2025,"Birmingham_409250_284000",409250,284000,2,1,0,1,1,0
"Birmingham",2016,"Birmingham_409500_284000",409500,284000,23,14,0,9,14,0
"Birmingham",2019,"Birmingham_409500_284000",409500,284000,22,21,0,1,21,0
"Birmingham",2022,"Birmingham_409500_284000",409500,284000,22,17,1,4,18,0.0555555555555556
"Birmingham",2025,"Birmingham_409500_284000",409500,284000,21,9,0,12,9,0
"Birmingham",2016,"Birmingham_409750_284000",409750,284000,7,1,1,5,2,0.5
"Birmingham",2019,"Birmingham_409750_284000",409750,284000,6,6,0,0,6,0
"Birmingham",2022,"Birmingham_409750_284000",409750,284000,6,4,1,1,5,0.2
"Birmingham",2025,"Birmingham_409750_284000",409750,284000,5,2,1,2,3,0.333333333333333
"Birmingham",2016,"Birmingham_410000_284000",410000,284000,3,2,0,1,2,0
"Birmingham",2019,"Birmingham_410000_284000",410000,284000,2,2,0,0,2,0
"Birmingham",2022,"Birmingham_410000_284000",410000,284000,2,2,0,0,2,0
"Birmingham",2025,"Birmingham_410000_284000",410000,284000,3,1,0,2,1,0
"Birmingham",2016,"Birmingham_410250_284000",410250,284000,1,1,0,0,1,0
"Birmingham",2019,"Birmingham_410250_284000",410250,284000,1,1,0,0,1,0
"Birmingham",2022,"Birmingham_410250_284000",410250,284000,1,1,0,0,1,0
"Birmingham",2025,"Birmingham_410250_284000",410250,284000,1,1,0,0,1,0
"Birmingham",2016,"Birmingham_411000_284000",411000,284000,3,2,1,0,3,0.333333333333333
"Birmingham",2019,"Birmingham_411000_284000",411000,284000,3,3,0,0,3,0
"Birmingham",2022,"Birmingham_411000_284000",411000,284000,3,2,0,1,2,0
"Birmingham",2025,"Birmingham_411000_284000",411000,284000,3,1,0,2,1,0
"Birmingham",2016,"Birmingham_411250_284000",411250,284000,4,1,1,2,2,0.5
"Birmingham",2019,"Birmingham_411250_284000",411250,284000,4,3,1,0,4,0.25
"Birmingham",2022,"Birmingham_411250_284000",411250,284000,4,3,1,0,4,0.25
"Birmingham",2025,"Birmingham_411250_284000",411250,284000,2,0,0,2,0,NA
"Birmingham",2016,"Birmingham_411500_284000",411500,284000,1,0,0,1,0,NA
"Birmingham",2016,"Birmingham_412250_284000",412250,284000,14,4,0,10,4,0
"Birmingham",2019,"Birmingham_412250_284000",412250,284000,10,8,1,1,9,0.111111111111111
"Birmingham",2022,"Birmingham_412250_284000",412250,284000,11,7,1,3,8,0.125
"Birmingham",2025,"Birmingham_412250_284000",412250,284000,10,3,1,6,4,0.25
"Birmingham",2016,"Birmingham_413000_284000",413000,284000,3,1,0,2,1,0
"Birmingham",2019,"Birmingham_413000_284000",413000,284000,2,2,0,0,2,0
"Birmingham",2022,"Birmingham_413000_284000",413000,284000,2,2,0,0,2,0
"Birmingham",2025,"Birmingham_413000_284000",413000,284000,2,1,0,1,1,0
"Birmingham",2016,"Birmingham_414000_284000",414000,284000,4,1,0,3,1,0
"Birmingham",2019,"Birmingham_414000_284000",414000,284000,3,3,0,0,3,0
"Birmingham",2022,"Birmingham_414000_284000",414000,284000,3,3,0,0,3,0
"Birmingham",2025,"Birmingham_414000_284000",414000,284000,2,2,0,0,2,0
"Birmingham",2016,"Birmingham_414250_284000",414250,284000,20,12,1,7,13,0.0769230769230769
"Birmingham",2019,"Birmingham_414250_284000",414250,284000,14,12,1,1,13,0.0769230769230769
"Birmingham",2022,"Birmingham_414250_284000",414250,284000,16,12,1,3,13,0.0769230769230769
"Birmingham",2025,"Birmingham_414250_284000",414250,284000,14,5,1,8,6,0.166666666666667
"Birmingham",2016,"Birmingham_399750_284250",399750,284250,3,2,0,1,2,0
"Birmingham",2019,"Birmingham_399750_284250",399750,284250,3,3,0,0,3,0
"Birmingham",2022,"Birmingham_399750_284250",399750,284250,3,2,0,1,2,0
"Birmingham",2025,"Birmingham_399750_284250",399750,284250,3,2,0,1,2,0
"Birmingham",2016,"Birmingham_400500_284250",400500,284250,14,9,0,5,9,0
"Birmingham",2019,"Birmingham_400500_284250",400500,284250,14,13,1,0,14,0.0714285714285714
"Birmingham",2022,"Birmingham_400500_284250",400500,284250,14,12,0,2,12,0
"Birmingham",2025,"Birmingham_400500_284250",400500,284250,14,11,0,3,11,0
"Birmingham",2016,"Birmingham_400750_284250",400750,284250,3,1,0,2,1,0
"Birmingham",2019,"Birmingham_400750_284250",400750,284250,1,1,0,0,1,0
"Birmingham",2022,"Birmingham_400750_284250",400750,284250,1,1,0,0,1,0
"Birmingham",2025,"Birmingham_400750_284250",400750,284250,1,1,0,0,1,0
"Birmingham",2016,"Birmingham_402500_284250",402500,284250,1,1,0,0,1,0
"Birmingham",2019,"Birmingham_402500_284250",402500,284250,1,1,0,0,1,0
"Birmingham",2022,"Birmingham_402500_284250",402500,284250,1,1,0,0,1,0
"Birmingham",2025,"Birmingham_402500_284250",402500,284250,1,0,0,1,0,NA
"Birmingham",2016,"Birmingham_402750_284250",402750,284250,8,3,0,5,3,0
"Birmingham",2019,"Birmingham_402750_284250",402750,284250,6,6,0,0,6,0
"Birmingham",2022,"Birmingham_402750_284250",402750,284250,6,6,0,0,6,0
"Birmingham",2025,"Birmingham_402750_284250",402750,284250,7,4,1,2,5,0.2
"Birmingham",2016,"Birmingham_403000_284250",403000,284250,41,13,1,27,14,0.0714285714285714
"Birmingham",2019,"Birmingham_403000_284250",403000,284250,35,31,0,4,31,0
"Birmingham",2022,"Birmingham_403000_284250",403000,284250,36,29,2,5,31,0.0645161290322581
"Birmingham",2025,"Birmingham_403000_284250",403000,284250,35,18,1,16,19,0.0526315789473684
"Birmingham",2016,"Birmingham_403250_284250",403250,284250,20,10,1,9,11,0.0909090909090909
"Birmingham",2019,"Birmingham_403250_284250",403250,284250,14,12,2,0,14,0.142857142857143
"Birmingham",2022,"Birmingham_403250_284250",403250,284250,15,14,1,0,15,0.0666666666666667
"Birmingham",2025,"Birmingham_403250_284250",403250,284250,13,7,1,5,8,0.125
"Birmingham",2016,"Birmingham_403500_284250",403500,284250,3,2,0,1,2,0
"Birmingham",2019,"Birmingham_403500_284250",403500,284250,2,1,0,1,1,0
"Birmingham",2022,"Birmingham_403500_284250",403500,284250,6,5,0,1,5,0
"Birmingham",2025,"Birmingham_403500_284250",403500,284250,3,1,0,2,1,0
"Birmingham",2016,"Birmingham_404500_284250",404500,284250,4,4,0,0,4,0
"Birmingham",2019,"Birmingham_404500_284250",404500,284250,4,4,0,0,4,0
"Birmingham",2025,"Birmingham_404500_284250",404500,284250,1,1,0,0,1,0
"Birmingham",2016,"Birmingham_405000_284250",405000,284250,1,1,0,0,1,0
"Birmingham",2019,"Birmingham_405000_284250",405000,284250,1,1,0,0,1,0
"Birmingham",2022,"Birmingham_405000_284250",405000,284250,1,1,0,0,1,0
"Birmingham",2025,"Birmingham_405000_284250",405000,284250,1,0,0,1,0,NA
"Birmingham",2016,"Birmingham_406250_284250",406250,284250,9,6,0,3,6,0
"Birmingham",2019,"Birmingham_406250_284250",406250,284250,9,7,0,2,7,0
"Birmingham",2022,"Birmingham_406250_284250",406250,284250,9,3,0,6,3,0
"Birmingham",2025,"Birmingham_406250_284250",406250,284250,8,3,0,5,3,0
"Birmingham",2016,"Birmingham_407000_284250",407000,284250,24,12,2,10,14,0.142857142857143
"Birmingham",2019,"Birmingham_407000_284250",407000,284250,23,21,1,1,22,0.0454545454545455
"Birmingham",2022,"Birmingham_407000_284250",407000,284250,23,21,1,1,22,0.0454545454545455
"Birmingham",2025,"Birmingham_407000_284250",407000,284250,21,12,1,8,13,0.0769230769230769
"Birmingham",2016,"Birmingham_407250_284250",407250,284250,17,11,1,5,12,0.0833333333333333
"Birmingham",2019,"Birmingham_407250_284250",407250,284250,16,15,0,1,15,0
"Birmingham",2022,"Birmingham_407250_284250",407250,284250,17,15,0,2,15,0
"Birmingham",2025,"Birmingham_407250_284250",407250,284250,17,13,0,4,13,0
"Birmingham",2016,"Birmingham_407500_284250",407500,284250,3,2,0,1,2,0
"Birmingham",2019,"Birmingham_407500_284250",407500,284250,3,1,0,2,1,0
"Birmingham",2022,"Birmingham_407500_284250",407500,284250,4,3,0,1,3,0
"Birmingham",2025,"Birmingham_407500_284250",407500,284250,3,2,0,1,2,0
"Birmingham",2016,"Birmingham_407750_284250",407750,284250,33,14,0,19,14,0
"Birmingham",2019,"Birmingham_407750_284250",407750,284250,23,16,1,6,17,0.0588235294117647
"Birmingham",2022,"Birmingham_407750_284250",407750,284250,25,20,0,5,20,0
"Birmingham",2025,"Birmingham_407750_284250",407750,284250,25,10,0,15,10,0
"Birmingham",2016,"Birmingham_408000_284250",408000,284250,8,4,0,4,4,0
"Birmingham",2019,"Birmingham_408000_284250",408000,284250,4,4,0,0,4,0
"Birmingham",2022,"Birmingham_408000_284250",408000,284250,4,2,0,2,2,0
"Birmingham",2025,"Birmingham_408000_284250",408000,284250,4,2,0,2,2,0
"Birmingham",2016,"Birmingham_408250_284250",408250,284250,86,47,0,39,47,0
"Birmingham",2019,"Birmingham_408250_284250",408250,284250,76,62,5,9,67,0.0746268656716418
"Birmingham",2022,"Birmingham_408250_284250",408250,284250,78,66,2,10,68,0.0294117647058824
"Birmingham",2025,"Birmingham_408250_284250",408250,284250,69,47,0,22,47,0
"Birmingham",2016,"Birmingham_408500_284250",408500,284250,35,24,1,10,25,0.04
"Birmingham",2019,"Birmingham_408500_284250",408500,284250,34,27,1,6,28,0.0357142857142857
"Birmingham",2022,"Birmingham_408500_284250",408500,284250,38,32,1,5,33,0.0303030303030303
"Birmingham",2025,"Birmingham_408500_284250",408500,284250,35,18,2,15,20,0.1
"Birmingham",2016,"Birmingham_408750_284250",408750,284250,75,35,6,34,41,0.146341463414634
"Birmingham",2019,"Birmingham_408750_284250",408750,284250,66,53,5,8,58,0.0862068965517241
"Birmingham",2022,"Birmingham_408750_284250",408750,284250,88,63,4,21,67,0.0597014925373134
"Birmingham",2025,"Birmingham_408750_284250",408750,284250,71,33,1,37,34,0.0294117647058824
"Birmingham",2016,"Birmingham_409000_284250",409000,284250,26,15,1,10,16,0.0625
"Birmingham",2019,"Birmingham_409000_284250",409000,284250,28,21,3,4,24,0.125
"Birmingham",2022,"Birmingham_409000_284250",409000,284250,31,20,2,9,22,0.0909090909090909
"Birmingham",2025,"Birmingham_409000_284250",409000,284250,30,14,0,16,14,0
"Birmingham",2016,"Birmingham_409250_284250",409250,284250,7,6,1,0,7,0.142857142857143
"Birmingham",2019,"Birmingham_409250_284250",409250,284250,7,7,0,0,7,0
"Birmingham",2022,"Birmingham_409250_284250",409250,284250,8,8,0,0,8,0
"Birmingham",2025,"Birmingham_409250_284250",409250,284250,7,6,0,1,6,0
"Birmingham",2016,"Birmingham_409500_284250",409500,284250,2,1,0,1,1,0
"Birmingham",2019,"Birmingham_409500_284250",409500,284250,1,1,0,0,1,0
"Birmingham",2022,"Birmingham_409500_284250",409500,284250,2,1,0,1,1,0
"Birmingham",2025,"Birmingham_409500_284250",409500,284250,2,1,0,1,1,0
"Birmingham",2016,"Birmingham_410750_284250",410750,284250,5,2,2,1,4,0.5
"Birmingham",2019,"Birmingham_410750_284250",410750,284250,4,4,0,0,4,0
"Birmingham",2022,"Birmingham_410750_284250",410750,284250,4,4,0,0,4,0
"Birmingham",2025,"Birmingham_410750_284250",410750,284250,4,1,0,3,1,0
"Birmingham",2016,"Birmingham_411000_284250",411000,284250,2,1,0,1,1,0
"Birmingham",2019,"Birmingham_411000_284250",411000,284250,2,2,0,0,2,0
"Birmingham",2022,"Birmingham_411000_284250",411000,284250,2,2,0,0,2,0
"Birmingham",2025,"Birmingham_411000_284250",411000,284250,2,1,0,1,1,0
"Birmingham",2016,"Birmingham_411500_284250",411500,284250,2,0,0,2,0,NA
"Birmingham",2016,"Birmingham_411750_284250",411750,284250,5,2,0,3,2,0
"Birmingham",2019,"Birmingham_411750_284250",411750,284250,4,3,0,1,3,0
"Birmingham",2022,"Birmingham_411750_284250",411750,284250,5,4,0,1,4,0
"Birmingham",2025,"Birmingham_411750_284250",411750,284250,3,3,0,0,3,0
"Birmingham",2016,"Birmingham_412000_284250",412000,284250,11,6,0,5,6,0
"Birmingham",2019,"Birmingham_412000_284250",412000,284250,9,9,0,0,9,0
"Birmingham",2022,"Birmingham_412000_284250",412000,284250,11,10,0,1,10,0
"Birmingham",2025,"Birmingham_412000_284250",412000,284250,10,6,0,4,6,0
"Birmingham",2016,"Birmingham_412250_284250",412250,284250,2,1,0,1,1,0
"Birmingham",2019,"Birmingham_412250_284250",412250,284250,2,1,0,1,1,0
"Birmingham",2022,"Birmingham_412250_284250",412250,284250,2,2,0,0,2,0
"Birmingham",2025,"Birmingham_412250_284250",412250,284250,2,2,0,0,2,0
"Birmingham",2016,"Birmingham_413500_284250",413500,284250,3,2,1,0,3,0.333333333333333
"Birmingham",2019,"Birmingham_413500_284250",413500,284250,3,3,0,0,3,0
"Birmingham",2022,"Birmingham_413500_284250",413500,284250,3,3,0,0,3,0
"Birmingham",2025,"Birmingham_413500_284250",413500,284250,3,2,0,1,2,0
"Birmingham",2016,"Birmingham_413750_284250",413750,284250,2,0,0,2,0,NA
"Birmingham",2019,"Birmingham_413750_284250",413750,284250,1,1,0,0,1,0
"Birmingham",2022,"Birmingham_413750_284250",413750,284250,1,1,0,0,1,0
"Birmingham",2025,"Birmingham_413750_284250",413750,284250,1,1,0,0,1,0
"Birmingham",2016,"Birmingham_415000_284250",415000,284250,7,6,0,1,6,0
"Birmingham",2019,"Birmingham_415000_284250",415000,284250,7,6,0,1,6,0
"Birmingham",2022,"Birmingham_415000_284250",415000,284250,7,5,1,1,6,0.166666666666667
"Birmingham",2025,"Birmingham_415000_284250",415000,284250,7,5,0,2,5,0
"Birmingham",2016,"Birmingham_415250_284250",415250,284250,2,0,1,1,1,1
"Birmingham",2019,"Birmingham_415250_284250",415250,284250,1,1,0,0,1,0
"Birmingham",2022,"Birmingham_415250_284250",415250,284250,1,1,0,0,1,0
"Birmingham",2025,"Birmingham_415250_284250",415250,284250,1,1,0,0,1,0
"Birmingham",2016,"Birmingham_415750_284250",415750,284250,4,3,0,1,3,0
"Birmingham",2019,"Birmingham_415750_284250",415750,284250,4,3,0,1,3,0
"Birmingham",2022,"Birmingham_415750_284250",415750,284250,4,3,0,1,3,0
"Birmingham",2025,"Birmingham_415750_284250",415750,284250,4,1,0,3,1,0
"Birmingham",2016,"Birmingham_399750_284500",399750,284500,2,1,0,1,1,0
"Birmingham",2019,"Birmingham_399750_284500",399750,284500,1,1,0,0,1,0
"Birmingham",2022,"Birmingham_399750_284500",399750,284500,1,1,0,0,1,0
"Birmingham",2025,"Birmingham_399750_284500",399750,284500,1,1,0,0,1,0
"Birmingham",2016,"Birmingham_4e+05_284500",4e+05,284500,2,1,0,1,1,0
"Birmingham",2019,"Birmingham_4e+05_284500",4e+05,284500,1,0,0,1,0,NA
"Birmingham",2022,"Birmingham_4e+05_284500",4e+05,284500,1,0,0,1,0,NA
"Birmingham",2025,"Birmingham_4e+05_284500",4e+05,284500,1,0,0,1,0,NA
"Birmingham",2016,"Birmingham_400250_284500",400250,284500,6,4,0,2,4,0
"Birmingham",2019,"Birmingham_400250_284500",400250,284500,6,4,0,2,4,0
"Birmingham",2022,"Birmingham_400250_284500",400250,284500,6,3,0,3,3,0
"Birmingham",2025,"Birmingham_400250_284500",400250,284500,6,2,0,4,2,0
"Birmingham",2016,"Birmingham_401250_284500",401250,284500,7,6,0,1,6,0
"Birmingham",2019,"Birmingham_401250_284500",401250,284500,8,8,0,0,8,0
"Birmingham",2022,"Birmingham_401250_284500",401250,284500,8,8,0,0,8,0
"Birmingham",2025,"Birmingham_401250_284500",401250,284500,6,5,0,1,5,0
"Birmingham",2016,"Birmingham_401750_284500",401750,284500,11,6,0,5,6,0
"Birmingham",2019,"Birmingham_401750_284500",401750,284500,11,10,0,1,10,0
"Birmingham",2022,"Birmingham_401750_284500",401750,284500,12,12,0,0,12,0
"Birmingham",2025,"Birmingham_401750_284500",401750,284500,10,8,0,2,8,0
"Birmingham",2016,"Birmingham_402000_284500",402000,284500,4,2,0,2,2,0
"Birmingham",2019,"Birmingham_402000_284500",402000,284500,2,2,0,0,2,0
"Birmingham",2022,"Birmingham_402000_284500",402000,284500,2,2,0,0,2,0
"Birmingham",2025,"Birmingham_402000_284500",402000,284500,2,2,0,0,2,0
"Birmingham",2016,"Birmingham_402500_284500",402500,284500,1,0,0,1,0,NA
"Birmingham",2019,"Birmingham_402500_284500",402500,284500,1,1,0,0,1,0
"Birmingham",2022,"Birmingham_402500_284500",402500,284500,1,1,0,0,1,0
"Birmingham",2025,"Birmingham_402500_284500",402500,284500,1,0,0,1,0,NA
"Birmingham",2016,"Birmingham_402750_284500",402750,284500,13,8,0,5,8,0
"Birmingham",2019,"Birmingham_402750_284500",402750,284500,14,13,1,0,14,0.0714285714285714
"Birmingham",2022,"Birmingham_402750_284500",402750,284500,14,13,0,1,13,0
"Birmingham",2025,"Birmingham_402750_284500",402750,284500,12,4,0,8,4,0
"Birmingham",2016,"Birmingham_403250_284500",403250,284500,2,1,0,1,1,0
"Birmingham",2019,"Birmingham_403250_284500",403250,284500,2,2,0,0,2,0
"Birmingham",2022,"Birmingham_403250_284500",403250,284500,2,2,0,0,2,0
"Birmingham",2025,"Birmingham_403250_284500",403250,284500,2,1,0,1,1,0
"Birmingham",2016,"Birmingham_403500_284500",403500,284500,84,48,1,35,49,0.0204081632653061
"Birmingham",2019,"Birmingham_403500_284500",403500,284500,82,72,6,4,78,0.0769230769230769
"Birmingham",2022,"Birmingham_403500_284500",403500,284500,88,72,6,10,78,0.0769230769230769
"Birmingham",2025,"Birmingham_403500_284500",403500,284500,81,37,1,43,38,0.0263157894736842
"Birmingham",2016,"Birmingham_403750_284500",403750,284500,38,18,0,20,18,0
"Birmingham",2019,"Birmingham_403750_284500",403750,284500,33,29,1,3,30,0.0333333333333333
"Birmingham",2022,"Birmingham_403750_284500",403750,284500,33,30,0,3,30,0
"Birmingham",2025,"Birmingham_403750_284500",403750,284500,34,7,0,27,7,0
"Birmingham",2016,"Birmingham_404250_284500",404250,284500,1,1,0,0,1,0
"Birmingham",2019,"Birmingham_404250_284500",404250,284500,1,1,0,0,1,0
"Birmingham",2022,"Birmingham_404250_284500",404250,284500,1,1,0,0,1,0
"Birmingham",2025,"Birmingham_404250_284500",404250,284500,1,1,0,0,1,0
"Birmingham",2016,"Birmingham_407000_284500",407000,284500,5,1,0,4,1,0
"Birmingham",2019,"Birmingham_407000_284500",407000,284500,5,5,0,0,5,0
"Birmingham",2022,"Birmingham_407000_284500",407000,284500,5,5,0,0,5,0
"Birmingham",2025,"Birmingham_407000_284500",407000,284500,5,4,0,1,4,0
"Birmingham",2016,"Birmingham_407500_284500",407500,284500,1,0,0,1,0,NA
"Birmingham",2019,"Birmingham_407500_284500",407500,284500,1,1,0,0,1,0
"Birmingham",2022,"Birmingham_407500_284500",407500,284500,1,1,0,0,1,0
"Birmingham",2025,"Birmingham_407500_284500",407500,284500,1,1,0,0,1,0
"Birmingham",2016,"Birmingham_407750_284500",407750,284500,25,12,1,12,13,0.0769230769230769
"Birmingham",2019,"Birmingham_407750_284500",407750,284500,31,24,1,6,25,0.04
"Birmingham",2022,"Birmingham_407750_284500",407750,284500,46,30,3,13,33,0.0909090909090909
"Birmingham",2025,"Birmingham_407750_284500",407750,284500,28,10,1,17,11,0.0909090909090909
"Birmingham",2016,"Birmingham_408000_284500",408000,284500,3,2,0,1,2,0
"Birmingham",2019,"Birmingham_408000_284500",408000,284500,3,3,0,0,3,0
"Birmingham",2022,"Birmingham_408000_284500",408000,284500,3,3,0,0,3,0
"Birmingham",2025,"Birmingham_408000_284500",408000,284500,3,3,0,0,3,0
"Birmingham",2016,"Birmingham_408250_284500",408250,284500,17,11,2,4,13,0.153846153846154
"Birmingham",2019,"Birmingham_408250_284500",408250,284500,18,12,1,5,13,0.0769230769230769
"Birmingham",2022,"Birmingham_408250_284500",408250,284500,18,11,2,5,13,0.153846153846154
"Birmingham",2025,"Birmingham_408250_284500",408250,284500,16,6,0,10,6,0
"Birmingham",2016,"Birmingham_408500_284500",408500,284500,29,21,0,8,21,0
"Birmingham",2019,"Birmingham_408500_284500",408500,284500,30,28,1,1,29,0.0344827586206897
"Birmingham",2022,"Birmingham_408500_284500",408500,284500,35,28,1,6,29,0.0344827586206897
"Birmingham",2025,"Birmingham_408500_284500",408500,284500,30,19,1,10,20,0.05
"Birmingham",2016,"Birmingham_408750_284500",408750,284500,36,16,0,20,16,0
"Birmingham",2019,"Birmingham_408750_284500",408750,284500,42,36,1,5,37,0.027027027027027
"Birmingham",2022,"Birmingham_408750_284500",408750,284500,44,35,0,9,35,0
"Birmingham",2025,"Birmingham_408750_284500",408750,284500,38,19,0,19,19,0
"Birmingham",2016,"Birmingham_409000_284500",409000,284500,26,16,1,9,17,0.0588235294117647
"Birmingham",2019,"Birmingham_409000_284500",409000,284500,22,21,1,0,22,0.0454545454545455
"Birmingham",2022,"Birmingham_409000_284500",409000,284500,24,20,2,2,22,0.0909090909090909
"Birmingham",2025,"Birmingham_409000_284500",409000,284500,22,14,1,7,15,0.0666666666666667
"Birmingham",2016,"Birmingham_409250_284500",409250,284500,5,2,0,3,2,0
"Birmingham",2019,"Birmingham_409250_284500",409250,284500,6,6,0,0,6,0
"Birmingham",2022,"Birmingham_409250_284500",409250,284500,7,7,0,0,7,0
"Birmingham",2025,"Birmingham_409250_284500",409250,284500,5,5,0,0,5,0
"Birmingham",2016,"Birmingham_409500_284500",409500,284500,14,6,4,4,10,0.4
"Birmingham",2019,"Birmingham_409500_284500",409500,284500,11,8,2,1,10,0.2
"Birmingham",2022,"Birmingham_409500_284500",409500,284500,11,10,0,1,10,0
"Birmingham",2025,"Birmingham_409500_284500",409500,284500,9,6,0,3,6,0
"Birmingham",2016,"Birmingham_409750_284500",409750,284500,1,1,0,0,1,0
"Birmingham",2019,"Birmingham_409750_284500",409750,284500,1,1,0,0,1,0
"Birmingham",2022,"Birmingham_409750_284500",409750,284500,1,1,0,0,1,0
"Birmingham",2025,"Birmingham_409750_284500",409750,284500,1,0,0,1,0,NA
"Birmingham",2016,"Birmingham_410750_284500",410750,284500,25,17,1,7,18,0.0555555555555556
"Birmingham",2019,"Birmingham_410750_284500",410750,284500,24,24,0,0,24,0
"Birmingham",2022,"Birmingham_410750_284500",410750,284500,25,21,1,3,22,0.0454545454545455
"Birmingham",2025,"Birmingham_410750_284500",410750,284500,25,11,0,14,11,0
"Birmingham",2016,"Birmingham_411000_284500",411000,284500,1,1,0,0,1,0
"Birmingham",2019,"Birmingham_411000_284500",411000,284500,1,0,1,0,1,1
"Birmingham",2022,"Birmingham_411000_284500",411000,284500,1,0,0,1,0,NA
"Birmingham",2025,"Birmingham_411000_284500",411000,284500,1,0,0,1,0,NA
"Birmingham",2016,"Birmingham_411500_284500",411500,284500,2,1,0,1,1,0
"Birmingham",2019,"Birmingham_411500_284500",411500,284500,1,1,0,0,1,0
"Birmingham",2022,"Birmingham_411500_284500",411500,284500,1,1,0,0,1,0
"Birmingham",2025,"Birmingham_411500_284500",411500,284500,1,0,0,1,0,NA
"Birmingham",2016,"Birmingham_412000_284500",412000,284500,3,2,0,1,2,0
"Birmingham",2019,"Birmingham_412000_284500",412000,284500,1,0,1,0,1,1
"Birmingham",2022,"Birmingham_412000_284500",412000,284500,2,2,0,0,2,0
"Birmingham",2025,"Birmingham_412000_284500",412000,284500,1,0,0,1,0,NA
"Birmingham",2016,"Birmingham_412250_284500",412250,284500,3,2,0,1,2,0
"Birmingham",2019,"Birmingham_412250_284500",412250,284500,2,2,0,0,2,0
"Birmingham",2022,"Birmingham_412250_284500",412250,284500,2,2,0,0,2,0
"Birmingham",2025,"Birmingham_412250_284500",412250,284500,2,2,0,0,2,0
"Birmingham",2016,"Birmingham_412500_284500",412500,284500,14,3,0,11,3,0
"Birmingham",2019,"Birmingham_412500_284500",412500,284500,9,7,0,2,7,0
"Birmingham",2022,"Birmingham_412500_284500",412500,284500,9,7,0,2,7,0
"Birmingham",2025,"Birmingham_412500_284500",412500,284500,9,5,0,4,5,0
"Birmingham",2016,"Birmingham_413500_284500",413500,284500,17,15,0,2,15,0
"Birmingham",2019,"Birmingham_413500_284500",413500,284500,18,15,0,3,15,0
"Birmingham",2022,"Birmingham_413500_284500",413500,284500,19,13,0,6,13,0
"Birmingham",2025,"Birmingham_413500_284500",413500,284500,19,7,0,12,7,0
"Birmingham",2016,"Birmingham_414000_284500",414000,284500,4,4,0,0,4,0
"Birmingham",2019,"Birmingham_414000_284500",414000,284500,4,4,0,0,4,0
"Birmingham",2022,"Birmingham_414000_284500",414000,284500,4,2,0,2,2,0
"Birmingham",2025,"Birmingham_414000_284500",414000,284500,4,1,0,3,1,0
"Birmingham",2016,"Birmingham_414250_284500",414250,284500,1,0,0,1,0,NA
"Birmingham",2019,"Birmingham_414250_284500",414250,284500,1,1,0,0,1,0
"Birmingham",2022,"Birmingham_414250_284500",414250,284500,1,0,0,1,0,NA
"Birmingham",2025,"Birmingham_414250_284500",414250,284500,1,0,0,1,0,NA
"Birmingham",2016,"Birmingham_414750_284500",414750,284500,2,1,0,1,1,0
"Birmingham",2019,"Birmingham_414750_284500",414750,284500,2,2,0,0,2,0
"Birmingham",2022,"Birmingham_414750_284500",414750,284500,2,1,0,1,1,0
"Birmingham",2025,"Birmingham_414750_284500",414750,284500,2,1,0,1,1,0
"Birmingham",2016,"Birmingham_415750_284500",415750,284500,1,1,0,0,1,0
"Birmingham",2019,"Birmingham_415750_284500",415750,284500,1,1,0,0,1,0
"Birmingham",2022,"Birmingham_415750_284500",415750,284500,1,1,0,0,1,0
"Birmingham",2025,"Birmingham_415750_284500",415750,284500,1,1,0,0,1,0
"Birmingham",2016,"Birmingham_399000_284750",399000,284750,2,2,0,0,2,0
"Birmingham",2019,"Birmingham_399000_284750",399000,284750,2,2,0,0,2,0
"Birmingham",2022,"Birmingham_399000_284750",399000,284750,2,2,0,0,2,0
"Birmingham",2025,"Birmingham_399000_284750",399000,284750,2,2,0,0,2,0
"Birmingham",2016,"Birmingham_399250_284750",399250,284750,11,7,0,4,7,0
"Birmingham",2019,"Birmingham_399250_284750",399250,284750,10,10,0,0,10,0
"Birmingham",2022,"Birmingham_399250_284750",399250,284750,10,10,0,0,10,0
"Birmingham",2025,"Birmingham_399250_284750",399250,284750,9,8,0,1,8,0
"Birmingham",2016,"Birmingham_399500_284750",399500,284750,4,1,0,3,1,0
"Birmingham",2019,"Birmingham_399500_284750",399500,284750,3,2,1,0,3,0.333333333333333
"Birmingham",2022,"Birmingham_399500_284750",399500,284750,4,2,1,1,3,0.333333333333333
"Birmingham",2025,"Birmingham_399500_284750",399500,284750,3,2,0,1,2,0
"Birmingham",2016,"Birmingham_400250_284750",400250,284750,2,1,0,1,1,0
"Birmingham",2019,"Birmingham_400250_284750",400250,284750,2,2,0,0,2,0
"Birmingham",2022,"Birmingham_400250_284750",400250,284750,2,0,0,2,0,NA
"Birmingham",2025,"Birmingham_400250_284750",400250,284750,2,1,0,1,1,0
"Birmingham",2022,"Birmingham_400750_284750",400750,284750,1,0,0,1,0,NA
"Birmingham",2025,"Birmingham_400750_284750",400750,284750,1,0,0,1,0,NA
"Birmingham",2016,"Birmingham_401000_284750",401000,284750,2,0,0,2,0,NA
"Birmingham",2016,"Birmingham_401250_284750",401250,284750,4,3,0,1,3,0
"Birmingham",2019,"Birmingham_401250_284750",401250,284750,3,3,0,0,3,0
"Birmingham",2022,"Birmingham_401250_284750",401250,284750,3,3,0,0,3,0
"Birmingham",2025,"Birmingham_401250_284750",401250,284750,3,2,0,1,2,0
"Birmingham",2016,"Birmingham_401500_284750",401500,284750,1,1,0,0,1,0
"Birmingham",2019,"Birmingham_401500_284750",401500,284750,1,1,0,0,1,0
"Birmingham",2022,"Birmingham_401500_284750",401500,284750,1,1,0,0,1,0
"Birmingham",2025,"Birmingham_401500_284750",401500,284750,1,1,0,0,1,0
"Birmingham",2016,"Birmingham_401750_284750",401750,284750,1,1,0,0,1,0
"Birmingham",2019,"Birmingham_401750_284750",401750,284750,4,2,0,2,2,0
"Birmingham",2022,"Birmingham_401750_284750",401750,284750,5,3,0,2,3,0
"Birmingham",2025,"Birmingham_401750_284750",401750,284750,3,2,0,1,2,0
"Birmingham",2016,"Birmingham_402000_284750",402000,284750,7,6,0,1,6,0
"Birmingham",2019,"Birmingham_402000_284750",402000,284750,8,6,0,2,6,0
"Birmingham",2022,"Birmingham_402000_284750",402000,284750,7,5,0,2,5,0
"Birmingham",2025,"Birmingham_402000_284750",402000,284750,4,2,0,2,2,0
"Birmingham",2016,"Birmingham_403000_284750",403000,284750,5,1,0,4,1,0
"Birmingham",2019,"Birmingham_403000_284750",403000,284750,2,1,0,1,1,0
"Birmingham",2022,"Birmingham_403000_284750",403000,284750,2,1,0,1,1,0
"Birmingham",2025,"Birmingham_403000_284750",403000,284750,2,1,0,1,1,0
"Birmingham",2016,"Birmingham_403500_284750",403500,284750,6,2,1,3,3,0.333333333333333
"Birmingham",2019,"Birmingham_403500_284750",403500,284750,5,4,0,1,4,0
"Birmingham",2022,"Birmingham_403500_284750",403500,284750,5,4,0,1,4,0
"Birmingham",2025,"Birmingham_403500_284750",403500,284750,4,0,0,4,0,NA
"Birmingham",2016,"Birmingham_403750_284750",403750,284750,12,4,0,8,4,0
"Birmingham",2019,"Birmingham_403750_284750",403750,284750,9,8,0,1,8,0
"Birmingham",2022,"Birmingham_403750_284750",403750,284750,9,6,0,3,6,0
"Birmingham",2025,"Birmingham_403750_284750",403750,284750,9,1,0,8,1,0
"Birmingham",2016,"Birmingham_406250_284750",406250,284750,1,1,0,0,1,0
"Birmingham",2019,"Birmingham_406250_284750",406250,284750,1,1,0,0,1,0
"Birmingham",2022,"Birmingham_406250_284750",406250,284750,1,0,1,0,1,1
"Birmingham",2025,"Birmingham_406250_284750",406250,284750,1,0,0,1,0,NA
"Birmingham",2016,"Birmingham_407750_284750",407750,284750,5,3,0,2,3,0
"Birmingham",2019,"Birmingham_407750_284750",407750,284750,4,4,0,0,4,0
"Birmingham",2022,"Birmingham_407750_284750",407750,284750,4,4,0,0,4,0
"Birmingham",2025,"Birmingham_407750_284750",407750,284750,4,1,0,3,1,0
"Birmingham",2016,"Birmingham_408000_284750",408000,284750,3,1,2,0,3,0.666666666666667
"Birmingham",2019,"Birmingham_408000_284750",408000,284750,3,2,1,0,3,0.333333333333333
"Birmingham",2022,"Birmingham_408000_284750",408000,284750,3,2,1,0,3,0.333333333333333
"Birmingham",2025,"Birmingham_408000_284750",408000,284750,2,0,0,2,0,NA
"Birmingham",2016,"Birmingham_408250_284750",408250,284750,1,0,1,0,1,1
"Birmingham",2019,"Birmingham_408250_284750",408250,284750,1,0,1,0,1,1
"Birmingham",2022,"Birmingham_408250_284750",408250,284750,1,0,1,0,1,1
"Birmingham",2025,"Birmingham_408250_284750",408250,284750,1,0,0,1,0,NA
"Birmingham",2016,"Birmingham_408500_284750",408500,284750,5,3,1,1,4,0.25
"Birmingham",2019,"Birmingham_408500_284750",408500,284750,5,5,0,0,5,0
"Birmingham",2022,"Birmingham_408500_284750",408500,284750,6,4,0,2,4,0
"Birmingham",2025,"Birmingham_408500_284750",408500,284750,6,3,0,3,3,0
"Birmingham",2016,"Birmingham_408750_284750",408750,284750,1,0,0,1,0,NA
"Birmingham",2019,"Birmingham_408750_284750",408750,284750,1,1,0,0,1,0
"Birmingham",2022,"Birmingham_408750_284750",408750,284750,1,1,0,0,1,0
"Birmingham",2025,"Birmingham_408750_284750",408750,284750,1,0,0,1,0,NA
"Birmingham",2016,"Birmingham_409000_284750",409000,284750,8,5,0,3,5,0
"Birmingham",2019,"Birmingham_409000_284750",409000,284750,9,9,0,0,9,0
"Birmingham",2022,"Birmingham_409000_284750",409000,284750,9,8,1,0,9,0.111111111111111
"Birmingham",2025,"Birmingham_409000_284750",409000,284750,8,6,0,2,6,0
"Birmingham",2016,"Birmingham_409250_284750",409250,284750,20,11,4,5,15,0.266666666666667
"Birmingham",2019,"Birmingham_409250_284750",409250,284750,15,10,2,3,12,0.166666666666667
"Birmingham",2022,"Birmingham_409250_284750",409250,284750,16,10,2,4,12,0.166666666666667
"Birmingham",2025,"Birmingham_409250_284750",409250,284750,14,6,0,8,6,0
"Birmingham",2016,"Birmingham_410000_284750",410000,284750,1,0,0,1,0,NA
"Birmingham",2016,"Birmingham_410250_284750",410250,284750,3,2,1,0,3,0.333333333333333
"Birmingham",2019,"Birmingham_410250_284750",410250,284750,3,2,1,0,3,0.333333333333333
"Birmingham",2022,"Birmingham_410250_284750",410250,284750,3,2,0,1,2,0
"Birmingham",2025,"Birmingham_410250_284750",410250,284750,3,0,0,3,0,NA
"Birmingham",2022,"Birmingham_410500_284750",410500,284750,1,0,0,1,0,NA
"Birmingham",2025,"Birmingham_410500_284750",410500,284750,1,0,0,1,0,NA
"Birmingham",2016,"Birmingham_411000_284750",411000,284750,1,0,0,1,0,NA
"Birmingham",2016,"Birmingham_411250_284750",411250,284750,1,0,0,1,0,NA
"Birmingham",2019,"Birmingham_411250_284750",411250,284750,1,0,1,0,1,1
"Birmingham",2022,"Birmingham_411250_284750",411250,284750,1,1,0,0,1,0
"Birmingham",2025,"Birmingham_411250_284750",411250,284750,1,1,0,0,1,0
"Birmingham",2016,"Birmingham_411500_284750",411500,284750,3,2,1,0,3,0.333333333333333
"Birmingham",2019,"Birmingham_411500_284750",411500,284750,4,4,0,0,4,0
"Birmingham",2022,"Birmingham_411500_284750",411500,284750,4,4,0,0,4,0
"Birmingham",2025,"Birmingham_411500_284750",411500,284750,3,1,0,2,1,0
"Birmingham",2016,"Birmingham_412000_284750",412000,284750,3,2,0,1,2,0
"Birmingham",2019,"Birmingham_412000_284750",412000,284750,3,3,0,0,3,0
"Birmingham",2022,"Birmingham_412000_284750",412000,284750,3,3,0,0,3,0
"Birmingham",2025,"Birmingham_412000_284750",412000,284750,4,2,0,2,2,0
"Birmingham",2016,"Birmingham_412250_284750",412250,284750,7,5,0,2,5,0
"Birmingham",2019,"Birmingham_412250_284750",412250,284750,8,8,0,0,8,0
"Birmingham",2022,"Birmingham_412250_284750",412250,284750,8,8,0,0,8,0
"Birmingham",2025,"Birmingham_412250_284750",412250,284750,7,4,0,3,4,0
"Birmingham",2016,"Birmingham_412500_284750",412500,284750,1,0,0,1,0,NA
"Birmingham",2019,"Birmingham_412500_284750",412500,284750,1,1,0,0,1,0
"Birmingham",2022,"Birmingham_412500_284750",412500,284750,1,1,0,0,1,0
"Birmingham",2025,"Birmingham_412500_284750",412500,284750,1,1,0,0,1,0
"Birmingham",2016,"Birmingham_412750_284750",412750,284750,96,21,2,73,23,0.0869565217391304
"Birmingham",2019,"Birmingham_412750_284750",412750,284750,47,39,3,5,42,0.0714285714285714
"Birmingham",2022,"Birmingham_412750_284750",412750,284750,49,39,4,6,43,0.0930232558139535
"Birmingham",2025,"Birmingham_412750_284750",412750,284750,44,26,0,18,26,0
"Birmingham",2016,"Birmingham_413000_284750",413000,284750,12,8,1,3,9,0.111111111111111
"Birmingham",2019,"Birmingham_413000_284750",413000,284750,12,10,1,1,11,0.0909090909090909
"Birmingham",2022,"Birmingham_413000_284750",413000,284750,12,9,0,3,9,0
"Birmingham",2025,"Birmingham_413000_284750",413000,284750,11,8,0,3,8,0
"Birmingham",2016,"Birmingham_413250_284750",413250,284750,3,1,0,2,1,0
"Birmingham",2019,"Birmingham_413250_284750",413250,284750,4,2,1,1,3,0.333333333333333
"Birmingham",2022,"Birmingham_413250_284750",413250,284750,4,2,1,1,3,0.333333333333333
"Birmingham",2025,"Birmingham_413250_284750",413250,284750,3,2,0,1,2,0
"Birmingham",2016,"Birmingham_414000_284750",414000,284750,1,0,0,1,0,NA
"Birmingham",2019,"Birmingham_414000_284750",414000,284750,1,1,0,0,1,0
"Birmingham",2022,"Birmingham_414000_284750",414000,284750,1,1,0,0,1,0
"Birmingham",2025,"Birmingham_414000_284750",414000,284750,1,1,0,0,1,0
"Birmingham",2016,"Birmingham_414500_284750",414500,284750,1,0,0,1,0,NA
"Birmingham",2016,"Birmingham_414750_284750",414750,284750,6,1,0,5,1,0
"Birmingham",2019,"Birmingham_414750_284750",414750,284750,2,2,0,0,2,0
"Birmingham",2022,"Birmingham_414750_284750",414750,284750,2,2,0,0,2,0
"Birmingham",2025,"Birmingham_414750_284750",414750,284750,2,1,0,1,1,0
"Birmingham",2016,"Birmingham_400250_285000",400250,285000,1,1,0,0,1,0
"Birmingham",2019,"Birmingham_400250_285000",400250,285000,1,1,0,0,1,0
"Birmingham",2022,"Birmingham_400250_285000",400250,285000,1,1,0,0,1,0
"Birmingham",2025,"Birmingham_400250_285000",400250,285000,1,1,0,0,1,0
"Birmingham",2016,"Birmingham_400500_285000",400500,285000,1,0,0,1,0,NA
"Birmingham",2016,"Birmingham_400750_285000",400750,285000,31,19,0,12,19,0
"Birmingham",2019,"Birmingham_400750_285000",400750,285000,26,24,2,0,26,0.0769230769230769
"Birmingham",2022,"Birmingham_400750_285000",400750,285000,26,22,1,3,23,0.0434782608695652
"Birmingham",2025,"Birmingham_400750_285000",400750,285000,26,13,1,12,14,0.0714285714285714
"Birmingham",2019,"Birmingham_401000_285000",401000,285000,1,1,0,0,1,0
"Birmingham",2022,"Birmingham_401000_285000",401000,285000,1,1,0,0,1,0
"Birmingham",2025,"Birmingham_401000_285000",401000,285000,1,0,0,1,0,NA
"Birmingham",2016,"Birmingham_403500_285000",403500,285000,4,3,0,1,3,0
"Birmingham",2019,"Birmingham_403500_285000",403500,285000,4,3,1,0,4,0.25
"Birmingham",2022,"Birmingham_403500_285000",403500,285000,4,3,1,0,4,0.25
"Birmingham",2025,"Birmingham_403500_285000",403500,285000,2,0,0,2,0,NA
"Birmingham",2016,"Birmingham_406500_285000",406500,285000,4,4,0,0,4,0
"Birmingham",2019,"Birmingham_406500_285000",406500,285000,3,2,0,1,2,0
"Birmingham",2022,"Birmingham_406500_285000",406500,285000,4,4,0,0,4,0
"Birmingham",2025,"Birmingham_406500_285000",406500,285000,3,2,0,1,2,0
"Birmingham",2016,"Birmingham_406750_285000",406750,285000,5,4,0,1,4,0
"Birmingham",2019,"Birmingham_406750_285000",406750,285000,4,3,0,1,3,0
"Birmingham",2022,"Birmingham_406750_285000",406750,285000,4,3,0,1,3,0
"Birmingham",2025,"Birmingham_406750_285000",406750,285000,4,3,0,1,3,0
"Birmingham",2016,"Birmingham_407500_285000",407500,285000,2,2,0,0,2,0
"Birmingham",2019,"Birmingham_407500_285000",407500,285000,3,3,0,0,3,0
"Birmingham",2022,"Birmingham_407500_285000",407500,285000,5,5,0,0,5,0
"Birmingham",2025,"Birmingham_407500_285000",407500,285000,3,0,0,3,0,NA
"Birmingham",2016,"Birmingham_407750_285000",407750,285000,2,0,1,1,1,1
"Birmingham",2019,"Birmingham_407750_285000",407750,285000,3,2,1,0,3,0.333333333333333
"Birmingham",2022,"Birmingham_407750_285000",407750,285000,3,2,1,0,3,0.333333333333333
"Birmingham",2025,"Birmingham_407750_285000",407750,285000,2,2,0,0,2,0
"Birmingham",2016,"Birmingham_408000_285000",408000,285000,8,5,0,3,5,0
"Birmingham",2019,"Birmingham_408000_285000",408000,285000,8,7,0,1,7,0
"Birmingham",2022,"Birmingham_408000_285000",408000,285000,8,7,0,1,7,0
"Birmingham",2025,"Birmingham_408000_285000",408000,285000,6,4,0,2,4,0
"Birmingham",2016,"Birmingham_408250_285000",408250,285000,60,33,1,26,34,0.0294117647058824
"Birmingham",2019,"Birmingham_408250_285000",408250,285000,49,40,1,8,41,0.024390243902439
"Birmingham",2022,"Birmingham_408250_285000",408250,285000,52,38,1,13,39,0.0256410256410256
"Birmingham",2025,"Birmingham_408250_285000",408250,285000,55,26,0,29,26,0
"Birmingham",2016,"Birmingham_408500_285000",408500,285000,12,8,0,4,8,0
"Birmingham",2019,"Birmingham_408500_285000",408500,285000,11,8,1,2,9,0.111111111111111
"Birmingham",2022,"Birmingham_408500_285000",408500,285000,13,9,0,4,9,0
"Birmingham",2025,"Birmingham_408500_285000",408500,285000,12,8,0,4,8,0
"Birmingham",2016,"Birmingham_409250_285000",409250,285000,4,1,2,1,3,0.666666666666667
"Birmingham",2019,"Birmingham_409250_285000",409250,285000,4,4,0,0,4,0
"Birmingham",2022,"Birmingham_409250_285000",409250,285000,4,3,0,1,3,0
"Birmingham",2025,"Birmingham_409250_285000",409250,285000,4,1,0,3,1,0
"Birmingham",2022,"Birmingham_409500_285000",409500,285000,1,1,0,0,1,0
"Birmingham",2025,"Birmingham_409500_285000",409500,285000,2,1,0,1,1,0
"Birmingham",2016,"Birmingham_410250_285000",410250,285000,3,1,0,2,1,0
"Birmingham",2019,"Birmingham_410250_285000",410250,285000,2,0,0,2,0,NA
"Birmingham",2022,"Birmingham_410250_285000",410250,285000,2,0,0,2,0,NA
"Birmingham",2025,"Birmingham_410250_285000",410250,285000,1,0,0,1,0,NA
"Birmingham",2016,"Birmingham_410750_285000",410750,285000,7,4,0,3,4,0
"Birmingham",2019,"Birmingham_410750_285000",410750,285000,6,6,0,0,6,0
"Birmingham",2022,"Birmingham_410750_285000",410750,285000,6,4,1,1,5,0.2
"Birmingham",2025,"Birmingham_410750_285000",410750,285000,6,3,1,2,4,0.25
"Birmingham",2016,"Birmingham_411000_285000",411000,285000,34,20,3,11,23,0.130434782608696
"Birmingham",2019,"Birmingham_411000_285000",411000,285000,29,24,2,3,26,0.0769230769230769
"Birmingham",2022,"Birmingham_411000_285000",411000,285000,31,25,3,3,28,0.107142857142857
"Birmingham",2025,"Birmingham_411000_285000",411000,285000,25,11,0,14,11,0
"Birmingham",2016,"Birmingham_411250_285000",411250,285000,24,13,2,9,15,0.133333333333333
"Birmingham",2019,"Birmingham_411250_285000",411250,285000,22,20,1,1,21,0.0476190476190476
"Birmingham",2022,"Birmingham_411250_285000",411250,285000,23,19,2,2,21,0.0952380952380952
"Birmingham",2025,"Birmingham_411250_285000",411250,285000,20,9,0,11,9,0
"Birmingham",2016,"Birmingham_411500_285000",411500,285000,24,12,0,12,12,0
"Birmingham",2019,"Birmingham_411500_285000",411500,285000,17,15,0,2,15,0
"Birmingham",2022,"Birmingham_411500_285000",411500,285000,23,19,0,4,19,0
"Birmingham",2025,"Birmingham_411500_285000",411500,285000,20,9,0,11,9,0
"Birmingham",2016,"Birmingham_411750_285000",411750,285000,10,6,0,4,6,0
"Birmingham",2019,"Birmingham_411750_285000",411750,285000,10,9,0,1,9,0
"Birmingham",2022,"Birmingham_411750_285000",411750,285000,12,10,0,2,10,0
"Birmingham",2025,"Birmingham_411750_285000",411750,285000,12,5,0,7,5,0
"Birmingham",2016,"Birmingham_412750_285000",412750,285000,4,2,0,2,2,0
"Birmingham",2019,"Birmingham_412750_285000",412750,285000,4,4,0,0,4,0
"Birmingham",2022,"Birmingham_412750_285000",412750,285000,4,4,0,0,4,0
"Birmingham",2025,"Birmingham_412750_285000",412750,285000,2,2,0,0,2,0
"Birmingham",2016,"Birmingham_413000_285000",413000,285000,4,0,0,4,0,NA
"Birmingham",2019,"Birmingham_413000_285000",413000,285000,4,3,0,1,3,0
"Birmingham",2022,"Birmingham_413000_285000",413000,285000,4,3,0,1,3,0
"Birmingham",2025,"Birmingham_413000_285000",413000,285000,2,2,0,0,2,0
"Birmingham",2016,"Birmingham_415000_285000",415000,285000,20,12,0,8,12,0
"Birmingham",2019,"Birmingham_415000_285000",415000,285000,21,18,0,3,18,0
"Birmingham",2022,"Birmingham_415000_285000",415000,285000,22,15,1,6,16,0.0625
"Birmingham",2025,"Birmingham_415000_285000",415000,285000,18,9,0,9,9,0
"Birmingham",2016,"Birmingham_415250_285000",415250,285000,29,19,1,9,20,0.05
"Birmingham",2019,"Birmingham_415250_285000",415250,285000,28,26,1,1,27,0.037037037037037
"Birmingham",2022,"Birmingham_415250_285000",415250,285000,28,22,0,6,22,0
"Birmingham",2025,"Birmingham_415250_285000",415250,285000,27,17,0,10,17,0
"Birmingham",2016,"Birmingham_401000_285250",401000,285250,1,0,1,0,1,1
"Birmingham",2019,"Birmingham_401000_285250",401000,285250,1,0,1,0,1,1
"Birmingham",2022,"Birmingham_401000_285250",401000,285250,2,2,0,0,2,0
"Birmingham",2025,"Birmingham_401000_285250",401000,285250,2,2,0,0,2,0
"Birmingham",2016,"Birmingham_402000_285250",402000,285250,1,1,0,0,1,0
"Birmingham",2019,"Birmingham_402000_285250",402000,285250,1,1,0,0,1,0
"Birmingham",2022,"Birmingham_402000_285250",402000,285250,1,1,0,0,1,0
"Birmingham",2025,"Birmingham_402000_285250",402000,285250,1,1,0,0,1,0
"Birmingham",2016,"Birmingham_402250_285250",402250,285250,1,1,0,0,1,0
"Birmingham",2019,"Birmingham_402250_285250",402250,285250,1,1,0,0,1,0
"Birmingham",2022,"Birmingham_402250_285250",402250,285250,1,1,0,0,1,0
"Birmingham",2025,"Birmingham_402250_285250",402250,285250,1,1,0,0,1,0
"Birmingham",2016,"Birmingham_404250_285250",404250,285250,12,8,0,4,8,0
"Birmingham",2019,"Birmingham_404250_285250",404250,285250,10,10,0,0,10,0
"Birmingham",2022,"Birmingham_404250_285250",404250,285250,12,10,1,1,11,0.0909090909090909
"Birmingham",2025,"Birmingham_404250_285250",404250,285250,12,6,0,6,6,0
"Birmingham",2016,"Birmingham_404500_285250",404500,285250,1,1,0,0,1,0
"Birmingham",2019,"Birmingham_404500_285250",404500,285250,1,1,0,0,1,0
"Birmingham",2022,"Birmingham_404500_285250",404500,285250,1,1,0,0,1,0
"Birmingham",2025,"Birmingham_404500_285250",404500,285250,1,1,0,0,1,0
"Birmingham",2016,"Birmingham_405750_285250",405750,285250,9,6,0,3,6,0
"Birmingham",2019,"Birmingham_405750_285250",405750,285250,9,8,0,1,8,0
"Birmingham",2022,"Birmingham_405750_285250",405750,285250,10,9,0,1,9,0
"Birmingham",2025,"Birmingham_405750_285250",405750,285250,6,1,0,5,1,0
"Birmingham",2016,"Birmingham_406250_285250",406250,285250,2,0,0,2,0,NA
"Birmingham",2019,"Birmingham_406250_285250",406250,285250,2,0,0,2,0,NA
"Birmingham",2022,"Birmingham_406250_285250",406250,285250,2,1,0,1,1,0
"Birmingham",2025,"Birmingham_406250_285250",406250,285250,1,1,0,0,1,0
"Birmingham",2016,"Birmingham_406500_285250",406500,285250,2,2,0,0,2,0
"Birmingham",2019,"Birmingham_406500_285250",406500,285250,2,2,0,0,2,0
"Birmingham",2022,"Birmingham_406500_285250",406500,285250,2,2,0,0,2,0
"Birmingham",2025,"Birmingham_406500_285250",406500,285250,2,2,0,0,2,0
"Birmingham",2019,"Birmingham_406750_285250",406750,285250,1,0,1,0,1,1
"Birmingham",2022,"Birmingham_406750_285250",406750,285250,1,0,0,1,0,NA
"Birmingham",2025,"Birmingham_406750_285250",406750,285250,1,0,0,1,0,NA
"Birmingham",2016,"Birmingham_407250_285250",407250,285250,23,14,0,9,14,0
"Birmingham",2019,"Birmingham_407250_285250",407250,285250,18,16,0,2,16,0
"Birmingham",2022,"Birmingham_407250_285250",407250,285250,18,16,1,1,17,0.0588235294117647
"Birmingham",2025,"Birmingham_407250_285250",407250,285250,18,11,0,7,11,0
"Birmingham",2016,"Birmingham_407500_285250",407500,285250,8,5,0,3,5,0
"Birmingham",2019,"Birmingham_407500_285250",407500,285250,7,6,0,1,6,0
"Birmingham",2022,"Birmingham_407500_285250",407500,285250,7,7,0,0,7,0
"Birmingham",2025,"Birmingham_407500_285250",407500,285250,7,5,0,2,5,0
"Birmingham",2016,"Birmingham_407750_285250",407750,285250,5,1,0,4,1,0
"Birmingham",2019,"Birmingham_407750_285250",407750,285250,3,1,0,2,1,0
"Birmingham",2022,"Birmingham_407750_285250",407750,285250,6,4,0,2,4,0
"Birmingham",2025,"Birmingham_407750_285250",407750,285250,5,1,0,4,1,0
"Birmingham",2016,"Birmingham_408000_285250",408000,285250,7,3,0,4,3,0
"Birmingham",2019,"Birmingham_408000_285250",408000,285250,6,6,0,0,6,0
"Birmingham",2022,"Birmingham_408000_285250",408000,285250,7,6,1,0,7,0.142857142857143
"Birmingham",2025,"Birmingham_408000_285250",408000,285250,3,1,0,2,1,0
"Birmingham",2016,"Birmingham_408250_285250",408250,285250,49,37,0,12,37,0
"Birmingham",2019,"Birmingham_408250_285250",408250,285250,43,36,1,6,37,0.027027027027027
"Birmingham",2022,"Birmingham_408250_285250",408250,285250,71,50,3,18,53,0.0566037735849057
"Birmingham",2025,"Birmingham_408250_285250",408250,285250,66,34,1,31,35,0.0285714285714286
"Birmingham",2016,"Birmingham_408500_285250",408500,285250,2,1,0,1,1,0
"Birmingham",2019,"Birmingham_408500_285250",408500,285250,1,1,0,0,1,0
"Birmingham",2022,"Birmingham_408500_285250",408500,285250,1,1,0,0,1,0
"Birmingham",2025,"Birmingham_408500_285250",408500,285250,1,0,0,1,0,NA
"Birmingham",2016,"Birmingham_408750_285250",408750,285250,1,0,0,1,0,NA
"Birmingham",2019,"Birmingham_408750_285250",408750,285250,1,1,0,0,1,0
"Birmingham",2022,"Birmingham_408750_285250",408750,285250,1,1,0,0,1,0
"Birmingham",2025,"Birmingham_408750_285250",408750,285250,1,1,0,0,1,0
"Birmingham",2016,"Birmingham_409000_285250",409000,285250,1,0,0,1,0,NA
"Birmingham",2019,"Birmingham_409000_285250",409000,285250,1,0,0,1,0,NA
"Birmingham",2022,"Birmingham_409000_285250",409000,285250,1,0,0,1,0,NA
"Birmingham",2019,"Birmingham_409250_285250",409250,285250,1,1,0,0,1,0
"Birmingham",2022,"Birmingham_409250_285250",409250,285250,2,1,0,1,1,0
"Birmingham",2025,"Birmingham_409250_285250",409250,285250,1,0,0,1,0,NA
"Birmingham",2016,"Birmingham_409500_285250",409500,285250,4,3,0,1,3,0
"Birmingham",2019,"Birmingham_409500_285250",409500,285250,3,3,0,0,3,0
"Birmingham",2022,"Birmingham_409500_285250",409500,285250,3,2,0,1,2,0
"Birmingham",2025,"Birmingham_409500_285250",409500,285250,3,2,0,1,2,0
"Birmingham",2019,"Birmingham_409750_285250",409750,285250,2,1,0,1,1,0
"Birmingham",2022,"Birmingham_409750_285250",409750,285250,2,1,0,1,1,0
"Birmingham",2025,"Birmingham_409750_285250",409750,285250,2,1,0,1,1,0
"Birmingham",2016,"Birmingham_410250_285250",410250,285250,17,11,2,4,13,0.153846153846154
"Birmingham",2019,"Birmingham_410250_285250",410250,285250,20,17,0,3,17,0
"Birmingham",2022,"Birmingham_410250_285250",410250,285250,34,21,3,10,24,0.125
"Birmingham",2025,"Birmingham_410250_285250",410250,285250,26,9,2,15,11,0.181818181818182
"Birmingham",2016,"Birmingham_410500_285250",410500,285250,13,7,2,4,9,0.222222222222222
"Birmingham",2019,"Birmingham_410500_285250",410500,285250,10,10,0,0,10,0
"Birmingham",2022,"Birmingham_410500_285250",410500,285250,10,10,0,0,10,0
"Birmingham",2025,"Birmingham_410500_285250",410500,285250,10,7,0,3,7,0
"Birmingham",2016,"Birmingham_410750_285250",410750,285250,3,1,0,2,1,0
"Birmingham",2019,"Birmingham_410750_285250",410750,285250,1,1,0,0,1,0
"Birmingham",2022,"Birmingham_410750_285250",410750,285250,3,3,0,0,3,0
"Birmingham",2025,"Birmingham_410750_285250",410750,285250,2,2,0,0,2,0
"Birmingham",2016,"Birmingham_411000_285250",411000,285250,3,3,0,0,3,0
"Birmingham",2019,"Birmingham_411000_285250",411000,285250,3,2,0,1,2,0
"Birmingham",2022,"Birmingham_411000_285250",411000,285250,3,3,0,0,3,0
"Birmingham",2025,"Birmingham_411000_285250",411000,285250,3,3,0,0,3,0
"Birmingham",2016,"Birmingham_411500_285250",411500,285250,1,0,0,1,0,NA
"Birmingham",2019,"Birmingham_411500_285250",411500,285250,1,1,0,0,1,0
"Birmingham",2022,"Birmingham_411500_285250",411500,285250,1,1,0,0,1,0
"Birmingham",2025,"Birmingham_411500_285250",411500,285250,1,0,0,1,0,NA
"Birmingham",2016,"Birmingham_412250_285250",412250,285250,7,5,0,2,5,0
"Birmingham",2019,"Birmingham_412250_285250",412250,285250,6,5,0,1,5,0
"Birmingham",2022,"Birmingham_412250_285250",412250,285250,6,5,0,1,5,0
"Birmingham",2025,"Birmingham_412250_285250",412250,285250,6,4,0,2,4,0
"Birmingham",2016,"Birmingham_412750_285250",412750,285250,7,6,0,1,6,0
"Birmingham",2019,"Birmingham_412750_285250",412750,285250,7,6,1,0,7,0.142857142857143
"Birmingham",2022,"Birmingham_412750_285250",412750,285250,8,7,0,1,7,0
"Birmingham",2025,"Birmingham_412750_285250",412750,285250,7,4,0,3,4,0
"Birmingham",2016,"Birmingham_413000_285250",413000,285250,14,8,0,6,8,0
"Birmingham",2019,"Birmingham_413000_285250",413000,285250,15,13,0,2,13,0
"Birmingham",2022,"Birmingham_413000_285250",413000,285250,15,13,0,2,13,0
"Birmingham",2025,"Birmingham_413000_285250",413000,285250,14,6,0,8,6,0
"Birmingham",2016,"Birmingham_413750_285250",413750,285250,4,4,0,0,4,0
"Birmingham",2019,"Birmingham_413750_285250",413750,285250,4,4,0,0,4,0
"Birmingham",2022,"Birmingham_413750_285250",413750,285250,5,5,0,0,5,0
"Birmingham",2025,"Birmingham_413750_285250",413750,285250,6,5,0,1,5,0
"Birmingham",2016,"Birmingham_414000_285250",414000,285250,4,3,0,1,3,0
"Birmingham",2019,"Birmingham_414000_285250",414000,285250,4,3,1,0,4,0.25
"Birmingham",2022,"Birmingham_414000_285250",414000,285250,4,3,1,0,4,0.25
"Birmingham",2025,"Birmingham_414000_285250",414000,285250,4,2,1,1,3,0.333333333333333
"Birmingham",2016,"Birmingham_415250_285250",415250,285250,3,0,0,3,0,NA
"Birmingham",2019,"Birmingham_415250_285250",415250,285250,10,7,2,1,9,0.222222222222222
"Birmingham",2022,"Birmingham_415250_285250",415250,285250,10,7,1,2,8,0.125
"Birmingham",2025,"Birmingham_415250_285250",415250,285250,7,3,0,4,3,0
"Birmingham",2025,"Birmingham_402250_285500",402250,285500,1,0,0,1,0,NA
"Birmingham",2016,"Birmingham_403000_285500",403000,285500,9,6,0,3,6,0
"Birmingham",2019,"Birmingham_403000_285500",403000,285500,7,7,0,0,7,0
"Birmingham",2022,"Birmingham_403000_285500",403000,285500,7,5,0,2,5,0
"Birmingham",2025,"Birmingham_403000_285500",403000,285500,7,4,0,3,4,0
"Birmingham",2016,"Birmingham_405250_285500",405250,285500,2,0,0,2,0,NA
"Birmingham",2019,"Birmingham_405250_285500",405250,285500,2,2,0,0,2,0
"Birmingham",2022,"Birmingham_405250_285500",405250,285500,2,2,0,0,2,0
"Birmingham",2025,"Birmingham_405250_285500",405250,285500,3,1,0,2,1,0
"Birmingham",2016,"Birmingham_406750_285500",406750,285500,1,1,0,0,1,0
"Birmingham",2019,"Birmingham_406750_285500",406750,285500,3,1,0,2,1,0
"Birmingham",2022,"Birmingham_406750_285500",406750,285500,3,3,0,0,3,0
"Birmingham",2025,"Birmingham_406750_285500",406750,285500,3,3,0,0,3,0
"Birmingham",2016,"Birmingham_407000_285500",407000,285500,2,1,0,1,1,0
"Birmingham",2019,"Birmingham_407000_285500",407000,285500,1,1,0,0,1,0
"Birmingham",2022,"Birmingham_407000_285500",407000,285500,1,1,0,0,1,0
"Birmingham",2025,"Birmingham_407000_285500",407000,285500,1,1,0,0,1,0
"Birmingham",2016,"Birmingham_407250_285500",407250,285500,19,10,1,8,11,0.0909090909090909
"Birmingham",2019,"Birmingham_407250_285500",407250,285500,16,7,6,3,13,0.461538461538462
"Birmingham",2022,"Birmingham_407250_285500",407250,285500,17,11,3,3,14,0.214285714285714
"Birmingham",2025,"Birmingham_407250_285500",407250,285500,16,4,0,12,4,0
"Birmingham",2016,"Birmingham_407500_285500",407500,285500,5,3,0,2,3,0
"Birmingham",2019,"Birmingham_407500_285500",407500,285500,6,6,0,0,6,0
"Birmingham",2022,"Birmingham_407500_285500",407500,285500,9,7,1,1,8,0.125
"Birmingham",2025,"Birmingham_407500_285500",407500,285500,11,4,0,7,4,0
"Birmingham",2016,"Birmingham_407750_285500",407750,285500,2,0,0,2,0,NA
"Birmingham",2019,"Birmingham_407750_285500",407750,285500,2,1,0,1,1,0
"Birmingham",2022,"Birmingham_407750_285500",407750,285500,2,1,0,1,1,0
"Birmingham",2025,"Birmingham_407750_285500",407750,285500,1,1,0,0,1,0
"Birmingham",2016,"Birmingham_408000_285500",408000,285500,6,3,0,3,3,0
"Birmingham",2019,"Birmingham_408000_285500",408000,285500,3,3,0,0,3,0
"Birmingham",2022,"Birmingham_408000_285500",408000,285500,3,3,0,0,3,0
"Birmingham",2025,"Birmingham_408000_285500",408000,285500,2,1,0,1,1,0
"Birmingham",2025,"Birmingham_408500_285500",408500,285500,1,0,0,1,0,NA
"Birmingham",2016,"Birmingham_409000_285500",409000,285500,1,1,0,0,1,0
"Birmingham",2019,"Birmingham_409000_285500",409000,285500,1,1,0,0,1,0
"Birmingham",2022,"Birmingham_409000_285500",409000,285500,1,1,0,0,1,0
"Birmingham",2025,"Birmingham_409000_285500",409000,285500,1,1,0,0,1,0
"Birmingham",2016,"Birmingham_409250_285500",409250,285500,18,7,1,10,8,0.125
"Birmingham",2019,"Birmingham_409250_285500",409250,285500,14,10,3,1,13,0.230769230769231
"Birmingham",2022,"Birmingham_409250_285500",409250,285500,18,12,3,3,15,0.2
"Birmingham",2025,"Birmingham_409250_285500",409250,285500,14,6,0,8,6,0
"Birmingham",2016,"Birmingham_409500_285500",409500,285500,28,11,1,16,12,0.0833333333333333
"Birmingham",2019,"Birmingham_409500_285500",409500,285500,29,26,0,3,26,0
"Birmingham",2022,"Birmingham_409500_285500",409500,285500,32,27,1,4,28,0.0357142857142857
"Birmingham",2025,"Birmingham_409500_285500",409500,285500,25,13,1,11,14,0.0714285714285714
"Birmingham",2016,"Birmingham_409750_285500",409750,285500,63,37,3,23,40,0.075
"Birmingham",2019,"Birmingham_409750_285500",409750,285500,57,45,4,8,49,0.0816326530612245
"Birmingham",2022,"Birmingham_409750_285500",409750,285500,72,50,2,20,52,0.0384615384615385
"Birmingham",2025,"Birmingham_409750_285500",409750,285500,66,26,1,39,27,0.037037037037037
"Birmingham",2016,"Birmingham_410000_285500",410000,285500,65,45,1,19,46,0.0217391304347826
"Birmingham",2019,"Birmingham_410000_285500",410000,285500,61,53,3,5,56,0.0535714285714286
"Birmingham",2022,"Birmingham_410000_285500",410000,285500,69,57,0,12,57,0
"Birmingham",2025,"Birmingham_410000_285500",410000,285500,62,37,0,25,37,0
"Birmingham",2016,"Birmingham_410250_285500",410250,285500,1,0,0,1,0,NA
"Birmingham",2019,"Birmingham_410250_285500",410250,285500,1,1,0,0,1,0
"Birmingham",2022,"Birmingham_410250_285500",410250,285500,1,1,0,0,1,0
"Birmingham",2025,"Birmingham_410250_285500",410250,285500,3,0,0,3,0,NA
"Birmingham",2016,"Birmingham_410750_285500",410750,285500,1,1,0,0,1,0
"Birmingham",2019,"Birmingham_410750_285500",410750,285500,1,1,0,0,1,0
"Birmingham",2022,"Birmingham_410750_285500",410750,285500,1,1,0,0,1,0
"Birmingham",2025,"Birmingham_410750_285500",410750,285500,1,0,0,1,0,NA
"Birmingham",2016,"Birmingham_411000_285500",411000,285500,1,0,0,1,0,NA
"Birmingham",2016,"Birmingham_412250_285500",412250,285500,1,0,1,0,1,1
"Birmingham",2019,"Birmingham_412250_285500",412250,285500,1,1,0,0,1,0
"Birmingham",2022,"Birmingham_412250_285500",412250,285500,1,1,0,0,1,0
"Birmingham",2025,"Birmingham_412250_285500",412250,285500,1,1,0,0,1,0
"Birmingham",2016,"Birmingham_412750_285500",412750,285500,35,13,1,21,14,0.0714285714285714
"Birmingham",2019,"Birmingham_412750_285500",412750,285500,22,20,1,1,21,0.0476190476190476
"Birmingham",2022,"Birmingham_412750_285500",412750,285500,26,22,0,4,22,0
"Birmingham",2025,"Birmingham_412750_285500",412750,285500,24,6,0,18,6,0
"Birmingham",2016,"Birmingham_413000_285500",413000,285500,49,25,3,21,28,0.107142857142857
"Birmingham",2019,"Birmingham_413000_285500",413000,285500,42,34,2,6,36,0.0555555555555556
"Birmingham",2022,"Birmingham_413000_285500",413000,285500,42,35,2,5,37,0.0540540540540541
"Birmingham",2025,"Birmingham_413000_285500",413000,285500,40,23,0,17,23,0
"Birmingham",2016,"Birmingham_414250_285500",414250,285500,13,10,0,3,10,0
"Birmingham",2019,"Birmingham_414250_285500",414250,285500,12,10,0,2,10,0
"Birmingham",2022,"Birmingham_414250_285500",414250,285500,12,7,0,5,7,0
"Birmingham",2025,"Birmingham_414250_285500",414250,285500,11,5,0,6,5,0
"Birmingham",2016,"Birmingham_414750_285500",414750,285500,9,1,0,8,1,0
"Birmingham",2019,"Birmingham_414750_285500",414750,285500,1,1,0,0,1,0
"Birmingham",2022,"Birmingham_414750_285500",414750,285500,1,1,0,0,1,0
"Birmingham",2025,"Birmingham_414750_285500",414750,285500,1,1,0,0,1,0
"Birmingham",2016,"Birmingham_404000_285750",404000,285750,4,3,0,1,3,0
"Birmingham",2019,"Birmingham_404000_285750",404000,285750,4,4,0,0,4,0
"Birmingham",2022,"Birmingham_404000_285750",404000,285750,4,3,1,0,4,0.25
"Birmingham",2025,"Birmingham_404000_285750",404000,285750,4,2,0,2,2,0
"Birmingham",2016,"Birmingham_404250_285750",404250,285750,3,1,0,2,1,0
"Birmingham",2019,"Birmingham_404250_285750",404250,285750,2,1,0,1,1,0
"Birmingham",2022,"Birmingham_404250_285750",404250,285750,2,1,0,1,1,0
"Birmingham",2025,"Birmingham_404250_285750",404250,285750,1,1,0,0,1,0
"Birmingham",2016,"Birmingham_404750_285750",404750,285750,1,1,0,0,1,0
"Birmingham",2019,"Birmingham_404750_285750",404750,285750,2,2,0,0,2,0
"Birmingham",2022,"Birmingham_404750_285750",404750,285750,2,2,0,0,2,0
"Birmingham",2025,"Birmingham_404750_285750",404750,285750,2,2,0,0,2,0
"Birmingham",2016,"Birmingham_405000_285750",405000,285750,2,2,0,0,2,0
"Birmingham",2019,"Birmingham_405000_285750",405000,285750,2,2,0,0,2,0
"Birmingham",2022,"Birmingham_405000_285750",405000,285750,2,2,0,0,2,0
"Birmingham",2025,"Birmingham_405000_285750",405000,285750,2,2,0,0,2,0
"Birmingham",2016,"Birmingham_405250_285750",405250,285750,14,8,1,5,9,0.111111111111111
"Birmingham",2019,"Birmingham_405250_285750",405250,285750,18,14,0,4,14,0
"Birmingham",2022,"Birmingham_405250_285750",405250,285750,25,23,0,2,23,0
"Birmingham",2025,"Birmingham_405250_285750",405250,285750,22,10,0,12,10,0
"Birmingham",2016,"Birmingham_405500_285750",405500,285750,2,1,0,1,1,0
"Birmingham",2019,"Birmingham_405500_285750",405500,285750,4,4,0,0,4,0
"Birmingham",2022,"Birmingham_405500_285750",405500,285750,4,4,0,0,4,0
"Birmingham",2025,"Birmingham_405500_285750",405500,285750,4,4,0,0,4,0
"Birmingham",2019,"Birmingham_405750_285750",405750,285750,1,1,0,0,1,0
"Birmingham",2022,"Birmingham_405750_285750",405750,285750,1,1,0,0,1,0
"Birmingham",2025,"Birmingham_405750_285750",405750,285750,2,0,0,2,0,NA
"Birmingham",2016,"Birmingham_406000_285750",406000,285750,1,1,0,0,1,0
"Birmingham",2019,"Birmingham_406000_285750",406000,285750,1,1,0,0,1,0
"Birmingham",2022,"Birmingham_406000_285750",406000,285750,1,1,0,0,1,0
"Birmingham",2025,"Birmingham_406000_285750",406000,285750,1,1,0,0,1,0
"Birmingham",2016,"Birmingham_406250_285750",406250,285750,1,1,0,0,1,0
"Birmingham",2019,"Birmingham_406250_285750",406250,285750,1,1,0,0,1,0
"Birmingham",2022,"Birmingham_406250_285750",406250,285750,1,1,0,0,1,0
"Birmingham",2025,"Birmingham_406250_285750",406250,285750,1,0,0,1,0,NA
"Birmingham",2016,"Birmingham_406750_285750",406750,285750,33,10,2,21,12,0.166666666666667
"Birmingham",2019,"Birmingham_406750_285750",406750,285750,17,13,1,3,14,0.0714285714285714
"Birmingham",2022,"Birmingham_406750_285750",406750,285750,19,13,2,4,15,0.133333333333333
"Birmingham",2025,"Birmingham_406750_285750",406750,285750,15,5,0,10,5,0
"Birmingham",2016,"Birmingham_407000_285750",407000,285750,11,3,1,7,4,0.25
"Birmingham",2019,"Birmingham_407000_285750",407000,285750,5,5,0,0,5,0
"Birmingham",2022,"Birmingham_407000_285750",407000,285750,7,5,0,2,5,0
"Birmingham",2025,"Birmingham_407000_285750",407000,285750,5,1,0,4,1,0
"Birmingham",2016,"Birmingham_407250_285750",407250,285750,15,6,2,7,8,0.25
"Birmingham",2019,"Birmingham_407250_285750",407250,285750,9,9,0,0,9,0
"Birmingham",2022,"Birmingham_407250_285750",407250,285750,20,16,2,2,18,0.111111111111111
"Birmingham",2025,"Birmingham_407250_285750",407250,285750,20,9,1,10,10,0.1
"Birmingham",2016,"Birmingham_407500_285750",407500,285750,4,2,0,2,2,0
"Birmingham",2019,"Birmingham_407500_285750",407500,285750,6,5,0,1,5,0
"Birmingham",2022,"Birmingham_407500_285750",407500,285750,7,6,0,1,6,0
"Birmingham",2025,"Birmingham_407500_285750",407500,285750,5,1,0,4,1,0
"Birmingham",2016,"Birmingham_407750_285750",407750,285750,6,3,0,3,3,0
"Birmingham",2019,"Birmingham_407750_285750",407750,285750,4,2,1,1,3,0.333333333333333
"Birmingham",2022,"Birmingham_407750_285750",407750,285750,4,2,0,2,2,0
"Birmingham",2025,"Birmingham_407750_285750",407750,285750,4,2,0,2,2,0
"Birmingham",2016,"Birmingham_408000_285750",408000,285750,8,3,2,3,5,0.4
"Birmingham",2019,"Birmingham_408000_285750",408000,285750,7,6,0,1,6,0
"Birmingham",2022,"Birmingham_408000_285750",408000,285750,10,6,0,4,6,0
"Birmingham",2025,"Birmingham_408000_285750",408000,285750,8,2,0,6,2,0
"Birmingham",2016,"Birmingham_408250_285750",408250,285750,3,1,0,2,1,0
"Birmingham",2019,"Birmingham_408250_285750",408250,285750,3,3,0,0,3,0
"Birmingham",2022,"Birmingham_408250_285750",408250,285750,3,3,0,0,3,0
"Birmingham",2025,"Birmingham_408250_285750",408250,285750,2,1,0,1,1,0
"Birmingham",2016,"Birmingham_408500_285750",408500,285750,12,8,1,3,9,0.111111111111111
"Birmingham",2019,"Birmingham_408500_285750",408500,285750,11,9,1,1,10,0.1
"Birmingham",2022,"Birmingham_408500_285750",408500,285750,11,8,0,3,8,0
"Birmingham",2025,"Birmingham_408500_285750",408500,285750,10,5,0,5,5,0
"Birmingham",2016,"Birmingham_408750_285750",408750,285750,1,1,0,0,1,0
"Birmingham",2019,"Birmingham_408750_285750",408750,285750,1,1,0,0,1,0
"Birmingham",2022,"Birmingham_408750_285750",408750,285750,1,1,0,0,1,0
"Birmingham",2025,"Birmingham_408750_285750",408750,285750,1,0,0,1,0,NA
"Birmingham",2016,"Birmingham_409000_285750",409000,285750,24,19,0,5,19,0
"Birmingham",2019,"Birmingham_409000_285750",409000,285750,25,23,0,2,23,0
"Birmingham",2022,"Birmingham_409000_285750",409000,285750,28,28,0,0,28,0
"Birmingham",2025,"Birmingham_409000_285750",409000,285750,27,17,0,10,17,0
"Birmingham",2016,"Birmingham_409250_285750",409250,285750,196,126,3,67,129,0.0232558139534884
"Birmingham",2019,"Birmingham_409250_285750",409250,285750,171,142,12,17,154,0.0779220779220779
"Birmingham",2022,"Birmingham_409250_285750",409250,285750,208,183,3,22,186,0.0161290322580645
"Birmingham",2025,"Birmingham_409250_285750",409250,285750,192,122,3,67,125,0.024
"Birmingham",2016,"Birmingham_409500_285750",409500,285750,87,23,0,64,23,0
"Birmingham",2019,"Birmingham_409500_285750",409500,285750,90,82,2,6,84,0.0238095238095238
"Birmingham",2022,"Birmingham_409500_285750",409500,285750,98,92,1,5,93,0.010752688172043
"Birmingham",2025,"Birmingham_409500_285750",409500,285750,67,45,1,21,46,0.0217391304347826
"Birmingham",2016,"Birmingham_409750_285750",409750,285750,15,10,0,5,10,0
"Birmingham",2019,"Birmingham_409750_285750",409750,285750,13,10,3,0,13,0.230769230769231
"Birmingham",2022,"Birmingham_409750_285750",409750,285750,14,9,1,4,10,0.1
"Birmingham",2025,"Birmingham_409750_285750",409750,285750,13,6,0,7,6,0
"Birmingham",2016,"Birmingham_410000_285750",410000,285750,1,1,0,0,1,0
"Birmingham",2019,"Birmingham_410000_285750",410000,285750,1,1,0,0,1,0
"Birmingham",2022,"Birmingham_410000_285750",410000,285750,3,3,0,0,3,0
"Birmingham",2025,"Birmingham_410000_285750",410000,285750,2,2,0,0,2,0
"Birmingham",2016,"Birmingham_410500_285750",410500,285750,2,1,0,1,1,0
"Birmingham",2019,"Birmingham_410500_285750",410500,285750,2,2,0,0,2,0
"Birmingham",2022,"Birmingham_410500_285750",410500,285750,2,2,0,0,2,0
"Birmingham",2025,"Birmingham_410500_285750",410500,285750,2,2,0,0,2,0
"Birmingham",2016,"Birmingham_410750_285750",410750,285750,8,4,0,4,4,0
"Birmingham",2019,"Birmingham_410750_285750",410750,285750,5,4,0,1,4,0
"Birmingham",2022,"Birmingham_410750_285750",410750,285750,6,3,1,2,4,0.25
"Birmingham",2025,"Birmingham_410750_285750",410750,285750,6,2,1,3,3,0.333333333333333
"Birmingham",2016,"Birmingham_411500_285750",411500,285750,18,10,0,8,10,0
"Birmingham",2019,"Birmingham_411500_285750",411500,285750,13,12,0,1,12,0
"Birmingham",2022,"Birmingham_411500_285750",411500,285750,13,11,0,2,11,0
"Birmingham",2025,"Birmingham_411500_285750",411500,285750,14,7,0,7,7,0
"Birmingham",2019,"Birmingham_413000_285750",413000,285750,1,1,0,0,1,0
"Birmingham",2022,"Birmingham_413000_285750",413000,285750,1,1,0,0,1,0
"Birmingham",2025,"Birmingham_413000_285750",413000,285750,1,1,0,0,1,0
"Birmingham",2016,"Birmingham_414000_285750",414000,285750,2,1,0,1,1,0
"Birmingham",2019,"Birmingham_414000_285750",414000,285750,3,3,0,0,3,0
"Birmingham",2022,"Birmingham_414000_285750",414000,285750,3,3,0,0,3,0
"Birmingham",2025,"Birmingham_414000_285750",414000,285750,2,2,0,0,2,0
"Birmingham",2016,"Birmingham_414500_285750",414500,285750,1,1,0,0,1,0
"Birmingham",2019,"Birmingham_414500_285750",414500,285750,1,1,0,0,1,0
"Birmingham",2022,"Birmingham_414500_285750",414500,285750,1,1,0,0,1,0
"Birmingham",2025,"Birmingham_414500_285750",414500,285750,1,0,0,1,0,NA
"Birmingham",2016,"Birmingham_414750_285750",414750,285750,1,1,0,0,1,0
"Birmingham",2019,"Birmingham_414750_285750",414750,285750,1,1,0,0,1,0
"Birmingham",2022,"Birmingham_414750_285750",414750,285750,1,0,0,1,0,NA
"Birmingham",2025,"Birmingham_414750_285750",414750,285750,1,1,0,0,1,0
"Birmingham",2016,"Birmingham_415750_285750",415750,285750,2,0,0,2,0,NA
"Birmingham",2016,"Birmingham_402250_286000",402250,286000,1,1,0,0,1,0
"Birmingham",2019,"Birmingham_402250_286000",402250,286000,1,1,0,0,1,0
"Birmingham",2022,"Birmingham_402250_286000",402250,286000,1,1,0,0,1,0
"Birmingham",2025,"Birmingham_402250_286000",402250,286000,1,0,0,1,0,NA
"Birmingham",2016,"Birmingham_402500_286000",402500,286000,1,1,0,0,1,0
"Birmingham",2019,"Birmingham_402500_286000",402500,286000,1,1,0,0,1,0
"Birmingham",2022,"Birmingham_402500_286000",402500,286000,1,0,0,1,0,NA
"Birmingham",2025,"Birmingham_402500_286000",402500,286000,1,0,0,1,0,NA
"Birmingham",2016,"Birmingham_402750_286000",402750,286000,3,2,0,1,2,0
"Birmingham",2019,"Birmingham_402750_286000",402750,286000,3,3,0,0,3,0
"Birmingham",2022,"Birmingham_402750_286000",402750,286000,3,3,0,0,3,0
"Birmingham",2025,"Birmingham_402750_286000",402750,286000,3,1,0,2,1,0
"Birmingham",2016,"Birmingham_403000_286000",403000,286000,11,7,1,3,8,0.125
"Birmingham",2019,"Birmingham_403000_286000",403000,286000,12,9,2,1,11,0.181818181818182
"Birmingham",2022,"Birmingham_403000_286000",403000,286000,12,8,2,2,10,0.2
"Birmingham",2025,"Birmingham_403000_286000",403000,286000,10,3,0,7,3,0
"Birmingham",2016,"Birmingham_404000_286000",404000,286000,4,1,0,3,1,0
"Birmingham",2019,"Birmingham_404000_286000",404000,286000,3,2,0,1,2,0
"Birmingham",2022,"Birmingham_404000_286000",404000,286000,3,3,0,0,3,0
"Birmingham",2025,"Birmingham_404000_286000",404000,286000,3,0,0,3,0,NA
"Birmingham",2016,"Birmingham_404250_286000",404250,286000,2,1,0,1,1,0
"Birmingham",2019,"Birmingham_404250_286000",404250,286000,1,1,0,0,1,0
"Birmingham",2022,"Birmingham_404250_286000",404250,286000,1,1,0,0,1,0
"Birmingham",2025,"Birmingham_404250_286000",404250,286000,1,0,0,1,0,NA
"Birmingham",2016,"Birmingham_404500_286000",404500,286000,15,9,2,4,11,0.181818181818182
"Birmingham",2019,"Birmingham_404500_286000",404500,286000,15,12,1,2,13,0.0769230769230769
"Birmingham",2022,"Birmingham_404500_286000",404500,286000,16,13,0,3,13,0
"Birmingham",2025,"Birmingham_404500_286000",404500,286000,14,0,0,14,0,NA
"Birmingham",2016,"Birmingham_404750_286000",404750,286000,29,13,7,9,20,0.35
"Birmingham",2019,"Birmingham_404750_286000",404750,286000,30,24,5,1,29,0.172413793103448
"Birmingham",2022,"Birmingham_404750_286000",404750,286000,32,24,5,3,29,0.172413793103448
"Birmingham",2025,"Birmingham_404750_286000",404750,286000,29,16,1,12,17,0.0588235294117647
"Birmingham",2016,"Birmingham_405000_286000",405000,286000,4,4,0,0,4,0
"Birmingham",2019,"Birmingham_405000_286000",405000,286000,4,4,0,0,4,0
"Birmingham",2022,"Birmingham_405000_286000",405000,286000,4,4,0,0,4,0
"Birmingham",2025,"Birmingham_405000_286000",405000,286000,1,0,0,1,0,NA
"Birmingham",2016,"Birmingham_405250_286000",405250,286000,28,11,2,15,13,0.153846153846154
"Birmingham",2019,"Birmingham_405250_286000",405250,286000,33,26,2,5,28,0.0714285714285714
"Birmingham",2022,"Birmingham_405250_286000",405250,286000,33,28,1,4,29,0.0344827586206897
"Birmingham",2025,"Birmingham_405250_286000",405250,286000,4,1,0,3,1,0
"Birmingham",2016,"Birmingham_405500_286000",405500,286000,39,16,4,19,20,0.2
"Birmingham",2019,"Birmingham_405500_286000",405500,286000,32,27,5,0,32,0.15625
"Birmingham",2022,"Birmingham_405500_286000",405500,286000,37,28,6,3,34,0.176470588235294
"Birmingham",2025,"Birmingham_405500_286000",405500,286000,29,10,0,19,10,0
"Birmingham",2016,"Birmingham_405750_286000",405750,286000,8,3,0,5,3,0
"Birmingham",2019,"Birmingham_405750_286000",405750,286000,6,6,0,0,6,0
"Birmingham",2022,"Birmingham_405750_286000",405750,286000,6,6,0,0,6,0
"Birmingham",2025,"Birmingham_405750_286000",405750,286000,9,1,0,8,1,0
"Birmingham",2016,"Birmingham_406000_286000",406000,286000,1,0,0,1,0,NA
"Birmingham",2016,"Birmingham_406250_286000",406250,286000,3,2,0,1,2,0
"Birmingham",2019,"Birmingham_406250_286000",406250,286000,2,2,0,0,2,0
"Birmingham",2022,"Birmingham_406250_286000",406250,286000,2,2,0,0,2,0
"Birmingham",2025,"Birmingham_406250_286000",406250,286000,2,1,0,1,1,0
"Birmingham",2016,"Birmingham_406500_286000",406500,286000,11,7,0,4,7,0
"Birmingham",2019,"Birmingham_406500_286000",406500,286000,14,12,1,1,13,0.0769230769230769
"Birmingham",2022,"Birmingham_406500_286000",406500,286000,21,13,4,4,17,0.235294117647059
"Birmingham",2025,"Birmingham_406500_286000",406500,286000,16,2,1,13,3,0.333333333333333
"Birmingham",2016,"Birmingham_406750_286000",406750,286000,36,18,4,14,22,0.181818181818182
"Birmingham",2019,"Birmingham_406750_286000",406750,286000,24,19,2,3,21,0.0952380952380952
"Birmingham",2022,"Birmingham_406750_286000",406750,286000,26,22,2,2,24,0.0833333333333333
"Birmingham",2025,"Birmingham_406750_286000",406750,286000,26,6,0,20,6,0
"Birmingham",2016,"Birmingham_407000_286000",407000,286000,40,16,3,21,19,0.157894736842105
"Birmingham",2019,"Birmingham_407000_286000",407000,286000,29,22,3,4,25,0.12
"Birmingham",2022,"Birmingham_407000_286000",407000,286000,33,25,3,5,28,0.107142857142857
"Birmingham",2025,"Birmingham_407000_286000",407000,286000,33,8,0,25,8,0
"Birmingham",2016,"Birmingham_407250_286000",407250,286000,13,6,1,6,7,0.142857142857143
"Birmingham",2019,"Birmingham_407250_286000",407250,286000,12,9,0,3,9,0
"Birmingham",2022,"Birmingham_407250_286000",407250,286000,12,7,2,3,9,0.222222222222222
"Birmingham",2025,"Birmingham_407250_286000",407250,286000,10,5,0,5,5,0
"Birmingham",2016,"Birmingham_407500_286000",407500,286000,5,1,1,3,2,0.5
"Birmingham",2019,"Birmingham_407500_286000",407500,286000,5,4,1,0,5,0.2
"Birmingham",2022,"Birmingham_407500_286000",407500,286000,7,5,1,1,6,0.166666666666667
"Birmingham",2025,"Birmingham_407500_286000",407500,286000,7,4,0,3,4,0
"Birmingham",2016,"Birmingham_407750_286000",407750,286000,6,3,1,2,4,0.25
"Birmingham",2019,"Birmingham_407750_286000",407750,286000,6,4,1,1,5,0.2
"Birmingham",2022,"Birmingham_407750_286000",407750,286000,6,5,1,0,6,0.166666666666667
"Birmingham",2025,"Birmingham_407750_286000",407750,286000,5,1,0,4,1,0
"Birmingham",2016,"Birmingham_408000_286000",408000,286000,7,3,0,4,3,0
"Birmingham",2019,"Birmingham_408000_286000",408000,286000,7,7,0,0,7,0
"Birmingham",2022,"Birmingham_408000_286000",408000,286000,7,6,0,1,6,0
"Birmingham",2025,"Birmingham_408000_286000",408000,286000,5,1,0,4,1,0
"Birmingham",2016,"Birmingham_408250_286000",408250,286000,27,16,1,10,17,0.0588235294117647
"Birmingham",2019,"Birmingham_408250_286000",408250,286000,27,20,0,7,20,0
"Birmingham",2022,"Birmingham_408250_286000",408250,286000,25,14,6,5,20,0.3
"Birmingham",2025,"Birmingham_408250_286000",408250,286000,26,9,1,16,10,0.1
"Birmingham",2016,"Birmingham_408500_286000",408500,286000,2,2,0,0,2,0
"Birmingham",2019,"Birmingham_408500_286000",408500,286000,1,1,0,0,1,0
"Birmingham",2022,"Birmingham_408500_286000",408500,286000,2,0,1,1,1,1
"Birmingham",2025,"Birmingham_408500_286000",408500,286000,1,0,0,1,0,NA
"Birmingham",2016,"Birmingham_409000_286000",409000,286000,3,1,0,2,1,0
"Birmingham",2019,"Birmingham_409000_286000",409000,286000,2,2,0,0,2,0
"Birmingham",2022,"Birmingham_409000_286000",409000,286000,2,2,0,0,2,0
"Birmingham",2025,"Birmingham_409000_286000",409000,286000,2,1,0,1,1,0
"Birmingham",2016,"Birmingham_409250_286000",409250,286000,45,27,1,17,28,0.0357142857142857
"Birmingham",2019,"Birmingham_409250_286000",409250,286000,35,30,0,5,30,0
"Birmingham",2022,"Birmingham_409250_286000",409250,286000,46,39,0,7,39,0
"Birmingham",2025,"Birmingham_409250_286000",409250,286000,40,25,1,14,26,0.0384615384615385
"Birmingham",2016,"Birmingham_409500_286000",409500,286000,4,2,0,2,2,0
"Birmingham",2019,"Birmingham_409500_286000",409500,286000,3,3,0,0,3,0
"Birmingham",2022,"Birmingham_409500_286000",409500,286000,3,3,0,0,3,0
"Birmingham",2025,"Birmingham_409500_286000",409500,286000,3,3,0,0,3,0
"Birmingham",2016,"Birmingham_409750_286000",409750,286000,7,3,0,4,3,0
"Birmingham",2019,"Birmingham_409750_286000",409750,286000,4,4,0,0,4,0
"Birmingham",2022,"Birmingham_409750_286000",409750,286000,4,3,1,0,4,0.25
"Birmingham",2025,"Birmingham_409750_286000",409750,286000,5,2,1,2,3,0.333333333333333
"Birmingham",2016,"Birmingham_410000_286000",410000,286000,44,23,1,20,24,0.0416666666666667
"Birmingham",2019,"Birmingham_410000_286000",410000,286000,33,27,0,6,27,0
"Birmingham",2022,"Birmingham_410000_286000",410000,286000,39,30,0,9,30,0
"Birmingham",2025,"Birmingham_410000_286000",410000,286000,33,23,0,10,23,0
"Birmingham",2016,"Birmingham_410250_286000",410250,286000,2,1,0,1,1,0
"Birmingham",2019,"Birmingham_410250_286000",410250,286000,2,1,1,0,2,0.5
"Birmingham",2022,"Birmingham_410250_286000",410250,286000,2,1,1,0,2,0.5
"Birmingham",2025,"Birmingham_410250_286000",410250,286000,1,0,0,1,0,NA
"Birmingham",2016,"Birmingham_410500_286000",410500,286000,2,2,0,0,2,0
"Birmingham",2019,"Birmingham_410500_286000",410500,286000,2,2,0,0,2,0
"Birmingham",2022,"Birmingham_410500_286000",410500,286000,2,2,0,0,2,0
"Birmingham",2025,"Birmingham_410500_286000",410500,286000,2,2,0,0,2,0
"Birmingham",2016,"Birmingham_410750_286000",410750,286000,1,0,0,1,0,NA
"Birmingham",2019,"Birmingham_410750_286000",410750,286000,1,1,0,0,1,0
"Birmingham",2022,"Birmingham_410750_286000",410750,286000,1,1,0,0,1,0
"Birmingham",2025,"Birmingham_410750_286000",410750,286000,1,1,0,0,1,0
"Birmingham",2016,"Birmingham_411000_286000",411000,286000,1,1,0,0,1,0
"Birmingham",2019,"Birmingham_411000_286000",411000,286000,1,1,0,0,1,0
"Birmingham",2022,"Birmingham_411000_286000",411000,286000,1,1,0,0,1,0
"Birmingham",2025,"Birmingham_411000_286000",411000,286000,1,1,0,0,1,0
"Birmingham",2016,"Birmingham_411750_286000",411750,286000,1,1,0,0,1,0
"Birmingham",2019,"Birmingham_411750_286000",411750,286000,1,1,0,0,1,0
"Birmingham",2022,"Birmingham_411750_286000",411750,286000,1,1,0,0,1,0
"Birmingham",2025,"Birmingham_411750_286000",411750,286000,1,1,0,0,1,0
"Birmingham",2016,"Birmingham_412750_286000",412750,286000,5,4,0,1,4,0
"Birmingham",2019,"Birmingham_412750_286000",412750,286000,4,4,0,0,4,0
"Birmingham",2022,"Birmingham_412750_286000",412750,286000,4,4,0,0,4,0
"Birmingham",2025,"Birmingham_412750_286000",412750,286000,4,3,0,1,3,0
"Birmingham",2016,"Birmingham_413250_286000",413250,286000,1,0,1,0,1,1
"Birmingham",2019,"Birmingham_413250_286000",413250,286000,1,1,0,0,1,0
"Birmingham",2022,"Birmingham_413250_286000",413250,286000,1,1,0,0,1,0
"Birmingham",2025,"Birmingham_413250_286000",413250,286000,1,1,0,0,1,0
"Birmingham",2016,"Birmingham_414000_286000",414000,286000,1,1,0,0,1,0
"Birmingham",2019,"Birmingham_414000_286000",414000,286000,1,1,0,0,1,0
"Birmingham",2022,"Birmingham_414000_286000",414000,286000,1,1,0,0,1,0
"Birmingham",2025,"Birmingham_414000_286000",414000,286000,1,1,0,0,1,0
"Birmingham",2025,"Birmingham_415500_286000",415500,286000,1,0,0,1,0,NA
"Birmingham",2016,"Birmingham_416000_286000",416000,286000,6,1,1,4,2,0.5
"Birmingham",2019,"Birmingham_416000_286000",416000,286000,6,4,1,1,5,0.2
"Birmingham",2022,"Birmingham_416000_286000",416000,286000,6,4,0,2,4,0
"Birmingham",2025,"Birmingham_416000_286000",416000,286000,6,4,0,2,4,0
"Birmingham",2016,"Birmingham_416250_286000",416250,286000,10,8,0,2,8,0
"Birmingham",2019,"Birmingham_416250_286000",416250,286000,9,8,0,1,8,0
"Birmingham",2022,"Birmingham_416250_286000",416250,286000,9,6,1,2,7,0.142857142857143
"Birmingham",2025,"Birmingham_416250_286000",416250,286000,9,5,0,4,5,0
"Birmingham",2016,"Birmingham_416500_286000",416500,286000,6,3,0,3,3,0
"Birmingham",2019,"Birmingham_416500_286000",416500,286000,6,6,0,0,6,0
"Birmingham",2022,"Birmingham_416500_286000",416500,286000,6,4,0,2,4,0
"Birmingham",2025,"Birmingham_416500_286000",416500,286000,5,2,0,3,2,0
"Birmingham",2016,"Birmingham_402250_286250",402250,286250,2,2,0,0,2,0
"Birmingham",2019,"Birmingham_402250_286250",402250,286250,2,1,0,1,1,0
"Birmingham",2022,"Birmingham_402250_286250",402250,286250,3,2,0,1,2,0
"Birmingham",2025,"Birmingham_402250_286250",402250,286250,2,0,0,2,0,NA
"Birmingham",2022,"Birmingham_402500_286250",402500,286250,1,0,0,1,0,NA
"Birmingham",2025,"Birmingham_402500_286250",402500,286250,1,0,0,1,0,NA
"Birmingham",2022,"Birmingham_403250_286250",403250,286250,1,0,0,1,0,NA
"Birmingham",2025,"Birmingham_403250_286250",403250,286250,1,0,0,1,0,NA
"Birmingham",2016,"Birmingham_404500_286250",404500,286250,1,0,0,1,0,NA
"Birmingham",2019,"Birmingham_404500_286250",404500,286250,1,1,0,0,1,0
"Birmingham",2022,"Birmingham_404500_286250",404500,286250,1,1,0,0,1,0
"Birmingham",2025,"Birmingham_404500_286250",404500,286250,1,0,0,1,0,NA
"Birmingham",2016,"Birmingham_405000_286250",405000,286250,1,0,0,1,0,NA
"Birmingham",2019,"Birmingham_405250_286250",405250,286250,1,0,0,1,0,NA
"Birmingham",2022,"Birmingham_405250_286250",405250,286250,7,5,1,1,6,0.166666666666667
"Birmingham",2025,"Birmingham_405250_286250",405250,286250,6,1,1,4,2,0.5
"Birmingham",2016,"Birmingham_405500_286250",405500,286250,6,3,0,3,3,0
"Birmingham",2019,"Birmingham_405500_286250",405500,286250,6,6,0,0,6,0
"Birmingham",2022,"Birmingham_405500_286250",405500,286250,8,7,0,1,7,0
"Birmingham",2025,"Birmingham_405500_286250",405500,286250,6,2,0,4,2,0
"Birmingham",2016,"Birmingham_405750_286250",405750,286250,31,5,2,24,7,0.285714285714286
"Birmingham",2019,"Birmingham_405750_286250",405750,286250,19,12,4,3,16,0.25
"Birmingham",2022,"Birmingham_405750_286250",405750,286250,19,14,3,2,17,0.176470588235294
"Birmingham",2025,"Birmingham_405750_286250",405750,286250,12,5,0,7,5,0
"Birmingham",2016,"Birmingham_406000_286250",406000,286250,2,1,0,1,1,0
"Birmingham",2019,"Birmingham_406000_286250",406000,286250,2,2,0,0,2,0
"Birmingham",2022,"Birmingham_406000_286250",406000,286250,2,2,0,0,2,0
"Birmingham",2025,"Birmingham_406000_286250",406000,286250,2,0,0,2,0,NA
"Birmingham",2016,"Birmingham_406250_286250",406250,286250,88,28,2,58,30,0.0666666666666667
"Birmingham",2019,"Birmingham_406250_286250",406250,286250,40,34,2,4,36,0.0555555555555556
"Birmingham",2022,"Birmingham_406250_286250",406250,286250,41,30,8,3,38,0.210526315789474
"Birmingham",2025,"Birmingham_406250_286250",406250,286250,36,9,2,25,11,0.181818181818182
"Birmingham",2016,"Birmingham_406500_286250",406500,286250,12,9,0,3,9,0
"Birmingham",2019,"Birmingham_406500_286250",406500,286250,14,11,1,2,12,0.0833333333333333
"Birmingham",2022,"Birmingham_406500_286250",406500,286250,16,10,3,3,13,0.230769230769231
"Birmingham",2025,"Birmingham_406500_286250",406500,286250,15,4,1,10,5,0.2
"Birmingham",2016,"Birmingham_406750_286250",406750,286250,78,39,4,35,43,0.0930232558139535
"Birmingham",2019,"Birmingham_406750_286250",406750,286250,65,52,7,6,59,0.11864406779661
"Birmingham",2022,"Birmingham_406750_286250",406750,286250,66,47,10,9,57,0.175438596491228
"Birmingham",2025,"Birmingham_406750_286250",406750,286250,61,17,0,44,17,0
"Birmingham",2016,"Birmingham_407000_286250",407000,286250,92,46,6,40,52,0.115384615384615
"Birmingham",2019,"Birmingham_407000_286250",407000,286250,81,63,12,6,75,0.16
"Birmingham",2022,"Birmingham_407000_286250",407000,286250,109,78,20,11,98,0.204081632653061
"Birmingham",2025,"Birmingham_407000_286250",407000,286250,94,31,2,61,33,0.0606060606060606
"Birmingham",2016,"Birmingham_407250_286250",407250,286250,237,99,11,127,110,0.1
"Birmingham",2019,"Birmingham_407250_286250",407250,286250,189,140,16,33,156,0.102564102564103
"Birmingham",2022,"Birmingham_407250_286250",407250,286250,192,133,26,33,159,0.163522012578616
"Birmingham",2025,"Birmingham_407250_286250",407250,286250,172,101,0,71,101,0
"Birmingham",2016,"Birmingham_407500_286250",407500,286250,38,15,2,21,17,0.117647058823529
"Birmingham",2019,"Birmingham_407500_286250",407500,286250,33,30,1,2,31,0.032258064516129
"Birmingham",2022,"Birmingham_407500_286250",407500,286250,33,28,2,3,30,0.0666666666666667
"Birmingham",2025,"Birmingham_407500_286250",407500,286250,31,15,0,16,15,0
"Birmingham",2016,"Birmingham_407750_286250",407750,286250,68,31,5,32,36,0.138888888888889
"Birmingham",2019,"Birmingham_407750_286250",407750,286250,58,53,2,3,55,0.0363636363636364
"Birmingham",2022,"Birmingham_407750_286250",407750,286250,71,65,2,4,67,0.0298507462686567
"Birmingham",2025,"Birmingham_407750_286250",407750,286250,45,14,1,30,15,0.0666666666666667
"Birmingham",2016,"Birmingham_408000_286250",408000,286250,18,10,2,6,12,0.166666666666667
"Birmingham",2019,"Birmingham_408000_286250",408000,286250,14,12,1,1,13,0.0769230769230769
"Birmingham",2022,"Birmingham_408000_286250",408000,286250,21,18,0,3,18,0
"Birmingham",2025,"Birmingham_408000_286250",408000,286250,22,7,0,15,7,0
"Birmingham",2016,"Birmingham_408250_286250",408250,286250,2,1,0,1,1,0
"Birmingham",2019,"Birmingham_408250_286250",408250,286250,2,1,0,1,1,0
"Birmingham",2022,"Birmingham_408250_286250",408250,286250,2,1,1,0,2,0.5
"Birmingham",2025,"Birmingham_408250_286250",408250,286250,3,0,0,3,0,NA
"Birmingham",2016,"Birmingham_408500_286250",408500,286250,3,1,1,1,2,0.5
"Birmingham",2019,"Birmingham_408500_286250",408500,286250,5,3,2,0,5,0.4
"Birmingham",2022,"Birmingham_408500_286250",408500,286250,7,5,2,0,7,0.285714285714286
"Birmingham",2025,"Birmingham_408500_286250",408500,286250,7,3,0,4,3,0
"Birmingham",2016,"Birmingham_409000_286250",409000,286250,12,5,0,7,5,0
"Birmingham",2019,"Birmingham_409000_286250",409000,286250,10,9,1,0,10,0.1
"Birmingham",2022,"Birmingham_409000_286250",409000,286250,11,8,1,2,9,0.111111111111111
"Birmingham",2025,"Birmingham_409000_286250",409000,286250,12,4,0,8,4,0
"Birmingham",2016,"Birmingham_409250_286250",409250,286250,1,1,0,0,1,0
"Birmingham",2019,"Birmingham_409250_286250",409250,286250,1,1,0,0,1,0
"Birmingham",2022,"Birmingham_409250_286250",409250,286250,1,1,0,0,1,0
"Birmingham",2025,"Birmingham_409250_286250",409250,286250,1,0,0,1,0,NA
"Birmingham",2019,"Birmingham_409500_286250",409500,286250,1,1,0,0,1,0
"Birmingham",2022,"Birmingham_409500_286250",409500,286250,1,1,0,0,1,0
"Birmingham",2025,"Birmingham_409500_286250",409500,286250,1,1,0,0,1,0
"Birmingham",2016,"Birmingham_409750_286250",409750,286250,3,2,0,1,2,0
"Birmingham",2019,"Birmingham_409750_286250",409750,286250,4,2,1,1,3,0.333333333333333
"Birmingham",2022,"Birmingham_409750_286250",409750,286250,3,3,0,0,3,0
"Birmingham",2025,"Birmingham_409750_286250",409750,286250,2,2,0,0,2,0
"Birmingham",2016,"Birmingham_410000_286250",410000,286250,8,8,0,0,8,0
"Birmingham",2019,"Birmingham_410000_286250",410000,286250,11,10,0,1,10,0
"Birmingham",2022,"Birmingham_410000_286250",410000,286250,11,8,0,3,8,0
"Birmingham",2025,"Birmingham_410000_286250",410000,286250,11,7,0,4,7,0
"Birmingham",2016,"Birmingham_410250_286250",410250,286250,23,11,1,11,12,0.0833333333333333
"Birmingham",2019,"Birmingham_410250_286250",410250,286250,20,19,0,1,19,0
"Birmingham",2022,"Birmingham_410250_286250",410250,286250,21,19,0,2,19,0
"Birmingham",2025,"Birmingham_410250_286250",410250,286250,18,12,0,6,12,0
"Birmingham",2016,"Birmingham_410500_286250",410500,286250,12,7,0,5,7,0
"Birmingham",2019,"Birmingham_410500_286250",410500,286250,13,13,0,0,13,0
"Birmingham",2022,"Birmingham_410500_286250",410500,286250,15,12,1,2,13,0.0769230769230769
"Birmingham",2025,"Birmingham_410500_286250",410500,286250,17,5,1,11,6,0.166666666666667
"Birmingham",2016,"Birmingham_410750_286250",410750,286250,34,20,2,12,22,0.0909090909090909
"Birmingham",2019,"Birmingham_410750_286250",410750,286250,37,32,2,3,34,0.0588235294117647
"Birmingham",2022,"Birmingham_410750_286250",410750,286250,37,28,5,4,33,0.151515151515152
"Birmingham",2025,"Birmingham_410750_286250",410750,286250,35,25,0,10,25,0
"Birmingham",2016,"Birmingham_411000_286250",411000,286250,11,6,0,5,6,0
"Birmingham",2019,"Birmingham_411000_286250",411000,286250,9,8,1,0,9,0.111111111111111
"Birmingham",2022,"Birmingham_411000_286250",411000,286250,9,9,0,0,9,0
"Birmingham",2025,"Birmingham_411000_286250",411000,286250,9,5,0,4,5,0
"Birmingham",2016,"Birmingham_411500_286250",411500,286250,2,0,0,2,0,NA
"Birmingham",2016,"Birmingham_413750_286250",413750,286250,1,1,0,0,1,0
"Birmingham",2019,"Birmingham_413750_286250",413750,286250,1,1,0,0,1,0
"Birmingham",2022,"Birmingham_413750_286250",413750,286250,1,1,0,0,1,0
"Birmingham",2025,"Birmingham_413750_286250",413750,286250,1,1,0,0,1,0
"Birmingham",2016,"Birmingham_414000_286250",414000,286250,13,9,0,4,9,0
"Birmingham",2019,"Birmingham_414000_286250",414000,286250,17,13,0,4,13,0
"Birmingham",2022,"Birmingham_414000_286250",414000,286250,17,13,0,4,13,0
"Birmingham",2025,"Birmingham_414000_286250",414000,286250,15,6,0,9,6,0
"Birmingham",2016,"Birmingham_415000_286250",415000,286250,9,3,1,5,4,0.25
"Birmingham",2019,"Birmingham_415000_286250",415000,286250,6,5,1,0,6,0.166666666666667
"Birmingham",2022,"Birmingham_415000_286250",415000,286250,7,4,2,1,6,0.333333333333333
"Birmingham",2025,"Birmingham_415000_286250",415000,286250,7,2,0,5,2,0
"Birmingham",2016,"Birmingham_415250_286250",415250,286250,3,1,0,2,1,0
"Birmingham",2019,"Birmingham_415250_286250",415250,286250,2,2,0,0,2,0
"Birmingham",2022,"Birmingham_415250_286250",415250,286250,1,1,0,0,1,0
"Birmingham",2025,"Birmingham_415250_286250",415250,286250,1,0,0,1,0,NA
"Birmingham",2019,"Birmingham_416250_286250",416250,286250,1,1,0,0,1,0
"Birmingham",2022,"Birmingham_416250_286250",416250,286250,1,1,0,0,1,0
"Birmingham",2025,"Birmingham_416250_286250",416250,286250,1,0,0,1,0,NA
"Birmingham",2016,"Birmingham_404500_286500",404500,286500,3,1,0,2,1,0
"Birmingham",2019,"Birmingham_404500_286500",404500,286500,3,2,0,1,2,0
"Birmingham",2022,"Birmingham_404500_286500",404500,286500,3,2,0,1,2,0
"Birmingham",2025,"Birmingham_404500_286500",404500,286500,3,1,0,2,1,0
"Birmingham",2016,"Birmingham_404750_286500",404750,286500,1,1,0,0,1,0
"Birmingham",2019,"Birmingham_404750_286500",404750,286500,1,1,0,0,1,0
"Birmingham",2022,"Birmingham_404750_286500",404750,286500,1,1,0,0,1,0
"Birmingham",2016,"Birmingham_405000_286500",405000,286500,1,1,0,0,1,0
"Birmingham",2019,"Birmingham_405000_286500",405000,286500,1,1,0,0,1,0
"Birmingham",2022,"Birmingham_405000_286500",405000,286500,1,1,0,0,1,0
"Birmingham",2025,"Birmingham_405000_286500",405000,286500,1,1,0,0,1,0
"Birmingham",2016,"Birmingham_405250_286500",405250,286500,20,13,2,5,15,0.133333333333333
"Birmingham",2019,"Birmingham_405250_286500",405250,286500,17,12,3,2,15,0.2
"Birmingham",2022,"Birmingham_405250_286500",405250,286500,18,14,1,3,15,0.0666666666666667
"Birmingham",2025,"Birmingham_405250_286500",405250,286500,16,9,1,6,10,0.1
"Birmingham",2016,"Birmingham_405500_286500",405500,286500,15,9,0,6,9,0
"Birmingham",2019,"Birmingham_405500_286500",405500,286500,10,7,2,1,9,0.222222222222222
"Birmingham",2022,"Birmingham_405500_286500",405500,286500,12,11,0,1,11,0
"Birmingham",2025,"Birmingham_405500_286500",405500,286500,10,4,0,6,4,0
"Birmingham",2016,"Birmingham_405750_286500",405750,286500,16,6,0,10,6,0
"Birmingham",2019,"Birmingham_405750_286500",405750,286500,12,12,0,0,12,0
"Birmingham",2022,"Birmingham_405750_286500",405750,286500,13,9,2,2,11,0.181818181818182
"Birmingham",2025,"Birmingham_405750_286500",405750,286500,13,1,1,11,2,0.5
"Birmingham",2016,"Birmingham_406000_286500",406000,286500,63,21,3,39,24,0.125
"Birmingham",2019,"Birmingham_406000_286500",406000,286500,52,41,3,8,44,0.0681818181818182
"Birmingham",2022,"Birmingham_406000_286500",406000,286500,56,39,4,13,43,0.0930232558139535
"Birmingham",2025,"Birmingham_406000_286500",406000,286500,41,19,1,21,20,0.05
"Birmingham",2016,"Birmingham_406250_286500",406250,286500,5,2,0,3,2,0
"Birmingham",2019,"Birmingham_406250_286500",406250,286500,3,3,0,0,3,0
"Birmingham",2022,"Birmingham_406250_286500",406250,286500,4,3,0,1,3,0
"Birmingham",2025,"Birmingham_406250_286500",406250,286500,3,1,0,2,1,0
"Birmingham",2016,"Birmingham_406500_286500",406500,286500,29,10,1,18,11,0.0909090909090909
"Birmingham",2019,"Birmingham_406500_286500",406500,286500,36,31,3,2,34,0.0882352941176471
"Birmingham",2022,"Birmingham_406500_286500",406500,286500,38,30,4,4,34,0.117647058823529
"Birmingham",2025,"Birmingham_406500_286500",406500,286500,21,5,0,16,5,0
"Birmingham",2016,"Birmingham_406750_286500",406750,286500,220,45,5,170,50,0.1
"Birmingham",2019,"Birmingham_406750_286500",406750,286500,111,93,9,9,102,0.0882352941176471
"Birmingham",2022,"Birmingham_406750_286500",406750,286500,121,88,16,17,104,0.153846153846154
"Birmingham",2025,"Birmingham_406750_286500",406750,286500,102,44,2,56,46,0.0434782608695652
"Birmingham",2016,"Birmingham_407000_286500",407000,286500,314,155,14,145,169,0.0828402366863905
"Birmingham",2019,"Birmingham_407000_286500",407000,286500,276,220,29,27,249,0.116465863453815
"Birmingham",2022,"Birmingham_407000_286500",407000,286500,278,216,39,23,255,0.152941176470588
"Birmingham",2025,"Birmingham_407000_286500",407000,286500,232,114,6,112,120,0.05
"Birmingham",2016,"Birmingham_407250_286500",407250,286500,58,22,3,33,25,0.12
"Birmingham",2019,"Birmingham_407250_286500",407250,286500,45,34,9,2,43,0.209302325581395
"Birmingham",2022,"Birmingham_407250_286500",407250,286500,48,32,10,6,42,0.238095238095238
"Birmingham",2025,"Birmingham_407250_286500",407250,286500,42,10,2,30,12,0.166666666666667
"Birmingham",2016,"Birmingham_407500_286500",407500,286500,10,2,1,7,3,0.333333333333333
"Birmingham",2019,"Birmingham_407500_286500",407500,286500,11,8,2,1,10,0.2
"Birmingham",2022,"Birmingham_407500_286500",407500,286500,16,13,1,2,14,0.0714285714285714
"Birmingham",2025,"Birmingham_407500_286500",407500,286500,15,3,0,12,3,0
"Birmingham",2016,"Birmingham_407750_286500",407750,286500,6,4,1,1,5,0.2
"Birmingham",2019,"Birmingham_407750_286500",407750,286500,5,4,0,1,4,0
"Birmingham",2022,"Birmingham_407750_286500",407750,286500,10,7,0,3,7,0
"Birmingham",2025,"Birmingham_407750_286500",407750,286500,9,1,0,8,1,0
"Birmingham",2016,"Birmingham_408000_286500",408000,286500,20,4,7,9,11,0.636363636363636
"Birmingham",2019,"Birmingham_408000_286500",408000,286500,20,6,7,7,13,0.538461538461538
"Birmingham",2022,"Birmingham_408000_286500",408000,286500,25,19,1,5,20,0.05
"Birmingham",2025,"Birmingham_408000_286500",408000,286500,7,0,0,7,0,NA
"Birmingham",2016,"Birmingham_408250_286500",408250,286500,8,0,0,8,0,NA
"Birmingham",2019,"Birmingham_408250_286500",408250,286500,7,2,2,3,4,0.5
"Birmingham",2022,"Birmingham_408250_286500",408250,286500,7,5,1,1,6,0.166666666666667
"Birmingham",2025,"Birmingham_408250_286500",408250,286500,7,1,1,5,2,0.5
"Birmingham",2016,"Birmingham_408500_286500",408500,286500,1,1,0,0,1,0
"Birmingham",2019,"Birmingham_408500_286500",408500,286500,1,0,0,1,0,NA
"Birmingham",2022,"Birmingham_408500_286500",408500,286500,1,1,0,0,1,0
"Birmingham",2025,"Birmingham_408500_286500",408500,286500,1,1,0,0,1,0
"Birmingham",2016,"Birmingham_408750_286500",408750,286500,3,2,0,1,2,0
"Birmingham",2019,"Birmingham_408750_286500",408750,286500,3,1,1,1,2,0.5
"Birmingham",2022,"Birmingham_408750_286500",408750,286500,3,2,1,0,3,0.333333333333333
"Birmingham",2025,"Birmingham_408750_286500",408750,286500,3,1,0,2,1,0
"Birmingham",2016,"Birmingham_409000_286500",409000,286500,1,1,0,0,1,0
"Birmingham",2019,"Birmingham_409000_286500",409000,286500,1,1,0,0,1,0
"Birmingham",2022,"Birmingham_409000_286500",409000,286500,1,1,0,0,1,0
"Birmingham",2025,"Birmingham_409000_286500",409000,286500,1,0,0,1,0,NA
"Birmingham",2016,"Birmingham_409250_286500",409250,286500,2,2,0,0,2,0
"Birmingham",2019,"Birmingham_409250_286500",409250,286500,2,1,0,1,1,0
"Birmingham",2022,"Birmingham_409250_286500",409250,286500,2,1,0,1,1,0
"Birmingham",2025,"Birmingham_409250_286500",409250,286500,2,1,0,1,1,0
"Birmingham",2016,"Birmingham_409500_286500",409500,286500,1,1,0,0,1,0
"Birmingham",2019,"Birmingham_409500_286500",409500,286500,1,1,0,0,1,0
"Birmingham",2022,"Birmingham_409500_286500",409500,286500,1,0,0,1,0,NA
"Birmingham",2025,"Birmingham_409500_286500",409500,286500,1,0,0,1,0,NA
"Birmingham",2016,"Birmingham_409750_286500",409750,286500,39,23,2,14,25,0.08
"Birmingham",2019,"Birmingham_409750_286500",409750,286500,37,35,0,2,35,0
"Birmingham",2022,"Birmingham_409750_286500",409750,286500,43,30,0,13,30,0
"Birmingham",2025,"Birmingham_409750_286500",409750,286500,40,21,0,19,21,0
"Birmingham",2016,"Birmingham_410000_286500",410000,286500,21,10,1,10,11,0.0909090909090909
"Birmingham",2019,"Birmingham_410000_286500",410000,286500,19,18,0,1,18,0
"Birmingham",2022,"Birmingham_410000_286500",410000,286500,21,18,1,2,19,0.0526315789473684
"Birmingham",2025,"Birmingham_410000_286500",410000,286500,20,15,0,5,15,0
"Birmingham",2016,"Birmingham_410250_286500",410250,286500,9,5,0,4,5,0
"Birmingham",2019,"Birmingham_410250_286500",410250,286500,7,6,1,0,7,0.142857142857143
"Birmingham",2022,"Birmingham_410250_286500",410250,286500,7,6,1,0,7,0.142857142857143
"Birmingham",2025,"Birmingham_410250_286500",410250,286500,7,3,1,3,4,0.25
"Birmingham",2016,"Birmingham_410500_286500",410500,286500,30,18,1,11,19,0.0526315789473684
"Birmingham",2019,"Birmingham_410500_286500",410500,286500,27,24,1,2,25,0.04
"Birmingham",2022,"Birmingham_410500_286500",410500,286500,33,28,1,4,29,0.0344827586206897
"Birmingham",2025,"Birmingham_410500_286500",410500,286500,31,17,1,13,18,0.0555555555555556
"Birmingham",2016,"Birmingham_410750_286500",410750,286500,4,3,0,1,3,0
"Birmingham",2019,"Birmingham_410750_286500",410750,286500,4,3,0,1,3,0
"Birmingham",2022,"Birmingham_410750_286500",410750,286500,5,3,0,2,3,0
"Birmingham",2025,"Birmingham_410750_286500",410750,286500,4,1,0,3,1,0
"Birmingham",2016,"Birmingham_412500_286500",412500,286500,13,9,0,4,9,0
"Birmingham",2019,"Birmingham_412500_286500",412500,286500,10,7,1,2,8,0.125
"Birmingham",2022,"Birmingham_412500_286500",412500,286500,10,6,0,4,6,0
"Birmingham",2025,"Birmingham_412500_286500",412500,286500,10,6,0,4,6,0
"Birmingham",2016,"Birmingham_412750_286500",412750,286500,4,4,0,0,4,0
"Birmingham",2019,"Birmingham_412750_286500",412750,286500,4,4,0,0,4,0
"Birmingham",2022,"Birmingham_412750_286500",412750,286500,5,3,0,2,3,0
"Birmingham",2025,"Birmingham_412750_286500",412750,286500,5,3,0,2,3,0
"Birmingham",2016,"Birmingham_413000_286500",413000,286500,1,1,0,0,1,0
"Birmingham",2019,"Birmingham_413000_286500",413000,286500,1,1,0,0,1,0
"Birmingham",2022,"Birmingham_413000_286500",413000,286500,1,0,0,1,0,NA
"Birmingham",2025,"Birmingham_413000_286500",413000,286500,1,0,0,1,0,NA
"Birmingham",2016,"Birmingham_414250_286500",414250,286500,35,9,4,22,13,0.307692307692308
"Birmingham",2019,"Birmingham_414250_286500",414250,286500,29,4,24,1,28,0.857142857142857
"Birmingham",2022,"Birmingham_414250_286500",414250,286500,29,4,24,1,28,0.857142857142857
"Birmingham",2025,"Birmingham_414250_286500",414250,286500,3,1,0,2,1,0
"Birmingham",2016,"Birmingham_414750_286500",414750,286500,1,0,0,1,0,NA
"Birmingham",2019,"Birmingham_414750_286500",414750,286500,1,1,0,0,1,0
"Birmingham",2022,"Birmingham_414750_286500",414750,286500,1,1,0,0,1,0
"Birmingham",2025,"Birmingham_414750_286500",414750,286500,1,0,0,1,0,NA
"Birmingham",2016,"Birmingham_416000_286500",416000,286500,1,1,0,0,1,0
"Birmingham",2019,"Birmingham_416000_286500",416000,286500,1,1,0,0,1,0
"Birmingham",2022,"Birmingham_416000_286500",416000,286500,1,1,0,0,1,0
"Birmingham",2025,"Birmingham_416000_286500",416000,286500,1,1,0,0,1,0
"Birmingham",2016,"Birmingham_402750_286750",402750,286750,4,2,0,2,2,0
"Birmingham",2019,"Birmingham_402750_286750",402750,286750,2,2,0,0,2,0
"Birmingham",2022,"Birmingham_402750_286750",402750,286750,2,2,0,0,2,0
"Birmingham",2025,"Birmingham_402750_286750",402750,286750,2,1,0,1,1,0
"Birmingham",2016,"Birmingham_403000_286750",403000,286750,1,1,0,0,1,0
"Birmingham",2019,"Birmingham_403000_286750",403000,286750,1,1,0,0,1,0
"Birmingham",2022,"Birmingham_403000_286750",403000,286750,1,0,0,1,0,NA
"Birmingham",2025,"Birmingham_403000_286750",403000,286750,1,0,0,1,0,NA
"Birmingham",2016,"Birmingham_404750_286750",404750,286750,2,0,0,2,0,NA
"Birmingham",2016,"Birmingham_405250_286750",405250,286750,8,3,2,3,5,0.4
"Birmingham",2019,"Birmingham_405250_286750",405250,286750,6,5,1,0,6,0.166666666666667
"Birmingham",2022,"Birmingham_405250_286750",405250,286750,6,0,1,5,1,1
"Birmingham",2025,"Birmingham_405250_286750",405250,286750,6,0,0,6,0,NA
"Birmingham",2016,"Birmingham_405500_286750",405500,286750,3,1,0,2,1,0
"Birmingham",2019,"Birmingham_405500_286750",405500,286750,3,3,0,0,3,0
"Birmingham",2022,"Birmingham_405500_286750",405500,286750,3,3,0,0,3,0
"Birmingham",2025,"Birmingham_405500_286750",405500,286750,3,1,0,2,1,0
"Birmingham",2016,"Birmingham_405750_286750",405750,286750,2,0,1,1,1,1
"Birmingham",2019,"Birmingham_405750_286750",405750,286750,2,2,0,0,2,0
"Birmingham",2022,"Birmingham_405750_286750",405750,286750,2,2,0,0,2,0
"Birmingham",2025,"Birmingham_405750_286750",405750,286750,2,1,0,1,1,0
"Birmingham",2016,"Birmingham_406000_286750",406000,286750,7,2,0,5,2,0
"Birmingham",2019,"Birmingham_406000_286750",406000,286750,7,6,0,1,6,0
"Birmingham",2022,"Birmingham_406000_286750",406000,286750,8,7,0,1,7,0
"Birmingham",2025,"Birmingham_406000_286750",406000,286750,7,2,0,5,2,0
"Birmingham",2016,"Birmingham_406250_286750",406250,286750,31,0,1,30,1,1
"Birmingham",2019,"Birmingham_406250_286750",406250,286750,1,1,0,0,1,0
"Birmingham",2022,"Birmingham_406250_286750",406250,286750,1,1,0,0,1,0
"Birmingham",2025,"Birmingham_406250_286750",406250,286750,1,1,0,0,1,0
"Birmingham",2016,"Birmingham_406500_286750",406500,286750,13,3,3,7,6,0.5
"Birmingham",2019,"Birmingham_406500_286750",406500,286750,10,6,3,1,9,0.333333333333333
"Birmingham",2022,"Birmingham_406500_286750",406500,286750,14,10,2,2,12,0.166666666666667
"Birmingham",2025,"Birmingham_406500_286750",406500,286750,18,5,1,12,6,0.166666666666667
"Birmingham",2016,"Birmingham_406750_286750",406750,286750,208,105,9,94,114,0.0789473684210526
"Birmingham",2019,"Birmingham_406750_286750",406750,286750,180,156,12,12,168,0.0714285714285714
"Birmingham",2022,"Birmingham_406750_286750",406750,286750,193,151,12,30,163,0.0736196319018405
"Birmingham",2025,"Birmingham_406750_286750",406750,286750,182,66,2,114,68,0.0294117647058824
"Birmingham",2016,"Birmingham_407000_286750",407000,286750,184,70,15,99,85,0.176470588235294
"Birmingham",2019,"Birmingham_407000_286750",407000,286750,157,113,17,27,130,0.130769230769231
"Birmingham",2022,"Birmingham_407000_286750",407000,286750,163,99,36,28,135,0.266666666666667
"Birmingham",2025,"Birmingham_407000_286750",407000,286750,138,45,4,89,49,0.0816326530612245
"Birmingham",2016,"Birmingham_407250_286750",407250,286750,101,13,41,47,54,0.759259259259259
"Birmingham",2019,"Birmingham_407250_286750",407250,286750,80,18,45,17,63,0.714285714285714
"Birmingham",2022,"Birmingham_407250_286750",407250,286750,77,35,40,2,75,0.533333333333333
"Birmingham",2025,"Birmingham_407250_286750",407250,286750,37,9,0,28,9,0
"Birmingham",2016,"Birmingham_407500_286750",407500,286750,10,3,1,6,4,0.25
"Birmingham",2019,"Birmingham_407500_286750",407500,286750,6,6,0,0,6,0
"Birmingham",2022,"Birmingham_407500_286750",407500,286750,9,7,1,1,8,0.125
"Birmingham",2025,"Birmingham_407500_286750",407500,286750,7,0,1,6,1,1
"Birmingham",2016,"Birmingham_407750_286750",407750,286750,6,2,0,4,2,0
"Birmingham",2019,"Birmingham_407750_286750",407750,286750,5,3,1,1,4,0.25
"Birmingham",2022,"Birmingham_407750_286750",407750,286750,5,3,2,0,5,0.4
"Birmingham",2025,"Birmingham_407750_286750",407750,286750,4,2,0,2,2,0
"Birmingham",2016,"Birmingham_408000_286750",408000,286750,1,1,0,0,1,0
"Birmingham",2019,"Birmingham_408000_286750",408000,286750,1,1,0,0,1,0
"Birmingham",2022,"Birmingham_408000_286750",408000,286750,1,1,0,0,1,0
"Birmingham",2025,"Birmingham_408000_286750",408000,286750,1,1,0,0,1,0
"Birmingham",2016,"Birmingham_408250_286750",408250,286750,3,3,0,0,3,0
"Birmingham",2019,"Birmingham_408250_286750",408250,286750,3,3,0,0,3,0
"Birmingham",2022,"Birmingham_408250_286750",408250,286750,3,2,1,0,3,0.333333333333333
"Birmingham",2025,"Birmingham_408250_286750",408250,286750,3,1,0,2,1,0
"Birmingham",2016,"Birmingham_408500_286750",408500,286750,6,3,0,3,3,0
"Birmingham",2019,"Birmingham_408500_286750",408500,286750,6,5,1,0,6,0.166666666666667
"Birmingham",2022,"Birmingham_408500_286750",408500,286750,8,6,1,1,7,0.142857142857143
"Birmingham",2025,"Birmingham_408500_286750",408500,286750,7,3,0,4,3,0
"Birmingham",2016,"Birmingham_408750_286750",408750,286750,2,1,0,1,1,0
"Birmingham",2019,"Birmingham_408750_286750",408750,286750,2,2,0,0,2,0
"Birmingham",2022,"Birmingham_408750_286750",408750,286750,2,1,0,1,1,0
"Birmingham",2025,"Birmingham_408750_286750",408750,286750,2,1,0,1,1,0
"Birmingham",2016,"Birmingham_409750_286750",409750,286750,19,12,2,5,14,0.142857142857143
"Birmingham",2019,"Birmingham_409750_286750",409750,286750,18,17,1,0,18,0.0555555555555556
"Birmingham",2022,"Birmingham_409750_286750",409750,286750,18,17,1,0,18,0.0555555555555556
"Birmingham",2025,"Birmingham_409750_286750",409750,286750,16,13,1,2,14,0.0714285714285714
"Birmingham",2016,"Birmingham_410000_286750",410000,286750,4,1,1,2,2,0.5
"Birmingham",2019,"Birmingham_410000_286750",410000,286750,6,3,0,3,3,0
"Birmingham",2022,"Birmingham_410000_286750",410000,286750,6,3,1,2,4,0.25
"Birmingham",2025,"Birmingham_410000_286750",410000,286750,6,2,0,4,2,0
"Birmingham",2016,"Birmingham_410750_286750",410750,286750,4,3,0,1,3,0
"Birmingham",2019,"Birmingham_410750_286750",410750,286750,3,3,0,0,3,0
"Birmingham",2022,"Birmingham_410750_286750",410750,286750,3,3,0,0,3,0
"Birmingham",2025,"Birmingham_410750_286750",410750,286750,2,2,0,0,2,0
"Birmingham",2016,"Birmingham_411000_286750",411000,286750,1,0,0,1,0,NA
"Birmingham",2019,"Birmingham_411000_286750",411000,286750,1,1,0,0,1,0
"Birmingham",2022,"Birmingham_411000_286750",411000,286750,1,1,0,0,1,0
"Birmingham",2025,"Birmingham_411000_286750",411000,286750,1,1,0,0,1,0
"Birmingham",2016,"Birmingham_411250_286750",411250,286750,26,17,1,8,18,0.0555555555555556
"Birmingham",2019,"Birmingham_411250_286750",411250,286750,24,22,1,1,23,0.0434782608695652
"Birmingham",2022,"Birmingham_411250_286750",411250,286750,25,23,1,1,24,0.0416666666666667
"Birmingham",2025,"Birmingham_411250_286750",411250,286750,24,14,1,9,15,0.0666666666666667
"Birmingham",2016,"Birmingham_411750_286750",411750,286750,11,8,0,3,8,0
"Birmingham",2019,"Birmingham_411750_286750",411750,286750,11,9,0,2,9,0
"Birmingham",2022,"Birmingham_411750_286750",411750,286750,11,8,0,3,8,0
"Birmingham",2025,"Birmingham_411750_286750",411750,286750,9,6,0,3,6,0
"Birmingham",2016,"Birmingham_412000_286750",412000,286750,5,3,0,2,3,0
"Birmingham",2019,"Birmingham_412000_286750",412000,286750,5,4,1,0,5,0.2
"Birmingham",2022,"Birmingham_412000_286750",412000,286750,5,4,0,1,4,0
"Birmingham",2025,"Birmingham_412000_286750",412000,286750,5,4,0,1,4,0
"Birmingham",2016,"Birmingham_412500_286750",412500,286750,2,0,1,1,1,1
"Birmingham",2019,"Birmingham_412500_286750",412500,286750,6,6,0,0,6,0
"Birmingham",2022,"Birmingham_412500_286750",412500,286750,6,6,0,0,6,0
"Birmingham",2025,"Birmingham_412500_286750",412500,286750,6,2,0,4,2,0
"Birmingham",2016,"Birmingham_412750_286750",412750,286750,11,8,2,1,10,0.2
"Birmingham",2019,"Birmingham_412750_286750",412750,286750,10,8,1,1,9,0.111111111111111
"Birmingham",2022,"Birmingham_412750_286750",412750,286750,10,7,1,2,8,0.125
"Birmingham",2025,"Birmingham_412750_286750",412750,286750,10,4,0,6,4,0
"Birmingham",2016,"Birmingham_413500_286750",413500,286750,1,1,0,0,1,0
"Birmingham",2019,"Birmingham_413500_286750",413500,286750,1,1,0,0,1,0
"Birmingham",2022,"Birmingham_413500_286750",413500,286750,1,1,0,0,1,0
"Birmingham",2025,"Birmingham_413500_286750",413500,286750,1,1,0,0,1,0
"Birmingham",2016,"Birmingham_415000_286750",415000,286750,2,1,0,1,1,0
"Birmingham",2019,"Birmingham_415000_286750",415000,286750,1,1,0,0,1,0
"Birmingham",2022,"Birmingham_415000_286750",415000,286750,1,1,0,0,1,0
"Birmingham",2025,"Birmingham_415000_286750",415000,286750,1,0,0,1,0,NA
"Birmingham",2016,"Birmingham_415250_286750",415250,286750,2,1,1,0,2,0.5
"Birmingham",2019,"Birmingham_415250_286750",415250,286750,2,2,0,0,2,0
"Birmingham",2022,"Birmingham_415250_286750",415250,286750,2,2,0,0,2,0
"Birmingham",2025,"Birmingham_415250_286750",415250,286750,1,1,0,0,1,0
"Birmingham",2016,"Birmingham_415500_286750",415500,286750,4,1,1,2,2,0.5
"Birmingham",2019,"Birmingham_415500_286750",415500,286750,3,2,1,0,3,0.333333333333333
"Birmingham",2022,"Birmingham_415500_286750",415500,286750,3,2,1,0,3,0.333333333333333
"Birmingham",2025,"Birmingham_415500_286750",415500,286750,3,1,2,0,3,0.666666666666667
"Birmingham",2016,"Birmingham_415750_286750",415750,286750,1,0,0,1,0,NA
"Birmingham",2019,"Birmingham_415750_286750",415750,286750,1,1,0,0,1,0
"Birmingham",2022,"Birmingham_415750_286750",415750,286750,1,1,0,0,1,0
"Birmingham",2025,"Birmingham_415750_286750",415750,286750,1,1,0,0,1,0
"Birmingham",2016,"Birmingham_416250_286750",416250,286750,11,9,0,2,9,0
"Birmingham",2019,"Birmingham_416250_286750",416250,286750,9,9,0,0,9,0
"Birmingham",2022,"Birmingham_416250_286750",416250,286750,9,8,0,1,8,0
"Birmingham",2025,"Birmingham_416250_286750",416250,286750,10,4,0,6,4,0
"Birmingham",2016,"Birmingham_402500_287000",402500,287000,1,1,0,0,1,0
"Birmingham",2019,"Birmingham_402500_287000",402500,287000,1,0,0,1,0,NA
"Birmingham",2022,"Birmingham_402500_287000",402500,287000,1,0,0,1,0,NA
"Birmingham",2025,"Birmingham_402500_287000",402500,287000,1,0,0,1,0,NA
"Birmingham",2016,"Birmingham_402750_287000",402750,287000,2,2,0,0,2,0
"Birmingham",2019,"Birmingham_402750_287000",402750,287000,2,2,0,0,2,0
"Birmingham",2022,"Birmingham_402750_287000",402750,287000,2,1,0,1,1,0
"Birmingham",2025,"Birmingham_402750_287000",402750,287000,2,1,0,1,1,0
"Birmingham",2016,"Birmingham_404500_287000",404500,287000,5,2,2,1,4,0.5
"Birmingham",2019,"Birmingham_404500_287000",404500,287000,4,2,2,0,4,0.5
"Birmingham",2022,"Birmingham_404500_287000",404500,287000,4,3,1,0,4,0.25
"Birmingham",2025,"Birmingham_404500_287000",404500,287000,3,3,0,0,3,0
"Birmingham",2016,"Birmingham_404750_287000",404750,287000,15,2,0,13,2,0
"Birmingham",2019,"Birmingham_404750_287000",404750,287000,5,4,0,1,4,0
"Birmingham",2022,"Birmingham_404750_287000",404750,287000,5,4,0,1,4,0
"Birmingham",2025,"Birmingham_404750_287000",404750,287000,5,2,0,3,2,0
"Birmingham",2016,"Birmingham_405000_287000",405000,287000,2,1,0,1,1,0
"Birmingham",2019,"Birmingham_405000_287000",405000,287000,1,1,0,0,1,0
"Birmingham",2022,"Birmingham_405000_287000",405000,287000,1,1,0,0,1,0
"Birmingham",2025,"Birmingham_405000_287000",405000,287000,1,0,0,1,0,NA
"Birmingham",2016,"Birmingham_405250_287000",405250,287000,1,0,0,1,0,NA
"Birmingham",2019,"Birmingham_405250_287000",405250,287000,1,1,0,0,1,0
"Birmingham",2022,"Birmingham_405250_287000",405250,287000,1,1,0,0,1,0
"Birmingham",2025,"Birmingham_405250_287000",405250,287000,1,1,0,0,1,0
"Birmingham",2016,"Birmingham_405750_287000",405750,287000,3,2,0,1,2,0
"Birmingham",2019,"Birmingham_405750_287000",405750,287000,3,3,0,0,3,0
"Birmingham",2022,"Birmingham_405750_287000",405750,287000,3,2,1,0,3,0.333333333333333
"Birmingham",2025,"Birmingham_405750_287000",405750,287000,4,2,0,2,2,0
"Birmingham",2016,"Birmingham_406000_287000",406000,287000,8,6,1,1,7,0.142857142857143
"Birmingham",2019,"Birmingham_406000_287000",406000,287000,8,4,3,1,7,0.428571428571429
"Birmingham",2022,"Birmingham_406000_287000",406000,287000,9,4,3,2,7,0.428571428571429
"Birmingham",2025,"Birmingham_406000_287000",406000,287000,8,2,0,6,2,0
"Birmingham",2016,"Birmingham_406250_287000",406250,287000,10,7,0,3,7,0
"Birmingham",2019,"Birmingham_406250_287000",406250,287000,9,8,0,1,8,0
"Birmingham",2022,"Birmingham_406250_287000",406250,287000,12,6,2,4,8,0.25
"Birmingham",2025,"Birmingham_406250_287000",406250,287000,10,2,0,8,2,0
"Birmingham",2016,"Birmingham_406500_287000",406500,287000,67,30,9,28,39,0.230769230769231
"Birmingham",2019,"Birmingham_406500_287000",406500,287000,65,51,3,11,54,0.0555555555555556
"Birmingham",2022,"Birmingham_406500_287000",406500,287000,64,53,5,6,58,0.0862068965517241
"Birmingham",2025,"Birmingham_406500_287000",406500,287000,50,19,3,28,22,0.136363636363636
"Birmingham",2016,"Birmingham_406750_287000",406750,287000,50,17,7,26,24,0.291666666666667
"Birmingham",2019,"Birmingham_406750_287000",406750,287000,46,40,2,4,42,0.0476190476190476
"Birmingham",2022,"Birmingham_406750_287000",406750,287000,46,39,2,5,41,0.0487804878048781
"Birmingham",2025,"Birmingham_406750_287000",406750,287000,44,14,0,30,14,0
"Birmingham",2016,"Birmingham_407000_287000",407000,287000,121,56,7,58,63,0.111111111111111
"Birmingham",2019,"Birmingham_407000_287000",407000,287000,107,92,11,4,103,0.106796116504854
"Birmingham",2022,"Birmingham_407000_287000",407000,287000,114,80,23,11,103,0.223300970873786
"Birmingham",2025,"Birmingham_407000_287000",407000,287000,102,31,0,71,31,0
"Birmingham",2016,"Birmingham_407250_287000",407250,287000,96,33,6,57,39,0.153846153846154
"Birmingham",2019,"Birmingham_407250_287000",407250,287000,85,45,8,32,53,0.150943396226415
"Birmingham",2022,"Birmingham_407250_287000",407250,287000,88,61,16,11,77,0.207792207792208
"Birmingham",2025,"Birmingham_407250_287000",407250,287000,84,17,0,67,17,0
"Birmingham",2016,"Birmingham_407500_287000",407500,287000,10,5,0,5,5,0
"Birmingham",2019,"Birmingham_407500_287000",407500,287000,9,5,0,4,5,0
"Birmingham",2022,"Birmingham_407500_287000",407500,287000,12,7,1,4,8,0.125
"Birmingham",2025,"Birmingham_407500_287000",407500,287000,15,1,0,14,1,0
"Birmingham",2016,"Birmingham_407750_287000",407750,287000,2,1,0,1,1,0
"Birmingham",2019,"Birmingham_407750_287000",407750,287000,2,2,0,0,2,0
"Birmingham",2022,"Birmingham_407750_287000",407750,287000,2,2,0,0,2,0
"Birmingham",2025,"Birmingham_407750_287000",407750,287000,2,0,0,2,0,NA
"Birmingham",2016,"Birmingham_409000_287000",409000,287000,2,2,0,0,2,0
"Birmingham",2019,"Birmingham_409000_287000",409000,287000,2,2,0,0,2,0
"Birmingham",2022,"Birmingham_409000_287000",409000,287000,2,2,0,0,2,0
"Birmingham",2025,"Birmingham_409000_287000",409000,287000,2,2,0,0,2,0
"Birmingham",2016,"Birmingham_409750_287000",409750,287000,1,1,0,0,1,0
"Birmingham",2019,"Birmingham_409750_287000",409750,287000,1,1,0,0,1,0
"Birmingham",2022,"Birmingham_409750_287000",409750,287000,1,1,0,0,1,0
"Birmingham",2025,"Birmingham_409750_287000",409750,287000,1,0,0,1,0,NA
"Birmingham",2019,"Birmingham_410000_287000",410000,287000,1,1,0,0,1,0
"Birmingham",2022,"Birmingham_410000_287000",410000,287000,1,1,0,0,1,0
"Birmingham",2025,"Birmingham_410000_287000",410000,287000,1,1,0,0,1,0
"Birmingham",2016,"Birmingham_410250_287000",410250,287000,2,2,0,0,2,0
"Birmingham",2019,"Birmingham_410250_287000",410250,287000,3,3,0,0,3,0
"Birmingham",2022,"Birmingham_410250_287000",410250,287000,6,6,0,0,6,0
"Birmingham",2025,"Birmingham_410250_287000",410250,287000,4,3,0,1,3,0
"Birmingham",2016,"Birmingham_410500_287000",410500,287000,1,1,0,0,1,0
"Birmingham",2019,"Birmingham_410500_287000",410500,287000,1,0,0,1,0,NA
"Birmingham",2022,"Birmingham_410500_287000",410500,287000,1,1,0,0,1,0
"Birmingham",2025,"Birmingham_410500_287000",410500,287000,1,1,0,0,1,0
"Birmingham",2016,"Birmingham_413000_287000",413000,287000,12,9,0,3,9,0
"Birmingham",2019,"Birmingham_413000_287000",413000,287000,14,13,0,1,13,0
"Birmingham",2022,"Birmingham_413000_287000",413000,287000,15,11,0,4,11,0
"Birmingham",2025,"Birmingham_413000_287000",413000,287000,14,8,0,6,8,0
"Birmingham",2016,"Birmingham_413250_287000",413250,287000,1,0,0,1,0,NA
"Birmingham",2022,"Birmingham_414000_287000",414000,287000,1,0,0,1,0,NA
"Birmingham",2025,"Birmingham_414000_287000",414000,287000,1,1,0,0,1,0
"Birmingham",2016,"Birmingham_414250_287000",414250,287000,3,3,0,0,3,0
"Birmingham",2019,"Birmingham_414250_287000",414250,287000,3,3,0,0,3,0
"Birmingham",2022,"Birmingham_414250_287000",414250,287000,3,2,0,1,2,0
"Birmingham",2025,"Birmingham_414250_287000",414250,287000,3,2,0,1,2,0
"Birmingham",2016,"Birmingham_415000_287000",415000,287000,12,10,0,2,10,0
"Birmingham",2019,"Birmingham_415000_287000",415000,287000,13,12,0,1,12,0
"Birmingham",2022,"Birmingham_415000_287000",415000,287000,12,10,0,2,10,0
"Birmingham",2025,"Birmingham_415000_287000",415000,287000,12,8,0,4,8,0
"Birmingham",2016,"Birmingham_415250_287000",415250,287000,1,1,0,0,1,0
"Birmingham",2019,"Birmingham_415250_287000",415250,287000,1,0,1,0,1,1
"Birmingham",2022,"Birmingham_415250_287000",415250,287000,1,0,1,0,1,1
"Birmingham",2025,"Birmingham_415250_287000",415250,287000,1,0,0,1,0,NA
"Birmingham",2016,"Birmingham_415500_287000",415500,287000,19,11,0,8,11,0
"Birmingham",2019,"Birmingham_415500_287000",415500,287000,17,15,0,2,15,0
"Birmingham",2022,"Birmingham_415500_287000",415500,287000,21,14,1,6,15,0.0666666666666667
"Birmingham",2025,"Birmingham_415500_287000",415500,287000,19,7,0,12,7,0
"Birmingham",2016,"Birmingham_416250_287000",416250,287000,1,0,0,1,0,NA
"Birmingham",2016,"Birmingham_403500_287250",403500,287250,2,0,0,2,0,NA
"Birmingham",2019,"Birmingham_403500_287250",403500,287250,2,1,1,0,2,0.5
"Birmingham",2022,"Birmingham_403500_287250",403500,287250,2,1,1,0,2,0.5
"Birmingham",2025,"Birmingham_403500_287250",403500,287250,2,1,0,1,1,0
"Birmingham",2016,"Birmingham_404250_287250",404250,287250,2,2,0,0,2,0
"Birmingham",2019,"Birmingham_404250_287250",404250,287250,3,3,0,0,3,0
"Birmingham",2022,"Birmingham_404250_287250",404250,287250,3,3,0,0,3,0
"Birmingham",2025,"Birmingham_404250_287250",404250,287250,3,2,0,1,2,0
"Birmingham",2016,"Birmingham_404500_287250",404500,287250,1,1,0,0,1,0
"Birmingham",2019,"Birmingham_404500_287250",404500,287250,1,1,0,0,1,0
"Birmingham",2022,"Birmingham_404500_287250",404500,287250,1,1,0,0,1,0
"Birmingham",2025,"Birmingham_404500_287250",404500,287250,1,1,0,0,1,0
"Birmingham",2016,"Birmingham_405000_287250",405000,287250,5,3,2,0,5,0.4
"Birmingham",2019,"Birmingham_405000_287250",405000,287250,5,4,1,0,5,0.2
"Birmingham",2022,"Birmingham_405000_287250",405000,287250,5,2,1,2,3,0.333333333333333
"Birmingham",2025,"Birmingham_405000_287250",405000,287250,4,0,0,4,0,NA
"Birmingham",2016,"Birmingham_405250_287250",405250,287250,16,6,1,9,7,0.142857142857143
"Birmingham",2019,"Birmingham_405250_287250",405250,287250,15,10,1,4,11,0.0909090909090909
"Birmingham",2022,"Birmingham_405250_287250",405250,287250,16,12,1,3,13,0.0769230769230769
"Birmingham",2025,"Birmingham_405250_287250",405250,287250,17,8,1,8,9,0.111111111111111
"Birmingham",2016,"Birmingham_405500_287250",405500,287250,2,0,0,2,0,NA
"Birmingham",2019,"Birmingham_405500_287250",405500,287250,2,2,0,0,2,0
"Birmingham",2022,"Birmingham_405500_287250",405500,287250,2,1,1,0,2,0.5
"Birmingham",2025,"Birmingham_405500_287250",405500,287250,3,0,0,3,0,NA
"Birmingham",2016,"Birmingham_405750_287250",405750,287250,20,2,10,8,12,0.833333333333333
"Birmingham",2019,"Birmingham_405750_287250",405750,287250,15,14,1,0,15,0.0666666666666667
"Birmingham",2022,"Birmingham_405750_287250",405750,287250,18,14,2,2,16,0.125
"Birmingham",2025,"Birmingham_405750_287250",405750,287250,7,2,0,5,2,0
"Birmingham",2016,"Birmingham_406000_287250",406000,287250,24,10,0,14,10,0
"Birmingham",2019,"Birmingham_406000_287250",406000,287250,19,12,1,6,13,0.0769230769230769
"Birmingham",2022,"Birmingham_406000_287250",406000,287250,25,13,1,11,14,0.0714285714285714
"Birmingham",2025,"Birmingham_406000_287250",406000,287250,15,2,0,13,2,0
"Birmingham",2016,"Birmingham_406250_287250",406250,287250,17,11,2,4,13,0.153846153846154
"Birmingham",2019,"Birmingham_406250_287250",406250,287250,17,12,4,1,16,0.25
"Birmingham",2022,"Birmingham_406250_287250",406250,287250,20,13,6,1,19,0.315789473684211
"Birmingham",2025,"Birmingham_406250_287250",406250,287250,17,3,0,14,3,0
"Birmingham",2016,"Birmingham_406500_287250",406500,287250,14,7,1,6,8,0.125
"Birmingham",2019,"Birmingham_406500_287250",406500,287250,11,10,1,0,11,0.0909090909090909
"Birmingham",2022,"Birmingham_406500_287250",406500,287250,12,9,1,2,10,0.1
"Birmingham",2025,"Birmingham_406500_287250",406500,287250,10,3,0,7,3,0
"Birmingham",2016,"Birmingham_406750_287250",406750,287250,9,5,0,4,5,0
"Birmingham",2019,"Birmingham_406750_287250",406750,287250,10,10,0,0,10,0
"Birmingham",2022,"Birmingham_406750_287250",406750,287250,11,9,0,2,9,0
"Birmingham",2025,"Birmingham_406750_287250",406750,287250,10,2,0,8,2,0
"Birmingham",2016,"Birmingham_407000_287250",407000,287250,14,6,0,8,6,0
"Birmingham",2019,"Birmingham_407000_287250",407000,287250,12,11,0,1,11,0
"Birmingham",2022,"Birmingham_407000_287250",407000,287250,12,9,1,2,10,0.1
"Birmingham",2025,"Birmingham_407000_287250",407000,287250,12,1,1,10,2,0.5
"Birmingham",2016,"Birmingham_407250_287250",407250,287250,42,26,7,9,33,0.212121212121212
"Birmingham",2019,"Birmingham_407250_287250",407250,287250,39,36,2,1,38,0.0526315789473684
"Birmingham",2022,"Birmingham_407250_287250",407250,287250,39,11,4,24,15,0.266666666666667
"Birmingham",2025,"Birmingham_407250_287250",407250,287250,35,2,0,33,2,0
"Birmingham",2016,"Birmingham_408000_287250",408000,287250,1,0,0,1,0,NA
"Birmingham",2019,"Birmingham_408000_287250",408000,287250,1,1,0,0,1,0
"Birmingham",2022,"Birmingham_408000_287250",408000,287250,2,1,0,1,1,0
"Birmingham",2025,"Birmingham_408000_287250",408000,287250,2,0,0,2,0,NA
"Birmingham",2016,"Birmingham_408250_287250",408250,287250,6,3,2,1,5,0.4
"Birmingham",2019,"Birmingham_408250_287250",408250,287250,6,6,0,0,6,0
"Birmingham",2022,"Birmingham_408250_287250",408250,287250,7,6,0,1,6,0
"Birmingham",2025,"Birmingham_408250_287250",408250,287250,7,4,0,3,4,0
"Birmingham",2016,"Birmingham_408500_287250",408500,287250,4,4,0,0,4,0
"Birmingham",2019,"Birmingham_408500_287250",408500,287250,4,2,1,1,3,0.333333333333333
"Birmingham",2022,"Birmingham_408500_287250",408500,287250,4,2,1,1,3,0.333333333333333
"Birmingham",2025,"Birmingham_408500_287250",408500,287250,4,1,1,2,2,0.5
"Birmingham",2016,"Birmingham_409250_287250",409250,287250,1,1,0,0,1,0
"Birmingham",2019,"Birmingham_409250_287250",409250,287250,2,1,0,1,1,0
"Birmingham",2022,"Birmingham_409250_287250",409250,287250,2,2,0,0,2,0
"Birmingham",2025,"Birmingham_409250_287250",409250,287250,2,1,0,1,1,0
"Birmingham",2016,"Birmingham_409500_287250",409500,287250,1,1,0,0,1,0
"Birmingham",2019,"Birmingham_409500_287250",409500,287250,1,1,0,0,1,0
"Birmingham",2022,"Birmingham_409500_287250",409500,287250,1,1,0,0,1,0
"Birmingham",2025,"Birmingham_409500_287250",409500,287250,1,1,0,0,1,0
"Birmingham",2016,"Birmingham_409750_287250",409750,287250,8,3,3,2,6,0.5
"Birmingham",2019,"Birmingham_409750_287250",409750,287250,6,5,1,0,6,0.166666666666667
"Birmingham",2022,"Birmingham_409750_287250",409750,287250,6,5,1,0,6,0.166666666666667
"Birmingham",2025,"Birmingham_409750_287250",409750,287250,6,4,0,2,4,0
"Birmingham",2016,"Birmingham_410000_287250",410000,287250,1,0,0,1,0,NA
"Birmingham",2019,"Birmingham_410000_287250",410000,287250,1,1,0,0,1,0
"Birmingham",2022,"Birmingham_410000_287250",410000,287250,1,1,0,0,1,0
"Birmingham",2025,"Birmingham_410000_287250",410000,287250,1,1,0,0,1,0
"Birmingham",2016,"Birmingham_410250_287250",410250,287250,11,5,0,6,5,0
"Birmingham",2019,"Birmingham_410250_287250",410250,287250,8,5,1,2,6,0.166666666666667
"Birmingham",2022,"Birmingham_410250_287250",410250,287250,9,3,1,5,4,0.25
"Birmingham",2025,"Birmingham_410250_287250",410250,287250,9,3,1,5,4,0.25
"Birmingham",2016,"Birmingham_410750_287250",410750,287250,2,1,1,0,2,0.5
"Birmingham",2019,"Birmingham_410750_287250",410750,287250,2,1,0,1,1,0
"Birmingham",2022,"Birmingham_410750_287250",410750,287250,2,1,0,1,1,0
"Birmingham",2025,"Birmingham_410750_287250",410750,287250,2,1,0,1,1,0
"Birmingham",2019,"Birmingham_411500_287250",411500,287250,1,1,0,0,1,0
"Birmingham",2022,"Birmingham_411500_287250",411500,287250,1,1,0,0,1,0
"Birmingham",2025,"Birmingham_411500_287250",411500,287250,1,1,0,0,1,0
"Birmingham",2016,"Birmingham_411750_287250",411750,287250,2,1,0,1,1,0
"Birmingham",2019,"Birmingham_411750_287250",411750,287250,4,3,0,1,3,0
"Birmingham",2022,"Birmingham_411750_287250",411750,287250,4,3,0,1,3,0
"Birmingham",2025,"Birmingham_411750_287250",411750,287250,3,1,0,2,1,0
"Birmingham",2016,"Birmingham_412750_287250",412750,287250,14,7,1,6,8,0.125
"Birmingham",2019,"Birmingham_412750_287250",412750,287250,12,9,1,2,10,0.1
"Birmingham",2022,"Birmingham_412750_287250",412750,287250,12,10,0,2,10,0
"Birmingham",2025,"Birmingham_412750_287250",412750,287250,12,7,0,5,7,0
"Birmingham",2016,"Birmingham_413000_287250",413000,287250,18,11,0,7,11,0
"Birmingham",2019,"Birmingham_413000_287250",413000,287250,17,12,0,5,12,0
"Birmingham",2022,"Birmingham_413000_287250",413000,287250,17,13,0,4,13,0
"Birmingham",2025,"Birmingham_413000_287250",413000,287250,14,7,0,7,7,0
"Birmingham",2016,"Birmingham_413750_287250",413750,287250,1,1,0,0,1,0
"Birmingham",2019,"Birmingham_413750_287250",413750,287250,1,0,1,0,1,1
"Birmingham",2022,"Birmingham_413750_287250",413750,287250,1,1,0,0,1,0
"Birmingham",2025,"Birmingham_413750_287250",413750,287250,1,0,0,1,0,NA
"Birmingham",2016,"Birmingham_414750_287250",414750,287250,5,1,1,3,2,0.5
"Birmingham",2019,"Birmingham_414750_287250",414750,287250,3,2,1,0,3,0.333333333333333
"Birmingham",2022,"Birmingham_414750_287250",414750,287250,3,2,1,0,3,0.333333333333333
"Birmingham",2025,"Birmingham_414750_287250",414750,287250,3,1,1,1,2,0.5
"Birmingham",2016,"Birmingham_415000_287250",415000,287250,25,23,0,2,23,0
"Birmingham",2019,"Birmingham_415000_287250",415000,287250,24,22,0,2,22,0
"Birmingham",2022,"Birmingham_415000_287250",415000,287250,24,19,0,5,19,0
"Birmingham",2025,"Birmingham_415000_287250",415000,287250,24,10,0,14,10,0
"Birmingham",2016,"Birmingham_416000_287250",416000,287250,1,0,0,1,0,NA
"Birmingham",2019,"Birmingham_416000_287250",416000,287250,1,1,0,0,1,0
"Birmingham",2022,"Birmingham_416000_287250",416000,287250,1,1,0,0,1,0
"Birmingham",2025,"Birmingham_416000_287250",416000,287250,1,1,0,0,1,0
"Birmingham",2016,"Birmingham_416250_287250",416250,287250,1,0,0,1,0,NA
"Birmingham",2019,"Birmingham_416250_287250",416250,287250,1,1,0,0,1,0
"Birmingham",2022,"Birmingham_416250_287250",416250,287250,1,1,0,0,1,0
"Birmingham",2025,"Birmingham_416250_287250",416250,287250,1,1,0,0,1,0
"Birmingham",2016,"Birmingham_403500_287500",403500,287500,17,7,0,10,7,0
"Birmingham",2019,"Birmingham_403500_287500",403500,287500,15,15,0,0,15,0
"Birmingham",2022,"Birmingham_403500_287500",403500,287500,17,16,0,1,16,0
"Birmingham",2025,"Birmingham_403500_287500",403500,287500,16,9,0,7,9,0
"Birmingham",2016,"Birmingham_403750_287500",403750,287500,69,46,0,23,46,0
"Birmingham",2019,"Birmingham_403750_287500",403750,287500,57,48,3,6,51,0.0588235294117647
"Birmingham",2022,"Birmingham_403750_287500",403750,287500,60,51,1,8,52,0.0192307692307692
"Birmingham",2025,"Birmingham_403750_287500",403750,287500,55,25,1,29,26,0.0384615384615385
"Birmingham",2016,"Birmingham_404000_287500",404000,287500,44,30,1,13,31,0.032258064516129
"Birmingham",2019,"Birmingham_404000_287500",404000,287500,41,40,1,0,41,0.024390243902439
"Birmingham",2022,"Birmingham_404000_287500",404000,287500,43,38,1,4,39,0.0256410256410256
"Birmingham",2025,"Birmingham_404000_287500",404000,287500,43,27,1,15,28,0.0357142857142857
"Birmingham",2016,"Birmingham_404250_287500",404250,287500,29,20,1,8,21,0.0476190476190476
"Birmingham",2019,"Birmingham_404250_287500",404250,287500,27,21,1,5,22,0.0454545454545455
"Birmingham",2022,"Birmingham_404250_287500",404250,287500,28,21,1,6,22,0.0454545454545455
"Birmingham",2025,"Birmingham_404250_287500",404250,287500,28,14,0,14,14,0
"Birmingham",2016,"Birmingham_404500_287500",404500,287500,2,1,0,1,1,0
"Birmingham",2019,"Birmingham_404500_287500",404500,287500,2,2,0,0,2,0
"Birmingham",2022,"Birmingham_404500_287500",404500,287500,2,2,0,0,2,0
"Birmingham",2025,"Birmingham_404500_287500",404500,287500,2,1,0,1,1,0
"Birmingham",2016,"Birmingham_404750_287500",404750,287500,2,1,1,0,2,0.5
"Birmingham",2019,"Birmingham_404750_287500",404750,287500,2,1,1,0,2,0.5
"Birmingham",2022,"Birmingham_404750_287500",404750,287500,2,0,1,1,1,1
"Birmingham",2025,"Birmingham_404750_287500",404750,287500,1,0,0,1,0,NA
"Birmingham",2016,"Birmingham_405000_287500",405000,287500,5,4,0,1,4,0
"Birmingham",2019,"Birmingham_405000_287500",405000,287500,4,3,0,1,3,0
"Birmingham",2022,"Birmingham_405000_287500",405000,287500,4,3,0,1,3,0
"Birmingham",2025,"Birmingham_405000_287500",405000,287500,5,1,2,2,3,0.666666666666667
"Birmingham",2016,"Birmingham_405250_287500",405250,287500,19,9,0,10,9,0
"Birmingham",2019,"Birmingham_405250_287500",405250,287500,14,8,2,4,10,0.2
"Birmingham",2022,"Birmingham_405250_287500",405250,287500,13,6,0,7,6,0
"Birmingham",2025,"Birmingham_405250_287500",405250,287500,6,2,0,4,2,0
"Birmingham",2016,"Birmingham_405500_287500",405500,287500,1,1,0,0,1,0
"Birmingham",2019,"Birmingham_405500_287500",405500,287500,1,0,0,1,0,NA
"Birmingham",2022,"Birmingham_405500_287500",405500,287500,2,1,0,1,1,0
"Birmingham",2025,"Birmingham_405500_287500",405500,287500,2,0,0,2,0,NA
"Birmingham",2016,"Birmingham_405750_287500",405750,287500,15,7,2,6,9,0.222222222222222
"Birmingham",2019,"Birmingham_405750_287500",405750,287500,13,12,1,0,13,0.0769230769230769
"Birmingham",2022,"Birmingham_405750_287500",405750,287500,20,12,5,3,17,0.294117647058824
"Birmingham",2025,"Birmingham_405750_287500",405750,287500,24,5,1,18,6,0.166666666666667
"Birmingham",2016,"Birmingham_406000_287500",406000,287500,108,53,5,50,58,0.0862068965517241
"Birmingham",2019,"Birmingham_406000_287500",406000,287500,85,76,5,4,81,0.0617283950617284
"Birmingham",2022,"Birmingham_406000_287500",406000,287500,85,76,5,4,81,0.0617283950617284
"Birmingham",2025,"Birmingham_406000_287500",406000,287500,81,37,1,43,38,0.0263157894736842
"Birmingham",2016,"Birmingham_406250_287500",406250,287500,27,15,0,12,15,0
"Birmingham",2019,"Birmingham_406250_287500",406250,287500,25,21,1,3,22,0.0454545454545455
"Birmingham",2022,"Birmingham_406250_287500",406250,287500,30,23,3,4,26,0.115384615384615
"Birmingham",2025,"Birmingham_406250_287500",406250,287500,33,11,0,22,11,0
"Birmingham",2016,"Birmingham_406500_287500",406500,287500,25,14,3,8,17,0.176470588235294
"Birmingham",2019,"Birmingham_406500_287500",406500,287500,24,17,3,4,20,0.15
"Birmingham",2022,"Birmingham_406500_287500",406500,287500,26,18,3,5,21,0.142857142857143
"Birmingham",2025,"Birmingham_406500_287500",406500,287500,22,6,0,16,6,0
"Birmingham",2016,"Birmingham_406750_287500",406750,287500,11,5,1,5,6,0.166666666666667
"Birmingham",2019,"Birmingham_406750_287500",406750,287500,14,13,1,0,14,0.0714285714285714
"Birmingham",2022,"Birmingham_406750_287500",406750,287500,18,17,0,1,17,0
"Birmingham",2025,"Birmingham_406750_287500",406750,287500,17,11,0,6,11,0
"Birmingham",2016,"Birmingham_407000_287500",407000,287500,6,3,0,3,3,0
"Birmingham",2019,"Birmingham_407000_287500",407000,287500,7,6,0,1,6,0
"Birmingham",2022,"Birmingham_407000_287500",407000,287500,7,6,0,1,6,0
"Birmingham",2025,"Birmingham_407000_287500",407000,287500,7,0,0,7,0,NA
"Birmingham",2016,"Birmingham_407250_287500",407250,287500,4,1,0,3,1,0
"Birmingham",2019,"Birmingham_407250_287500",407250,287500,3,1,0,2,1,0
"Birmingham",2022,"Birmingham_407250_287500",407250,287500,3,0,1,2,1,1
"Birmingham",2025,"Birmingham_407250_287500",407250,287500,1,0,0,1,0,NA
"Birmingham",2016,"Birmingham_407500_287500",407500,287500,15,2,2,11,4,0.5
"Birmingham",2019,"Birmingham_407500_287500",407500,287500,9,8,1,0,9,0.111111111111111
"Birmingham",2022,"Birmingham_407500_287500",407500,287500,9,7,2,0,9,0.222222222222222
"Birmingham",2025,"Birmingham_407500_287500",407500,287500,8,4,0,4,4,0
"Birmingham",2016,"Birmingham_407750_287500",407750,287500,2,0,1,1,1,1
"Birmingham",2019,"Birmingham_407750_287500",407750,287500,1,0,1,0,1,1
"Birmingham",2022,"Birmingham_407750_287500",407750,287500,1,0,1,0,1,1
"Birmingham",2025,"Birmingham_407750_287500",407750,287500,1,0,0,1,0,NA
"Birmingham",2016,"Birmingham_408000_287500",408000,287500,3,0,0,3,0,NA
"Birmingham",2019,"Birmingham_408000_287500",408000,287500,2,0,0,2,0,NA
"Birmingham",2022,"Birmingham_408000_287500",408000,287500,2,0,0,2,0,NA
"Birmingham",2016,"Birmingham_408500_287500",408500,287500,22,14,2,6,16,0.125
"Birmingham",2019,"Birmingham_408500_287500",408500,287500,21,17,2,2,19,0.105263157894737
"Birmingham",2022,"Birmingham_408500_287500",408500,287500,21,17,1,3,18,0.0555555555555556
"Birmingham",2025,"Birmingham_408500_287500",408500,287500,20,14,0,6,14,0
"Birmingham",2016,"Birmingham_408750_287500",408750,287500,1,1,0,0,1,0
"Birmingham",2019,"Birmingham_408750_287500",408750,287500,1,1,0,0,1,0
"Birmingham",2022,"Birmingham_408750_287500",408750,287500,1,1,0,0,1,0
"Birmingham",2025,"Birmingham_408750_287500",408750,287500,1,1,0,0,1,0
"Birmingham",2016,"Birmingham_409250_287500",409250,287500,19,10,0,9,10,0
"Birmingham",2019,"Birmingham_409250_287500",409250,287500,11,11,0,0,11,0
"Birmingham",2022,"Birmingham_409250_287500",409250,287500,11,6,0,5,6,0
"Birmingham",2025,"Birmingham_409250_287500",409250,287500,10,3,0,7,3,0
"Birmingham",2016,"Birmingham_409750_287500",409750,287500,3,2,0,1,2,0
"Birmingham",2019,"Birmingham_409750_287500",409750,287500,2,2,0,0,2,0
"Birmingham",2022,"Birmingham_409750_287500",409750,287500,2,2,0,0,2,0
"Birmingham",2025,"Birmingham_409750_287500",409750,287500,2,2,0,0,2,0
"Birmingham",2016,"Birmingham_410000_287500",410000,287500,3,0,0,3,0,NA
"Birmingham",2019,"Birmingham_410000_287500",410000,287500,4,4,0,0,4,0
"Birmingham",2022,"Birmingham_410000_287500",410000,287500,4,3,0,1,3,0
"Birmingham",2025,"Birmingham_410000_287500",410000,287500,4,3,0,1,3,0
"Birmingham",2016,"Birmingham_410250_287500",410250,287500,4,3,0,1,3,0
"Birmingham",2019,"Birmingham_410250_287500",410250,287500,4,4,0,0,4,0
"Birmingham",2022,"Birmingham_410250_287500",410250,287500,4,4,0,0,4,0
"Birmingham",2025,"Birmingham_410250_287500",410250,287500,4,4,0,0,4,0
"Birmingham",2016,"Birmingham_410500_287500",410500,287500,2,1,1,0,2,0.5
"Birmingham",2019,"Birmingham_410500_287500",410500,287500,2,2,0,0,2,0
"Birmingham",2022,"Birmingham_410500_287500",410500,287500,2,2,0,0,2,0
"Birmingham",2025,"Birmingham_410500_287500",410500,287500,2,2,0,0,2,0
"Birmingham",2016,"Birmingham_410750_287500",410750,287500,1,1,0,0,1,0
"Birmingham",2019,"Birmingham_410750_287500",410750,287500,1,1,0,0,1,0
"Birmingham",2022,"Birmingham_410750_287500",410750,287500,1,1,0,0,1,0
"Birmingham",2025,"Birmingham_410750_287500",410750,287500,1,1,0,0,1,0
"Birmingham",2016,"Birmingham_411000_287500",411000,287500,10,6,1,3,7,0.142857142857143
"Birmingham",2019,"Birmingham_411000_287500",411000,287500,10,9,0,1,9,0
"Birmingham",2022,"Birmingham_411000_287500",411000,287500,10,7,0,3,7,0
"Birmingham",2025,"Birmingham_411000_287500",411000,287500,8,2,0,6,2,0
"Birmingham",2016,"Birmingham_411250_287500",411250,287500,24,17,0,7,17,0
"Birmingham",2019,"Birmingham_411250_287500",411250,287500,22,19,0,3,19,0
"Birmingham",2022,"Birmingham_411250_287500",411250,287500,22,18,0,4,18,0
"Birmingham",2025,"Birmingham_411250_287500",411250,287500,22,12,0,10,12,0
"Birmingham",2016,"Birmingham_411500_287500",411500,287500,9,6,0,3,6,0
"Birmingham",2019,"Birmingham_411500_287500",411500,287500,8,8,0,0,8,0
"Birmingham",2022,"Birmingham_411500_287500",411500,287500,7,7,0,0,7,0
"Birmingham",2025,"Birmingham_411500_287500",411500,287500,6,4,0,2,4,0
"Birmingham",2016,"Birmingham_411750_287500",411750,287500,2,0,0,2,0,NA
"Birmingham",2019,"Birmingham_411750_287500",411750,287500,2,1,0,1,1,0
"Birmingham",2022,"Birmingham_411750_287500",411750,287500,2,1,0,1,1,0
"Birmingham",2025,"Birmingham_411750_287500",411750,287500,2,1,0,1,1,0
"Birmingham",2016,"Birmingham_412000_287500",412000,287500,4,2,0,2,2,0
"Birmingham",2019,"Birmingham_412000_287500",412000,287500,4,3,0,1,3,0
"Birmingham",2022,"Birmingham_412000_287500",412000,287500,4,3,0,1,3,0
"Birmingham",2025,"Birmingham_412000_287500",412000,287500,3,1,0,2,1,0
"Birmingham",2016,"Birmingham_412500_287500",412500,287500,1,1,0,0,1,0
"Birmingham",2019,"Birmingham_412500_287500",412500,287500,1,1,0,0,1,0
"Birmingham",2022,"Birmingham_412500_287500",412500,287500,1,1,0,0,1,0
"Birmingham",2025,"Birmingham_412500_287500",412500,287500,1,0,0,1,0,NA
"Birmingham",2016,"Birmingham_413000_287500",413000,287500,21,8,1,12,9,0.111111111111111
"Birmingham",2019,"Birmingham_413000_287500",413000,287500,21,19,2,0,21,0.0952380952380952
"Birmingham",2022,"Birmingham_413000_287500",413000,287500,21,18,1,2,19,0.0526315789473684
"Birmingham",2025,"Birmingham_413000_287500",413000,287500,19,12,1,6,13,0.0769230769230769
"Birmingham",2016,"Birmingham_413250_287500",413250,287500,2,1,0,1,1,0
"Birmingham",2019,"Birmingham_413250_287500",413250,287500,2,2,0,0,2,0
"Birmingham",2022,"Birmingham_413250_287500",413250,287500,2,2,0,0,2,0
"Birmingham",2025,"Birmingham_413250_287500",413250,287500,2,2,0,0,2,0
"Birmingham",2016,"Birmingham_414000_287500",414000,287500,19,9,2,8,11,0.181818181818182
"Birmingham",2019,"Birmingham_414000_287500",414000,287500,17,13,2,2,15,0.133333333333333
"Birmingham",2022,"Birmingham_414000_287500",414000,287500,17,9,1,7,10,0.1
"Birmingham",2025,"Birmingham_414000_287500",414000,287500,17,8,1,8,9,0.111111111111111
"Birmingham",2016,"Birmingham_414250_287500",414250,287500,2,2,0,0,2,0
"Birmingham",2019,"Birmingham_414250_287500",414250,287500,2,1,0,1,1,0
"Birmingham",2022,"Birmingham_414250_287500",414250,287500,2,2,0,0,2,0
"Birmingham",2025,"Birmingham_414250_287500",414250,287500,2,0,0,2,0,NA
"Birmingham",2016,"Birmingham_404250_287750",404250,287750,1,1,0,0,1,0
"Birmingham",2019,"Birmingham_404250_287750",404250,287750,1,1,0,0,1,0
"Birmingham",2022,"Birmingham_404250_287750",404250,287750,1,1,0,0,1,0
"Birmingham",2025,"Birmingham_404250_287750",404250,287750,1,0,0,1,0,NA
"Birmingham",2016,"Birmingham_405000_287750",405000,287750,7,3,0,4,3,0
"Birmingham",2019,"Birmingham_405000_287750",405000,287750,5,5,0,0,5,0
"Birmingham",2022,"Birmingham_405000_287750",405000,287750,5,5,0,0,5,0
"Birmingham",2025,"Birmingham_405000_287750",405000,287750,4,3,0,1,3,0
"Birmingham",2016,"Birmingham_405250_287750",405250,287750,1,1,0,0,1,0
"Birmingham",2019,"Birmingham_405250_287750",405250,287750,1,1,0,0,1,0
"Birmingham",2016,"Birmingham_405750_287750",405750,287750,6,1,1,4,2,0.5
"Birmingham",2019,"Birmingham_405750_287750",405750,287750,4,4,0,0,4,0
"Birmingham",2022,"Birmingham_405750_287750",405750,287750,4,4,0,0,4,0
"Birmingham",2025,"Birmingham_405750_287750",405750,287750,4,4,0,0,4,0
"Birmingham",2016,"Birmingham_406000_287750",406000,287750,79,48,10,21,58,0.172413793103448
"Birmingham",2019,"Birmingham_406000_287750",406000,287750,71,66,1,4,67,0.0149253731343284
"Birmingham",2022,"Birmingham_406000_287750",406000,287750,91,68,1,22,69,0.0144927536231884
"Birmingham",2025,"Birmingham_406000_287750",406000,287750,75,37,0,38,37,0
"Birmingham",2016,"Birmingham_406250_287750",406250,287750,47,19,8,20,27,0.296296296296296
"Birmingham",2019,"Birmingham_406250_287750",406250,287750,40,30,3,7,33,0.0909090909090909
"Birmingham",2022,"Birmingham_406250_287750",406250,287750,44,32,5,7,37,0.135135135135135
"Birmingham",2025,"Birmingham_406250_287750",406250,287750,41,11,1,29,12,0.0833333333333333
"Birmingham",2016,"Birmingham_406500_287750",406500,287750,2,0,0,2,0,NA
"Birmingham",2019,"Birmingham_406500_287750",406500,287750,5,4,0,1,4,0
"Birmingham",2022,"Birmingham_406500_287750",406500,287750,7,6,0,1,6,0
"Birmingham",2025,"Birmingham_406500_287750",406500,287750,18,2,0,16,2,0
"Birmingham",2016,"Birmingham_406750_287750",406750,287750,10,4,0,6,4,0
"Birmingham",2019,"Birmingham_406750_287750",406750,287750,9,8,0,1,8,0
"Birmingham",2022,"Birmingham_406750_287750",406750,287750,11,8,2,1,10,0.2
"Birmingham",2025,"Birmingham_406750_287750",406750,287750,10,5,0,5,5,0
"Birmingham",2016,"Birmingham_407000_287750",407000,287750,7,4,0,3,4,0
"Birmingham",2019,"Birmingham_407000_287750",407000,287750,7,7,0,0,7,0
"Birmingham",2022,"Birmingham_407000_287750",407000,287750,9,9,0,0,9,0
"Birmingham",2025,"Birmingham_407000_287750",407000,287750,9,3,0,6,3,0
"Birmingham",2016,"Birmingham_407250_287750",407250,287750,2,0,2,0,2,1
"Birmingham",2019,"Birmingham_407250_287750",407250,287750,2,1,1,0,2,0.5
"Birmingham",2022,"Birmingham_407250_287750",407250,287750,5,3,1,1,4,0.25
"Birmingham",2025,"Birmingham_407250_287750",407250,287750,4,2,0,2,2,0
"Birmingham",2016,"Birmingham_407500_287750",407500,287750,1,0,0,1,0,NA
"Birmingham",2019,"Birmingham_407500_287750",407500,287750,2,1,1,0,2,0.5
"Birmingham",2022,"Birmingham_407500_287750",407500,287750,2,1,1,0,2,0.5
"Birmingham",2025,"Birmingham_407500_287750",407500,287750,2,1,0,1,1,0
"Birmingham",2016,"Birmingham_407750_287750",407750,287750,1,0,0,1,0,NA
"Birmingham",2019,"Birmingham_407750_287750",407750,287750,1,0,1,0,1,1
"Birmingham",2022,"Birmingham_407750_287750",407750,287750,1,0,1,0,1,1
"Birmingham",2025,"Birmingham_407750_287750",407750,287750,1,0,0,1,0,NA
"Birmingham",2016,"Birmingham_408000_287750",408000,287750,3,2,0,1,2,0
"Birmingham",2019,"Birmingham_408000_287750",408000,287750,2,2,0,0,2,0
"Birmingham",2022,"Birmingham_408000_287750",408000,287750,2,1,1,0,2,0.5
"Birmingham",2025,"Birmingham_408000_287750",408000,287750,2,0,0,2,0,NA
"Birmingham",2016,"Birmingham_408500_287750",408500,287750,1,0,0,1,0,NA
"Birmingham",2016,"Birmingham_408750_287750",408750,287750,6,4,0,2,4,0
"Birmingham",2019,"Birmingham_408750_287750",408750,287750,6,6,0,0,6,0
"Birmingham",2022,"Birmingham_408750_287750",408750,287750,6,6,0,0,6,0
"Birmingham",2025,"Birmingham_408750_287750",408750,287750,6,6,0,0,6,0
"Birmingham",2016,"Birmingham_409250_287750",409250,287750,1,0,0,1,0,NA
"Birmingham",2016,"Birmingham_409500_287750",409500,287750,5,3,0,2,3,0
"Birmingham",2019,"Birmingham_409500_287750",409500,287750,4,3,0,1,3,0
"Birmingham",2022,"Birmingham_409500_287750",409500,287750,4,4,0,0,4,0
"Birmingham",2025,"Birmingham_409500_287750",409500,287750,4,4,0,0,4,0
"Birmingham",2022,"Birmingham_409750_287750",409750,287750,2,2,0,0,2,0
"Birmingham",2025,"Birmingham_409750_287750",409750,287750,2,0,0,2,0,NA
"Birmingham",2016,"Birmingham_410000_287750",410000,287750,77,49,1,27,50,0.02
"Birmingham",2019,"Birmingham_410000_287750",410000,287750,76,68,3,5,71,0.0422535211267606
"Birmingham",2022,"Birmingham_410000_287750",410000,287750,114,91,2,21,93,0.021505376344086
"Birmingham",2025,"Birmingham_410000_287750",410000,287750,99,51,0,48,51,0
"Birmingham",2016,"Birmingham_410250_287750",410250,287750,63,42,0,21,42,0
"Birmingham",2019,"Birmingham_410250_287750",410250,287750,83,75,4,4,79,0.0506329113924051
"Birmingham",2022,"Birmingham_410250_287750",410250,287750,101,75,8,18,83,0.0963855421686747
"Birmingham",2025,"Birmingham_410250_287750",410250,287750,91,47,1,43,48,0.0208333333333333
"Birmingham",2016,"Birmingham_410500_287750",410500,287750,17,12,1,4,13,0.0769230769230769
"Birmingham",2019,"Birmingham_410500_287750",410500,287750,20,19,0,1,19,0
"Birmingham",2022,"Birmingham_410500_287750",410500,287750,20,18,0,2,18,0
"Birmingham",2025,"Birmingham_410500_287750",410500,287750,19,14,0,5,14,0
"Birmingham",2016,"Birmingham_410750_287750",410750,287750,31,17,0,14,17,0
"Birmingham",2019,"Birmingham_410750_287750",410750,287750,28,24,0,4,24,0
"Birmingham",2022,"Birmingham_410750_287750",410750,287750,35,28,0,7,28,0
"Birmingham",2025,"Birmingham_410750_287750",410750,287750,29,17,0,12,17,0
"Birmingham",2016,"Birmingham_411250_287750",411250,287750,1,1,0,0,1,0
"Birmingham",2019,"Birmingham_411250_287750",411250,287750,1,1,0,0,1,0
"Birmingham",2022,"Birmingham_411250_287750",411250,287750,1,1,0,0,1,0
"Birmingham",2025,"Birmingham_411250_287750",411250,287750,1,1,0,0,1,0
"Birmingham",2016,"Birmingham_411500_287750",411500,287750,52,26,2,24,28,0.0714285714285714
"Birmingham",2019,"Birmingham_411500_287750",411500,287750,43,36,2,5,38,0.0526315789473684
"Birmingham",2022,"Birmingham_411500_287750",411500,287750,43,36,1,6,37,0.027027027027027
"Birmingham",2025,"Birmingham_411500_287750",411500,287750,39,25,1,13,26,0.0384615384615385
"Birmingham",2025,"Birmingham_412000_287750",412000,287750,1,0,0,1,0,NA
"Birmingham",2016,"Birmingham_413000_287750",413000,287750,7,5,0,2,5,0
"Birmingham",2019,"Birmingham_413000_287750",413000,287750,7,7,0,0,7,0
"Birmingham",2022,"Birmingham_413000_287750",413000,287750,6,5,1,0,6,0.166666666666667
"Birmingham",2025,"Birmingham_413000_287750",413000,287750,6,4,0,2,4,0
"Birmingham",2016,"Birmingham_413250_287750",413250,287750,1,0,0,1,0,NA
"Birmingham",2016,"Birmingham_414000_287750",414000,287750,24,16,1,7,17,0.0588235294117647
"Birmingham",2019,"Birmingham_414000_287750",414000,287750,22,21,1,0,22,0.0454545454545455
"Birmingham",2022,"Birmingham_414000_287750",414000,287750,21,18,2,1,20,0.1
"Birmingham",2025,"Birmingham_414000_287750",414000,287750,21,12,0,9,12,0
"Birmingham",2016,"Birmingham_404000_288000",404000,288000,1,0,1,0,1,1
"Birmingham",2019,"Birmingham_404000_288000",404000,288000,1,1,0,0,1,0
"Birmingham",2022,"Birmingham_404000_288000",404000,288000,1,1,0,0,1,0
"Birmingham",2016,"Birmingham_404250_288000",404250,288000,1,1,0,0,1,0
"Birmingham",2019,"Birmingham_404250_288000",404250,288000,1,1,0,0,1,0
"Birmingham",2022,"Birmingham_404250_288000",404250,288000,1,1,0,0,1,0
"Birmingham",2025,"Birmingham_404250_288000",404250,288000,1,1,0,0,1,0
"Birmingham",2016,"Birmingham_405250_288000",405250,288000,11,6,1,4,7,0.142857142857143
"Birmingham",2019,"Birmingham_405250_288000",405250,288000,11,10,1,0,11,0.0909090909090909
"Birmingham",2022,"Birmingham_405250_288000",405250,288000,11,10,1,0,11,0.0909090909090909
"Birmingham",2025,"Birmingham_405250_288000",405250,288000,10,7,0,3,7,0
"Birmingham",2016,"Birmingham_405750_288000",405750,288000,9,5,2,2,7,0.285714285714286
"Birmingham",2019,"Birmingham_405750_288000",405750,288000,9,9,0,0,9,0
"Birmingham",2022,"Birmingham_405750_288000",405750,288000,9,9,0,0,9,0
"Birmingham",2025,"Birmingham_405750_288000",405750,288000,9,8,0,1,8,0
"Birmingham",2016,"Birmingham_406000_288000",406000,288000,69,42,3,24,45,0.0666666666666667
"Birmingham",2019,"Birmingham_406000_288000",406000,288000,63,53,3,7,56,0.0535714285714286
"Birmingham",2022,"Birmingham_406000_288000",406000,288000,70,52,6,12,58,0.103448275862069
"Birmingham",2025,"Birmingham_406000_288000",406000,288000,62,19,1,42,20,0.05
"Birmingham",2016,"Birmingham_406250_288000",406250,288000,19,10,0,9,10,0
"Birmingham",2019,"Birmingham_406250_288000",406250,288000,16,13,2,1,15,0.133333333333333
"Birmingham",2022,"Birmingham_406250_288000",406250,288000,18,13,3,2,16,0.1875
"Birmingham",2025,"Birmingham_406250_288000",406250,288000,17,3,2,12,5,0.4
"Birmingham",2016,"Birmingham_406500_288000",406500,288000,14,5,0,9,5,0
"Birmingham",2019,"Birmingham_406500_288000",406500,288000,11,9,0,2,9,0
"Birmingham",2022,"Birmingham_406500_288000",406500,288000,11,8,0,3,8,0
"Birmingham",2025,"Birmingham_406500_288000",406500,288000,11,8,0,3,8,0
"Birmingham",2016,"Birmingham_406750_288000",406750,288000,5,4,1,0,5,0.2
"Birmingham",2019,"Birmingham_406750_288000",406750,288000,5,3,0,2,3,0
"Birmingham",2022,"Birmingham_406750_288000",406750,288000,7,5,0,2,5,0
"Birmingham",2025,"Birmingham_406750_288000",406750,288000,8,4,0,4,4,0
"Birmingham",2016,"Birmingham_407000_288000",407000,288000,17,7,3,7,10,0.3
"Birmingham",2019,"Birmingham_407000_288000",407000,288000,14,11,0,3,11,0
"Birmingham",2022,"Birmingham_407000_288000",407000,288000,17,12,0,5,12,0
"Birmingham",2025,"Birmingham_407000_288000",407000,288000,13,8,0,5,8,0
"Birmingham",2016,"Birmingham_407250_288000",407250,288000,4,1,0,3,1,0
"Birmingham",2019,"Birmingham_407250_288000",407250,288000,2,2,0,0,2,0
"Birmingham",2022,"Birmingham_407250_288000",407250,288000,3,2,0,1,2,0
"Birmingham",2025,"Birmingham_407250_288000",407250,288000,3,2,0,1,2,0
"Birmingham",2016,"Birmingham_407500_288000",407500,288000,1,1,0,0,1,0
"Birmingham",2019,"Birmingham_407500_288000",407500,288000,1,1,0,0,1,0
"Birmingham",2022,"Birmingham_407500_288000",407500,288000,1,1,0,0,1,0
"Birmingham",2025,"Birmingham_407500_288000",407500,288000,1,1,0,0,1,0
"Birmingham",2016,"Birmingham_408000_288000",408000,288000,1,0,0,1,0,NA
"Birmingham",2019,"Birmingham_408000_288000",408000,288000,1,1,0,0,1,0
"Birmingham",2022,"Birmingham_408000_288000",408000,288000,2,1,1,0,2,0.5
"Birmingham",2025,"Birmingham_408000_288000",408000,288000,2,0,0,2,0,NA
"Birmingham",2016,"Birmingham_408750_288000",408750,288000,1,1,0,0,1,0
"Birmingham",2019,"Birmingham_408750_288000",408750,288000,1,1,0,0,1,0
"Birmingham",2022,"Birmingham_408750_288000",408750,288000,1,1,0,0,1,0
"Birmingham",2025,"Birmingham_408750_288000",408750,288000,1,1,0,0,1,0
"Birmingham",2016,"Birmingham_409250_288000",409250,288000,1,1,0,0,1,0
"Birmingham",2019,"Birmingham_409250_288000",409250,288000,1,1,0,0,1,0
"Birmingham",2022,"Birmingham_409250_288000",409250,288000,1,1,0,0,1,0
"Birmingham",2025,"Birmingham_409250_288000",409250,288000,1,0,0,1,0,NA
"Birmingham",2016,"Birmingham_409500_288000",409500,288000,49,22,1,26,23,0.0434782608695652
"Birmingham",2019,"Birmingham_409500_288000",409500,288000,49,41,2,6,43,0.0465116279069767
"Birmingham",2022,"Birmingham_409500_288000",409500,288000,58,52,0,6,52,0
"Birmingham",2025,"Birmingham_409500_288000",409500,288000,48,23,1,24,24,0.0416666666666667
"Birmingham",2016,"Birmingham_409750_288000",409750,288000,84,55,1,28,56,0.0178571428571429
"Birmingham",2019,"Birmingham_409750_288000",409750,288000,76,69,2,5,71,0.028169014084507
"Birmingham",2022,"Birmingham_409750_288000",409750,288000,103,93,0,10,93,0
"Birmingham",2025,"Birmingham_409750_288000",409750,288000,95,46,0,49,46,0
"Birmingham",2016,"Birmingham_410000_288000",410000,288000,7,6,0,1,6,0
"Birmingham",2019,"Birmingham_410000_288000",410000,288000,7,5,0,2,5,0
"Birmingham",2022,"Birmingham_410000_288000",410000,288000,9,8,0,1,8,0
"Birmingham",2025,"Birmingham_410000_288000",410000,288000,9,5,0,4,5,0
"Birmingham",2016,"Birmingham_410250_288000",410250,288000,5,2,2,1,4,0.5
"Birmingham",2019,"Birmingham_410250_288000",410250,288000,5,3,0,2,3,0
"Birmingham",2022,"Birmingham_410250_288000",410250,288000,5,3,0,2,3,0
"Birmingham",2025,"Birmingham_410250_288000",410250,288000,5,3,0,2,3,0
"Birmingham",2016,"Birmingham_410750_288000",410750,288000,1,0,0,1,0,NA
"Birmingham",2019,"Birmingham_410750_288000",410750,288000,1,1,0,0,1,0
"Birmingham",2022,"Birmingham_410750_288000",410750,288000,1,1,0,0,1,0
"Birmingham",2025,"Birmingham_410750_288000",410750,288000,1,1,0,0,1,0
"Birmingham",2016,"Birmingham_411250_288000",411250,288000,2,1,0,1,1,0
"Birmingham",2019,"Birmingham_411250_288000",411250,288000,5,4,0,1,4,0
"Birmingham",2022,"Birmingham_411250_288000",411250,288000,5,3,1,1,4,0.25
"Birmingham",2025,"Birmingham_411250_288000",411250,288000,6,2,0,4,2,0
"Birmingham",2016,"Birmingham_411500_288000",411500,288000,8,4,0,4,4,0
"Birmingham",2019,"Birmingham_411500_288000",411500,288000,7,6,0,1,6,0
"Birmingham",2022,"Birmingham_411500_288000",411500,288000,7,5,0,2,5,0
"Birmingham",2025,"Birmingham_411500_288000",411500,288000,5,3,0,2,3,0
"Birmingham",2016,"Birmingham_411750_288000",411750,288000,32,15,3,14,18,0.166666666666667
"Birmingham",2019,"Birmingham_411750_288000",411750,288000,24,19,2,3,21,0.0952380952380952
"Birmingham",2022,"Birmingham_411750_288000",411750,288000,24,18,3,3,21,0.142857142857143
"Birmingham",2025,"Birmingham_411750_288000",411750,288000,22,11,1,10,12,0.0833333333333333
"Birmingham",2016,"Birmingham_412000_288000",412000,288000,3,1,0,2,1,0
"Birmingham",2019,"Birmingham_412000_288000",412000,288000,3,3,0,0,3,0
"Birmingham",2022,"Birmingham_412000_288000",412000,288000,3,3,0,0,3,0
"Birmingham",2025,"Birmingham_412000_288000",412000,288000,3,2,0,1,2,0
"Birmingham",2016,"Birmingham_412500_288000",412500,288000,18,11,0,7,11,0
"Birmingham",2019,"Birmingham_412500_288000",412500,288000,21,18,0,3,18,0
"Birmingham",2022,"Birmingham_412500_288000",412500,288000,21,18,0,3,18,0
"Birmingham",2025,"Birmingham_412500_288000",412500,288000,18,12,0,6,12,0
"Birmingham",2016,"Birmingham_414000_288000",414000,288000,6,6,0,0,6,0
"Birmingham",2019,"Birmingham_414000_288000",414000,288000,6,5,1,0,6,0.166666666666667
"Birmingham",2022,"Birmingham_414000_288000",414000,288000,6,5,1,0,6,0.166666666666667
"Birmingham",2025,"Birmingham_414000_288000",414000,288000,1,0,0,1,0,NA
"Birmingham",2016,"Birmingham_416250_288000",416250,288000,1,0,1,0,1,1
"Birmingham",2019,"Birmingham_416250_288000",416250,288000,1,0,1,0,1,1
"Birmingham",2022,"Birmingham_416250_288000",416250,288000,1,0,1,0,1,1
"Birmingham",2025,"Birmingham_416250_288000",416250,288000,1,0,1,0,1,1
"Birmingham",2016,"Birmingham_404000_288250",404000,288250,14,7,0,7,7,0
"Birmingham",2019,"Birmingham_404000_288250",404000,288250,11,11,0,0,11,0
"Birmingham",2022,"Birmingham_404000_288250",404000,288250,11,4,1,6,5,0.2
"Birmingham",2025,"Birmingham_404000_288250",404000,288250,11,2,0,9,2,0
"Birmingham",2016,"Birmingham_404750_288250",404750,288250,1,0,0,1,0,NA
"Birmingham",2019,"Birmingham_404750_288250",404750,288250,1,1,0,0,1,0
"Birmingham",2022,"Birmingham_404750_288250",404750,288250,1,1,0,0,1,0
"Birmingham",2025,"Birmingham_404750_288250",404750,288250,1,1,0,0,1,0
"Birmingham",2016,"Birmingham_405500_288250",405500,288250,27,17,1,9,18,0.0555555555555556
"Birmingham",2019,"Birmingham_405500_288250",405500,288250,25,15,6,4,21,0.285714285714286
"Birmingham",2022,"Birmingham_405500_288250",405500,288250,25,24,0,1,24,0
"Birmingham",2025,"Birmingham_405500_288250",405500,288250,23,13,1,9,14,0.0714285714285714
"Birmingham",2016,"Birmingham_405750_288250",405750,288250,3,2,0,1,2,0
"Birmingham",2019,"Birmingham_405750_288250",405750,288250,2,2,0,0,2,0
"Birmingham",2022,"Birmingham_405750_288250",405750,288250,2,2,0,0,2,0
"Birmingham",2025,"Birmingham_405750_288250",405750,288250,2,2,0,0,2,0
"Birmingham",2016,"Birmingham_406000_288250",406000,288250,19,12,0,7,12,0
"Birmingham",2019,"Birmingham_406000_288250",406000,288250,16,14,1,1,15,0.0666666666666667
"Birmingham",2022,"Birmingham_406000_288250",406000,288250,16,13,1,2,14,0.0714285714285714
"Birmingham",2025,"Birmingham_406000_288250",406000,288250,14,5,0,9,5,0
"Birmingham",2016,"Birmingham_406750_288250",406750,288250,2,1,0,1,1,0
"Birmingham",2019,"Birmingham_406750_288250",406750,288250,2,2,0,0,2,0
"Birmingham",2022,"Birmingham_406750_288250",406750,288250,2,2,0,0,2,0
"Birmingham",2025,"Birmingham_406750_288250",406750,288250,2,1,0,1,1,0
"Birmingham",2016,"Birmingham_407000_288250",407000,288250,2,0,0,2,0,NA
"Birmingham",2019,"Birmingham_407000_288250",407000,288250,3,3,0,0,3,0
"Birmingham",2022,"Birmingham_407000_288250",407000,288250,3,3,0,0,3,0
"Birmingham",2025,"Birmingham_407000_288250",407000,288250,3,2,0,1,2,0
"Birmingham",2016,"Birmingham_407250_288250",407250,288250,1,0,0,1,0,NA
"Birmingham",2019,"Birmingham_407250_288250",407250,288250,1,0,0,1,0,NA
"Birmingham",2022,"Birmingham_407250_288250",407250,288250,1,0,0,1,0,NA
"Birmingham",2016,"Birmingham_407750_288250",407750,288250,20,15,0,5,15,0
"Birmingham",2019,"Birmingham_407750_288250",407750,288250,16,12,0,4,12,0
"Birmingham",2022,"Birmingham_407750_288250",407750,288250,16,9,0,7,9,0
"Birmingham",2025,"Birmingham_407750_288250",407750,288250,16,5,0,11,5,0
"Birmingham",2016,"Birmingham_408250_288250",408250,288250,7,4,0,3,4,0
"Birmingham",2019,"Birmingham_408250_288250",408250,288250,6,5,0,1,5,0
"Birmingham",2022,"Birmingham_408250_288250",408250,288250,6,4,0,2,4,0
"Birmingham",2025,"Birmingham_408250_288250",408250,288250,6,4,0,2,4,0
"Birmingham",2016,"Birmingham_408750_288250",408750,288250,5,2,0,3,2,0
"Birmingham",2019,"Birmingham_408750_288250",408750,288250,5,5,0,0,5,0
"Birmingham",2022,"Birmingham_408750_288250",408750,288250,6,3,1,2,4,0.25
"Birmingham",2025,"Birmingham_408750_288250",408750,288250,6,1,0,5,1,0
"Birmingham",2016,"Birmingham_409000_288250",409000,288250,4,1,2,1,3,0.666666666666667
"Birmingham",2019,"Birmingham_409000_288250",409000,288250,4,4,0,0,4,0
"Birmingham",2022,"Birmingham_409000_288250",409000,288250,4,3,0,1,3,0
"Birmingham",2025,"Birmingham_409000_288250",409000,288250,4,2,0,2,2,0
"Birmingham",2022,"Birmingham_409500_288250",409500,288250,2,1,0,1,1,0
"Birmingham",2025,"Birmingham_409500_288250",409500,288250,2,0,0,2,0,NA
"Birmingham",2016,"Birmingham_409750_288250",409750,288250,2,2,0,0,2,0
"Birmingham",2019,"Birmingham_409750_288250",409750,288250,2,2,0,0,2,0
"Birmingham",2022,"Birmingham_409750_288250",409750,288250,4,4,0,0,4,0
"Birmingham",2025,"Birmingham_409750_288250",409750,288250,4,2,0,2,2,0
"Birmingham",2016,"Birmingham_410000_288250",410000,288250,3,1,0,2,1,0
"Birmingham",2019,"Birmingham_410000_288250",410000,288250,3,3,0,0,3,0
"Birmingham",2022,"Birmingham_410000_288250",410000,288250,3,3,0,0,3,0
"Birmingham",2025,"Birmingham_410000_288250",410000,288250,3,1,0,2,1,0
"Birmingham",2016,"Birmingham_410500_288250",410500,288250,3,1,0,2,1,0
"Birmingham",2019,"Birmingham_410500_288250",410500,288250,2,2,0,0,2,0
"Birmingham",2022,"Birmingham_410500_288250",410500,288250,2,1,1,0,2,0.5
"Birmingham",2025,"Birmingham_410500_288250",410500,288250,2,1,1,0,2,0.5
"Birmingham",2016,"Birmingham_411250_288250",411250,288250,37,19,0,18,19,0
"Birmingham",2019,"Birmingham_411250_288250",411250,288250,29,26,0,3,26,0
"Birmingham",2022,"Birmingham_411250_288250",411250,288250,32,24,0,8,24,0
"Birmingham",2025,"Birmingham_411250_288250",411250,288250,32,20,0,12,20,0
"Birmingham",2016,"Birmingham_411500_288250",411500,288250,38,25,0,13,25,0
"Birmingham",2019,"Birmingham_411500_288250",411500,288250,41,38,1,2,39,0.0256410256410256
"Birmingham",2022,"Birmingham_411500_288250",411500,288250,49,40,1,8,41,0.024390243902439
"Birmingham",2025,"Birmingham_411500_288250",411500,288250,45,22,1,22,23,0.0434782608695652
"Birmingham",2016,"Birmingham_411750_288250",411750,288250,3,2,1,0,3,0.333333333333333
"Birmingham",2019,"Birmingham_411750_288250",411750,288250,3,3,0,0,3,0
"Birmingham",2022,"Birmingham_411750_288250",411750,288250,3,3,0,0,3,0
"Birmingham",2025,"Birmingham_411750_288250",411750,288250,2,2,0,0,2,0
"Birmingham",2016,"Birmingham_412000_288250",412000,288250,14,8,1,5,9,0.111111111111111
"Birmingham",2019,"Birmingham_412000_288250",412000,288250,20,19,0,1,19,0
"Birmingham",2022,"Birmingham_412000_288250",412000,288250,20,18,0,2,18,0
"Birmingham",2025,"Birmingham_412000_288250",412000,288250,18,8,0,10,8,0
"Birmingham",2016,"Birmingham_412250_288250",412250,288250,97,44,2,51,46,0.0434782608695652
"Birmingham",2019,"Birmingham_412250_288250",412250,288250,76,64,4,8,68,0.0588235294117647
"Birmingham",2022,"Birmingham_412250_288250",412250,288250,80,68,1,11,69,0.0144927536231884
"Birmingham",2025,"Birmingham_412250_288250",412250,288250,71,34,1,36,35,0.0285714285714286
"Birmingham",2016,"Birmingham_412500_288250",412500,288250,6,5,0,1,5,0
"Birmingham",2019,"Birmingham_412500_288250",412500,288250,8,8,0,0,8,0
"Birmingham",2022,"Birmingham_412500_288250",412500,288250,9,7,1,1,8,0.125
"Birmingham",2025,"Birmingham_412500_288250",412500,288250,7,2,0,5,2,0
"Birmingham",2016,"Birmingham_414250_288250",414250,288250,2,1,1,0,2,0.5
"Birmingham",2019,"Birmingham_414250_288250",414250,288250,2,2,0,0,2,0
"Birmingham",2022,"Birmingham_414250_288250",414250,288250,2,2,0,0,2,0
"Birmingham",2016,"Birmingham_414750_288250",414750,288250,1,0,0,1,0,NA
"Birmingham",2019,"Birmingham_414750_288250",414750,288250,1,1,0,0,1,0
"Birmingham",2022,"Birmingham_414750_288250",414750,288250,1,1,0,0,1,0
"Birmingham",2025,"Birmingham_414750_288250",414750,288250,1,0,0,1,0,NA
"Birmingham",2016,"Birmingham_404000_288500",404000,288500,3,2,0,1,2,0
"Birmingham",2019,"Birmingham_404000_288500",404000,288500,3,2,0,1,2,0
"Birmingham",2022,"Birmingham_404000_288500",404000,288500,3,3,0,0,3,0
"Birmingham",2025,"Birmingham_404000_288500",404000,288500,2,2,0,0,2,0
"Birmingham",2016,"Birmingham_404250_288500",404250,288500,3,1,0,2,1,0
"Birmingham",2019,"Birmingham_404250_288500",404250,288500,2,2,0,0,2,0
"Birmingham",2022,"Birmingham_404250_288500",404250,288500,2,2,0,0,2,0
"Birmingham",2025,"Birmingham_404250_288500",404250,288500,2,2,0,0,2,0
"Birmingham",2016,"Birmingham_404500_288500",404500,288500,12,5,1,6,6,0.166666666666667
"Birmingham",2019,"Birmingham_404500_288500",404500,288500,8,5,1,2,6,0.166666666666667
"Birmingham",2022,"Birmingham_404500_288500",404500,288500,9,5,1,3,6,0.166666666666667
"Birmingham",2025,"Birmingham_404500_288500",404500,288500,8,3,0,5,3,0
"Birmingham",2016,"Birmingham_405000_288500",405000,288500,8,3,2,3,5,0.4
"Birmingham",2019,"Birmingham_405000_288500",405000,288500,5,5,0,0,5,0
"Birmingham",2022,"Birmingham_405000_288500",405000,288500,6,6,0,0,6,0
"Birmingham",2025,"Birmingham_405000_288500",405000,288500,6,4,1,1,5,0.2
"Birmingham",2016,"Birmingham_405500_288500",405500,288500,3,2,0,1,2,0
"Birmingham",2019,"Birmingham_405500_288500",405500,288500,3,3,0,0,3,0
"Birmingham",2022,"Birmingham_405500_288500",405500,288500,3,3,0,0,3,0
"Birmingham",2025,"Birmingham_405500_288500",405500,288500,3,2,0,1,2,0
"Birmingham",2016,"Birmingham_405750_288500",405750,288500,27,13,2,12,15,0.133333333333333
"Birmingham",2019,"Birmingham_405750_288500",405750,288500,24,22,0,2,22,0
"Birmingham",2022,"Birmingham_405750_288500",405750,288500,28,19,0,9,19,0
"Birmingham",2025,"Birmingham_405750_288500",405750,288500,25,16,0,9,16,0
"Birmingham",2016,"Birmingham_406750_288500",406750,288500,2,1,0,1,1,0
"Birmingham",2019,"Birmingham_406750_288500",406750,288500,2,1,0,1,1,0
"Birmingham",2022,"Birmingham_406750_288500",406750,288500,2,1,0,1,1,0
"Birmingham",2025,"Birmingham_406750_288500",406750,288500,3,1,0,2,1,0
"Birmingham",2016,"Birmingham_407000_288500",407000,288500,2,2,0,0,2,0
"Birmingham",2019,"Birmingham_407000_288500",407000,288500,2,2,0,0,2,0
"Birmingham",2022,"Birmingham_407000_288500",407000,288500,2,2,0,0,2,0
"Birmingham",2025,"Birmingham_407000_288500",407000,288500,2,2,0,0,2,0
"Birmingham",2016,"Birmingham_407250_288500",407250,288500,9,3,1,5,4,0.25
"Birmingham",2019,"Birmingham_407250_288500",407250,288500,9,7,2,0,9,0.222222222222222
"Birmingham",2022,"Birmingham_407250_288500",407250,288500,9,8,1,0,9,0.111111111111111
"Birmingham",2025,"Birmingham_407250_288500",407250,288500,9,6,1,2,7,0.142857142857143
"Birmingham",2016,"Birmingham_407500_288500",407500,288500,27,10,1,16,11,0.0909090909090909
"Birmingham",2019,"Birmingham_407500_288500",407500,288500,26,23,0,3,23,0
"Birmingham",2022,"Birmingham_407500_288500",407500,288500,26,23,0,3,23,0
"Birmingham",2025,"Birmingham_407500_288500",407500,288500,32,15,0,17,15,0
"Birmingham",2016,"Birmingham_407750_288500",407750,288500,2,1,0,1,1,0
"Birmingham",2019,"Birmingham_407750_288500",407750,288500,2,2,0,0,2,0
"Birmingham",2022,"Birmingham_407750_288500",407750,288500,2,2,0,0,2,0
"Birmingham",2025,"Birmingham_407750_288500",407750,288500,2,2,0,0,2,0
"Birmingham",2016,"Birmingham_408000_288500",408000,288500,2,1,1,0,2,0.5
"Birmingham",2019,"Birmingham_408000_288500",408000,288500,2,1,0,1,1,0
"Birmingham",2022,"Birmingham_408000_288500",408000,288500,2,1,0,1,1,0
"Birmingham",2025,"Birmingham_408000_288500",408000,288500,2,0,0,2,0,NA
"Birmingham",2016,"Birmingham_408250_288500",408250,288500,3,3,0,0,3,0
"Birmingham",2019,"Birmingham_408250_288500",408250,288500,4,2,1,1,3,0.333333333333333
"Birmingham",2022,"Birmingham_408250_288500",408250,288500,4,3,0,1,3,0
"Birmingham",2025,"Birmingham_408250_288500",408250,288500,3,0,0,3,0,NA
"Birmingham",2016,"Birmingham_408750_288500",408750,288500,6,1,1,4,2,0.5
"Birmingham",2019,"Birmingham_408750_288500",408750,288500,4,3,1,0,4,0.25
"Birmingham",2022,"Birmingham_408750_288500",408750,288500,4,3,1,0,4,0.25
"Birmingham",2025,"Birmingham_408750_288500",408750,288500,3,1,0,2,1,0
"Birmingham",2016,"Birmingham_409500_288500",409500,288500,1,0,1,0,1,1
"Birmingham",2019,"Birmingham_409500_288500",409500,288500,1,1,0,0,1,0
"Birmingham",2022,"Birmingham_409500_288500",409500,288500,1,1,0,0,1,0
"Birmingham",2025,"Birmingham_409500_288500",409500,288500,1,1,0,0,1,0
"Birmingham",2016,"Birmingham_409750_288500",409750,288500,1,1,0,0,1,0
"Birmingham",2019,"Birmingham_409750_288500",409750,288500,1,1,0,0,1,0
"Birmingham",2022,"Birmingham_409750_288500",409750,288500,1,0,0,1,0,NA
"Birmingham",2025,"Birmingham_409750_288500",409750,288500,1,0,0,1,0,NA
"Birmingham",2016,"Birmingham_410000_288500",410000,288500,29,15,0,14,15,0
"Birmingham",2019,"Birmingham_410000_288500",410000,288500,24,23,0,1,23,0
"Birmingham",2022,"Birmingham_410000_288500",410000,288500,28,24,2,2,26,0.0769230769230769
"Birmingham",2025,"Birmingham_410000_288500",410000,288500,27,22,0,5,22,0
"Birmingham",2016,"Birmingham_410250_288500",410250,288500,3,1,0,2,1,0
"Birmingham",2019,"Birmingham_410250_288500",410250,288500,1,1,0,0,1,0
"Birmingham",2022,"Birmingham_410250_288500",410250,288500,1,0,1,0,1,1
"Birmingham",2025,"Birmingham_410250_288500",410250,288500,1,0,0,1,0,NA
"Birmingham",2025,"Birmingham_410500_288500",410500,288500,3,0,0,3,0,NA
"Birmingham",2016,"Birmingham_410750_288500",410750,288500,7,7,0,0,7,0
"Birmingham",2019,"Birmingham_410750_288500",410750,288500,7,5,2,0,7,0.285714285714286
"Birmingham",2022,"Birmingham_410750_288500",410750,288500,8,5,0,3,5,0
"Birmingham",2025,"Birmingham_410750_288500",410750,288500,8,6,0,2,6,0
"Birmingham",2016,"Birmingham_411250_288500",411250,288500,4,2,1,1,3,0.333333333333333
"Birmingham",2019,"Birmingham_411250_288500",411250,288500,5,4,1,0,5,0.2
"Birmingham",2022,"Birmingham_411250_288500",411250,288500,5,3,2,0,5,0.4
"Birmingham",2025,"Birmingham_411250_288500",411250,288500,4,3,1,0,4,0.25
"Birmingham",2016,"Birmingham_411500_288500",411500,288500,1,0,0,1,0,NA
"Birmingham",2016,"Birmingham_412250_288500",412250,288500,2,0,0,2,0,NA
"Birmingham",2019,"Birmingham_412250_288500",412250,288500,1,1,0,0,1,0
"Birmingham",2022,"Birmingham_412250_288500",412250,288500,1,1,0,0,1,0
"Birmingham",2025,"Birmingham_412250_288500",412250,288500,1,0,0,1,0,NA
"Birmingham",2016,"Birmingham_412750_288500",412750,288500,1,0,1,0,1,1
"Birmingham",2019,"Birmingham_412750_288500",412750,288500,1,1,0,0,1,0
"Birmingham",2022,"Birmingham_412750_288500",412750,288500,1,1,0,0,1,0
"Birmingham",2016,"Birmingham_413500_288500",413500,288500,6,5,0,1,5,0
"Birmingham",2019,"Birmingham_413500_288500",413500,288500,7,6,0,1,6,0
"Birmingham",2022,"Birmingham_413500_288500",413500,288500,8,6,1,1,7,0.142857142857143
"Birmingham",2025,"Birmingham_413500_288500",413500,288500,7,3,1,3,4,0.25
"Birmingham",2016,"Birmingham_413750_288500",413750,288500,1,0,0,1,0,NA
"Birmingham",2019,"Birmingham_413750_288500",413750,288500,1,0,0,1,0,NA
"Birmingham",2022,"Birmingham_413750_288500",413750,288500,1,1,0,0,1,0
"Birmingham",2025,"Birmingham_413750_288500",413750,288500,1,1,0,0,1,0
"Birmingham",2016,"Birmingham_415000_288500",415000,288500,39,6,0,33,6,0
"Birmingham",2019,"Birmingham_415000_288500",415000,288500,14,13,0,1,13,0
"Birmingham",2022,"Birmingham_415000_288500",415000,288500,14,13,0,1,13,0
"Birmingham",2025,"Birmingham_415000_288500",415000,288500,13,9,0,4,9,0
"Birmingham",2016,"Birmingham_415250_288500",415250,288500,1,0,0,1,0,NA
"Birmingham",2016,"Birmingham_404500_288750",404500,288750,1,1,0,0,1,0
"Birmingham",2019,"Birmingham_404500_288750",404500,288750,1,1,0,0,1,0
"Birmingham",2022,"Birmingham_404500_288750",404500,288750,1,1,0,0,1,0
"Birmingham",2025,"Birmingham_404500_288750",404500,288750,2,1,0,1,1,0
"Birmingham",2016,"Birmingham_404750_288750",404750,288750,6,3,1,2,4,0.25
"Birmingham",2019,"Birmingham_404750_288750",404750,288750,5,5,0,0,5,0
"Birmingham",2022,"Birmingham_404750_288750",404750,288750,5,5,0,0,5,0
"Birmingham",2025,"Birmingham_404750_288750",404750,288750,5,1,1,3,2,0.5
"Birmingham",2016,"Birmingham_405000_288750",405000,288750,5,0,0,5,0,NA
"Birmingham",2019,"Birmingham_405000_288750",405000,288750,5,5,0,0,5,0
"Birmingham",2022,"Birmingham_405000_288750",405000,288750,5,5,0,0,5,0
"Birmingham",2025,"Birmingham_405000_288750",405000,288750,5,3,1,1,4,0.25
"Birmingham",2016,"Birmingham_405250_288750",405250,288750,1,1,0,0,1,0
"Birmingham",2019,"Birmingham_405250_288750",405250,288750,1,0,1,0,1,1
"Birmingham",2022,"Birmingham_405250_288750",405250,288750,1,0,1,0,1,1
"Birmingham",2016,"Birmingham_405500_288750",405500,288750,5,1,2,2,3,0.666666666666667
"Birmingham",2019,"Birmingham_405500_288750",405500,288750,3,3,0,0,3,0
"Birmingham",2022,"Birmingham_405500_288750",405500,288750,3,3,0,0,3,0
"Birmingham",2025,"Birmingham_405500_288750",405500,288750,3,3,0,0,3,0
"Birmingham",2016,"Birmingham_405750_288750",405750,288750,1,0,0,1,0,NA
"Birmingham",2019,"Birmingham_405750_288750",405750,288750,1,1,0,0,1,0
"Birmingham",2022,"Birmingham_405750_288750",405750,288750,1,1,0,0,1,0
"Birmingham",2025,"Birmingham_405750_288750",405750,288750,1,1,0,0,1,0
"Birmingham",2016,"Birmingham_406000_288750",406000,288750,9,6,1,2,7,0.142857142857143
"Birmingham",2019,"Birmingham_406000_288750",406000,288750,9,8,0,1,8,0
"Birmingham",2022,"Birmingham_406000_288750",406000,288750,9,9,0,0,9,0
"Birmingham",2025,"Birmingham_406000_288750",406000,288750,9,7,0,2,7,0
"Birmingham",2016,"Birmingham_406500_288750",406500,288750,11,3,3,5,6,0.5
"Birmingham",2019,"Birmingham_406500_288750",406500,288750,11,5,6,0,11,0.545454545454545
"Birmingham",2022,"Birmingham_406500_288750",406500,288750,12,5,5,2,10,0.5
"Birmingham",2025,"Birmingham_406500_288750",406500,288750,9,3,3,3,6,0.5
"Birmingham",2016,"Birmingham_407000_288750",407000,288750,20,6,3,11,9,0.333333333333333
"Birmingham",2019,"Birmingham_407000_288750",407000,288750,20,19,0,1,19,0
"Birmingham",2022,"Birmingham_407000_288750",407000,288750,20,20,0,0,20,0
"Birmingham",2025,"Birmingham_407000_288750",407000,288750,20,14,0,6,14,0
"Birmingham",2016,"Birmingham_407250_288750",407250,288750,2,2,0,0,2,0
"Birmingham",2019,"Birmingham_407250_288750",407250,288750,2,2,0,0,2,0
"Birmingham",2022,"Birmingham_407250_288750",407250,288750,2,2,0,0,2,0
"Birmingham",2025,"Birmingham_407250_288750",407250,288750,2,1,0,1,1,0
"Birmingham",2016,"Birmingham_407500_288750",407500,288750,2,1,0,1,1,0
"Birmingham",2019,"Birmingham_407500_288750",407500,288750,1,0,0,1,0,NA
"Birmingham",2022,"Birmingham_407500_288750",407500,288750,1,1,0,0,1,0
"Birmingham",2025,"Birmingham_407500_288750",407500,288750,1,1,0,0,1,0
"Birmingham",2016,"Birmingham_408000_288750",408000,288750,12,4,1,7,5,0.2
"Birmingham",2019,"Birmingham_408000_288750",408000,288750,9,5,2,2,7,0.285714285714286
"Birmingham",2022,"Birmingham_408000_288750",408000,288750,10,6,3,1,9,0.333333333333333
"Birmingham",2025,"Birmingham_408000_288750",408000,288750,7,3,0,4,3,0
"Birmingham",2019,"Birmingham_408250_288750",408250,288750,1,1,0,0,1,0
"Birmingham",2022,"Birmingham_408250_288750",408250,288750,1,1,0,0,1,0
"Birmingham",2025,"Birmingham_408250_288750",408250,288750,1,0,0,1,0,NA
"Birmingham",2016,"Birmingham_408750_288750",408750,288750,12,5,1,6,6,0.166666666666667
"Birmingham",2019,"Birmingham_408750_288750",408750,288750,9,4,4,1,8,0.5
"Birmingham",2022,"Birmingham_408750_288750",408750,288750,12,7,3,2,10,0.3
"Birmingham",2025,"Birmingham_408750_288750",408750,288750,10,3,1,6,4,0.25
"Birmingham",2016,"Birmingham_409000_288750",409000,288750,7,3,0,4,3,0
"Birmingham",2019,"Birmingham_409000_288750",409000,288750,5,5,0,0,5,0
"Birmingham",2022,"Birmingham_409000_288750",409000,288750,5,3,0,2,3,0
"Birmingham",2025,"Birmingham_409000_288750",409000,288750,5,2,0,3,2,0
"Birmingham",2016,"Birmingham_409250_288750",409250,288750,6,2,1,3,3,0.333333333333333
"Birmingham",2019,"Birmingham_409250_288750",409250,288750,6,6,0,0,6,0
"Birmingham",2022,"Birmingham_409250_288750",409250,288750,6,6,0,0,6,0
"Birmingham",2025,"Birmingham_409250_288750",409250,288750,6,4,0,2,4,0
"Birmingham",2016,"Birmingham_409500_288750",409500,288750,1,0,0,1,0,NA
"Birmingham",2019,"Birmingham_409500_288750",409500,288750,1,1,0,0,1,0
"Birmingham",2022,"Birmingham_409500_288750",409500,288750,1,1,0,0,1,0
"Birmingham",2025,"Birmingham_409500_288750",409500,288750,1,1,0,0,1,0
"Birmingham",2016,"Birmingham_410500_288750",410500,288750,3,2,0,1,2,0
"Birmingham",2019,"Birmingham_410500_288750",410500,288750,3,3,0,0,3,0
"Birmingham",2022,"Birmingham_410500_288750",410500,288750,2,1,1,0,2,0.5
"Birmingham",2025,"Birmingham_410500_288750",410500,288750,1,1,0,0,1,0
"Birmingham",2016,"Birmingham_410750_288750",410750,288750,1,0,0,1,0,NA
"Birmingham",2019,"Birmingham_410750_288750",410750,288750,1,1,0,0,1,0
"Birmingham",2022,"Birmingham_410750_288750",410750,288750,1,1,0,0,1,0
"Birmingham",2025,"Birmingham_410750_288750",410750,288750,1,1,0,0,1,0
"Birmingham",2016,"Birmingham_411000_288750",411000,288750,4,0,0,4,0,NA
"Birmingham",2019,"Birmingham_411000_288750",411000,288750,2,2,0,0,2,0
"Birmingham",2022,"Birmingham_411000_288750",411000,288750,2,2,0,0,2,0
"Birmingham",2025,"Birmingham_411000_288750",411000,288750,2,2,0,0,2,0
"Birmingham",2016,"Birmingham_411500_288750",411500,288750,6,4,0,2,4,0
"Birmingham",2019,"Birmingham_411500_288750",411500,288750,6,5,0,1,5,0
"Birmingham",2022,"Birmingham_411500_288750",411500,288750,7,6,0,1,6,0
"Birmingham",2025,"Birmingham_411500_288750",411500,288750,5,3,0,2,3,0
"Birmingham",2016,"Birmingham_411750_288750",411750,288750,1,0,1,0,1,1
"Birmingham",2019,"Birmingham_411750_288750",411750,288750,1,1,0,0,1,0
"Birmingham",2022,"Birmingham_411750_288750",411750,288750,1,1,0,0,1,0
"Birmingham",2025,"Birmingham_411750_288750",411750,288750,1,0,0,1,0,NA
"Birmingham",2016,"Birmingham_413500_288750",413500,288750,4,2,0,2,2,0
"Birmingham",2019,"Birmingham_413500_288750",413500,288750,3,3,0,0,3,0
"Birmingham",2022,"Birmingham_413500_288750",413500,288750,3,3,0,0,3,0
"Birmingham",2025,"Birmingham_413500_288750",413500,288750,3,2,0,1,2,0
"Birmingham",2016,"Birmingham_414250_288750",414250,288750,17,13,0,4,13,0
"Birmingham",2019,"Birmingham_414250_288750",414250,288750,15,13,0,2,13,0
"Birmingham",2022,"Birmingham_414250_288750",414250,288750,16,13,0,3,13,0
"Birmingham",2025,"Birmingham_414250_288750",414250,288750,13,5,0,8,5,0
"Birmingham",2016,"Birmingham_416000_288750",416000,288750,5,3,0,2,3,0
"Birmingham",2019,"Birmingham_416000_288750",416000,288750,5,4,1,0,5,0.2
"Birmingham",2022,"Birmingham_416000_288750",416000,288750,5,3,0,2,3,0
"Birmingham",2025,"Birmingham_416000_288750",416000,288750,5,3,0,2,3,0
"Birmingham",2016,"Birmingham_404000_289000",404000,289000,2,2,0,0,2,0
"Birmingham",2019,"Birmingham_404000_289000",404000,289000,2,2,0,0,2,0
"Birmingham",2022,"Birmingham_404000_289000",404000,289000,2,2,0,0,2,0
"Birmingham",2025,"Birmingham_404000_289000",404000,289000,3,0,0,3,0,NA
"Birmingham",2016,"Birmingham_404250_289000",404250,289000,4,2,0,2,2,0
"Birmingham",2019,"Birmingham_404250_289000",404250,289000,4,4,0,0,4,0
"Birmingham",2022,"Birmingham_404250_289000",404250,289000,4,4,0,0,4,0
"Birmingham",2025,"Birmingham_404250_289000",404250,289000,4,2,0,2,2,0
"Birmingham",2016,"Birmingham_404500_289000",404500,289000,19,9,0,10,9,0
"Birmingham",2019,"Birmingham_404500_289000",404500,289000,14,13,0,1,13,0
"Birmingham",2022,"Birmingham_404500_289000",404500,289000,15,13,0,2,13,0
"Birmingham",2025,"Birmingham_404500_289000",404500,289000,15,8,0,7,8,0
"Birmingham",2016,"Birmingham_405000_289000",405000,289000,14,7,0,7,7,0
"Birmingham",2019,"Birmingham_405000_289000",405000,289000,8,8,0,0,8,0
"Birmingham",2022,"Birmingham_405000_289000",405000,289000,8,7,0,1,7,0
"Birmingham",2025,"Birmingham_405000_289000",405000,289000,8,4,0,4,4,0
"Birmingham",2016,"Birmingham_405250_289000",405250,289000,13,3,6,4,9,0.666666666666667
"Birmingham",2019,"Birmingham_405250_289000",405250,289000,12,7,4,1,11,0.363636363636364
"Birmingham",2022,"Birmingham_405250_289000",405250,289000,13,9,4,0,13,0.307692307692308
"Birmingham",2025,"Birmingham_405250_289000",405250,289000,11,1,1,9,2,0.5
"Birmingham",2016,"Birmingham_405500_289000",405500,289000,12,7,0,5,7,0
"Birmingham",2019,"Birmingham_405500_289000",405500,289000,32,24,2,6,26,0.0769230769230769
"Birmingham",2022,"Birmingham_405500_289000",405500,289000,42,28,0,14,28,0
"Birmingham",2025,"Birmingham_405500_289000",405500,289000,31,8,0,23,8,0
"Birmingham",2016,"Birmingham_406000_289000",406000,289000,2,0,0,2,0,NA
"Birmingham",2019,"Birmingham_406000_289000",406000,289000,1,1,0,0,1,0
"Birmingham",2022,"Birmingham_406000_289000",406000,289000,2,1,0,1,1,0
"Birmingham",2025,"Birmingham_406000_289000",406000,289000,2,2,0,0,2,0
"Birmingham",2016,"Birmingham_406250_289000",406250,289000,4,2,0,2,2,0
"Birmingham",2019,"Birmingham_406250_289000",406250,289000,3,3,0,0,3,0
"Birmingham",2022,"Birmingham_406250_289000",406250,289000,3,2,0,1,2,0
"Birmingham",2025,"Birmingham_406250_289000",406250,289000,2,1,0,1,1,0
"Birmingham",2016,"Birmingham_406500_289000",406500,289000,1,0,0,1,0,NA
"Birmingham",2019,"Birmingham_406500_289000",406500,289000,1,1,0,0,1,0
"Birmingham",2022,"Birmingham_406500_289000",406500,289000,2,2,0,0,2,0
"Birmingham",2025,"Birmingham_406500_289000",406500,289000,2,2,0,0,2,0
"Birmingham",2016,"Birmingham_407000_289000",407000,289000,2,0,0,2,0,NA
"Birmingham",2019,"Birmingham_407000_289000",407000,289000,1,1,0,0,1,0
"Birmingham",2022,"Birmingham_407000_289000",407000,289000,1,1,0,0,1,0
"Birmingham",2025,"Birmingham_407000_289000",407000,289000,1,0,0,1,0,NA
"Birmingham",2016,"Birmingham_407250_289000",407250,289000,1,1,0,0,1,0
"Birmingham",2019,"Birmingham_407250_289000",407250,289000,1,1,0,0,1,0
"Birmingham",2022,"Birmingham_407250_289000",407250,289000,1,1,0,0,1,0
"Birmingham",2016,"Birmingham_408000_289000",408000,289000,8,4,0,4,4,0
"Birmingham",2019,"Birmingham_408000_289000",408000,289000,6,4,1,1,5,0.2
"Birmingham",2022,"Birmingham_408000_289000",408000,289000,9,4,1,4,5,0.2
"Birmingham",2025,"Birmingham_408000_289000",408000,289000,6,2,0,4,2,0
"Birmingham",2016,"Birmingham_408250_289000",408250,289000,4,2,1,1,3,0.333333333333333
"Birmingham",2019,"Birmingham_408250_289000",408250,289000,4,3,1,0,4,0.25
"Birmingham",2022,"Birmingham_408250_289000",408250,289000,4,3,1,0,4,0.25
"Birmingham",2025,"Birmingham_408250_289000",408250,289000,3,1,0,2,1,0
"Birmingham",2016,"Birmingham_408500_289000",408500,289000,4,1,0,3,1,0
"Birmingham",2019,"Birmingham_408500_289000",408500,289000,3,2,0,1,2,0
"Birmingham",2022,"Birmingham_408500_289000",408500,289000,3,2,0,1,2,0
"Birmingham",2025,"Birmingham_408500_289000",408500,289000,3,1,0,2,1,0
"Birmingham",2016,"Birmingham_408750_289000",408750,289000,4,0,0,4,0,NA
"Birmingham",2016,"Birmingham_409000_289000",409000,289000,3,1,0,2,1,0
"Birmingham",2019,"Birmingham_409000_289000",409000,289000,3,2,0,1,2,0
"Birmingham",2022,"Birmingham_409000_289000",409000,289000,3,2,0,1,2,0
"Birmingham",2025,"Birmingham_409000_289000",409000,289000,3,2,0,1,2,0
"Birmingham",2016,"Birmingham_409250_289000",409250,289000,1,1,0,0,1,0
"Birmingham",2019,"Birmingham_409250_289000",409250,289000,1,1,0,0,1,0
"Birmingham",2022,"Birmingham_409250_289000",409250,289000,1,1,0,0,1,0
"Birmingham",2025,"Birmingham_409250_289000",409250,289000,1,0,0,1,0,NA
"Birmingham",2022,"Birmingham_409500_289000",409500,289000,1,1,0,0,1,0
"Birmingham",2025,"Birmingham_409500_289000",409500,289000,1,0,0,1,0,NA
"Birmingham",2016,"Birmingham_411250_289000",411250,289000,2,1,0,1,1,0
"Birmingham",2019,"Birmingham_411250_289000",411250,289000,2,2,0,0,2,0
"Birmingham",2022,"Birmingham_411250_289000",411250,289000,2,2,0,0,2,0
"Birmingham",2025,"Birmingham_411250_289000",411250,289000,2,2,0,0,2,0
"Birmingham",2016,"Birmingham_411500_289000",411500,289000,11,3,1,7,4,0.25
"Birmingham",2019,"Birmingham_411500_289000",411500,289000,6,6,0,0,6,0
"Birmingham",2022,"Birmingham_411500_289000",411500,289000,7,7,0,0,7,0
"Birmingham",2025,"Birmingham_411500_289000",411500,289000,7,5,0,2,5,0
"Birmingham",2016,"Birmingham_411750_289000",411750,289000,6,0,0,6,0,NA
"Birmingham",2019,"Birmingham_411750_289000",411750,289000,4,4,0,0,4,0
"Birmingham",2022,"Birmingham_411750_289000",411750,289000,4,4,0,0,4,0
"Birmingham",2025,"Birmingham_411750_289000",411750,289000,3,3,0,0,3,0
"Birmingham",2016,"Birmingham_413250_289000",413250,289000,8,6,0,2,6,0
"Birmingham",2019,"Birmingham_413250_289000",413250,289000,8,7,0,1,7,0
"Birmingham",2022,"Birmingham_413250_289000",413250,289000,8,6,0,2,6,0
"Birmingham",2025,"Birmingham_413250_289000",413250,289000,8,4,0,4,4,0
"Birmingham",2016,"Birmingham_413500_289000",413500,289000,1,0,0,1,0,NA
"Birmingham",2016,"Birmingham_414250_289000",414250,289000,1,0,1,0,1,1
"Birmingham",2019,"Birmingham_414250_289000",414250,289000,1,0,0,1,0,NA
"Birmingham",2022,"Birmingham_414250_289000",414250,289000,1,1,0,0,1,0
"Birmingham",2025,"Birmingham_414250_289000",414250,289000,2,0,0,2,0,NA
"Birmingham",2016,"Birmingham_414750_289000",414750,289000,1,0,0,1,0,NA
"Birmingham",2016,"Birmingham_415500_289000",415500,289000,1,0,0,1,0,NA
"Birmingham",2019,"Birmingham_415500_289000",415500,289000,1,1,0,0,1,0
"Birmingham",2022,"Birmingham_415500_289000",415500,289000,1,1,0,0,1,0
"Birmingham",2025,"Birmingham_415500_289000",415500,289000,1,0,0,1,0,NA
"Birmingham",2016,"Birmingham_416000_289000",416000,289000,5,5,0,0,5,0
"Birmingham",2019,"Birmingham_416000_289000",416000,289000,6,6,0,0,6,0
"Birmingham",2022,"Birmingham_416000_289000",416000,289000,8,7,0,1,7,0
"Birmingham",2025,"Birmingham_416000_289000",416000,289000,7,3,0,4,3,0
"Birmingham",2016,"Birmingham_403250_289250",403250,289250,1,1,0,0,1,0
"Birmingham",2019,"Birmingham_403250_289250",403250,289250,1,1,0,0,1,0
"Birmingham",2022,"Birmingham_403250_289250",403250,289250,1,1,0,0,1,0
"Birmingham",2025,"Birmingham_403250_289250",403250,289250,1,1,0,0,1,0
"Birmingham",2016,"Birmingham_403500_289250",403500,289250,2,1,1,0,2,0.5
"Birmingham",2019,"Birmingham_403500_289250",403500,289250,2,1,1,0,2,0.5
"Birmingham",2022,"Birmingham_403500_289250",403500,289250,2,1,1,0,2,0.5
"Birmingham",2025,"Birmingham_403500_289250",403500,289250,1,0,0,1,0,NA
"Birmingham",2016,"Birmingham_403750_289250",403750,289250,1,0,0,1,0,NA
"Birmingham",2019,"Birmingham_403750_289250",403750,289250,1,1,0,0,1,0
"Birmingham",2022,"Birmingham_403750_289250",403750,289250,1,1,0,0,1,0
"Birmingham",2025,"Birmingham_403750_289250",403750,289250,1,1,0,0,1,0
"Birmingham",2016,"Birmingham_404000_289250",404000,289250,3,2,0,1,2,0
"Birmingham",2019,"Birmingham_404000_289250",404000,289250,3,3,0,0,3,0
"Birmingham",2022,"Birmingham_404000_289250",404000,289250,3,3,0,0,3,0
"Birmingham",2025,"Birmingham_404000_289250",404000,289250,3,2,0,1,2,0
"Birmingham",2016,"Birmingham_404250_289250",404250,289250,2,1,0,1,1,0
"Birmingham",2019,"Birmingham_404250_289250",404250,289250,2,1,1,0,2,0.5
"Birmingham",2022,"Birmingham_404250_289250",404250,289250,2,1,1,0,2,0.5
"Birmingham",2025,"Birmingham_404250_289250",404250,289250,1,1,0,0,1,0
"Birmingham",2016,"Birmingham_404500_289250",404500,289250,138,82,4,52,86,0.0465116279069767
"Birmingham",2019,"Birmingham_404500_289250",404500,289250,129,118,4,7,122,0.0327868852459016
"Birmingham",2022,"Birmingham_404500_289250",404500,289250,144,114,3,27,117,0.0256410256410256
"Birmingham",2025,"Birmingham_404500_289250",404500,289250,131,43,0,88,43,0
"Birmingham",2016,"Birmingham_404750_289250",404750,289250,59,31,5,23,36,0.138888888888889
"Birmingham",2019,"Birmingham_404750_289250",404750,289250,55,45,3,7,48,0.0625
"Birmingham",2022,"Birmingham_404750_289250",404750,289250,58,50,1,7,51,0.0196078431372549
"Birmingham",2025,"Birmingham_404750_289250",404750,289250,53,17,2,34,19,0.105263157894737
"Birmingham",2016,"Birmingham_405000_289250",405000,289250,6,5,0,1,5,0
"Birmingham",2019,"Birmingham_405000_289250",405000,289250,6,6,0,0,6,0
"Birmingham",2022,"Birmingham_405000_289250",405000,289250,8,7,0,1,7,0
"Birmingham",2025,"Birmingham_405000_289250",405000,289250,6,4,0,2,4,0
"Birmingham",2016,"Birmingham_405250_289250",405250,289250,1,1,0,0,1,0
"Birmingham",2019,"Birmingham_405250_289250",405250,289250,1,1,0,0,1,0
"Birmingham",2022,"Birmingham_405250_289250",405250,289250,1,1,0,0,1,0
"Birmingham",2025,"Birmingham_405250_289250",405250,289250,1,0,0,1,0,NA
"Birmingham",2016,"Birmingham_405500_289250",405500,289250,45,23,2,20,25,0.08
"Birmingham",2019,"Birmingham_405500_289250",405500,289250,43,38,1,4,39,0.0256410256410256
"Birmingham",2022,"Birmingham_405500_289250",405500,289250,48,47,0,1,47,0
"Birmingham",2025,"Birmingham_405500_289250",405500,289250,46,34,1,11,35,0.0285714285714286
"Birmingham",2016,"Birmingham_405750_289250",405750,289250,24,10,4,10,14,0.285714285714286
"Birmingham",2019,"Birmingham_405750_289250",405750,289250,23,19,2,2,21,0.0952380952380952
"Birmingham",2022,"Birmingham_405750_289250",405750,289250,33,24,0,9,24,0
"Birmingham",2025,"Birmingham_405750_289250",405750,289250,29,14,0,15,14,0
"Birmingham",2016,"Birmingham_406000_289250",406000,289250,23,15,0,8,15,0
"Birmingham",2019,"Birmingham_406000_289250",406000,289250,19,18,0,1,18,0
"Birmingham",2022,"Birmingham_406000_289250",406000,289250,19,19,0,0,19,0
"Birmingham",2025,"Birmingham_406000_289250",406000,289250,19,10,1,8,11,0.0909090909090909
"Birmingham",2016,"Birmingham_406250_289250",406250,289250,63,33,1,29,34,0.0294117647058824
"Birmingham",2019,"Birmingham_406250_289250",406250,289250,45,41,0,4,41,0
"Birmingham",2022,"Birmingham_406250_289250",406250,289250,53,45,1,7,46,0.0217391304347826
"Birmingham",2025,"Birmingham_406250_289250",406250,289250,50,29,0,21,29,0
"Birmingham",2016,"Birmingham_406500_289250",406500,289250,33,18,1,14,19,0.0526315789473684
"Birmingham",2019,"Birmingham_406500_289250",406500,289250,27,25,0,2,25,0
"Birmingham",2022,"Birmingham_406500_289250",406500,289250,32,28,0,4,28,0
"Birmingham",2025,"Birmingham_406500_289250",406500,289250,29,15,0,14,15,0
"Birmingham",2016,"Birmingham_406750_289250",406750,289250,16,6,1,9,7,0.142857142857143
"Birmingham",2019,"Birmingham_406750_289250",406750,289250,10,7,1,2,8,0.125
"Birmingham",2022,"Birmingham_406750_289250",406750,289250,10,8,1,1,9,0.111111111111111
"Birmingham",2025,"Birmingham_406750_289250",406750,289250,7,4,0,3,4,0
"Birmingham",2016,"Birmingham_407000_289250",407000,289250,7,7,0,0,7,0
"Birmingham",2019,"Birmingham_407000_289250",407000,289250,7,5,0,2,5,0
"Birmingham",2022,"Birmingham_407000_289250",407000,289250,7,6,0,1,6,0
"Birmingham",2025,"Birmingham_407000_289250",407000,289250,6,4,0,2,4,0
"Birmingham",2016,"Birmingham_407250_289250",407250,289250,2,1,0,1,1,0
"Birmingham",2019,"Birmingham_407250_289250",407250,289250,1,1,0,0,1,0
"Birmingham",2022,"Birmingham_407250_289250",407250,289250,1,1,0,0,1,0
"Birmingham",2025,"Birmingham_407250_289250",407250,289250,1,1,0,0,1,0
"Birmingham",2016,"Birmingham_407500_289250",407500,289250,3,3,0,0,3,0
"Birmingham",2019,"Birmingham_407500_289250",407500,289250,3,3,0,0,3,0
"Birmingham",2022,"Birmingham_407500_289250",407500,289250,3,3,0,0,3,0
"Birmingham",2025,"Birmingham_407500_289250",407500,289250,3,2,0,1,2,0
"Birmingham",2016,"Birmingham_407750_289250",407750,289250,1,1,0,0,1,0
"Birmingham",2019,"Birmingham_407750_289250",407750,289250,1,1,0,0,1,0
"Birmingham",2022,"Birmingham_407750_289250",407750,289250,1,1,0,0,1,0
"Birmingham",2025,"Birmingham_407750_289250",407750,289250,1,0,0,1,0,NA
"Birmingham",2016,"Birmingham_408500_289250",408500,289250,7,2,1,4,3,0.333333333333333
"Birmingham",2019,"Birmingham_408500_289250",408500,289250,8,5,1,2,6,0.166666666666667
"Birmingham",2022,"Birmingham_408500_289250",408500,289250,9,5,1,3,6,0.166666666666667
"Birmingham",2025,"Birmingham_408500_289250",408500,289250,6,2,1,3,3,0.333333333333333
"Birmingham",2016,"Birmingham_409000_289250",409000,289250,1,0,1,0,1,1
"Birmingham",2019,"Birmingham_409000_289250",409000,289250,1,0,0,1,0,NA
"Birmingham",2022,"Birmingham_409000_289250",409000,289250,1,0,0,1,0,NA
"Birmingham",2025,"Birmingham_409000_289250",409000,289250,2,0,0,2,0,NA
"Birmingham",2016,"Birmingham_409250_289250",409250,289250,2,0,0,2,0,NA
"Birmingham",2019,"Birmingham_409250_289250",409250,289250,2,2,0,0,2,0
"Birmingham",2022,"Birmingham_409250_289250",409250,289250,2,2,0,0,2,0
"Birmingham",2025,"Birmingham_409250_289250",409250,289250,2,2,0,0,2,0
"Birmingham",2016,"Birmingham_409750_289250",409750,289250,31,14,3,14,17,0.176470588235294
"Birmingham",2019,"Birmingham_409750_289250",409750,289250,27,19,3,5,22,0.136363636363636
"Birmingham",2022,"Birmingham_409750_289250",409750,289250,27,21,4,2,25,0.16
"Birmingham",2025,"Birmingham_409750_289250",409750,289250,22,5,0,17,5,0
"Birmingham",2016,"Birmingham_410000_289250",410000,289250,20,2,0,18,2,0
"Birmingham",2019,"Birmingham_410000_289250",410000,289250,14,5,9,0,14,0.642857142857143
"Birmingham",2022,"Birmingham_410000_289250",410000,289250,14,5,9,0,14,0.642857142857143
"Birmingham",2025,"Birmingham_410000_289250",410000,289250,1,0,0,1,0,NA
"Birmingham",2016,"Birmingham_411500_289250",411500,289250,6,2,0,4,2,0
"Birmingham",2019,"Birmingham_411500_289250",411500,289250,5,4,0,1,4,0
"Birmingham",2022,"Birmingham_411500_289250",411500,289250,5,4,0,1,4,0
"Birmingham",2025,"Birmingham_411500_289250",411500,289250,4,3,0,1,3,0
"Birmingham",2016,"Birmingham_413000_289250",413000,289250,1,1,0,0,1,0
"Birmingham",2019,"Birmingham_413000_289250",413000,289250,1,1,0,0,1,0
"Birmingham",2022,"Birmingham_413000_289250",413000,289250,1,1,0,0,1,0
"Birmingham",2016,"Birmingham_413250_289250",413250,289250,4,3,0,1,3,0
"Birmingham",2019,"Birmingham_413250_289250",413250,289250,4,4,0,0,4,0
"Birmingham",2022,"Birmingham_413250_289250",413250,289250,4,3,1,0,4,0.25
"Birmingham",2025,"Birmingham_413250_289250",413250,289250,4,2,0,2,2,0
"Birmingham",2016,"Birmingham_413500_289250",413500,289250,7,4,0,3,4,0
"Birmingham",2019,"Birmingham_413500_289250",413500,289250,5,4,0,1,4,0
"Birmingham",2022,"Birmingham_413500_289250",413500,289250,6,6,0,0,6,0
"Birmingham",2025,"Birmingham_413500_289250",413500,289250,6,3,0,3,3,0
"Birmingham",2016,"Birmingham_415250_289250",415250,289250,2,1,1,0,2,0.5
"Birmingham",2019,"Birmingham_415250_289250",415250,289250,2,2,0,0,2,0
"Birmingham",2022,"Birmingham_415250_289250",415250,289250,2,1,0,1,1,0
"Birmingham",2025,"Birmingham_415250_289250",415250,289250,2,1,0,1,1,0
"Birmingham",2016,"Birmingham_415500_289250",415500,289250,30,13,3,14,16,0.1875
"Birmingham",2019,"Birmingham_415500_289250",415500,289250,23,23,0,0,23,0
"Birmingham",2022,"Birmingham_415500_289250",415500,289250,23,19,2,2,21,0.0952380952380952
"Birmingham",2025,"Birmingham_415500_289250",415500,289250,25,7,0,18,7,0
"Birmingham",2016,"Birmingham_402750_289500",402750,289500,2,2,0,0,2,0
"Birmingham",2019,"Birmingham_402750_289500",402750,289500,2,2,0,0,2,0
"Birmingham",2022,"Birmingham_402750_289500",402750,289500,2,1,0,1,1,0
"Birmingham",2025,"Birmingham_402750_289500",402750,289500,2,1,1,0,2,0.5
"Birmingham",2016,"Birmingham_403000_289500",403000,289500,4,1,0,3,1,0
"Birmingham",2019,"Birmingham_403000_289500",403000,289500,4,3,0,1,3,0
"Birmingham",2022,"Birmingham_403000_289500",403000,289500,4,4,0,0,4,0
"Birmingham",2025,"Birmingham_403000_289500",403000,289500,4,4,0,0,4,0
"Birmingham",2016,"Birmingham_403250_289500",403250,289500,1,1,0,0,1,0
"Birmingham",2019,"Birmingham_403250_289500",403250,289500,1,1,0,0,1,0
"Birmingham",2022,"Birmingham_403250_289500",403250,289500,1,1,0,0,1,0
"Birmingham",2025,"Birmingham_403250_289500",403250,289500,1,1,0,0,1,0
"Birmingham",2016,"Birmingham_403500_289500",403500,289500,1,0,0,1,0,NA
"Birmingham",2019,"Birmingham_403500_289500",403500,289500,1,1,0,0,1,0
"Birmingham",2022,"Birmingham_403500_289500",403500,289500,2,2,0,0,2,0
"Birmingham",2025,"Birmingham_403500_289500",403500,289500,2,1,0,1,1,0
"Birmingham",2016,"Birmingham_403750_289500",403750,289500,13,4,1,8,5,0.2
"Birmingham",2019,"Birmingham_403750_289500",403750,289500,12,7,1,4,8,0.125
"Birmingham",2022,"Birmingham_403750_289500",403750,289500,15,11,1,3,12,0.0833333333333333
"Birmingham",2025,"Birmingham_403750_289500",403750,289500,10,6,1,3,7,0.142857142857143
"Birmingham",2016,"Birmingham_404000_289500",404000,289500,56,33,3,20,36,0.0833333333333333
"Birmingham",2019,"Birmingham_404000_289500",404000,289500,63,57,3,3,60,0.05
"Birmingham",2022,"Birmingham_404000_289500",404000,289500,69,57,3,9,60,0.05
"Birmingham",2025,"Birmingham_404000_289500",404000,289500,65,29,1,35,30,0.0333333333333333
"Birmingham",2016,"Birmingham_404250_289500",404250,289500,98,59,5,34,64,0.078125
"Birmingham",2019,"Birmingham_404250_289500",404250,289500,108,92,8,8,100,0.08
"Birmingham",2022,"Birmingham_404250_289500",404250,289500,114,98,6,10,104,0.0576923076923077
"Birmingham",2025,"Birmingham_404250_289500",404250,289500,113,50,2,61,52,0.0384615384615385
"Birmingham",2016,"Birmingham_404500_289500",404500,289500,28,11,3,14,14,0.214285714285714
"Birmingham",2019,"Birmingham_404500_289500",404500,289500,27,21,1,5,22,0.0454545454545455
"Birmingham",2022,"Birmingham_404500_289500",404500,289500,30,21,1,8,22,0.0454545454545455
"Birmingham",2025,"Birmingham_404500_289500",404500,289500,25,13,0,12,13,0
"Birmingham",2016,"Birmingham_405000_289500",405000,289500,1,0,0,1,0,NA
"Birmingham",2019,"Birmingham_405000_289500",405000,289500,1,1,0,0,1,0
"Birmingham",2022,"Birmingham_405000_289500",405000,289500,1,1,0,0,1,0
"Birmingham",2025,"Birmingham_405000_289500",405000,289500,1,1,0,0,1,0
"Birmingham",2016,"Birmingham_405250_289500",405250,289500,1,1,0,0,1,0
"Birmingham",2019,"Birmingham_405250_289500",405250,289500,1,1,0,0,1,0
"Birmingham",2022,"Birmingham_405250_289500",405250,289500,1,1,0,0,1,0
"Birmingham",2025,"Birmingham_405250_289500",405250,289500,1,1,0,0,1,0
"Birmingham",2016,"Birmingham_405500_289500",405500,289500,3,3,0,0,3,0
"Birmingham",2019,"Birmingham_405500_289500",405500,289500,3,3,0,0,3,0
"Birmingham",2022,"Birmingham_405500_289500",405500,289500,3,2,0,1,2,0
"Birmingham",2025,"Birmingham_405500_289500",405500,289500,3,1,0,2,1,0
"Birmingham",2016,"Birmingham_405750_289500",405750,289500,4,1,2,1,3,0.666666666666667
"Birmingham",2019,"Birmingham_405750_289500",405750,289500,4,4,0,0,4,0
"Birmingham",2022,"Birmingham_405750_289500",405750,289500,4,2,0,2,2,0
"Birmingham",2025,"Birmingham_405750_289500",405750,289500,4,1,0,3,1,0
"Birmingham",2016,"Birmingham_406000_289500",406000,289500,5,2,0,3,2,0
"Birmingham",2019,"Birmingham_406000_289500",406000,289500,4,4,0,0,4,0
"Birmingham",2022,"Birmingham_406000_289500",406000,289500,4,4,0,0,4,0
"Birmingham",2025,"Birmingham_406000_289500",406000,289500,4,2,0,2,2,0
"Birmingham",2016,"Birmingham_406250_289500",406250,289500,2,0,0,2,0,NA
"Birmingham",2019,"Birmingham_406250_289500",406250,289500,2,1,0,1,1,0
"Birmingham",2022,"Birmingham_406250_289500",406250,289500,2,1,0,1,1,0
"Birmingham",2025,"Birmingham_406250_289500",406250,289500,2,0,0,2,0,NA
"Birmingham",2016,"Birmingham_406500_289500",406500,289500,5,3,0,2,3,0
"Birmingham",2019,"Birmingham_406500_289500",406500,289500,4,4,0,0,4,0
"Birmingham",2022,"Birmingham_406500_289500",406500,289500,4,4,0,0,4,0
"Birmingham",2025,"Birmingham_406500_289500",406500,289500,4,3,0,1,3,0
"Birmingham",2016,"Birmingham_406750_289500",406750,289500,25,18,0,7,18,0
"Birmingham",2019,"Birmingham_406750_289500",406750,289500,21,19,0,2,19,0
"Birmingham",2022,"Birmingham_406750_289500",406750,289500,21,17,0,4,17,0
"Birmingham",2025,"Birmingham_406750_289500",406750,289500,22,14,0,8,14,0
"Birmingham",2016,"Birmingham_407000_289500",407000,289500,1,1,0,0,1,0
"Birmingham",2019,"Birmingham_407000_289500",407000,289500,1,1,0,0,1,0
"Birmingham",2022,"Birmingham_407000_289500",407000,289500,4,1,0,3,1,0
"Birmingham",2025,"Birmingham_407000_289500",407000,289500,3,0,0,3,0,NA
"Birmingham",2016,"Birmingham_407250_289500",407250,289500,8,6,0,2,6,0
"Birmingham",2019,"Birmingham_407250_289500",407250,289500,8,8,0,0,8,0
"Birmingham",2022,"Birmingham_407250_289500",407250,289500,8,8,0,0,8,0
"Birmingham",2025,"Birmingham_407250_289500",407250,289500,7,7,0,0,7,0
"Birmingham",2016,"Birmingham_407500_289500",407500,289500,5,4,0,1,4,0
"Birmingham",2019,"Birmingham_407500_289500",407500,289500,4,4,0,0,4,0
"Birmingham",2022,"Birmingham_407500_289500",407500,289500,5,4,0,1,4,0
"Birmingham",2025,"Birmingham_407500_289500",407500,289500,5,3,0,2,3,0
"Birmingham",2022,"Birmingham_408500_289500",408500,289500,1,1,0,0,1,0
"Birmingham",2016,"Birmingham_408750_289500",408750,289500,11,5,0,6,5,0
"Birmingham",2019,"Birmingham_408750_289500",408750,289500,7,6,0,1,6,0
"Birmingham",2022,"Birmingham_408750_289500",408750,289500,7,7,0,0,7,0
"Birmingham",2025,"Birmingham_408750_289500",408750,289500,7,6,0,1,6,0
"Birmingham",2016,"Birmingham_409000_289500",409000,289500,9,3,0,6,3,0
"Birmingham",2019,"Birmingham_409000_289500",409000,289500,8,5,1,2,6,0.166666666666667
"Birmingham",2022,"Birmingham_409000_289500",409000,289500,11,5,1,5,6,0.166666666666667
"Birmingham",2025,"Birmingham_409000_289500",409000,289500,7,3,0,4,3,0
"Birmingham",2016,"Birmingham_409250_289500",409250,289500,1,1,0,0,1,0
"Birmingham",2019,"Birmingham_409250_289500",409250,289500,1,1,0,0,1,0
"Birmingham",2022,"Birmingham_409250_289500",409250,289500,1,0,0,1,0,NA
"Birmingham",2025,"Birmingham_409250_289500",409250,289500,1,0,0,1,0,NA
"Birmingham",2016,"Birmingham_409500_289500",409500,289500,3,1,1,1,2,0.5
"Birmingham",2019,"Birmingham_409500_289500",409500,289500,2,1,1,0,2,0.5
"Birmingham",2022,"Birmingham_409500_289500",409500,289500,2,0,1,1,1,1
"Birmingham",2025,"Birmingham_409500_289500",409500,289500,1,0,0,1,0,NA
"Birmingham",2016,"Birmingham_409750_289500",409750,289500,2,1,0,1,1,0
"Birmingham",2019,"Birmingham_409750_289500",409750,289500,4,4,0,0,4,0
"Birmingham",2022,"Birmingham_409750_289500",409750,289500,4,3,0,1,3,0
"Birmingham",2025,"Birmingham_409750_289500",409750,289500,3,2,0,1,2,0
"Birmingham",2016,"Birmingham_411500_289500",411500,289500,5,0,0,5,0,NA
"Birmingham",2019,"Birmingham_411500_289500",411500,289500,4,2,1,1,3,0.333333333333333
"Birmingham",2022,"Birmingham_411500_289500",411500,289500,4,3,0,1,3,0
"Birmingham",2025,"Birmingham_411500_289500",411500,289500,2,0,0,2,0,NA
"Birmingham",2016,"Birmingham_412000_289500",412000,289500,1,1,0,0,1,0
"Birmingham",2019,"Birmingham_412000_289500",412000,289500,1,1,0,0,1,0
"Birmingham",2022,"Birmingham_412000_289500",412000,289500,1,1,0,0,1,0
"Birmingham",2025,"Birmingham_412000_289500",412000,289500,1,1,0,0,1,0
"Birmingham",2016,"Birmingham_413000_289500",413000,289500,5,1,0,4,1,0
"Birmingham",2019,"Birmingham_413000_289500",413000,289500,5,3,0,2,3,0
"Birmingham",2022,"Birmingham_413000_289500",413000,289500,5,3,0,2,3,0
"Birmingham",2025,"Birmingham_413000_289500",413000,289500,3,2,0,1,2,0
"Birmingham",2016,"Birmingham_402500_289750",402500,289750,4,3,0,1,3,0
"Birmingham",2019,"Birmingham_402500_289750",402500,289750,3,3,0,0,3,0
"Birmingham",2022,"Birmingham_402500_289750",402500,289750,7,4,2,1,6,0.333333333333333
"Birmingham",2025,"Birmingham_402500_289750",402500,289750,6,2,0,4,2,0
"Birmingham",2016,"Birmingham_403000_289750",403000,289750,2,1,0,1,1,0
"Birmingham",2019,"Birmingham_403000_289750",403000,289750,1,1,0,0,1,0
"Birmingham",2022,"Birmingham_403000_289750",403000,289750,1,1,0,0,1,0
"Birmingham",2025,"Birmingham_403000_289750",403000,289750,1,1,0,0,1,0
"Birmingham",2016,"Birmingham_403250_289750",403250,289750,43,27,2,14,29,0.0689655172413793
"Birmingham",2019,"Birmingham_403250_289750",403250,289750,37,35,0,2,35,0
"Birmingham",2022,"Birmingham_403250_289750",403250,289750,42,39,0,3,39,0
"Birmingham",2025,"Birmingham_403250_289750",403250,289750,40,26,0,14,26,0
"Birmingham",2016,"Birmingham_403500_289750",403500,289750,3,2,0,1,2,0
"Birmingham",2019,"Birmingham_403500_289750",403500,289750,3,2,1,0,3,0.333333333333333
"Birmingham",2022,"Birmingham_403500_289750",403500,289750,3,3,0,0,3,0
"Birmingham",2025,"Birmingham_403500_289750",403500,289750,4,2,0,2,2,0
"Birmingham",2016,"Birmingham_404000_289750",404000,289750,16,12,0,4,12,0
"Birmingham",2019,"Birmingham_404000_289750",404000,289750,14,11,0,3,11,0
"Birmingham",2022,"Birmingham_404000_289750",404000,289750,14,9,0,5,9,0
"Birmingham",2025,"Birmingham_404000_289750",404000,289750,14,4,0,10,4,0
"Birmingham",2016,"Birmingham_404250_289750",404250,289750,6,1,3,2,4,0.75
"Birmingham",2019,"Birmingham_404250_289750",404250,289750,5,5,0,0,5,0
"Birmingham",2022,"Birmingham_404250_289750",404250,289750,5,5,0,0,5,0
"Birmingham",2025,"Birmingham_404250_289750",404250,289750,5,5,0,0,5,0
"Birmingham",2016,"Birmingham_404500_289750",404500,289750,30,22,1,7,23,0.0434782608695652
"Birmingham",2019,"Birmingham_404500_289750",404500,289750,28,22,2,4,24,0.0833333333333333
"Birmingham",2022,"Birmingham_404500_289750",404500,289750,29,22,0,7,22,0
"Birmingham",2025,"Birmingham_404500_289750",404500,289750,29,17,0,12,17,0
"Birmingham",2016,"Birmingham_404750_289750",404750,289750,1,1,0,0,1,0
"Birmingham",2019,"Birmingham_404750_289750",404750,289750,1,1,0,0,1,0
"Birmingham",2022,"Birmingham_404750_289750",404750,289750,1,0,0,1,0,NA
"Birmingham",2025,"Birmingham_404750_289750",404750,289750,1,0,0,1,0,NA
"Birmingham",2016,"Birmingham_405500_289750",405500,289750,1,1,0,0,1,0
"Birmingham",2019,"Birmingham_405500_289750",405500,289750,1,1,0,0,1,0
"Birmingham",2022,"Birmingham_405500_289750",405500,289750,1,1,0,0,1,0
"Birmingham",2025,"Birmingham_405500_289750",405500,289750,1,1,0,0,1,0
"Birmingham",2016,"Birmingham_406000_289750",406000,289750,9,1,0,8,1,0
"Birmingham",2019,"Birmingham_406000_289750",406000,289750,4,2,2,0,4,0.5
"Birmingham",2022,"Birmingham_406000_289750",406000,289750,4,4,0,0,4,0
"Birmingham",2025,"Birmingham_406000_289750",406000,289750,4,2,0,2,2,0
"Birmingham",2016,"Birmingham_406250_289750",406250,289750,3,2,0,1,2,0
"Birmingham",2019,"Birmingham_406250_289750",406250,289750,3,3,0,0,3,0
"Birmingham",2022,"Birmingham_406250_289750",406250,289750,3,3,0,0,3,0
"Birmingham",2025,"Birmingham_406250_289750",406250,289750,3,3,0,0,3,0
"Birmingham",2016,"Birmingham_406500_289750",406500,289750,21,13,0,8,13,0
"Birmingham",2019,"Birmingham_406500_289750",406500,289750,17,17,0,0,17,0
"Birmingham",2022,"Birmingham_406500_289750",406500,289750,17,15,0,2,15,0
"Birmingham",2025,"Birmingham_406500_289750",406500,289750,19,9,0,10,9,0
"Birmingham",2016,"Birmingham_406750_289750",406750,289750,1,0,0,1,0,NA
"Birmingham",2019,"Birmingham_406750_289750",406750,289750,1,1,0,0,1,0
"Birmingham",2022,"Birmingham_406750_289750",406750,289750,1,1,0,0,1,0
"Birmingham",2025,"Birmingham_406750_289750",406750,289750,1,1,0,0,1,0
"Birmingham",2016,"Birmingham_407000_289750",407000,289750,5,2,0,3,2,0
"Birmingham",2019,"Birmingham_407000_289750",407000,289750,3,2,1,0,3,0.333333333333333
"Birmingham",2022,"Birmingham_407000_289750",407000,289750,3,3,0,0,3,0
"Birmingham",2025,"Birmingham_407000_289750",407000,289750,3,1,0,2,1,0
"Birmingham",2016,"Birmingham_407250_289750",407250,289750,30,19,0,11,19,0
"Birmingham",2019,"Birmingham_407250_289750",407250,289750,23,21,1,1,22,0.0454545454545455
"Birmingham",2022,"Birmingham_407250_289750",407250,289750,26,21,0,5,21,0
"Birmingham",2025,"Birmingham_407250_289750",407250,289750,24,18,0,6,18,0
"Birmingham",2016,"Birmingham_407500_289750",407500,289750,3,2,0,1,2,0
"Birmingham",2019,"Birmingham_407500_289750",407500,289750,2,2,0,0,2,0
"Birmingham",2022,"Birmingham_407500_289750",407500,289750,2,1,0,1,1,0
"Birmingham",2025,"Birmingham_407500_289750",407500,289750,2,0,0,2,0,NA
"Birmingham",2016,"Birmingham_408000_289750",408000,289750,2,1,0,1,1,0
"Birmingham",2019,"Birmingham_408000_289750",408000,289750,2,2,0,0,2,0
"Birmingham",2022,"Birmingham_408000_289750",408000,289750,2,2,0,0,2,0
"Birmingham",2025,"Birmingham_408000_289750",408000,289750,1,1,0,0,1,0
"Birmingham",2016,"Birmingham_408250_289750",408250,289750,2,0,0,2,0,NA
"Birmingham",2025,"Birmingham_408250_289750",408250,289750,1,0,0,1,0,NA
"Birmingham",2016,"Birmingham_408500_289750",408500,289750,3,1,0,2,1,0
"Birmingham",2019,"Birmingham_408500_289750",408500,289750,2,2,0,0,2,0
"Birmingham",2022,"Birmingham_408500_289750",408500,289750,3,2,1,0,3,0.333333333333333
"Birmingham",2025,"Birmingham_408500_289750",408500,289750,1,1,0,0,1,0
"Birmingham",2016,"Birmingham_408750_289750",408750,289750,5,2,0,3,2,0
"Birmingham",2019,"Birmingham_408750_289750",408750,289750,3,2,0,1,2,0
"Birmingham",2022,"Birmingham_408750_289750",408750,289750,3,3,0,0,3,0
"Birmingham",2025,"Birmingham_408750_289750",408750,289750,1,1,0,0,1,0
"Birmingham",2016,"Birmingham_409000_289750",409000,289750,7,3,1,3,4,0.25
"Birmingham",2019,"Birmingham_409000_289750",409000,289750,5,4,1,0,5,0.2
"Birmingham",2022,"Birmingham_409000_289750",409000,289750,5,4,1,0,5,0.2
"Birmingham",2025,"Birmingham_409000_289750",409000,289750,4,1,0,3,1,0
"Birmingham",2016,"Birmingham_409250_289750",409250,289750,2,1,0,1,1,0
"Birmingham",2019,"Birmingham_409250_289750",409250,289750,2,2,0,0,2,0
"Birmingham",2022,"Birmingham_409250_289750",409250,289750,3,3,0,0,3,0
"Birmingham",2025,"Birmingham_409250_289750",409250,289750,4,1,0,3,1,0
"Birmingham",2016,"Birmingham_409500_289750",409500,289750,1,1,0,0,1,0
"Birmingham",2019,"Birmingham_409500_289750",409500,289750,1,0,1,0,1,1
"Birmingham",2022,"Birmingham_409500_289750",409500,289750,1,1,0,0,1,0
"Birmingham",2025,"Birmingham_409500_289750",409500,289750,1,0,0,1,0,NA
"Birmingham",2016,"Birmingham_410000_289750",410000,289750,9,4,0,5,4,0
"Birmingham",2019,"Birmingham_410000_289750",410000,289750,4,4,0,0,4,0
"Birmingham",2022,"Birmingham_410000_289750",410000,289750,4,4,0,0,4,0
"Birmingham",2025,"Birmingham_410000_289750",410000,289750,4,4,0,0,4,0
"Birmingham",2016,"Birmingham_412250_289750",412250,289750,9,4,0,5,4,0
"Birmingham",2019,"Birmingham_412250_289750",412250,289750,9,8,1,0,9,0.111111111111111
"Birmingham",2022,"Birmingham_412250_289750",412250,289750,10,9,0,1,9,0
"Birmingham",2025,"Birmingham_412250_289750",412250,289750,10,2,0,8,2,0
"Birmingham",2016,"Birmingham_413000_289750",413000,289750,2,2,0,0,2,0
"Birmingham",2019,"Birmingham_413000_289750",413000,289750,2,2,0,0,2,0
"Birmingham",2022,"Birmingham_413000_289750",413000,289750,2,2,0,0,2,0
"Birmingham",2025,"Birmingham_413000_289750",413000,289750,2,1,0,1,1,0
"Birmingham",2016,"Birmingham_402750_290000",402750,290000,3,3,0,0,3,0
"Birmingham",2019,"Birmingham_402750_290000",402750,290000,3,2,1,0,3,0.333333333333333
"Birmingham",2022,"Birmingham_402750_290000",402750,290000,3,2,1,0,3,0.333333333333333
"Birmingham",2025,"Birmingham_402750_290000",402750,290000,3,0,0,3,0,NA
"Birmingham",2016,"Birmingham_403000_290000",403000,290000,11,6,1,4,7,0.142857142857143
"Birmingham",2019,"Birmingham_403000_290000",403000,290000,9,8,0,1,8,0
"Birmingham",2022,"Birmingham_403000_290000",403000,290000,13,13,0,0,13,0
"Birmingham",2025,"Birmingham_403000_290000",403000,290000,12,7,0,5,7,0
"Birmingham",2016,"Birmingham_403750_290000",403750,290000,1,1,0,0,1,0
"Birmingham",2019,"Birmingham_403750_290000",403750,290000,1,1,0,0,1,0
"Birmingham",2022,"Birmingham_403750_290000",403750,290000,1,1,0,0,1,0
"Birmingham",2016,"Birmingham_404000_290000",404000,290000,26,15,2,9,17,0.117647058823529
"Birmingham",2019,"Birmingham_404000_290000",404000,290000,22,20,0,2,20,0
"Birmingham",2022,"Birmingham_404000_290000",404000,290000,26,23,2,1,25,0.08
"Birmingham",2025,"Birmingham_404000_290000",404000,290000,25,11,4,10,15,0.266666666666667
"Birmingham",2016,"Birmingham_404250_290000",404250,290000,5,5,0,0,5,0
"Birmingham",2019,"Birmingham_404250_290000",404250,290000,5,5,0,0,5,0
"Birmingham",2022,"Birmingham_404250_290000",404250,290000,6,5,0,1,5,0
"Birmingham",2025,"Birmingham_404250_290000",404250,290000,5,3,0,2,3,0
"Birmingham",2016,"Birmingham_404500_290000",404500,290000,4,1,1,2,2,0.5
"Birmingham",2019,"Birmingham_404500_290000",404500,290000,2,2,0,0,2,0
"Birmingham",2022,"Birmingham_404500_290000",404500,290000,2,2,0,0,2,0
"Birmingham",2025,"Birmingham_404500_290000",404500,290000,2,2,0,0,2,0
"Birmingham",2016,"Birmingham_404750_290000",404750,290000,1,0,0,1,0,NA
"Birmingham",2016,"Birmingham_405500_290000",405500,290000,1,1,0,0,1,0
"Birmingham",2019,"Birmingham_405500_290000",405500,290000,1,0,1,0,1,1
"Birmingham",2022,"Birmingham_405500_290000",405500,290000,1,1,0,0,1,0
"Birmingham",2025,"Birmingham_405500_290000",405500,290000,1,1,0,0,1,0
"Birmingham",2016,"Birmingham_406000_290000",406000,290000,5,4,1,0,5,0.2
"Birmingham",2019,"Birmingham_406000_290000",406000,290000,5,3,1,1,4,0.25
"Birmingham",2022,"Birmingham_406000_290000",406000,290000,5,5,0,0,5,0
"Birmingham",2025,"Birmingham_406000_290000",406000,290000,5,3,0,2,3,0
"Birmingham",2016,"Birmingham_406250_290000",406250,290000,11,8,0,3,8,0
"Birmingham",2019,"Birmingham_406250_290000",406250,290000,8,8,0,0,8,0
"Birmingham",2022,"Birmingham_406250_290000",406250,290000,10,6,0,4,6,0
"Birmingham",2025,"Birmingham_406250_290000",406250,290000,9,4,0,5,4,0
"Birmingham",2016,"Birmingham_407000_290000",407000,290000,1,1,0,0,1,0
"Birmingham",2019,"Birmingham_407000_290000",407000,290000,1,1,0,0,1,0
"Birmingham",2022,"Birmingham_407000_290000",407000,290000,1,1,0,0,1,0
"Birmingham",2025,"Birmingham_407000_290000",407000,290000,1,1,0,0,1,0
"Birmingham",2016,"Birmingham_407250_290000",407250,290000,10,4,0,6,4,0
"Birmingham",2019,"Birmingham_407250_290000",407250,290000,8,7,0,1,7,0
"Birmingham",2022,"Birmingham_407250_290000",407250,290000,12,12,0,0,12,0
"Birmingham",2025,"Birmingham_407250_290000",407250,290000,11,10,0,1,10,0
"Birmingham",2016,"Birmingham_407500_290000",407500,290000,40,28,2,10,30,0.0666666666666667
"Birmingham",2019,"Birmingham_407500_290000",407500,290000,43,38,0,5,38,0
"Birmingham",2022,"Birmingham_407500_290000",407500,290000,46,39,0,7,39,0
"Birmingham",2025,"Birmingham_407500_290000",407500,290000,42,25,0,17,25,0
"Birmingham",2016,"Birmingham_408000_290000",408000,290000,1,1,0,0,1,0
"Birmingham",2019,"Birmingham_408000_290000",408000,290000,1,1,0,0,1,0
"Birmingham",2022,"Birmingham_408000_290000",408000,290000,1,1,0,0,1,0
"Birmingham",2025,"Birmingham_408000_290000",408000,290000,1,1,0,0,1,0
"Birmingham",2016,"Birmingham_409500_290000",409500,290000,2,1,0,1,1,0
"Birmingham",2019,"Birmingham_409500_290000",409500,290000,2,2,0,0,2,0
"Birmingham",2022,"Birmingham_409500_290000",409500,290000,3,2,0,1,2,0
"Birmingham",2025,"Birmingham_409500_290000",409500,290000,2,1,0,1,1,0
"Birmingham",2016,"Birmingham_409750_290000",409750,290000,2,2,0,0,2,0
"Birmingham",2019,"Birmingham_409750_290000",409750,290000,2,1,0,1,1,0
"Birmingham",2022,"Birmingham_409750_290000",409750,290000,1,1,0,0,1,0
"Birmingham",2025,"Birmingham_409750_290000",409750,290000,1,0,0,1,0,NA
"Birmingham",2016,"Birmingham_410500_290000",410500,290000,6,5,0,1,5,0
"Birmingham",2019,"Birmingham_410500_290000",410500,290000,6,6,0,0,6,0
"Birmingham",2022,"Birmingham_410500_290000",410500,290000,6,6,0,0,6,0
"Birmingham",2025,"Birmingham_410500_290000",410500,290000,6,4,0,2,4,0
"Birmingham",2016,"Birmingham_410750_290000",410750,290000,7,2,0,5,2,0
"Birmingham",2019,"Birmingham_410750_290000",410750,290000,3,2,1,0,3,0.333333333333333
"Birmingham",2022,"Birmingham_410750_290000",410750,290000,5,3,2,0,5,0.4
"Birmingham",2025,"Birmingham_410750_290000",410750,290000,4,2,1,1,3,0.333333333333333
"Birmingham",2016,"Birmingham_411000_290000",411000,290000,11,7,1,3,8,0.125
"Birmingham",2019,"Birmingham_411000_290000",411000,290000,10,10,0,0,10,0
"Birmingham",2022,"Birmingham_411000_290000",411000,290000,10,9,0,1,9,0
"Birmingham",2025,"Birmingham_411000_290000",411000,290000,10,6,0,4,6,0
"Birmingham",2016,"Birmingham_411250_290000",411250,290000,2,0,0,2,0,NA
"Birmingham",2019,"Birmingham_411250_290000",411250,290000,1,1,0,0,1,0
"Birmingham",2022,"Birmingham_411250_290000",411250,290000,1,1,0,0,1,0
"Birmingham",2025,"Birmingham_411250_290000",411250,290000,1,1,0,0,1,0
"Birmingham",2016,"Birmingham_412000_290000",412000,290000,50,23,3,24,26,0.115384615384615
"Birmingham",2019,"Birmingham_412000_290000",412000,290000,50,38,3,9,41,0.0731707317073171
"Birmingham",2022,"Birmingham_412000_290000",412000,290000,56,32,13,11,45,0.288888888888889
"Birmingham",2025,"Birmingham_412000_290000",412000,290000,46,18,1,27,19,0.0526315789473684
"Birmingham",2016,"Birmingham_412250_290000",412250,290000,7,2,0,5,2,0
"Birmingham",2019,"Birmingham_412250_290000",412250,290000,3,3,0,0,3,0
"Birmingham",2022,"Birmingham_412250_290000",412250,290000,3,3,0,0,3,0
"Birmingham",2025,"Birmingham_412250_290000",412250,290000,3,3,0,0,3,0
"Birmingham",2016,"Birmingham_412500_290000",412500,290000,16,5,0,11,5,0
"Birmingham",2019,"Birmingham_412500_290000",412500,290000,11,8,1,2,9,0.111111111111111
"Birmingham",2022,"Birmingham_412500_290000",412500,290000,10,9,1,0,10,0.1
"Birmingham",2025,"Birmingham_412500_290000",412500,290000,8,1,0,7,1,0
"Birmingham",2016,"Birmingham_413250_290000",413250,290000,2,0,0,2,0,NA
"Birmingham",2019,"Birmingham_413250_290000",413250,290000,2,1,1,0,2,0.5
"Birmingham",2022,"Birmingham_413250_290000",413250,290000,2,1,1,0,2,0.5
"Birmingham",2016,"Birmingham_404000_290250",404000,290250,33,25,0,8,25,0
"Birmingham",2019,"Birmingham_404000_290250",404000,290250,29,24,1,4,25,0.04
"Birmingham",2022,"Birmingham_404000_290250",404000,290250,34,33,0,1,33,0
"Birmingham",2025,"Birmingham_404000_290250",404000,290250,30,25,0,5,25,0
"Birmingham",2016,"Birmingham_404500_290250",404500,290250,1,0,0,1,0,NA
"Birmingham",2016,"Birmingham_405750_290250",405750,290250,11,6,0,5,6,0
"Birmingham",2019,"Birmingham_405750_290250",405750,290250,10,8,0,2,8,0
"Birmingham",2022,"Birmingham_405750_290250",405750,290250,11,10,0,1,10,0
"Birmingham",2025,"Birmingham_405750_290250",405750,290250,8,5,0,3,5,0
"Birmingham",2016,"Birmingham_406000_290250",406000,290250,7,4,0,3,4,0
"Birmingham",2019,"Birmingham_406000_290250",406000,290250,6,5,1,0,6,0.166666666666667
"Birmingham",2022,"Birmingham_406000_290250",406000,290250,6,5,1,0,6,0.166666666666667
"Birmingham",2025,"Birmingham_406000_290250",406000,290250,6,5,1,0,6,0.166666666666667
"Birmingham",2019,"Birmingham_406250_290250",406250,290250,1,1,0,0,1,0
"Birmingham",2022,"Birmingham_406250_290250",406250,290250,1,1,0,0,1,0
"Birmingham",2025,"Birmingham_406250_290250",406250,290250,1,1,0,0,1,0
"Birmingham",2016,"Birmingham_407250_290250",407250,290250,6,6,0,0,6,0
"Birmingham",2019,"Birmingham_407250_290250",407250,290250,7,6,0,1,6,0
"Birmingham",2022,"Birmingham_407250_290250",407250,290250,9,7,0,2,7,0
"Birmingham",2025,"Birmingham_407250_290250",407250,290250,15,4,0,11,4,0
"Birmingham",2016,"Birmingham_407500_290250",407500,290250,12,8,1,3,9,0.111111111111111
"Birmingham",2019,"Birmingham_407500_290250",407500,290250,12,8,2,2,10,0.2
"Birmingham",2022,"Birmingham_407500_290250",407500,290250,12,8,2,2,10,0.2
"Birmingham",2025,"Birmingham_407500_290250",407500,290250,11,6,1,4,7,0.142857142857143
"Birmingham",2016,"Birmingham_407750_290250",407750,290250,17,9,0,8,9,0
"Birmingham",2019,"Birmingham_407750_290250",407750,290250,16,13,1,2,14,0.0714285714285714
"Birmingham",2022,"Birmingham_407750_290250",407750,290250,16,15,0,1,15,0
"Birmingham",2025,"Birmingham_407750_290250",407750,290250,16,12,0,4,12,0
"Birmingham",2016,"Birmingham_408250_290250",408250,290250,6,2,0,4,2,0
"Birmingham",2019,"Birmingham_408250_290250",408250,290250,5,4,0,1,4,0
"Birmingham",2022,"Birmingham_408250_290250",408250,290250,5,4,0,1,4,0
"Birmingham",2025,"Birmingham_408250_290250",408250,290250,5,3,0,2,3,0
"Birmingham",2016,"Birmingham_408500_290250",408500,290250,10,6,1,3,7,0.142857142857143
"Birmingham",2019,"Birmingham_408500_290250",408500,290250,10,9,0,1,9,0
"Birmingham",2022,"Birmingham_408500_290250",408500,290250,11,10,0,1,10,0
"Birmingham",2025,"Birmingham_408500_290250",408500,290250,9,6,0,3,6,0
"Birmingham",2016,"Birmingham_409500_290250",409500,290250,1,0,0,1,0,NA
"Birmingham",2016,"Birmingham_409750_290250",409750,290250,1,0,0,1,0,NA
"Birmingham",2019,"Birmingham_409750_290250",409750,290250,1,1,0,0,1,0
"Birmingham",2022,"Birmingham_409750_290250",409750,290250,1,1,0,0,1,0
"Birmingham",2016,"Birmingham_411250_290250",411250,290250,7,3,0,4,3,0
"Birmingham",2019,"Birmingham_411250_290250",411250,290250,6,6,0,0,6,0
"Birmingham",2022,"Birmingham_411250_290250",411250,290250,7,7,0,0,7,0
"Birmingham",2025,"Birmingham_411250_290250",411250,290250,6,3,0,3,3,0
"Birmingham",2016,"Birmingham_411500_290250",411500,290250,4,3,1,0,4,0.25
"Birmingham",2019,"Birmingham_411500_290250",411500,290250,32,24,4,4,28,0.142857142857143
"Birmingham",2022,"Birmingham_411500_290250",411500,290250,6,6,0,0,6,0
"Birmingham",2025,"Birmingham_411500_290250",411500,290250,3,0,0,3,0,NA
"Birmingham",2016,"Birmingham_411750_290250",411750,290250,27,20,1,6,21,0.0476190476190476
"Birmingham",2019,"Birmingham_411750_290250",411750,290250,1,1,0,0,1,0
"Birmingham",2022,"Birmingham_411750_290250",411750,290250,27,20,2,5,22,0.0909090909090909
"Birmingham",2025,"Birmingham_411750_290250",411750,290250,27,3,0,24,3,0
"Birmingham",2016,"Birmingham_413500_290250",413500,290250,6,2,0,4,2,0
"Birmingham",2019,"Birmingham_413500_290250",413500,290250,7,7,0,0,7,0
"Birmingham",2022,"Birmingham_413500_290250",413500,290250,7,7,0,0,7,0
"Birmingham",2025,"Birmingham_413500_290250",413500,290250,3,2,0,1,2,0
"Birmingham",2016,"Birmingham_414000_290250",414000,290250,1,1,0,0,1,0
"Birmingham",2019,"Birmingham_414000_290250",414000,290250,1,1,0,0,1,0
"Birmingham",2022,"Birmingham_414000_290250",414000,290250,1,1,0,0,1,0
"Birmingham",2025,"Birmingham_414000_290250",414000,290250,1,0,0,1,0,NA
"Birmingham",2016,"Birmingham_403500_290500",403500,290500,6,5,0,1,5,0
"Birmingham",2019,"Birmingham_403500_290500",403500,290500,6,6,0,0,6,0
"Birmingham",2022,"Birmingham_403500_290500",403500,290500,6,6,0,0,6,0
"Birmingham",2025,"Birmingham_403500_290500",403500,290500,6,4,0,2,4,0
"Birmingham",2016,"Birmingham_403750_290500",403750,290500,4,0,2,2,2,1
"Birmingham",2019,"Birmingham_403750_290500",403750,290500,4,4,0,0,4,0
"Birmingham",2022,"Birmingham_403750_290500",403750,290500,4,4,0,0,4,0
"Birmingham",2025,"Birmingham_403750_290500",403750,290500,4,4,0,0,4,0
"Birmingham",2016,"Birmingham_404000_290500",404000,290500,32,24,0,8,24,0
"Birmingham",2019,"Birmingham_404000_290500",404000,290500,31,28,2,1,30,0.0666666666666667
"Birmingham",2022,"Birmingham_404000_290500",404000,290500,35,27,2,6,29,0.0689655172413793
"Birmingham",2025,"Birmingham_404000_290500",404000,290500,34,14,1,19,15,0.0666666666666667
"Birmingham",2016,"Birmingham_404250_290500",404250,290500,12,8,0,4,8,0
"Birmingham",2019,"Birmingham_404250_290500",404250,290500,12,10,1,1,11,0.0909090909090909
"Birmingham",2022,"Birmingham_404250_290500",404250,290500,11,10,0,1,10,0
"Birmingham",2025,"Birmingham_404250_290500",404250,290500,11,8,0,3,8,0
"Birmingham",2016,"Birmingham_404500_290500",404500,290500,26,21,0,5,21,0
"Birmingham",2019,"Birmingham_404500_290500",404500,290500,26,23,1,2,24,0.0416666666666667
"Birmingham",2022,"Birmingham_404500_290500",404500,290500,27,25,0,2,25,0
"Birmingham",2025,"Birmingham_404500_290500",404500,290500,27,20,0,7,20,0
"Birmingham",2016,"Birmingham_404750_290500",404750,290500,2,2,0,0,2,0
"Birmingham",2019,"Birmingham_404750_290500",404750,290500,2,2,0,0,2,0
"Birmingham",2022,"Birmingham_404750_290500",404750,290500,2,1,1,0,2,0.5
"Birmingham",2025,"Birmingham_404750_290500",404750,290500,2,1,0,1,1,0
"Birmingham",2016,"Birmingham_405250_290500",405250,290500,1,1,0,0,1,0
"Birmingham",2019,"Birmingham_405250_290500",405250,290500,1,1,0,0,1,0
"Birmingham",2022,"Birmingham_405250_290500",405250,290500,1,1,0,0,1,0
"Birmingham",2025,"Birmingham_405250_290500",405250,290500,1,1,0,0,1,0
"Birmingham",2016,"Birmingham_405750_290500",405750,290500,1,1,0,0,1,0
"Birmingham",2019,"Birmingham_405750_290500",405750,290500,1,1,0,0,1,0
"Birmingham",2022,"Birmingham_405750_290500",405750,290500,1,1,0,0,1,0
"Birmingham",2025,"Birmingham_405750_290500",405750,290500,1,1,0,0,1,0
"Birmingham",2016,"Birmingham_406000_290500",406000,290500,1,0,1,0,1,1
"Birmingham",2019,"Birmingham_406000_290500",406000,290500,1,0,1,0,1,1
"Birmingham",2022,"Birmingham_406000_290500",406000,290500,1,0,1,0,1,1
"Birmingham",2025,"Birmingham_406000_290500",406000,290500,1,0,1,0,1,1
"Birmingham",2016,"Birmingham_406750_290500",406750,290500,21,9,0,12,9,0
"Birmingham",2019,"Birmingham_406750_290500",406750,290500,22,19,1,2,20,0.05
"Birmingham",2022,"Birmingham_406750_290500",406750,290500,22,15,2,5,17,0.117647058823529
"Birmingham",2025,"Birmingham_406750_290500",406750,290500,18,9,0,9,9,0
"Birmingham",2025,"Birmingham_407000_290500",407000,290500,1,0,0,1,0,NA
"Birmingham",2016,"Birmingham_407250_290500",407250,290500,5,3,0,2,3,0
"Birmingham",2019,"Birmingham_407250_290500",407250,290500,4,3,0,1,3,0
"Birmingham",2022,"Birmingham_407250_290500",407250,290500,4,3,0,1,3,0
"Birmingham",2025,"Birmingham_407250_290500",407250,290500,4,1,0,3,1,0
"Birmingham",2016,"Birmingham_407500_290500",407500,290500,6,5,0,1,5,0
"Birmingham",2019,"Birmingham_407500_290500",407500,290500,6,5,0,1,5,0
"Birmingham",2022,"Birmingham_407500_290500",407500,290500,6,5,0,1,5,0
"Birmingham",2025,"Birmingham_407500_290500",407500,290500,6,4,0,2,4,0
"Birmingham",2016,"Birmingham_407750_290500",407750,290500,14,9,0,5,9,0
"Birmingham",2019,"Birmingham_407750_290500",407750,290500,12,11,0,1,11,0
"Birmingham",2022,"Birmingham_407750_290500",407750,290500,15,13,0,2,13,0
"Birmingham",2025,"Birmingham_407750_290500",407750,290500,12,8,0,4,8,0
"Birmingham",2016,"Birmingham_408000_290500",408000,290500,19,10,1,8,11,0.0909090909090909
"Birmingham",2019,"Birmingham_408000_290500",408000,290500,14,12,1,1,13,0.0769230769230769
"Birmingham",2022,"Birmingham_408000_290500",408000,290500,14,12,0,2,12,0
"Birmingham",2025,"Birmingham_408000_290500",408000,290500,13,10,0,3,10,0
"Birmingham",2016,"Birmingham_408500_290500",408500,290500,1,1,0,0,1,0
"Birmingham",2019,"Birmingham_408500_290500",408500,290500,1,1,0,0,1,0
"Birmingham",2022,"Birmingham_408500_290500",408500,290500,1,1,0,0,1,0
"Birmingham",2025,"Birmingham_408500_290500",408500,290500,1,0,0,1,0,NA
"Birmingham",2016,"Birmingham_409500_290500",409500,290500,2,2,0,0,2,0
"Birmingham",2019,"Birmingham_409500_290500",409500,290500,1,1,0,0,1,0
"Birmingham",2022,"Birmingham_409500_290500",409500,290500,2,2,0,0,2,0
"Birmingham",2025,"Birmingham_409500_290500",409500,290500,1,1,0,0,1,0
"Birmingham",2016,"Birmingham_409750_290500",409750,290500,15,5,1,9,6,0.166666666666667
"Birmingham",2019,"Birmingham_409750_290500",409750,290500,15,12,0,3,12,0
"Birmingham",2022,"Birmingham_409750_290500",409750,290500,15,10,0,5,10,0
"Birmingham",2025,"Birmingham_409750_290500",409750,290500,11,6,0,5,6,0
"Birmingham",2016,"Birmingham_411250_290500",411250,290500,10,4,0,6,4,0
"Birmingham",2019,"Birmingham_411250_290500",411250,290500,7,6,0,1,6,0
"Birmingham",2022,"Birmingham_411250_290500",411250,290500,8,5,0,3,5,0
"Birmingham",2025,"Birmingham_411250_290500",411250,290500,7,4,0,3,4,0
"Birmingham",2016,"Birmingham_411500_290500",411500,290500,2,0,0,2,0,NA
"Birmingham",2019,"Birmingham_411500_290500",411500,290500,1,1,0,0,1,0
"Birmingham",2022,"Birmingham_411500_290500",411500,290500,1,1,0,0,1,0
"Birmingham",2025,"Birmingham_411500_290500",411500,290500,1,1,0,0,1,0
"Birmingham",2016,"Birmingham_412000_290500",412000,290500,5,1,0,4,1,0
"Birmingham",2019,"Birmingham_412000_290500",412000,290500,6,3,0,3,3,0
"Birmingham",2022,"Birmingham_412000_290500",412000,290500,9,5,0,4,5,0
"Birmingham",2025,"Birmingham_412000_290500",412000,290500,5,1,0,4,1,0
"Birmingham",2025,"Birmingham_412750_290500",412750,290500,1,0,0,1,0,NA
"Birmingham",2016,"Birmingham_414000_290500",414000,290500,1,1,0,0,1,0
"Birmingham",2019,"Birmingham_414000_290500",414000,290500,1,1,0,0,1,0
"Birmingham",2022,"Birmingham_414000_290500",414000,290500,1,1,0,0,1,0
"Birmingham",2025,"Birmingham_414000_290500",414000,290500,1,1,0,0,1,0
"Birmingham",2016,"Birmingham_414250_290500",414250,290500,1,1,0,0,1,0
"Birmingham",2019,"Birmingham_414250_290500",414250,290500,1,1,0,0,1,0
"Birmingham",2022,"Birmingham_414250_290500",414250,290500,1,1,0,0,1,0
"Birmingham",2025,"Birmingham_414250_290500",414250,290500,1,0,0,1,0,NA
"Birmingham",2016,"Birmingham_403750_290750",403750,290750,3,0,1,2,1,1
"Birmingham",2019,"Birmingham_403750_290750",403750,290750,1,0,1,0,1,1
"Birmingham",2022,"Birmingham_403750_290750",403750,290750,1,0,1,0,1,1
"Birmingham",2025,"Birmingham_403750_290750",403750,290750,1,0,0,1,0,NA
"Birmingham",2016,"Birmingham_404000_290750",404000,290750,4,2,1,1,3,0.333333333333333
"Birmingham",2019,"Birmingham_404000_290750",404000,290750,4,3,1,0,4,0.25
"Birmingham",2022,"Birmingham_404000_290750",404000,290750,4,3,1,0,4,0.25
"Birmingham",2025,"Birmingham_404000_290750",404000,290750,4,2,1,1,3,0.333333333333333
"Birmingham",2016,"Birmingham_404250_290750",404250,290750,3,3,0,0,3,0
"Birmingham",2019,"Birmingham_404250_290750",404250,290750,3,3,0,0,3,0
"Birmingham",2022,"Birmingham_404250_290750",404250,290750,3,2,0,1,2,0
"Birmingham",2025,"Birmingham_404250_290750",404250,290750,3,1,0,2,1,0
"Birmingham",2016,"Birmingham_404500_290750",404500,290750,9,7,1,1,8,0.125
"Birmingham",2019,"Birmingham_404500_290750",404500,290750,9,7,0,2,7,0
"Birmingham",2022,"Birmingham_404500_290750",404500,290750,12,9,0,3,9,0
"Birmingham",2025,"Birmingham_404500_290750",404500,290750,8,2,0,6,2,0
"Birmingham",2016,"Birmingham_406000_290750",406000,290750,4,1,0,3,1,0
"Birmingham",2019,"Birmingham_406000_290750",406000,290750,4,2,1,1,3,0.333333333333333
"Birmingham",2022,"Birmingham_406000_290750",406000,290750,4,2,1,1,3,0.333333333333333
"Birmingham",2025,"Birmingham_406000_290750",406000,290750,3,2,0,1,2,0
"Birmingham",2016,"Birmingham_406250_290750",406250,290750,1,1,0,0,1,0
"Birmingham",2019,"Birmingham_406250_290750",406250,290750,1,1,0,0,1,0
"Birmingham",2022,"Birmingham_406250_290750",406250,290750,1,1,0,0,1,0
"Birmingham",2025,"Birmingham_406250_290750",406250,290750,1,1,0,0,1,0
"Birmingham",2016,"Birmingham_406500_290750",406500,290750,35,17,0,18,17,0
"Birmingham",2019,"Birmingham_406500_290750",406500,290750,32,27,2,3,29,0.0689655172413793
"Birmingham",2022,"Birmingham_406500_290750",406500,290750,34,27,2,5,29,0.0689655172413793
"Birmingham",2025,"Birmingham_406500_290750",406500,290750,33,16,1,16,17,0.0588235294117647
"Birmingham",2016,"Birmingham_406750_290750",406750,290750,36,24,2,10,26,0.0769230769230769
"Birmingham",2019,"Birmingham_406750_290750",406750,290750,29,23,6,0,29,0.206896551724138
"Birmingham",2022,"Birmingham_406750_290750",406750,290750,32,20,12,0,32,0.375
"Birmingham",2025,"Birmingham_406750_290750",406750,290750,3,2,0,1,2,0
"Birmingham",2016,"Birmingham_407000_290750",407000,290750,1,0,1,0,1,1
"Birmingham",2019,"Birmingham_407000_290750",407000,290750,1,0,1,0,1,1
"Birmingham",2022,"Birmingham_407000_290750",407000,290750,1,0,0,1,0,NA
"Birmingham",2025,"Birmingham_407000_290750",407000,290750,1,0,0,1,0,NA
"Birmingham",2016,"Birmingham_408000_290750",408000,290750,1,0,0,1,0,NA
"Birmingham",2019,"Birmingham_408000_290750",408000,290750,1,1,0,0,1,0
"Birmingham",2022,"Birmingham_408000_290750",408000,290750,1,1,0,0,1,0
"Birmingham",2025,"Birmingham_408000_290750",408000,290750,1,1,0,0,1,0
"Birmingham",2016,"Birmingham_408250_290750",408250,290750,3,3,0,0,3,0
"Birmingham",2019,"Birmingham_408250_290750",408250,290750,3,3,0,0,3,0
"Birmingham",2022,"Birmingham_408250_290750",408250,290750,3,3,0,0,3,0
"Birmingham",2025,"Birmingham_408250_290750",408250,290750,3,1,0,2,1,0
"Birmingham",2016,"Birmingham_408500_290750",408500,290750,4,2,0,2,2,0
"Birmingham",2019,"Birmingham_408500_290750",408500,290750,3,2,0,1,2,0
"Birmingham",2022,"Birmingham_408500_290750",408500,290750,3,1,1,1,2,0.5
"Birmingham",2025,"Birmingham_408500_290750",408500,290750,4,1,1,2,2,0.5
"Birmingham",2016,"Birmingham_409500_290750",409500,290750,1,0,0,1,0,NA
"Birmingham",2019,"Birmingham_409500_290750",409500,290750,1,1,0,0,1,0
"Birmingham",2022,"Birmingham_409500_290750",409500,290750,1,1,0,0,1,0
"Birmingham",2025,"Birmingham_409500_290750",409500,290750,1,1,0,0,1,0
"Birmingham",2016,"Birmingham_409750_290750",409750,290750,36,14,1,21,15,0.0666666666666667
"Birmingham",2019,"Birmingham_409750_290750",409750,290750,38,27,4,7,31,0.129032258064516
"Birmingham",2022,"Birmingham_409750_290750",409750,290750,40,26,2,12,28,0.0714285714285714
"Birmingham",2025,"Birmingham_409750_290750",409750,290750,32,15,2,15,17,0.117647058823529
"Birmingham",2016,"Birmingham_411000_290750",411000,290750,3,2,0,1,2,0
"Birmingham",2019,"Birmingham_411000_290750",411000,290750,3,3,0,0,3,0
"Birmingham",2022,"Birmingham_411000_290750",411000,290750,3,3,0,0,3,0
"Birmingham",2025,"Birmingham_411000_290750",411000,290750,3,2,0,1,2,0
"Birmingham",2016,"Birmingham_412250_290750",412250,290750,3,2,0,1,2,0
"Birmingham",2019,"Birmingham_412250_290750",412250,290750,3,3,0,0,3,0
"Birmingham",2022,"Birmingham_412250_290750",412250,290750,2,2,0,0,2,0
"Birmingham",2025,"Birmingham_412250_290750",412250,290750,2,1,0,1,1,0
"Birmingham",2016,"Birmingham_412500_290750",412500,290750,8,5,0,3,5,0
"Birmingham",2019,"Birmingham_412500_290750",412500,290750,8,8,0,0,8,0
"Birmingham",2022,"Birmingham_412500_290750",412500,290750,7,7,0,0,7,0
"Birmingham",2025,"Birmingham_412500_290750",412500,290750,7,4,0,3,4,0
"Birmingham",2016,"Birmingham_414250_290750",414250,290750,5,2,0,3,2,0
"Birmingham",2019,"Birmingham_414250_290750",414250,290750,4,4,0,0,4,0
"Birmingham",2022,"Birmingham_414250_290750",414250,290750,4,4,0,0,4,0
"Birmingham",2025,"Birmingham_414250_290750",414250,290750,4,3,0,1,3,0
"Birmingham",2016,"Birmingham_406250_291000",406250,291000,1,1,0,0,1,0
"Birmingham",2019,"Birmingham_406250_291000",406250,291000,1,1,0,0,1,0
"Birmingham",2022,"Birmingham_406250_291000",406250,291000,1,0,1,0,1,1
"Birmingham",2016,"Birmingham_406500_291000",406500,291000,115,42,1,72,43,0.0232558139534884
"Birmingham",2019,"Birmingham_406500_291000",406500,291000,73,64,1,8,65,0.0153846153846154
"Birmingham",2022,"Birmingham_406500_291000",406500,291000,98,70,10,18,80,0.125
"Birmingham",2025,"Birmingham_406500_291000",406500,291000,79,29,0,50,29,0
"Birmingham",2016,"Birmingham_407000_291000",407000,291000,1,0,0,1,0,NA
"Birmingham",2019,"Birmingham_407000_291000",407000,291000,1,1,0,0,1,0
"Birmingham",2022,"Birmingham_407000_291000",407000,291000,1,1,0,0,1,0
"Birmingham",2025,"Birmingham_407000_291000",407000,291000,1,0,0,1,0,NA
"Birmingham",2016,"Birmingham_409500_291000",409500,291000,3,1,0,2,1,0
"Birmingham",2019,"Birmingham_409500_291000",409500,291000,2,2,0,0,2,0
"Birmingham",2022,"Birmingham_409500_291000",409500,291000,2,2,0,0,2,0
"Birmingham",2025,"Birmingham_409500_291000",409500,291000,2,2,0,0,2,0
"Birmingham",2016,"Birmingham_409750_291000",409750,291000,31,19,1,11,20,0.05
"Birmingham",2019,"Birmingham_409750_291000",409750,291000,30,22,5,3,27,0.185185185185185
"Birmingham",2022,"Birmingham_409750_291000",409750,291000,34,25,5,4,30,0.166666666666667
"Birmingham",2025,"Birmingham_409750_291000",409750,291000,32,19,2,11,21,0.0952380952380952
"Birmingham",2016,"Birmingham_410000_291000",410000,291000,3,3,0,0,3,0
"Birmingham",2019,"Birmingham_410000_291000",410000,291000,3,2,1,0,3,0.333333333333333
"Birmingham",2022,"Birmingham_410000_291000",410000,291000,3,2,1,0,3,0.333333333333333
"Birmingham",2025,"Birmingham_410000_291000",410000,291000,3,0,0,3,0,NA
"Birmingham",2016,"Birmingham_410500_291000",410500,291000,1,0,1,0,1,1
"Birmingham",2019,"Birmingham_410500_291000",410500,291000,1,1,0,0,1,0
"Birmingham",2022,"Birmingham_410500_291000",410500,291000,2,2,0,0,2,0
"Birmingham",2025,"Birmingham_410500_291000",410500,291000,2,2,0,0,2,0
"Birmingham",2016,"Birmingham_410750_291000",410750,291000,1,0,0,1,0,NA
"Birmingham",2019,"Birmingham_410750_291000",410750,291000,1,1,0,0,1,0
"Birmingham",2022,"Birmingham_410750_291000",410750,291000,1,1,0,0,1,0
"Birmingham",2025,"Birmingham_410750_291000",410750,291000,1,1,0,0,1,0
"Birmingham",2016,"Birmingham_412000_291000",412000,291000,29,23,1,5,24,0.0416666666666667
"Birmingham",2019,"Birmingham_412000_291000",412000,291000,27,24,1,2,25,0.04
"Birmingham",2022,"Birmingham_412000_291000",412000,291000,30,21,2,7,23,0.0869565217391304
"Birmingham",2025,"Birmingham_412000_291000",412000,291000,27,12,0,15,12,0
"Birmingham",2016,"Birmingham_412250_291000",412250,291000,19,10,0,9,10,0
"Birmingham",2019,"Birmingham_412250_291000",412250,291000,15,14,0,1,14,0
"Birmingham",2022,"Birmingham_412250_291000",412250,291000,16,14,0,2,14,0
"Birmingham",2025,"Birmingham_412250_291000",412250,291000,14,11,0,3,11,0
"Birmingham",2016,"Birmingham_412500_291000",412500,291000,18,11,0,7,11,0
"Birmingham",2019,"Birmingham_412500_291000",412500,291000,12,11,0,1,11,0
"Birmingham",2022,"Birmingham_412500_291000",412500,291000,12,10,1,1,11,0.0909090909090909
"Birmingham",2025,"Birmingham_412500_291000",412500,291000,12,3,0,9,3,0
"Birmingham",2016,"Birmingham_413000_291000",413000,291000,6,2,1,3,3,0.333333333333333
"Birmingham",2019,"Birmingham_413000_291000",413000,291000,6,4,2,0,6,0.333333333333333
"Birmingham",2022,"Birmingham_413000_291000",413000,291000,6,4,2,0,6,0.333333333333333
"Birmingham",2025,"Birmingham_413000_291000",413000,291000,4,4,0,0,4,0
"Birmingham",2016,"Birmingham_413250_291000",413250,291000,15,8,1,6,9,0.111111111111111
"Birmingham",2019,"Birmingham_413250_291000",413250,291000,19,13,3,3,16,0.1875
"Birmingham",2022,"Birmingham_413250_291000",413250,291000,19,15,3,1,18,0.166666666666667
"Birmingham",2025,"Birmingham_413250_291000",413250,291000,17,9,0,8,9,0
"Birmingham",2016,"Birmingham_413750_291000",413750,291000,8,4,0,4,4,0
"Birmingham",2019,"Birmingham_413750_291000",413750,291000,13,9,2,2,11,0.181818181818182
"Birmingham",2022,"Birmingham_413750_291000",413750,291000,18,16,0,2,16,0
"Birmingham",2025,"Birmingham_413750_291000",413750,291000,14,9,0,5,9,0
"Birmingham",2016,"Birmingham_414000_291000",414000,291000,2,0,0,2,0,NA
"Birmingham",2019,"Birmingham_414000_291000",414000,291000,2,2,0,0,2,0
"Birmingham",2022,"Birmingham_414000_291000",414000,291000,2,2,0,0,2,0
"Birmingham",2016,"Birmingham_414250_291000",414250,291000,1,0,0,1,0,NA
"Birmingham",2019,"Birmingham_414250_291000",414250,291000,1,0,0,1,0,NA
"Birmingham",2022,"Birmingham_414250_291000",414250,291000,1,0,0,1,0,NA
"Birmingham",2025,"Birmingham_414250_291000",414250,291000,1,0,0,1,0,NA
"Birmingham",2016,"Birmingham_406750_291250",406750,291250,62,31,4,27,35,0.114285714285714
"Birmingham",2019,"Birmingham_406750_291250",406750,291250,55,47,3,5,50,0.06
"Birmingham",2022,"Birmingham_406750_291250",406750,291250,58,48,4,6,52,0.0769230769230769
"Birmingham",2025,"Birmingham_406750_291250",406750,291250,50,26,0,24,26,0
"Birmingham",2016,"Birmingham_407000_291250",407000,291250,3,2,0,1,2,0
"Birmingham",2019,"Birmingham_407000_291250",407000,291250,2,2,0,0,2,0
"Birmingham",2022,"Birmingham_407000_291250",407000,291250,2,2,0,0,2,0
"Birmingham",2016,"Birmingham_407250_291250",407250,291250,1,1,0,0,1,0
"Birmingham",2019,"Birmingham_407250_291250",407250,291250,1,1,0,0,1,0
"Birmingham",2022,"Birmingham_407250_291250",407250,291250,1,1,0,0,1,0
"Birmingham",2016,"Birmingham_409250_291250",409250,291250,1,1,0,0,1,0
"Birmingham",2019,"Birmingham_409250_291250",409250,291250,1,1,0,0,1,0
"Birmingham",2022,"Birmingham_409250_291250",409250,291250,1,0,1,0,1,1
"Birmingham",2025,"Birmingham_409250_291250",409250,291250,1,0,1,0,1,1
"Birmingham",2016,"Birmingham_409500_291250",409500,291250,1,0,0,1,0,NA
"Birmingham",2016,"Birmingham_409750_291250",409750,291250,3,2,0,1,2,0
"Birmingham",2019,"Birmingham_409750_291250",409750,291250,3,2,0,1,2,0
"Birmingham",2022,"Birmingham_409750_291250",409750,291250,3,2,0,1,2,0
"Birmingham",2025,"Birmingham_409750_291250",409750,291250,3,2,0,1,2,0
"Birmingham",2016,"Birmingham_410500_291250",410500,291250,15,7,3,5,10,0.3
"Birmingham",2019,"Birmingham_410500_291250",410500,291250,14,11,2,1,13,0.153846153846154
"Birmingham",2022,"Birmingham_410500_291250",410500,291250,15,14,0,1,14,0
"Birmingham",2025,"Birmingham_410500_291250",410500,291250,14,9,0,5,9,0
"Birmingham",2016,"Birmingham_410750_291250",410750,291250,10,4,0,6,4,0
"Birmingham",2019,"Birmingham_410750_291250",410750,291250,8,8,0,0,8,0
"Birmingham",2022,"Birmingham_410750_291250",410750,291250,8,4,1,3,5,0.2
"Birmingham",2025,"Birmingham_410750_291250",410750,291250,8,2,0,6,2,0
"Birmingham",2016,"Birmingham_411000_291250",411000,291250,6,3,0,3,3,0
"Birmingham",2019,"Birmingham_411000_291250",411000,291250,6,4,0,2,4,0
"Birmingham",2022,"Birmingham_411000_291250",411000,291250,6,2,0,4,2,0
"Birmingham",2025,"Birmingham_411000_291250",411000,291250,4,4,0,0,4,0
"Birmingham",2016,"Birmingham_411250_291250",411250,291250,1,0,0,1,0,NA
"Birmingham",2019,"Birmingham_411250_291250",411250,291250,1,1,0,0,1,0
"Birmingham",2022,"Birmingham_411250_291250",411250,291250,1,1,0,0,1,0
"Birmingham",2025,"Birmingham_411250_291250",411250,291250,1,1,0,0,1,0
"Birmingham",2016,"Birmingham_412000_291250",412000,291250,3,1,1,1,2,0.5
"Birmingham",2019,"Birmingham_412000_291250",412000,291250,3,2,1,0,3,0.333333333333333
"Birmingham",2022,"Birmingham_412000_291250",412000,291250,3,2,0,1,2,0
"Birmingham",2025,"Birmingham_412000_291250",412000,291250,3,1,0,2,1,0
"Birmingham",2016,"Birmingham_412750_291250",412750,291250,1,0,0,1,0,NA
"Birmingham",2019,"Birmingham_412750_291250",412750,291250,1,1,0,0,1,0
"Birmingham",2022,"Birmingham_412750_291250",412750,291250,1,1,0,0,1,0
"Birmingham",2025,"Birmingham_412750_291250",412750,291250,1,1,0,0,1,0
"Birmingham",2016,"Birmingham_413250_291250",413250,291250,6,3,0,3,3,0
"Birmingham",2019,"Birmingham_413250_291250",413250,291250,4,3,1,0,4,0.25
"Birmingham",2022,"Birmingham_413250_291250",413250,291250,7,5,0,2,5,0
"Birmingham",2025,"Birmingham_413250_291250",413250,291250,5,1,0,4,1,0
"Birmingham",2016,"Birmingham_413500_291250",413500,291250,4,3,0,1,3,0
"Birmingham",2019,"Birmingham_413500_291250",413500,291250,4,3,1,0,4,0.25
"Birmingham",2022,"Birmingham_413500_291250",413500,291250,4,4,0,0,4,0
"Birmingham",2025,"Birmingham_413500_291250",413500,291250,6,3,0,3,3,0
"Birmingham",2016,"Birmingham_414750_291250",414750,291250,9,6,0,3,6,0
"Birmingham",2019,"Birmingham_414750_291250",414750,291250,9,6,1,2,7,0.142857142857143
"Birmingham",2022,"Birmingham_414750_291250",414750,291250,9,7,0,2,7,0
"Birmingham",2025,"Birmingham_414750_291250",414750,291250,9,4,0,5,4,0
"Birmingham",2016,"Birmingham_405250_291500",405250,291500,8,7,0,1,7,0
"Birmingham",2019,"Birmingham_405250_291500",405250,291500,8,6,1,1,7,0.142857142857143
"Birmingham",2022,"Birmingham_405250_291500",405250,291500,8,5,1,2,6,0.166666666666667
"Birmingham",2025,"Birmingham_405250_291500",405250,291500,6,1,0,5,1,0
"Birmingham",2016,"Birmingham_407000_291500",407000,291500,1,1,0,0,1,0
"Birmingham",2019,"Birmingham_407000_291500",407000,291500,1,1,0,0,1,0
"Birmingham",2022,"Birmingham_407000_291500",407000,291500,1,0,1,0,1,1
"Birmingham",2025,"Birmingham_407000_291500",407000,291500,1,0,0,1,0,NA
"Birmingham",2016,"Birmingham_408500_291500",408500,291500,9,5,0,4,5,0
"Birmingham",2019,"Birmingham_408500_291500",408500,291500,6,6,0,0,6,0
"Birmingham",2022,"Birmingham_408500_291500",408500,291500,6,5,0,1,5,0
"Birmingham",2025,"Birmingham_408500_291500",408500,291500,6,2,0,4,2,0
"Birmingham",2016,"Birmingham_408750_291500",408750,291500,6,5,0,1,5,0
"Birmingham",2019,"Birmingham_408750_291500",408750,291500,5,3,0,2,3,0
"Birmingham",2022,"Birmingham_408750_291500",408750,291500,5,4,0,1,4,0
"Birmingham",2025,"Birmingham_408750_291500",408750,291500,5,3,0,2,3,0
"Birmingham",2016,"Birmingham_409500_291500",409500,291500,3,1,0,2,1,0
"Birmingham",2019,"Birmingham_409500_291500",409500,291500,2,2,0,0,2,0
"Birmingham",2022,"Birmingham_409500_291500",409500,291500,2,2,0,0,2,0
"Birmingham",2025,"Birmingham_409500_291500",409500,291500,2,1,0,1,1,0
"Birmingham",2016,"Birmingham_410250_291500",410250,291500,4,3,0,1,3,0
"Birmingham",2019,"Birmingham_410250_291500",410250,291500,3,3,0,0,3,0
"Birmingham",2022,"Birmingham_410250_291500",410250,291500,3,3,0,0,3,0
"Birmingham",2025,"Birmingham_410250_291500",410250,291500,3,2,0,1,2,0
"Birmingham",2016,"Birmingham_410500_291500",410500,291500,51,24,0,27,24,0
"Birmingham",2019,"Birmingham_410500_291500",410500,291500,49,40,3,6,43,0.0697674418604651
"Birmingham",2022,"Birmingham_410500_291500",410500,291500,51,39,2,10,41,0.0487804878048781
"Birmingham",2025,"Birmingham_410500_291500",410500,291500,47,17,0,30,17,0
"Birmingham",2016,"Birmingham_410750_291500",410750,291500,88,51,3,34,54,0.0555555555555556
"Birmingham",2019,"Birmingham_410750_291500",410750,291500,84,70,7,7,77,0.0909090909090909
"Birmingham",2022,"Birmingham_410750_291500",410750,291500,84,70,4,10,74,0.0540540540540541
"Birmingham",2025,"Birmingham_410750_291500",410750,291500,80,33,2,45,35,0.0571428571428571
"Birmingham",2016,"Birmingham_411000_291500",411000,291500,2,1,0,1,1,0
"Birmingham",2019,"Birmingham_411000_291500",411000,291500,2,2,0,0,2,0
"Birmingham",2022,"Birmingham_411000_291500",411000,291500,2,2,0,0,2,0
"Birmingham",2025,"Birmingham_411000_291500",411000,291500,2,2,0,0,2,0
"Birmingham",2016,"Birmingham_411250_291500",411250,291500,1,1,0,0,1,0
"Birmingham",2019,"Birmingham_411250_291500",411250,291500,1,1,0,0,1,0
"Birmingham",2022,"Birmingham_411250_291500",411250,291500,1,1,0,0,1,0
"Birmingham",2025,"Birmingham_411250_291500",411250,291500,1,1,0,0,1,0
"Birmingham",2016,"Birmingham_411750_291500",411750,291500,1,0,0,1,0,NA
"Birmingham",2016,"Birmingham_413000_291500",413000,291500,3,1,0,2,1,0
"Birmingham",2019,"Birmingham_413000_291500",413000,291500,3,3,0,0,3,0
"Birmingham",2022,"Birmingham_413000_291500",413000,291500,3,3,0,0,3,0
"Birmingham",2025,"Birmingham_413000_291500",413000,291500,2,1,0,1,1,0
"Birmingham",2016,"Birmingham_413250_291500",413250,291500,11,7,0,4,7,0
"Birmingham",2019,"Birmingham_413250_291500",413250,291500,11,9,0,2,9,0
"Birmingham",2022,"Birmingham_413250_291500",413250,291500,11,7,1,3,8,0.125
"Birmingham",2025,"Birmingham_413250_291500",413250,291500,10,5,0,5,5,0
"Birmingham",2016,"Birmingham_413750_291500",413750,291500,2,2,0,0,2,0
"Birmingham",2019,"Birmingham_413750_291500",413750,291500,2,2,0,0,2,0
"Birmingham",2022,"Birmingham_413750_291500",413750,291500,2,2,0,0,2,0
"Birmingham",2025,"Birmingham_413750_291500",413750,291500,2,1,0,1,1,0
"Birmingham",2016,"Birmingham_414250_291500",414250,291500,1,0,0,1,0,NA
"Birmingham",2019,"Birmingham_414250_291500",414250,291500,1,1,0,0,1,0
"Birmingham",2022,"Birmingham_414250_291500",414250,291500,1,1,0,0,1,0
"Birmingham",2025,"Birmingham_414250_291500",414250,291500,1,1,0,0,1,0
"Birmingham",2016,"Birmingham_414500_291500",414500,291500,2,2,0,0,2,0
"Birmingham",2019,"Birmingham_414500_291500",414500,291500,2,2,0,0,2,0
"Birmingham",2022,"Birmingham_414500_291500",414500,291500,2,2,0,0,2,0
"Birmingham",2025,"Birmingham_414500_291500",414500,291500,2,2,0,0,2,0
"Birmingham",2016,"Birmingham_415250_291500",415250,291500,17,12,0,5,12,0
"Birmingham",2019,"Birmingham_415250_291500",415250,291500,16,13,0,3,13,0
"Birmingham",2022,"Birmingham_415250_291500",415250,291500,16,10,0,6,10,0
"Birmingham",2025,"Birmingham_415250_291500",415250,291500,16,2,0,14,2,0
"Birmingham",2016,"Birmingham_406500_291750",406500,291750,11,9,0,2,9,0
"Birmingham",2019,"Birmingham_406500_291750",406500,291750,11,10,0,1,10,0
"Birmingham",2022,"Birmingham_406500_291750",406500,291750,11,10,0,1,10,0
"Birmingham",2025,"Birmingham_406500_291750",406500,291750,11,5,0,6,5,0
"Birmingham",2016,"Birmingham_407000_291750",407000,291750,2,1,0,1,1,0
"Birmingham",2019,"Birmingham_407000_291750",407000,291750,1,1,0,0,1,0
"Birmingham",2022,"Birmingham_407000_291750",407000,291750,1,1,0,0,1,0
"Birmingham",2025,"Birmingham_407000_291750",407000,291750,1,1,0,0,1,0
"Birmingham",2016,"Birmingham_408000_291750",408000,291750,1,1,0,0,1,0
"Birmingham",2019,"Birmingham_408000_291750",408000,291750,1,1,0,0,1,0
"Birmingham",2022,"Birmingham_408000_291750",408000,291750,1,1,0,0,1,0
"Birmingham",2025,"Birmingham_408000_291750",408000,291750,1,0,0,1,0,NA
"Birmingham",2016,"Birmingham_408750_291750",408750,291750,2,0,0,2,0,NA
"Birmingham",2019,"Birmingham_408750_291750",408750,291750,1,0,1,0,1,1
"Birmingham",2022,"Birmingham_408750_291750",408750,291750,1,0,1,0,1,1
"Birmingham",2016,"Birmingham_409250_291750",409250,291750,5,2,0,3,2,0
"Birmingham",2019,"Birmingham_409250_291750",409250,291750,4,4,0,0,4,0
"Birmingham",2022,"Birmingham_409250_291750",409250,291750,4,3,0,1,3,0
"Birmingham",2025,"Birmingham_409250_291750",409250,291750,4,0,0,4,0,NA
"Birmingham",2016,"Birmingham_409500_291750",409500,291750,32,25,1,6,26,0.0384615384615385
"Birmingham",2019,"Birmingham_409500_291750",409500,291750,30,22,2,6,24,0.0833333333333333
"Birmingham",2022,"Birmingham_409500_291750",409500,291750,34,28,0,6,28,0
"Birmingham",2025,"Birmingham_409500_291750",409500,291750,28,14,0,14,14,0
"Birmingham",2016,"Birmingham_409750_291750",409750,291750,8,7,0,1,7,0
"Birmingham",2019,"Birmingham_409750_291750",409750,291750,8,7,0,1,7,0
"Birmingham",2022,"Birmingham_409750_291750",409750,291750,13,6,1,6,7,0.142857142857143
"Birmingham",2025,"Birmingham_409750_291750",409750,291750,11,2,0,9,2,0
"Birmingham",2016,"Birmingham_410500_291750",410500,291750,4,1,0,3,1,0
"Birmingham",2019,"Birmingham_410500_291750",410500,291750,4,4,0,0,4,0
"Birmingham",2022,"Birmingham_410500_291750",410500,291750,4,4,0,0,4,0
"Birmingham",2025,"Birmingham_410500_291750",410500,291750,4,3,0,1,3,0
"Birmingham",2016,"Birmingham_410750_291750",410750,291750,30,6,1,23,7,0.142857142857143
"Birmingham",2019,"Birmingham_410750_291750",410750,291750,41,28,5,8,33,0.151515151515152
"Birmingham",2022,"Birmingham_410750_291750",410750,291750,42,29,6,7,35,0.171428571428571
"Birmingham",2025,"Birmingham_410750_291750",410750,291750,27,7,0,20,7,0
"Birmingham",2016,"Birmingham_411000_291750",411000,291750,152,55,12,85,67,0.17910447761194
"Birmingham",2019,"Birmingham_411000_291750",411000,291750,135,104,12,19,116,0.103448275862069
"Birmingham",2022,"Birmingham_411000_291750",411000,291750,160,122,17,21,139,0.122302158273381
"Birmingham",2025,"Birmingham_411000_291750",411000,291750,136,52,0,84,52,0
"Birmingham",2016,"Birmingham_411250_291750",411250,291750,13,7,0,6,7,0
"Birmingham",2019,"Birmingham_411250_291750",411250,291750,9,9,0,0,9,0
"Birmingham",2022,"Birmingham_411250_291750",411250,291750,9,9,0,0,9,0
"Birmingham",2025,"Birmingham_411250_291750",411250,291750,9,3,0,6,3,0
"Birmingham",2016,"Birmingham_411750_291750",411750,291750,1,1,0,0,1,0
"Birmingham",2019,"Birmingham_411750_291750",411750,291750,1,1,0,0,1,0
"Birmingham",2022,"Birmingham_411750_291750",411750,291750,1,1,0,0,1,0
"Birmingham",2025,"Birmingham_411750_291750",411750,291750,1,1,0,0,1,0
"Birmingham",2016,"Birmingham_412500_291750",412500,291750,3,1,0,2,1,0
"Birmingham",2019,"Birmingham_412500_291750",412500,291750,3,2,1,0,3,0.333333333333333
"Birmingham",2022,"Birmingham_412500_291750",412500,291750,3,2,1,0,3,0.333333333333333
"Birmingham",2025,"Birmingham_412500_291750",412500,291750,2,1,0,1,1,0
"Birmingham",2016,"Birmingham_412750_291750",412750,291750,12,5,0,7,5,0
"Birmingham",2019,"Birmingham_412750_291750",412750,291750,12,11,0,1,11,0
"Birmingham",2022,"Birmingham_412750_291750",412750,291750,12,10,1,1,11,0.0909090909090909
"Birmingham",2025,"Birmingham_412750_291750",412750,291750,11,5,0,6,5,0
"Birmingham",2016,"Birmingham_413250_291750",413250,291750,1,0,0,1,0,NA
"Birmingham",2019,"Birmingham_413250_291750",413250,291750,1,0,1,0,1,1
"Birmingham",2022,"Birmingham_413250_291750",413250,291750,1,0,1,0,1,1
"Birmingham",2016,"Birmingham_413500_291750",413500,291750,6,4,0,2,4,0
"Birmingham",2019,"Birmingham_413500_291750",413500,291750,4,4,0,0,4,0
"Birmingham",2022,"Birmingham_413500_291750",413500,291750,4,2,1,1,3,0.333333333333333
"Birmingham",2025,"Birmingham_413500_291750",413500,291750,4,2,1,1,3,0.333333333333333
"Birmingham",2016,"Birmingham_414000_291750",414000,291750,2,0,1,1,1,1
"Birmingham",2019,"Birmingham_414000_291750",414000,291750,3,2,0,1,2,0
"Birmingham",2022,"Birmingham_414000_291750",414000,291750,2,2,0,0,2,0
"Birmingham",2025,"Birmingham_414000_291750",414000,291750,1,0,0,1,0,NA
"Birmingham",2016,"Birmingham_404750_292000",404750,292000,7,5,0,2,5,0
"Birmingham",2019,"Birmingham_404750_292000",404750,292000,6,5,0,1,5,0
"Birmingham",2022,"Birmingham_404750_292000",404750,292000,7,4,1,2,5,0.2
"Birmingham",2025,"Birmingham_404750_292000",404750,292000,6,1,1,4,2,0.5
"Birmingham",2016,"Birmingham_405250_292000",405250,292000,3,0,0,3,0,NA
"Birmingham",2016,"Birmingham_407000_292000",407000,292000,9,4,0,5,4,0
"Birmingham",2019,"Birmingham_407000_292000",407000,292000,5,5,0,0,5,0
"Birmingham",2022,"Birmingham_407000_292000",407000,292000,5,5,0,0,5,0
"Birmingham",2025,"Birmingham_407000_292000",407000,292000,5,4,0,1,4,0
"Birmingham",2016,"Birmingham_407250_292000",407250,292000,1,0,0,1,0,NA
"Birmingham",2019,"Birmingham_407250_292000",407250,292000,1,1,0,0,1,0
"Birmingham",2022,"Birmingham_407250_292000",407250,292000,2,1,0,1,1,0
"Birmingham",2025,"Birmingham_407250_292000",407250,292000,3,1,0,2,1,0
"Birmingham",2016,"Birmingham_407750_292000",407750,292000,1,0,0,1,0,NA
"Birmingham",2019,"Birmingham_407750_292000",407750,292000,1,1,0,0,1,0
"Birmingham",2022,"Birmingham_407750_292000",407750,292000,1,1,0,0,1,0
"Birmingham",2025,"Birmingham_407750_292000",407750,292000,1,1,0,0,1,0
"Birmingham",2016,"Birmingham_409500_292000",409500,292000,1,1,0,0,1,0
"Birmingham",2019,"Birmingham_409500_292000",409500,292000,1,0,0,1,0,NA
"Birmingham",2022,"Birmingham_409500_292000",409500,292000,1,0,0,1,0,NA
"Birmingham",2025,"Birmingham_409500_292000",409500,292000,1,0,0,1,0,NA
"Birmingham",2016,"Birmingham_409750_292000",409750,292000,7,3,0,4,3,0
"Birmingham",2019,"Birmingham_409750_292000",409750,292000,4,4,0,0,4,0
"Birmingham",2022,"Birmingham_409750_292000",409750,292000,4,4,0,0,4,0
"Birmingham",2025,"Birmingham_409750_292000",409750,292000,4,4,0,0,4,0
"Birmingham",2016,"Birmingham_410500_292000",410500,292000,9,2,0,7,2,0
"Birmingham",2019,"Birmingham_410500_292000",410500,292000,9,5,0,4,5,0
"Birmingham",2022,"Birmingham_410500_292000",410500,292000,9,5,0,4,5,0
"Birmingham",2025,"Birmingham_410500_292000",410500,292000,5,3,0,2,3,0
"Birmingham",2016,"Birmingham_410750_292000",410750,292000,39,20,0,19,20,0
"Birmingham",2019,"Birmingham_410750_292000",410750,292000,29,28,1,0,29,0.0344827586206897
"Birmingham",2022,"Birmingham_410750_292000",410750,292000,29,21,4,4,25,0.16
"Birmingham",2025,"Birmingham_410750_292000",410750,292000,29,15,0,14,15,0
"Birmingham",2016,"Birmingham_411000_292000",411000,292000,60,27,9,24,36,0.25
"Birmingham",2019,"Birmingham_411000_292000",411000,292000,54,40,6,8,46,0.130434782608696
"Birmingham",2022,"Birmingham_411000_292000",411000,292000,57,38,5,14,43,0.116279069767442
"Birmingham",2025,"Birmingham_411000_292000",411000,292000,50,24,1,25,25,0.04
"Birmingham",2016,"Birmingham_411250_292000",411250,292000,2,0,0,2,0,NA
"Birmingham",2019,"Birmingham_411250_292000",411250,292000,1,1,0,0,1,0
"Birmingham",2022,"Birmingham_411250_292000",411250,292000,1,1,0,0,1,0
"Birmingham",2025,"Birmingham_411250_292000",411250,292000,1,0,0,1,0,NA
"Birmingham",2016,"Birmingham_413500_292000",413500,292000,4,1,0,3,1,0
"Birmingham",2019,"Birmingham_413500_292000",413500,292000,2,1,0,1,1,0
"Birmingham",2022,"Birmingham_413500_292000",413500,292000,2,1,0,1,1,0
"Birmingham",2025,"Birmingham_413500_292000",413500,292000,2,1,0,1,1,0
"Birmingham",2016,"Birmingham_414250_292000",414250,292000,1,0,1,0,1,1
"Birmingham",2019,"Birmingham_414250_292000",414250,292000,1,1,0,0,1,0
"Birmingham",2022,"Birmingham_414250_292000",414250,292000,1,1,0,0,1,0
"Birmingham",2025,"Birmingham_414250_292000",414250,292000,1,1,0,0,1,0
"Birmingham",2016,"Birmingham_414500_292000",414500,292000,2,0,0,2,0,NA
"Birmingham",2019,"Birmingham_414500_292000",414500,292000,3,3,0,0,3,0
"Birmingham",2022,"Birmingham_414500_292000",414500,292000,3,2,1,0,3,0.333333333333333
"Birmingham",2025,"Birmingham_414500_292000",414500,292000,3,2,0,1,2,0
"Birmingham",2016,"Birmingham_415750_292000",415750,292000,1,0,0,1,0,NA
"Birmingham",2019,"Birmingham_415750_292000",415750,292000,1,1,0,0,1,0
"Birmingham",2022,"Birmingham_415750_292000",415750,292000,1,1,0,0,1,0
"Birmingham",2025,"Birmingham_415750_292000",415750,292000,1,1,0,0,1,0
"Birmingham",2016,"Birmingham_404250_292250",404250,292250,6,4,0,2,4,0
"Birmingham",2019,"Birmingham_404250_292250",404250,292250,6,4,0,2,4,0
"Birmingham",2022,"Birmingham_404250_292250",404250,292250,8,4,0,4,4,0
"Birmingham",2025,"Birmingham_404250_292250",404250,292250,7,4,0,3,4,0
"Birmingham",2016,"Birmingham_404750_292250",404750,292250,2,2,0,0,2,0
"Birmingham",2019,"Birmingham_404750_292250",404750,292250,2,2,0,0,2,0
"Birmingham",2022,"Birmingham_404750_292250",404750,292250,2,1,0,1,1,0
"Birmingham",2025,"Birmingham_404750_292250",404750,292250,3,0,0,3,0,NA
"Birmingham",2016,"Birmingham_405000_292250",405000,292250,2,0,0,2,0,NA
"Birmingham",2016,"Birmingham_406000_292250",406000,292250,14,11,0,3,11,0
"Birmingham",2019,"Birmingham_406000_292250",406000,292250,12,11,1,0,12,0.0833333333333333
"Birmingham",2022,"Birmingham_406000_292250",406000,292250,12,11,1,0,12,0.0833333333333333
"Birmingham",2025,"Birmingham_406000_292250",406000,292250,14,5,0,9,5,0
"Birmingham",2016,"Birmingham_407250_292250",407250,292250,2,2,0,0,2,0
"Birmingham",2019,"Birmingham_407250_292250",407250,292250,2,2,0,0,2,0
"Birmingham",2022,"Birmingham_407250_292250",407250,292250,2,2,0,0,2,0
"Birmingham",2025,"Birmingham_407250_292250",407250,292250,2,2,0,0,2,0
"Birmingham",2016,"Birmingham_410250_292250",410250,292250,1,1,0,0,1,0
"Birmingham",2019,"Birmingham_410250_292250",410250,292250,1,1,0,0,1,0
"Birmingham",2022,"Birmingham_410250_292250",410250,292250,1,0,0,1,0,NA
"Birmingham",2025,"Birmingham_410250_292250",410250,292250,1,0,0,1,0,NA
"Birmingham",2016,"Birmingham_410500_292250",410500,292250,6,2,0,4,2,0
"Birmingham",2019,"Birmingham_410500_292250",410500,292250,5,5,0,0,5,0
"Birmingham",2022,"Birmingham_410500_292250",410500,292250,5,2,1,2,3,0.333333333333333
"Birmingham",2025,"Birmingham_410500_292250",410500,292250,4,1,0,3,1,0
"Birmingham",2016,"Birmingham_410750_292250",410750,292250,22,11,2,9,13,0.153846153846154
"Birmingham",2019,"Birmingham_410750_292250",410750,292250,17,14,1,2,15,0.0666666666666667
"Birmingham",2022,"Birmingham_410750_292250",410750,292250,20,17,1,2,18,0.0555555555555556
"Birmingham",2025,"Birmingham_410750_292250",410750,292250,18,8,2,8,10,0.2
"Birmingham",2016,"Birmingham_411250_292250",411250,292250,1,1,0,0,1,0
"Birmingham",2019,"Birmingham_411250_292250",411250,292250,1,1,0,0,1,0
"Birmingham",2022,"Birmingham_411250_292250",411250,292250,1,1,0,0,1,0
"Birmingham",2025,"Birmingham_411250_292250",411250,292250,1,0,0,1,0,NA
"Birmingham",2016,"Birmingham_412000_292250",412000,292250,1,0,0,1,0,NA
"Birmingham",2016,"Birmingham_412500_292250",412500,292250,1,1,0,0,1,0
"Birmingham",2019,"Birmingham_412500_292250",412500,292250,1,1,0,0,1,0
"Birmingham",2022,"Birmingham_412500_292250",412500,292250,1,1,0,0,1,0
"Birmingham",2025,"Birmingham_412500_292250",412500,292250,1,1,0,0,1,0
"Birmingham",2016,"Birmingham_413500_292250",413500,292250,8,7,0,1,7,0
"Birmingham",2019,"Birmingham_413500_292250",413500,292250,7,7,0,0,7,0
"Birmingham",2022,"Birmingham_413500_292250",413500,292250,6,4,1,1,5,0.2
"Birmingham",2025,"Birmingham_413500_292250",413500,292250,6,4,0,2,4,0
"Birmingham",2016,"Birmingham_414500_292250",414500,292250,12,7,2,3,9,0.222222222222222
"Birmingham",2019,"Birmingham_414500_292250",414500,292250,9,7,2,0,9,0.222222222222222
"Birmingham",2022,"Birmingham_414500_292250",414500,292250,9,7,2,0,9,0.222222222222222
"Birmingham",2025,"Birmingham_414500_292250",414500,292250,8,7,1,0,8,0.125
"Birmingham",2016,"Birmingham_415250_292250",415250,292250,1,0,0,1,0,NA
"Birmingham",2019,"Birmingham_415250_292250",415250,292250,1,1,0,0,1,0
"Birmingham",2022,"Birmingham_415250_292250",415250,292250,1,1,0,0,1,0
"Birmingham",2025,"Birmingham_415250_292250",415250,292250,1,0,0,1,0,NA
"Birmingham",2016,"Birmingham_415500_292250",415500,292250,1,0,0,1,0,NA
"Birmingham",2019,"Birmingham_415500_292250",415500,292250,1,1,0,0,1,0
"Birmingham",2022,"Birmingham_415500_292250",415500,292250,1,1,0,0,1,0
"Birmingham",2025,"Birmingham_415500_292250",415500,292250,1,0,0,1,0,NA
"Birmingham",2016,"Birmingham_415750_292250",415750,292250,1,1,0,0,1,0
"Birmingham",2019,"Birmingham_415750_292250",415750,292250,1,1,0,0,1,0
"Birmingham",2022,"Birmingham_415750_292250",415750,292250,1,1,0,0,1,0
"Birmingham",2025,"Birmingham_415750_292250",415750,292250,1,1,0,0,1,0
"Birmingham",2016,"Birmingham_416000_292250",416000,292250,2,1,0,1,1,0
"Birmingham",2019,"Birmingham_416000_292250",416000,292250,2,2,0,0,2,0
"Birmingham",2022,"Birmingham_416000_292250",416000,292250,2,2,0,0,2,0
"Birmingham",2025,"Birmingham_416000_292250",416000,292250,2,1,0,1,1,0
"Birmingham",2016,"Birmingham_404750_292500",404750,292500,13,7,0,6,7,0
"Birmingham",2019,"Birmingham_404750_292500",404750,292500,13,13,0,0,13,0
"Birmingham",2022,"Birmingham_404750_292500",404750,292500,14,14,0,0,14,0
"Birmingham",2025,"Birmingham_404750_292500",404750,292500,13,7,0,6,7,0
"Birmingham",2016,"Birmingham_405250_292500",405250,292500,12,6,0,6,6,0
"Birmingham",2019,"Birmingham_405250_292500",405250,292500,8,7,1,0,8,0.125
"Birmingham",2022,"Birmingham_405250_292500",405250,292500,8,7,0,1,7,0
"Birmingham",2025,"Birmingham_405250_292500",405250,292500,8,3,0,5,3,0
"Birmingham",2016,"Birmingham_407000_292500",407000,292500,2,0,1,1,1,1
"Birmingham",2019,"Birmingham_407000_292500",407000,292500,1,0,1,0,1,1
"Birmingham",2022,"Birmingham_407000_292500",407000,292500,1,1,0,0,1,0
"Birmingham",2025,"Birmingham_407000_292500",407000,292500,1,0,0,1,0,NA
"Birmingham",2016,"Birmingham_407250_292500",407250,292500,4,2,1,1,3,0.333333333333333
"Birmingham",2019,"Birmingham_407250_292500",407250,292500,3,1,2,0,3,0.666666666666667
"Birmingham",2022,"Birmingham_407250_292500",407250,292500,3,2,1,0,3,0.333333333333333
"Birmingham",2025,"Birmingham_407250_292500",407250,292500,3,0,0,3,0,NA
"Birmingham",2016,"Birmingham_407500_292500",407500,292500,1,1,0,0,1,0
"Birmingham",2019,"Birmingham_407500_292500",407500,292500,1,1,0,0,1,0
"Birmingham",2022,"Birmingham_407500_292500",407500,292500,1,1,0,0,1,0
"Birmingham",2025,"Birmingham_407500_292500",407500,292500,1,0,0,1,0,NA
"Birmingham",2016,"Birmingham_408500_292500",408500,292500,1,0,0,1,0,NA
"Birmingham",2019,"Birmingham_408500_292500",408500,292500,1,1,0,0,1,0
"Birmingham",2022,"Birmingham_408500_292500",408500,292500,1,1,0,0,1,0
"Birmingham",2025,"Birmingham_408500_292500",408500,292500,1,1,0,0,1,0
"Birmingham",2016,"Birmingham_409500_292500",409500,292500,16,11,0,5,11,0
"Birmingham",2019,"Birmingham_409500_292500",409500,292500,16,13,0,3,13,0
"Birmingham",2022,"Birmingham_409500_292500",409500,292500,15,11,0,4,11,0
"Birmingham",2025,"Birmingham_409500_292500",409500,292500,15,5,0,10,5,0
"Birmingham",2016,"Birmingham_409750_292500",409750,292500,4,1,0,3,1,0
"Birmingham",2019,"Birmingham_409750_292500",409750,292500,4,4,0,0,4,0
"Birmingham",2022,"Birmingham_409750_292500",409750,292500,4,4,0,0,4,0
"Birmingham",2025,"Birmingham_409750_292500",409750,292500,4,4,0,0,4,0
"Birmingham",2016,"Birmingham_410500_292500",410500,292500,1,0,0,1,0,NA
"Birmingham",2019,"Birmingham_410500_292500",410500,292500,1,1,0,0,1,0
"Birmingham",2022,"Birmingham_410500_292500",410500,292500,1,1,0,0,1,0
"Birmingham",2025,"Birmingham_410500_292500",410500,292500,1,0,0,1,0,NA
"Birmingham",2016,"Birmingham_410750_292500",410750,292500,21,17,1,3,18,0.0555555555555556
"Birmingham",2019,"Birmingham_410750_292500",410750,292500,20,19,0,1,19,0
"Birmingham",2022,"Birmingham_410750_292500",410750,292500,20,18,0,2,18,0
"Birmingham",2025,"Birmingham_410750_292500",410750,292500,20,11,0,9,11,0
"Birmingham",2016,"Birmingham_411250_292500",411250,292500,3,0,0,3,0,NA
"Birmingham",2016,"Birmingham_412500_292500",412500,292500,2,1,0,1,1,0
"Birmingham",2019,"Birmingham_412500_292500",412500,292500,1,1,0,0,1,0
"Birmingham",2022,"Birmingham_412500_292500",412500,292500,1,1,0,0,1,0
"Birmingham",2025,"Birmingham_412500_292500",412500,292500,1,1,0,0,1,0
"Birmingham",2016,"Birmingham_413500_292500",413500,292500,1,1,0,0,1,0
"Birmingham",2019,"Birmingham_413500_292500",413500,292500,1,1,0,0,1,0
"Birmingham",2022,"Birmingham_413500_292500",413500,292500,1,1,0,0,1,0
"Birmingham",2025,"Birmingham_413500_292500",413500,292500,1,1,0,0,1,0
"Birmingham",2025,"Birmingham_415000_292500",415000,292500,1,0,0,1,0,NA
"Birmingham",2016,"Birmingham_416750_292500",416750,292500,1,0,0,1,0,NA
"Birmingham",2016,"Birmingham_404750_292750",404750,292750,16,10,0,6,10,0
"Birmingham",2019,"Birmingham_404750_292750",404750,292750,12,11,0,1,11,0
"Birmingham",2022,"Birmingham_404750_292750",404750,292750,13,8,1,4,9,0.111111111111111
"Birmingham",2025,"Birmingham_404750_292750",404750,292750,12,5,1,6,6,0.166666666666667
"Birmingham",2016,"Birmingham_405500_292750",405500,292750,14,6,1,7,7,0.142857142857143
"Birmingham",2019,"Birmingham_405500_292750",405500,292750,17,14,0,3,14,0
"Birmingham",2022,"Birmingham_405500_292750",405500,292750,17,13,0,4,13,0
"Birmingham",2025,"Birmingham_405500_292750",405500,292750,13,8,0,5,8,0
"Birmingham",2016,"Birmingham_407000_292750",407000,292750,4,2,0,2,2,0
"Birmingham",2019,"Birmingham_407000_292750",407000,292750,3,3,0,0,3,0
"Birmingham",2022,"Birmingham_407000_292750",407000,292750,3,2,0,1,2,0
"Birmingham",2025,"Birmingham_407000_292750",407000,292750,3,2,0,1,2,0
"Birmingham",2016,"Birmingham_407250_292750",407250,292750,3,2,0,1,2,0
"Birmingham",2019,"Birmingham_407250_292750",407250,292750,3,3,0,0,3,0
"Birmingham",2022,"Birmingham_407250_292750",407250,292750,3,3,0,0,3,0
"Birmingham",2025,"Birmingham_407250_292750",407250,292750,3,3,0,0,3,0
"Birmingham",2016,"Birmingham_408250_292750",408250,292750,7,5,1,1,6,0.166666666666667
"Birmingham",2019,"Birmingham_408250_292750",408250,292750,7,5,1,1,6,0.166666666666667
"Birmingham",2022,"Birmingham_408250_292750",408250,292750,7,6,0,1,6,0
"Birmingham",2025,"Birmingham_408250_292750",408250,292750,7,4,0,3,4,0
"Birmingham",2016,"Birmingham_409250_292750",409250,292750,2,2,0,0,2,0
"Birmingham",2019,"Birmingham_409250_292750",409250,292750,2,2,0,0,2,0
"Birmingham",2022,"Birmingham_409250_292750",409250,292750,2,2,0,0,2,0
"Birmingham",2025,"Birmingham_409250_292750",409250,292750,3,1,0,2,1,0
"Birmingham",2016,"Birmingham_409500_292750",409500,292750,4,1,0,3,1,0
"Birmingham",2019,"Birmingham_409500_292750",409500,292750,2,2,0,0,2,0
"Birmingham",2022,"Birmingham_409500_292750",409500,292750,2,2,0,0,2,0
"Birmingham",2025,"Birmingham_409500_292750",409500,292750,2,1,0,1,1,0
"Birmingham",2016,"Birmingham_410750_292750",410750,292750,2,1,0,1,1,0
"Birmingham",2019,"Birmingham_410750_292750",410750,292750,2,2,0,0,2,0
"Birmingham",2022,"Birmingham_410750_292750",410750,292750,2,2,0,0,2,0
"Birmingham",2025,"Birmingham_410750_292750",410750,292750,2,2,0,0,2,0
"Birmingham",2016,"Birmingham_411500_292750",411500,292750,7,5,0,2,5,0
"Birmingham",2019,"Birmingham_411500_292750",411500,292750,7,6,0,1,6,0
"Birmingham",2022,"Birmingham_411500_292750",411500,292750,7,6,0,1,6,0
"Birmingham",2025,"Birmingham_411500_292750",411500,292750,7,3,0,4,3,0
"Birmingham",2016,"Birmingham_411750_292750",411750,292750,14,9,0,5,9,0
"Birmingham",2019,"Birmingham_411750_292750",411750,292750,14,13,0,1,13,0
"Birmingham",2022,"Birmingham_411750_292750",411750,292750,17,12,2,3,14,0.142857142857143
"Birmingham",2025,"Birmingham_411750_292750",411750,292750,14,5,0,9,5,0
"Birmingham",2016,"Birmingham_414500_292750",414500,292750,6,3,0,3,3,0
"Birmingham",2019,"Birmingham_414500_292750",414500,292750,6,6,0,0,6,0
"Birmingham",2022,"Birmingham_414500_292750",414500,292750,8,7,0,1,7,0
"Birmingham",2025,"Birmingham_414500_292750",414500,292750,4,3,0,1,3,0
"Birmingham",2022,"Birmingham_415000_292750",415000,292750,1,0,0,1,0,NA
"Birmingham",2025,"Birmingham_415000_292750",415000,292750,1,0,0,1,0,NA
"Birmingham",2016,"Birmingham_415750_292750",415750,292750,1,1,0,0,1,0
"Birmingham",2019,"Birmingham_415750_292750",415750,292750,1,1,0,0,1,0
"Birmingham",2022,"Birmingham_415750_292750",415750,292750,1,1,0,0,1,0
"Birmingham",2025,"Birmingham_415750_292750",415750,292750,1,0,0,1,0,NA
"Birmingham",2016,"Birmingham_404750_293000",404750,293000,3,2,0,1,2,0
"Birmingham",2019,"Birmingham_404750_293000",404750,293000,3,3,0,0,3,0
"Birmingham",2022,"Birmingham_404750_293000",404750,293000,3,2,0,1,2,0
"Birmingham",2025,"Birmingham_404750_293000",404750,293000,3,3,0,0,3,0
"Birmingham",2016,"Birmingham_405250_293000",405250,293000,1,1,0,0,1,0
"Birmingham",2019,"Birmingham_405250_293000",405250,293000,1,1,0,0,1,0
"Birmingham",2022,"Birmingham_405250_293000",405250,293000,1,1,0,0,1,0
"Birmingham",2025,"Birmingham_405250_293000",405250,293000,1,1,0,0,1,0
"Birmingham",2016,"Birmingham_405500_293000",405500,293000,9,6,0,3,6,0
"Birmingham",2019,"Birmingham_405500_293000",405500,293000,8,8,0,0,8,0
"Birmingham",2022,"Birmingham_405500_293000",405500,293000,8,7,0,1,7,0
"Birmingham",2025,"Birmingham_405500_293000",405500,293000,8,5,0,3,5,0
"Birmingham",2016,"Birmingham_406250_293000",406250,293000,13,8,0,5,8,0
"Birmingham",2019,"Birmingham_406250_293000",406250,293000,9,9,0,0,9,0
"Birmingham",2022,"Birmingham_406250_293000",406250,293000,10,7,0,3,7,0
"Birmingham",2025,"Birmingham_406250_293000",406250,293000,9,3,0,6,3,0
"Birmingham",2016,"Birmingham_406500_293000",406500,293000,9,7,0,2,7,0
"Birmingham",2019,"Birmingham_406500_293000",406500,293000,9,7,0,2,7,0
"Birmingham",2022,"Birmingham_406500_293000",406500,293000,9,5,0,4,5,0
"Birmingham",2025,"Birmingham_406500_293000",406500,293000,9,5,0,4,5,0
"Birmingham",2016,"Birmingham_407250_293000",407250,293000,3,2,0,1,2,0
"Birmingham",2019,"Birmingham_407250_293000",407250,293000,3,3,0,0,3,0
"Birmingham",2022,"Birmingham_407250_293000",407250,293000,3,2,0,1,2,0
"Birmingham",2025,"Birmingham_407250_293000",407250,293000,3,1,0,2,1,0
"Birmingham",2016,"Birmingham_407500_293000",407500,293000,14,5,3,6,8,0.375
"Birmingham",2019,"Birmingham_407500_293000",407500,293000,12,7,1,4,8,0.125
"Birmingham",2022,"Birmingham_407500_293000",407500,293000,14,10,1,3,11,0.0909090909090909
"Birmingham",2025,"Birmingham_407500_293000",407500,293000,11,7,0,4,7,0
"Birmingham",2016,"Birmingham_408500_293000",408500,293000,22,14,2,6,16,0.125
"Birmingham",2019,"Birmingham_408500_293000",408500,293000,20,16,2,2,18,0.111111111111111
"Birmingham",2022,"Birmingham_408500_293000",408500,293000,20,17,0,3,17,0
"Birmingham",2025,"Birmingham_408500_293000",408500,293000,20,8,0,12,8,0
"Birmingham",2016,"Birmingham_409000_293000",409000,293000,12,8,1,3,9,0.111111111111111
"Birmingham",2019,"Birmingham_409000_293000",409000,293000,13,12,1,0,13,0.0769230769230769
"Birmingham",2022,"Birmingham_409000_293000",409000,293000,16,9,2,5,11,0.181818181818182
"Birmingham",2025,"Birmingham_409000_293000",409000,293000,14,3,1,10,4,0.25
"Birmingham",2016,"Birmingham_410000_293000",410000,293000,4,1,0,3,1,0
"Birmingham",2019,"Birmingham_410000_293000",410000,293000,3,2,0,1,2,0
"Birmingham",2022,"Birmingham_410000_293000",410000,293000,3,2,0,1,2,0
"Birmingham",2025,"Birmingham_410000_293000",410000,293000,1,1,0,0,1,0
"Birmingham",2016,"Birmingham_411000_293000",411000,293000,2,1,0,1,1,0
"Birmingham",2019,"Birmingham_411000_293000",411000,293000,2,2,0,0,2,0
"Birmingham",2022,"Birmingham_411000_293000",411000,293000,2,2,0,0,2,0
"Birmingham",2025,"Birmingham_411000_293000",411000,293000,2,1,0,1,1,0
"Birmingham",2016,"Birmingham_411250_293000",411250,293000,7,6,0,1,6,0
"Birmingham",2019,"Birmingham_411250_293000",411250,293000,7,7,0,0,7,0
"Birmingham",2022,"Birmingham_411250_293000",411250,293000,7,6,1,0,7,0.142857142857143
"Birmingham",2025,"Birmingham_411250_293000",411250,293000,7,4,0,3,4,0
"Birmingham",2016,"Birmingham_411500_293000",411500,293000,1,1,0,0,1,0
"Birmingham",2019,"Birmingham_411500_293000",411500,293000,1,1,0,0,1,0
"Birmingham",2022,"Birmingham_411500_293000",411500,293000,2,0,1,1,1,1
"Birmingham",2025,"Birmingham_411500_293000",411500,293000,1,0,0,1,0,NA
"Birmingham",2016,"Birmingham_411750_293000",411750,293000,72,39,1,32,40,0.025
"Birmingham",2019,"Birmingham_411750_293000",411750,293000,67,53,5,9,58,0.0862068965517241
"Birmingham",2022,"Birmingham_411750_293000",411750,293000,68,50,1,17,51,0.0196078431372549
"Birmingham",2025,"Birmingham_411750_293000",411750,293000,62,23,1,38,24,0.0416666666666667
"Birmingham",2016,"Birmingham_405250_293250",405250,293250,3,3,0,0,3,0
"Birmingham",2019,"Birmingham_405250_293250",405250,293250,3,3,0,0,3,0
"Birmingham",2022,"Birmingham_405250_293250",405250,293250,3,2,0,1,2,0
"Birmingham",2025,"Birmingham_405250_293250",405250,293250,3,2,0,1,2,0
"Birmingham",2016,"Birmingham_406000_293250",406000,293250,8,6,0,2,6,0
"Birmingham",2019,"Birmingham_406000_293250",406000,293250,8,7,0,1,7,0
"Birmingham",2022,"Birmingham_406000_293250",406000,293250,8,6,0,2,6,0
"Birmingham",2025,"Birmingham_406000_293250",406000,293250,8,5,0,3,5,0
"Birmingham",2016,"Birmingham_406500_293250",406500,293250,6,6,0,0,6,0
"Birmingham",2019,"Birmingham_406500_293250",406500,293250,6,5,0,1,5,0
"Birmingham",2022,"Birmingham_406500_293250",406500,293250,6,4,0,2,4,0
"Birmingham",2025,"Birmingham_406500_293250",406500,293250,6,4,0,2,4,0
"Birmingham",2016,"Birmingham_407000_293250",407000,293250,10,6,0,4,6,0
"Birmingham",2019,"Birmingham_407000_293250",407000,293250,11,10,1,0,11,0.0909090909090909
"Birmingham",2022,"Birmingham_407000_293250",407000,293250,11,11,0,0,11,0
"Birmingham",2025,"Birmingham_407000_293250",407000,293250,10,6,0,4,6,0
"Birmingham",2016,"Birmingham_407250_293250",407250,293250,3,2,0,1,2,0
"Birmingham",2019,"Birmingham_407250_293250",407250,293250,3,2,1,0,3,0.333333333333333
"Birmingham",2022,"Birmingham_407250_293250",407250,293250,3,2,0,1,2,0
"Birmingham",2025,"Birmingham_407250_293250",407250,293250,3,0,0,3,0,NA
"Birmingham",2016,"Birmingham_407750_293250",407750,293250,1,1,0,0,1,0
"Birmingham",2019,"Birmingham_407750_293250",407750,293250,1,1,0,0,1,0
"Birmingham",2022,"Birmingham_407750_293250",407750,293250,1,0,0,1,0,NA
"Birmingham",2025,"Birmingham_407750_293250",407750,293250,1,0,0,1,0,NA
"Birmingham",2016,"Birmingham_408000_293250",408000,293250,18,9,1,8,10,0.1
"Birmingham",2019,"Birmingham_408000_293250",408000,293250,15,14,0,1,14,0
"Birmingham",2022,"Birmingham_408000_293250",408000,293250,16,14,0,2,14,0
"Birmingham",2025,"Birmingham_408000_293250",408000,293250,16,10,0,6,10,0
"Birmingham",2016,"Birmingham_408250_293250",408250,293250,25,16,0,9,16,0
"Birmingham",2019,"Birmingham_408250_293250",408250,293250,21,17,0,4,17,0
"Birmingham",2022,"Birmingham_408250_293250",408250,293250,22,17,1,4,18,0.0555555555555556
"Birmingham",2025,"Birmingham_408250_293250",408250,293250,21,12,1,8,13,0.0769230769230769
"Birmingham",2016,"Birmingham_409000_293250",409000,293250,1,0,0,1,0,NA
"Birmingham",2019,"Birmingham_409000_293250",409000,293250,1,1,0,0,1,0
"Birmingham",2022,"Birmingham_409000_293250",409000,293250,1,1,0,0,1,0
"Birmingham",2025,"Birmingham_409000_293250",409000,293250,1,0,0,1,0,NA
"Birmingham",2016,"Birmingham_409750_293250",409750,293250,1,0,0,1,0,NA
"Birmingham",2019,"Birmingham_409750_293250",409750,293250,1,1,0,0,1,0
"Birmingham",2022,"Birmingham_409750_293250",409750,293250,1,1,0,0,1,0
"Birmingham",2025,"Birmingham_409750_293250",409750,293250,1,1,0,0,1,0
"Birmingham",2016,"Birmingham_410000_293250",410000,293250,3,2,0,1,2,0
"Birmingham",2019,"Birmingham_410000_293250",410000,293250,2,2,0,0,2,0
"Birmingham",2022,"Birmingham_410000_293250",410000,293250,3,1,0,2,1,0
"Birmingham",2025,"Birmingham_410000_293250",410000,293250,3,1,0,2,1,0
"Birmingham",2016,"Birmingham_411000_293250",411000,293250,20,13,0,7,13,0
"Birmingham",2019,"Birmingham_411000_293250",411000,293250,18,16,1,1,17,0.0588235294117647
"Birmingham",2022,"Birmingham_411000_293250",411000,293250,19,14,1,4,15,0.0666666666666667
"Birmingham",2025,"Birmingham_411000_293250",411000,293250,17,8,0,9,8,0
"Birmingham",2016,"Birmingham_411250_293250",411250,293250,1,0,0,1,0,NA
"Birmingham",2019,"Birmingham_411250_293250",411250,293250,1,1,0,0,1,0
"Birmingham",2022,"Birmingham_411250_293250",411250,293250,1,1,0,0,1,0
"Birmingham",2025,"Birmingham_411250_293250",411250,293250,1,0,0,1,0,NA
"Birmingham",2016,"Birmingham_411500_293250",411500,293250,1,1,0,0,1,0
"Birmingham",2019,"Birmingham_411500_293250",411500,293250,1,1,0,0,1,0
"Birmingham",2022,"Birmingham_411500_293250",411500,293250,1,1,0,0,1,0
"Birmingham",2025,"Birmingham_411500_293250",411500,293250,1,1,0,0,1,0
"Birmingham",2016,"Birmingham_411750_293250",411750,293250,18,9,0,9,9,0
"Birmingham",2019,"Birmingham_411750_293250",411750,293250,23,16,1,6,17,0.0588235294117647
"Birmingham",2022,"Birmingham_411750_293250",411750,293250,23,17,0,6,17,0
"Birmingham",2025,"Birmingham_411750_293250",411750,293250,20,7,0,13,7,0
"Birmingham",2016,"Birmingham_412500_293250",412500,293250,1,0,0,1,0,NA
"Birmingham",2019,"Birmingham_412500_293250",412500,293250,1,1,0,0,1,0
"Birmingham",2022,"Birmingham_412500_293250",412500,293250,1,1,0,0,1,0
"Birmingham",2025,"Birmingham_412500_293250",412500,293250,1,1,0,0,1,0
"Birmingham",2016,"Birmingham_413750_293250",413750,293250,1,1,0,0,1,0
"Birmingham",2019,"Birmingham_413750_293250",413750,293250,1,1,0,0,1,0
"Birmingham",2022,"Birmingham_413750_293250",413750,293250,1,1,0,0,1,0
"Birmingham",2025,"Birmingham_413750_293250",413750,293250,1,1,0,0,1,0
"Birmingham",2016,"Birmingham_405250_293500",405250,293500,2,1,0,1,1,0
"Birmingham",2019,"Birmingham_405250_293500",405250,293500,2,2,0,0,2,0
"Birmingham",2022,"Birmingham_405250_293500",405250,293500,2,2,0,0,2,0
"Birmingham",2025,"Birmingham_405250_293500",405250,293500,2,2,0,0,2,0
"Birmingham",2016,"Birmingham_405500_293500",405500,293500,1,0,0,1,0,NA
"Birmingham",2019,"Birmingham_405500_293500",405500,293500,1,1,0,0,1,0
"Birmingham",2022,"Birmingham_405500_293500",405500,293500,1,1,0,0,1,0
"Birmingham",2025,"Birmingham_405500_293500",405500,293500,1,0,0,1,0,NA
"Birmingham",2016,"Birmingham_405750_293500",405750,293500,1,1,0,0,1,0
"Birmingham",2019,"Birmingham_405750_293500",405750,293500,1,1,0,0,1,0
"Birmingham",2022,"Birmingham_405750_293500",405750,293500,1,1,0,0,1,0
"Birmingham",2025,"Birmingham_405750_293500",405750,293500,1,1,0,0,1,0
"Birmingham",2016,"Birmingham_406750_293500",406750,293500,3,1,0,2,1,0
"Birmingham",2019,"Birmingham_406750_293500",406750,293500,1,1,0,0,1,0
"Birmingham",2022,"Birmingham_406750_293500",406750,293500,1,1,0,0,1,0
"Birmingham",2025,"Birmingham_406750_293500",406750,293500,1,1,0,0,1,0
"Birmingham",2016,"Birmingham_407000_293500",407000,293500,1,1,0,0,1,0
"Birmingham",2019,"Birmingham_407000_293500",407000,293500,1,1,0,0,1,0
"Birmingham",2022,"Birmingham_407000_293500",407000,293500,1,1,0,0,1,0
"Birmingham",2025,"Birmingham_407000_293500",407000,293500,1,1,0,0,1,0
"Birmingham",2016,"Birmingham_407250_293500",407250,293500,3,0,0,3,0,NA
"Birmingham",2019,"Birmingham_407250_293500",407250,293500,2,2,0,0,2,0
"Birmingham",2022,"Birmingham_407250_293500",407250,293500,2,2,0,0,2,0
"Birmingham",2025,"Birmingham_407250_293500",407250,293500,2,1,0,1,1,0
"Birmingham",2016,"Birmingham_407750_293500",407750,293500,39,21,0,18,21,0
"Birmingham",2019,"Birmingham_407750_293500",407750,293500,39,34,1,4,35,0.0285714285714286
"Birmingham",2022,"Birmingham_407750_293500",407750,293500,40,33,1,6,34,0.0294117647058824
"Birmingham",2025,"Birmingham_407750_293500",407750,293500,36,18,0,18,18,0
"Birmingham",2016,"Birmingham_408000_293500",408000,293500,1,1,0,0,1,0
"Birmingham",2019,"Birmingham_408000_293500",408000,293500,1,1,0,0,1,0
"Birmingham",2022,"Birmingham_408000_293500",408000,293500,1,0,0,1,0,NA
"Birmingham",2025,"Birmingham_408000_293500",408000,293500,1,0,0,1,0,NA
"Birmingham",2016,"Birmingham_408750_293500",408750,293500,13,11,0,2,11,0
"Birmingham",2019,"Birmingham_408750_293500",408750,293500,13,11,0,2,11,0
"Birmingham",2022,"Birmingham_408750_293500",408750,293500,13,10,1,2,11,0.0909090909090909
"Birmingham",2025,"Birmingham_408750_293500",408750,293500,13,8,0,5,8,0
"Birmingham",2016,"Birmingham_409250_293500",409250,293500,1,1,0,0,1,0
"Birmingham",2019,"Birmingham_409250_293500",409250,293500,1,0,0,1,0,NA
"Birmingham",2022,"Birmingham_409250_293500",409250,293500,1,1,0,0,1,0
"Birmingham",2025,"Birmingham_409250_293500",409250,293500,1,1,0,0,1,0
"Birmingham",2016,"Birmingham_410250_293500",410250,293500,3,2,1,0,3,0.333333333333333
"Birmingham",2019,"Birmingham_410250_293500",410250,293500,3,3,0,0,3,0
"Birmingham",2022,"Birmingham_410250_293500",410250,293500,3,2,1,0,3,0.333333333333333
"Birmingham",2025,"Birmingham_410250_293500",410250,293500,3,1,0,2,1,0
"Birmingham",2016,"Birmingham_410500_293500",410500,293500,2,1,0,1,1,0
"Birmingham",2019,"Birmingham_410500_293500",410500,293500,2,2,0,0,2,0
"Birmingham",2022,"Birmingham_410500_293500",410500,293500,2,2,0,0,2,0
"Birmingham",2025,"Birmingham_410500_293500",410500,293500,2,1,0,1,1,0
"Birmingham",2016,"Birmingham_410750_293500",410750,293500,1,1,0,0,1,0
"Birmingham",2019,"Birmingham_410750_293500",410750,293500,1,1,0,0,1,0
"Birmingham",2022,"Birmingham_410750_293500",410750,293500,1,1,0,0,1,0
"Birmingham",2019,"Birmingham_411250_293500",411250,293500,1,1,0,0,1,0
"Birmingham",2022,"Birmingham_411250_293500",411250,293500,1,1,0,0,1,0
"Birmingham",2025,"Birmingham_411250_293500",411250,293500,1,0,0,1,0,NA
"Birmingham",2016,"Birmingham_413500_293500",413500,293500,32,24,0,8,24,0
"Birmingham",2019,"Birmingham_413500_293500",413500,293500,31,30,0,1,30,0
"Birmingham",2022,"Birmingham_413500_293500",413500,293500,31,30,1,0,31,0.032258064516129
"Birmingham",2025,"Birmingham_413500_293500",413500,293500,31,19,0,12,19,0
"Birmingham",2016,"Birmingham_414000_293500",414000,293500,2,2,0,0,2,0
"Birmingham",2019,"Birmingham_414000_293500",414000,293500,2,1,0,1,1,0
"Birmingham",2022,"Birmingham_414000_293500",414000,293500,2,2,0,0,2,0
"Birmingham",2025,"Birmingham_414000_293500",414000,293500,3,0,0,3,0,NA
"Birmingham",2016,"Birmingham_405500_293750",405500,293750,9,6,0,3,6,0
"Birmingham",2019,"Birmingham_405500_293750",405500,293750,7,7,0,0,7,0
"Birmingham",2022,"Birmingham_405500_293750",405500,293750,7,7,0,0,7,0
"Birmingham",2025,"Birmingham_405500_293750",405500,293750,7,6,0,1,6,0
"Birmingham",2016,"Birmingham_406500_293750",406500,293750,9,4,0,5,4,0
"Birmingham",2019,"Birmingham_406500_293750",406500,293750,6,3,1,2,4,0.25
"Birmingham",2022,"Birmingham_406500_293750",406500,293750,9,5,1,3,6,0.166666666666667
"Birmingham",2025,"Birmingham_406500_293750",406500,293750,8,3,0,5,3,0
"Birmingham",2016,"Birmingham_407000_293750",407000,293750,4,3,0,1,3,0
"Birmingham",2019,"Birmingham_407000_293750",407000,293750,4,4,0,0,4,0
"Birmingham",2022,"Birmingham_407000_293750",407000,293750,4,4,0,0,4,0
"Birmingham",2025,"Birmingham_407000_293750",407000,293750,4,2,0,2,2,0
"Birmingham",2016,"Birmingham_407750_293750",407750,293750,20,13,0,7,13,0
"Birmingham",2019,"Birmingham_407750_293750",407750,293750,20,20,0,0,20,0
"Birmingham",2022,"Birmingham_407750_293750",407750,293750,23,21,0,2,21,0
"Birmingham",2025,"Birmingham_407750_293750",407750,293750,22,12,0,10,12,0
"Birmingham",2016,"Birmingham_408250_293750",408250,293750,9,6,0,3,6,0
"Birmingham",2019,"Birmingham_408250_293750",408250,293750,10,8,0,2,8,0
"Birmingham",2022,"Birmingham_408250_293750",408250,293750,11,6,0,5,6,0
"Birmingham",2025,"Birmingham_408250_293750",408250,293750,11,4,0,7,4,0
"Birmingham",2016,"Birmingham_408750_293750",408750,293750,3,2,0,1,2,0
"Birmingham",2019,"Birmingham_408750_293750",408750,293750,2,1,0,1,1,0
"Birmingham",2022,"Birmingham_408750_293750",408750,293750,2,2,0,0,2,0
"Birmingham",2025,"Birmingham_408750_293750",408750,293750,2,0,0,2,0,NA
"Birmingham",2016,"Birmingham_409000_293750",409000,293750,8,5,1,2,6,0.166666666666667
"Birmingham",2019,"Birmingham_409000_293750",409000,293750,9,6,0,3,6,0
"Birmingham",2022,"Birmingham_409000_293750",409000,293750,9,6,0,3,6,0
"Birmingham",2025,"Birmingham_409000_293750",409000,293750,7,4,0,3,4,0
"Birmingham",2016,"Birmingham_410250_293750",410250,293750,7,4,0,3,4,0
"Birmingham",2019,"Birmingham_410250_293750",410250,293750,7,6,0,1,6,0
"Birmingham",2022,"Birmingham_410250_293750",410250,293750,7,7,0,0,7,0
"Birmingham",2025,"Birmingham_410250_293750",410250,293750,7,6,0,1,6,0
"Birmingham",2016,"Birmingham_411750_293750",411750,293750,1,1,0,0,1,0
"Birmingham",2019,"Birmingham_411750_293750",411750,293750,1,0,1,0,1,1
"Birmingham",2022,"Birmingham_411750_293750",411750,293750,1,0,1,0,1,1
"Birmingham",2016,"Birmingham_413750_293750",413750,293750,1,0,0,1,0,NA
"Birmingham",2022,"Birmingham_413750_293750",413750,293750,1,0,0,1,0,NA
"Birmingham",2025,"Birmingham_413750_293750",413750,293750,1,0,0,1,0,NA
"Birmingham",2016,"Birmingham_404500_294000",404500,294000,29,15,0,14,15,0
"Birmingham",2019,"Birmingham_404500_294000",404500,294000,27,25,1,1,26,0.0384615384615385
"Birmingham",2022,"Birmingham_404500_294000",404500,294000,27,25,2,0,27,0.0740740740740741
"Birmingham",2025,"Birmingham_404500_294000",404500,294000,26,21,0,5,21,0
"Birmingham",2016,"Birmingham_404750_294000",404750,294000,2,0,0,2,0,NA
"Birmingham",2019,"Birmingham_404750_294000",404750,294000,2,2,0,0,2,0
"Birmingham",2022,"Birmingham_404750_294000",404750,294000,4,3,0,1,3,0
"Birmingham",2025,"Birmingham_404750_294000",404750,294000,3,1,0,2,1,0
"Birmingham",2016,"Birmingham_405750_294000",405750,294000,2,1,0,1,1,0
"Birmingham",2019,"Birmingham_405750_294000",405750,294000,1,1,0,0,1,0
"Birmingham",2022,"Birmingham_405750_294000",405750,294000,1,1,0,0,1,0
"Birmingham",2025,"Birmingham_405750_294000",405750,294000,1,1,0,0,1,0
"Birmingham",2016,"Birmingham_406500_294000",406500,294000,5,3,0,2,3,0
"Birmingham",2019,"Birmingham_406500_294000",406500,294000,6,3,0,3,3,0
"Birmingham",2022,"Birmingham_406500_294000",406500,294000,6,4,1,1,5,0.2
"Birmingham",2025,"Birmingham_406500_294000",406500,294000,5,3,0,2,3,0
"Birmingham",2016,"Birmingham_407000_294000",407000,294000,1,0,0,1,0,NA
"Birmingham",2019,"Birmingham_407000_294000",407000,294000,1,1,0,0,1,0
"Birmingham",2022,"Birmingham_407000_294000",407000,294000,1,1,0,0,1,0
"Birmingham",2025,"Birmingham_407000_294000",407000,294000,1,1,0,0,1,0
"Birmingham",2016,"Birmingham_407250_294000",407250,294000,1,0,0,1,0,NA
"Birmingham",2019,"Birmingham_407250_294000",407250,294000,1,0,0,1,0,NA
"Birmingham",2022,"Birmingham_407250_294000",407250,294000,1,1,0,0,1,0
"Birmingham",2025,"Birmingham_407250_294000",407250,294000,1,0,0,1,0,NA
"Birmingham",2016,"Birmingham_407750_294000",407750,294000,11,5,0,6,5,0
"Birmingham",2019,"Birmingham_407750_294000",407750,294000,10,9,0,1,9,0
"Birmingham",2022,"Birmingham_407750_294000",407750,294000,10,9,0,1,9,0
"Birmingham",2025,"Birmingham_407750_294000",407750,294000,10,6,0,4,6,0
"Birmingham",2016,"Birmingham_409000_294000",409000,294000,1,1,0,0,1,0
"Birmingham",2019,"Birmingham_409000_294000",409000,294000,1,1,0,0,1,0
"Birmingham",2022,"Birmingham_409000_294000",409000,294000,1,0,0,1,0,NA
"Birmingham",2025,"Birmingham_409000_294000",409000,294000,1,0,0,1,0,NA
"Birmingham",2016,"Birmingham_409250_294000",409250,294000,8,7,0,1,7,0
"Birmingham",2019,"Birmingham_409250_294000",409250,294000,7,7,0,0,7,0
"Birmingham",2022,"Birmingham_409250_294000",409250,294000,7,4,1,2,5,0.2
"Birmingham",2025,"Birmingham_409250_294000",409250,294000,7,3,1,3,4,0.25
"Birmingham",2016,"Birmingham_410000_294000",410000,294000,1,1,0,0,1,0
"Birmingham",2019,"Birmingham_410000_294000",410000,294000,1,1,0,0,1,0
"Birmingham",2022,"Birmingham_410000_294000",410000,294000,1,1,0,0,1,0
"Birmingham",2025,"Birmingham_410000_294000",410000,294000,1,1,0,0,1,0
"Birmingham",2016,"Birmingham_410750_294000",410750,294000,1,1,0,0,1,0
"Birmingham",2019,"Birmingham_410750_294000",410750,294000,1,1,0,0,1,0
"Birmingham",2022,"Birmingham_410750_294000",410750,294000,1,1,0,0,1,0
"Birmingham",2025,"Birmingham_410750_294000",410750,294000,1,0,0,1,0,NA
"Birmingham",2016,"Birmingham_412250_294000",412250,294000,2,0,0,2,0,NA
"Birmingham",2016,"Birmingham_405750_294250",405750,294250,2,1,1,0,2,0.5
"Birmingham",2019,"Birmingham_405750_294250",405750,294250,3,3,0,0,3,0
"Birmingham",2022,"Birmingham_405750_294250",405750,294250,5,2,1,2,3,0.333333333333333
"Birmingham",2025,"Birmingham_405750_294250",405750,294250,3,3,0,0,3,0
"Birmingham",2016,"Birmingham_407750_294250",407750,294250,5,2,1,2,3,0.333333333333333
"Birmingham",2019,"Birmingham_407750_294250",407750,294250,5,4,1,0,5,0.2
"Birmingham",2022,"Birmingham_407750_294250",407750,294250,5,4,0,1,4,0
"Birmingham",2025,"Birmingham_407750_294250",407750,294250,4,2,0,2,2,0
"Birmingham",2016,"Birmingham_408500_294250",408500,294250,1,1,0,0,1,0
"Birmingham",2019,"Birmingham_408500_294250",408500,294250,1,0,0,1,0,NA
"Birmingham",2022,"Birmingham_408500_294250",408500,294250,1,0,0,1,0,NA
"Birmingham",2025,"Birmingham_408500_294250",408500,294250,1,0,0,1,0,NA
"Birmingham",2016,"Birmingham_409500_294250",409500,294250,20,9,1,10,10,0.1
"Birmingham",2019,"Birmingham_409500_294250",409500,294250,18,16,1,1,17,0.0588235294117647
"Birmingham",2022,"Birmingham_409500_294250",409500,294250,20,17,1,2,18,0.0555555555555556
"Birmingham",2025,"Birmingham_409500_294250",409500,294250,16,4,0,12,4,0
"Birmingham",2016,"Birmingham_409750_294250",409750,294250,9,6,0,3,6,0
"Birmingham",2019,"Birmingham_409750_294250",409750,294250,9,9,0,0,9,0
"Birmingham",2022,"Birmingham_409750_294250",409750,294250,10,8,1,1,9,0.111111111111111
"Birmingham",2025,"Birmingham_409750_294250",409750,294250,10,5,0,5,5,0
"Birmingham",2016,"Birmingham_410750_294250",410750,294250,26,14,0,12,14,0
"Birmingham",2019,"Birmingham_410750_294250",410750,294250,20,19,1,0,20,0.05
"Birmingham",2022,"Birmingham_410750_294250",410750,294250,23,22,0,1,22,0
"Birmingham",2025,"Birmingham_410750_294250",410750,294250,21,9,0,12,9,0
"Birmingham",2016,"Birmingham_411000_294250",411000,294250,1,0,0,1,0,NA
"Birmingham",2019,"Birmingham_411000_294250",411000,294250,1,1,0,0,1,0
"Birmingham",2022,"Birmingham_411000_294250",411000,294250,1,1,0,0,1,0
"Birmingham",2025,"Birmingham_411000_294250",411000,294250,1,1,0,0,1,0
"Birmingham",2019,"Birmingham_412750_294250",412750,294250,1,0,0,1,0,NA
"Birmingham",2022,"Birmingham_412750_294250",412750,294250,1,0,0,1,0,NA
"Birmingham",2025,"Birmingham_412750_294250",412750,294250,1,0,0,1,0,NA
"Birmingham",2016,"Birmingham_405750_294500",405750,294500,1,0,0,1,0,NA
"Birmingham",2019,"Birmingham_405750_294500",405750,294500,1,1,0,0,1,0
"Birmingham",2022,"Birmingham_405750_294500",405750,294500,1,1,0,0,1,0
"Birmingham",2025,"Birmingham_405750_294500",405750,294500,1,0,0,1,0,NA
"Birmingham",2016,"Birmingham_406000_294500",406000,294500,3,2,0,1,2,0
"Birmingham",2019,"Birmingham_406000_294500",406000,294500,2,2,0,0,2,0
"Birmingham",2022,"Birmingham_406000_294500",406000,294500,2,2,0,0,2,0
"Birmingham",2025,"Birmingham_406000_294500",406000,294500,4,2,0,2,2,0
"Birmingham",2016,"Birmingham_406750_294500",406750,294500,2,2,0,0,2,0
"Birmingham",2019,"Birmingham_406750_294500",406750,294500,2,2,0,0,2,0
"Birmingham",2022,"Birmingham_406750_294500",406750,294500,2,2,0,0,2,0
"Birmingham",2025,"Birmingham_406750_294500",406750,294500,2,1,0,1,1,0
"Birmingham",2016,"Birmingham_407000_294500",407000,294500,3,2,0,1,2,0
"Birmingham",2019,"Birmingham_407000_294500",407000,294500,3,3,0,0,3,0
"Birmingham",2022,"Birmingham_407000_294500",407000,294500,3,3,0,0,3,0
"Birmingham",2025,"Birmingham_407000_294500",407000,294500,3,2,0,1,2,0
"Birmingham",2016,"Birmingham_407750_294500",407750,294500,1,1,0,0,1,0
"Birmingham",2019,"Birmingham_407750_294500",407750,294500,1,1,0,0,1,0
"Birmingham",2022,"Birmingham_407750_294500",407750,294500,1,1,0,0,1,0
"Birmingham",2025,"Birmingham_407750_294500",407750,294500,1,1,0,0,1,0
"Birmingham",2016,"Birmingham_408500_294500",408500,294500,2,1,0,1,1,0
"Birmingham",2019,"Birmingham_408500_294500",408500,294500,2,2,0,0,2,0
"Birmingham",2022,"Birmingham_408500_294500",408500,294500,2,1,1,0,2,0.5
"Birmingham",2025,"Birmingham_408500_294500",408500,294500,2,1,1,0,2,0.5
"Birmingham",2016,"Birmingham_409000_294500",409000,294500,1,1,0,0,1,0
"Birmingham",2019,"Birmingham_409000_294500",409000,294500,1,1,0,0,1,0
"Birmingham",2022,"Birmingham_409000_294500",409000,294500,1,0,1,0,1,1
"Birmingham",2025,"Birmingham_409000_294500",409000,294500,1,0,0,1,0,NA
"Birmingham",2016,"Birmingham_409250_294500",409250,294500,1,0,0,1,0,NA
"Birmingham",2019,"Birmingham_409250_294500",409250,294500,1,1,0,0,1,0
"Birmingham",2022,"Birmingham_409250_294500",409250,294500,1,1,0,0,1,0
"Birmingham",2025,"Birmingham_409250_294500",409250,294500,1,0,0,1,0,NA
"Birmingham",2016,"Birmingham_409500_294500",409500,294500,54,26,3,25,29,0.103448275862069
"Birmingham",2019,"Birmingham_409500_294500",409500,294500,44,38,3,3,41,0.0731707317073171
"Birmingham",2022,"Birmingham_409500_294500",409500,294500,44,38,1,5,39,0.0256410256410256
"Birmingham",2025,"Birmingham_409500_294500",409500,294500,43,27,0,16,27,0
"Birmingham",2016,"Birmingham_409750_294500",409750,294500,1,0,0,1,0,NA
"Birmingham",2019,"Birmingham_409750_294500",409750,294500,1,1,0,0,1,0
"Birmingham",2022,"Birmingham_409750_294500",409750,294500,1,1,0,0,1,0
"Birmingham",2025,"Birmingham_409750_294500",409750,294500,1,0,0,1,0,NA
"Birmingham",2016,"Birmingham_410250_294500",410250,294500,1,1,0,0,1,0
"Birmingham",2019,"Birmingham_410250_294500",410250,294500,1,1,0,0,1,0
"Birmingham",2022,"Birmingham_410250_294500",410250,294500,1,1,0,0,1,0
"Birmingham",2025,"Birmingham_410250_294500",410250,294500,1,0,0,1,0,NA
"Birmingham",2016,"Birmingham_410500_294500",410500,294500,7,6,0,1,6,0
"Birmingham",2019,"Birmingham_410500_294500",410500,294500,7,7,0,0,7,0
"Birmingham",2022,"Birmingham_410500_294500",410500,294500,7,6,0,1,6,0
"Birmingham",2025,"Birmingham_410500_294500",410500,294500,7,5,0,2,5,0
"Birmingham",2016,"Birmingham_410750_294500",410750,294500,74,42,3,29,45,0.0666666666666667
"Birmingham",2019,"Birmingham_410750_294500",410750,294500,72,59,4,9,63,0.0634920634920635
"Birmingham",2022,"Birmingham_410750_294500",410750,294500,72,55,2,15,57,0.0350877192982456
"Birmingham",2025,"Birmingham_410750_294500",410750,294500,69,24,0,45,24,0
"Birmingham",2025,"Birmingham_411000_294500",411000,294500,1,0,0,1,0,NA
"Birmingham",2016,"Birmingham_412000_294500",412000,294500,1,1,0,0,1,0
"Birmingham",2019,"Birmingham_412000_294500",412000,294500,1,1,0,0,1,0
"Birmingham",2022,"Birmingham_412000_294500",412000,294500,1,1,0,0,1,0
"Birmingham",2025,"Birmingham_412000_294500",412000,294500,1,1,0,0,1,0
"Birmingham",2019,"Birmingham_414250_294500",414250,294500,1,1,0,0,1,0
"Birmingham",2022,"Birmingham_414250_294500",414250,294500,1,1,0,0,1,0
"Birmingham",2025,"Birmingham_414250_294500",414250,294500,1,0,0,1,0,NA
"Birmingham",2019,"Birmingham_415500_294500",415500,294500,2,1,0,1,1,0
"Birmingham",2022,"Birmingham_415500_294500",415500,294500,2,1,0,1,1,0
"Birmingham",2025,"Birmingham_415500_294500",415500,294500,2,1,0,1,1,0
"Birmingham",2016,"Birmingham_406250_294750",406250,294750,5,4,1,0,5,0.2
"Birmingham",2019,"Birmingham_406250_294750",406250,294750,5,4,1,0,5,0.2
"Birmingham",2022,"Birmingham_406250_294750",406250,294750,5,4,1,0,5,0.2
"Birmingham",2025,"Birmingham_406250_294750",406250,294750,5,2,0,3,2,0
"Birmingham",2016,"Birmingham_406750_294750",406750,294750,4,1,0,3,1,0
"Birmingham",2019,"Birmingham_406750_294750",406750,294750,1,1,0,0,1,0
"Birmingham",2022,"Birmingham_406750_294750",406750,294750,1,1,0,0,1,0
"Birmingham",2025,"Birmingham_406750_294750",406750,294750,1,1,0,0,1,0
"Birmingham",2016,"Birmingham_407000_294750",407000,294750,6,3,0,3,3,0
"Birmingham",2019,"Birmingham_407000_294750",407000,294750,5,4,0,1,4,0
"Birmingham",2022,"Birmingham_407000_294750",407000,294750,5,4,1,0,5,0.2
"Birmingham",2025,"Birmingham_407000_294750",407000,294750,4,2,1,1,3,0.333333333333333
"Birmingham",2016,"Birmingham_407750_294750",407750,294750,15,6,1,8,7,0.142857142857143
"Birmingham",2019,"Birmingham_407750_294750",407750,294750,14,12,1,1,13,0.0769230769230769
"Birmingham",2022,"Birmingham_407750_294750",407750,294750,14,12,1,1,13,0.0769230769230769
"Birmingham",2025,"Birmingham_407750_294750",407750,294750,13,11,0,2,11,0
"Birmingham",2016,"Birmingham_408500_294750",408500,294750,12,11,0,1,11,0
"Birmingham",2019,"Birmingham_408500_294750",408500,294750,12,8,2,2,10,0.2
"Birmingham",2022,"Birmingham_408500_294750",408500,294750,12,7,1,4,8,0.125
"Birmingham",2025,"Birmingham_408500_294750",408500,294750,13,4,1,8,5,0.2
"Birmingham",2016,"Birmingham_409500_294750",409500,294750,11,3,0,8,3,0
"Birmingham",2019,"Birmingham_409500_294750",409500,294750,9,8,1,0,9,0.111111111111111
"Birmingham",2022,"Birmingham_409500_294750",409500,294750,11,8,1,2,9,0.111111111111111
"Birmingham",2025,"Birmingham_409500_294750",409500,294750,11,4,0,7,4,0
"Birmingham",2016,"Birmingham_410750_294750",410750,294750,3,2,0,1,2,0
"Birmingham",2019,"Birmingham_410750_294750",410750,294750,2,2,0,0,2,0
"Birmingham",2022,"Birmingham_410750_294750",410750,294750,2,2,0,0,2,0
"Birmingham",2025,"Birmingham_410750_294750",410750,294750,3,0,0,3,0,NA
"Birmingham",2016,"Birmingham_411000_294750",411000,294750,1,0,0,1,0,NA
"Birmingham",2016,"Birmingham_411750_294750",411750,294750,1,1,0,0,1,0
"Birmingham",2019,"Birmingham_411750_294750",411750,294750,1,1,0,0,1,0
"Birmingham",2022,"Birmingham_411750_294750",411750,294750,1,1,0,0,1,0
"Birmingham",2025,"Birmingham_411750_294750",411750,294750,1,1,0,0,1,0
"Birmingham",2016,"Birmingham_406500_295000",406500,295000,4,4,0,0,4,0
"Birmingham",2019,"Birmingham_406500_295000",406500,295000,4,4,0,0,4,0
"Birmingham",2022,"Birmingham_406500_295000",406500,295000,4,3,0,1,3,0
"Birmingham",2025,"Birmingham_406500_295000",406500,295000,4,3,0,1,3,0
"Birmingham",2016,"Birmingham_407250_295000",407250,295000,1,1,0,0,1,0
"Birmingham",2019,"Birmingham_407250_295000",407250,295000,1,1,0,0,1,0
"Birmingham",2022,"Birmingham_407250_295000",407250,295000,1,1,0,0,1,0
"Birmingham",2025,"Birmingham_407250_295000",407250,295000,1,1,0,0,1,0
"Birmingham",2016,"Birmingham_407500_295000",407500,295000,5,3,0,2,3,0
"Birmingham",2019,"Birmingham_407500_295000",407500,295000,5,5,0,0,5,0
"Birmingham",2022,"Birmingham_407500_295000",407500,295000,5,4,0,1,4,0
"Birmingham",2025,"Birmingham_407500_295000",407500,295000,5,3,0,2,3,0
"Birmingham",2016,"Birmingham_407750_295000",407750,295000,39,27,3,9,30,0.1
"Birmingham",2019,"Birmingham_407750_295000",407750,295000,36,18,14,4,32,0.4375
"Birmingham",2022,"Birmingham_407750_295000",407750,295000,38,16,15,7,31,0.483870967741935
"Birmingham",2025,"Birmingham_407750_295000",407750,295000,36,7,0,29,7,0
"Birmingham",2016,"Birmingham_408000_295000",408000,295000,22,12,1,9,13,0.0769230769230769
"Birmingham",2019,"Birmingham_408000_295000",408000,295000,21,18,0,3,18,0
"Birmingham",2022,"Birmingham_408000_295000",408000,295000,23,20,0,3,20,0
"Birmingham",2025,"Birmingham_408000_295000",408000,295000,21,11,0,10,11,0
"Birmingham",2016,"Birmingham_409500_295000",409500,295000,7,5,0,2,5,0
"Birmingham",2019,"Birmingham_409500_295000",409500,295000,6,6,0,0,6,0
"Birmingham",2022,"Birmingham_409500_295000",409500,295000,6,5,0,1,5,0
"Birmingham",2025,"Birmingham_409500_295000",409500,295000,6,1,0,5,1,0
"Birmingham",2019,"Birmingham_411250_295000",411250,295000,1,1,0,0,1,0
"Birmingham",2022,"Birmingham_411250_295000",411250,295000,1,1,0,0,1,0
"Birmingham",2025,"Birmingham_411250_295000",411250,295000,1,1,0,0,1,0
"Birmingham",2016,"Birmingham_411500_295000",411500,295000,21,14,0,7,14,0
"Birmingham",2019,"Birmingham_411500_295000",411500,295000,20,16,2,2,18,0.111111111111111
"Birmingham",2022,"Birmingham_411500_295000",411500,295000,21,19,0,2,19,0
"Birmingham",2025,"Birmingham_411500_295000",411500,295000,20,11,0,9,11,0
"Birmingham",2016,"Birmingham_411750_295000",411750,295000,1,1,0,0,1,0
"Birmingham",2019,"Birmingham_411750_295000",411750,295000,1,1,0,0,1,0
"Birmingham",2016,"Birmingham_407750_295250",407750,295250,3,3,0,0,3,0
"Birmingham",2019,"Birmingham_407750_295250",407750,295250,3,3,0,0,3,0
"Birmingham",2022,"Birmingham_407750_295250",407750,295250,3,3,0,0,3,0
"Birmingham",2025,"Birmingham_407750_295250",407750,295250,3,2,0,1,2,0
"Birmingham",2016,"Birmingham_410500_295250",410500,295250,2,0,0,2,0,NA
"Birmingham",2019,"Birmingham_410500_295250",410500,295250,1,1,0,0,1,0
"Birmingham",2022,"Birmingham_410500_295250",410500,295250,1,1,0,0,1,0
"Birmingham",2025,"Birmingham_410500_295250",410500,295250,1,1,0,0,1,0
"Birmingham",2016,"Birmingham_411750_295250",411750,295250,16,10,0,6,10,0
"Birmingham",2019,"Birmingham_411750_295250",411750,295250,12,10,2,0,12,0.166666666666667
"Birmingham",2022,"Birmingham_411750_295250",411750,295250,12,8,3,1,11,0.272727272727273
"Birmingham",2025,"Birmingham_411750_295250",411750,295250,12,5,0,7,5,0
"Birmingham",2016,"Birmingham_412250_295250",412250,295250,3,3,0,0,3,0
"Birmingham",2019,"Birmingham_412250_295250",412250,295250,3,3,0,0,3,0
"Birmingham",2022,"Birmingham_412250_295250",412250,295250,3,3,0,0,3,0
"Birmingham",2025,"Birmingham_412250_295250",412250,295250,3,2,0,1,2,0
"Birmingham",2016,"Birmingham_407250_295500",407250,295500,12,9,0,3,9,0
"Birmingham",2019,"Birmingham_407250_295500",407250,295500,11,10,1,0,11,0.0909090909090909
"Birmingham",2022,"Birmingham_407250_295500",407250,295500,11,9,0,2,9,0
"Birmingham",2025,"Birmingham_407250_295500",407250,295500,10,5,0,5,5,0
"Birmingham",2022,"Birmingham_407500_295500",407500,295500,1,1,0,0,1,0
"Birmingham",2025,"Birmingham_407500_295500",407500,295500,1,1,0,0,1,0
"Birmingham",2016,"Birmingham_407750_295500",407750,295500,4,3,0,1,3,0
"Birmingham",2019,"Birmingham_407750_295500",407750,295500,4,4,0,0,4,0
"Birmingham",2022,"Birmingham_407750_295500",407750,295500,5,4,0,1,4,0
"Birmingham",2025,"Birmingham_407750_295500",407750,295500,4,1,0,3,1,0
"Birmingham",2016,"Birmingham_408500_295500",408500,295500,4,3,0,1,3,0
"Birmingham",2019,"Birmingham_408500_295500",408500,295500,4,4,0,0,4,0
"Birmingham",2022,"Birmingham_408500_295500",408500,295500,4,4,0,0,4,0
"Birmingham",2025,"Birmingham_408500_295500",408500,295500,4,3,0,1,3,0
"Birmingham",2016,"Birmingham_411750_295500",411750,295500,41,23,2,16,25,0.08
"Birmingham",2019,"Birmingham_411750_295500",411750,295500,36,30,5,1,35,0.142857142857143
"Birmingham",2022,"Birmingham_411750_295500",411750,295500,35,26,3,6,29,0.103448275862069
"Birmingham",2025,"Birmingham_411750_295500",411750,295500,37,9,0,28,9,0
"Birmingham",2016,"Birmingham_412000_295500",412000,295500,10,9,0,1,9,0
"Birmingham",2019,"Birmingham_412000_295500",412000,295500,10,9,0,1,9,0
"Birmingham",2022,"Birmingham_412000_295500",412000,295500,10,9,0,1,9,0
"Birmingham",2025,"Birmingham_412000_295500",412000,295500,9,5,0,4,5,0
"Birmingham",2016,"Birmingham_412500_295500",412500,295500,1,1,0,0,1,0
"Birmingham",2019,"Birmingham_412500_295500",412500,295500,1,1,0,0,1,0
"Birmingham",2022,"Birmingham_412500_295500",412500,295500,1,1,0,0,1,0
"Birmingham",2025,"Birmingham_412500_295500",412500,295500,1,1,0,0,1,0
"Birmingham",2016,"Birmingham_413500_295500",413500,295500,1,1,0,0,1,0
"Birmingham",2019,"Birmingham_413500_295500",413500,295500,1,1,0,0,1,0
"Birmingham",2022,"Birmingham_413500_295500",413500,295500,1,1,0,0,1,0
"Birmingham",2025,"Birmingham_413500_295500",413500,295500,2,0,0,2,0,NA
"Birmingham",2016,"Birmingham_414500_295500",414500,295500,1,0,0,1,0,NA
"Birmingham",2019,"Birmingham_414500_295500",414500,295500,1,1,0,0,1,0
"Birmingham",2022,"Birmingham_414500_295500",414500,295500,1,1,0,0,1,0
"Birmingham",2025,"Birmingham_414500_295500",414500,295500,1,1,0,0,1,0
"Birmingham",2016,"Birmingham_407000_295750",407000,295750,7,6,0,1,6,0
"Birmingham",2019,"Birmingham_407000_295750",407000,295750,6,6,0,0,6,0
"Birmingham",2022,"Birmingham_407000_295750",407000,295750,6,5,0,1,5,0
"Birmingham",2025,"Birmingham_407000_295750",407000,295750,6,5,0,1,5,0
"Birmingham",2016,"Birmingham_407250_295750",407250,295750,1,1,0,0,1,0
"Birmingham",2019,"Birmingham_407250_295750",407250,295750,1,1,0,0,1,0
"Birmingham",2022,"Birmingham_407250_295750",407250,295750,1,1,0,0,1,0
"Birmingham",2025,"Birmingham_407250_295750",407250,295750,1,1,0,0,1,0
"Birmingham",2016,"Birmingham_411750_295750",411750,295750,28,8,2,18,10,0.2
"Birmingham",2019,"Birmingham_411750_295750",411750,295750,24,19,3,2,22,0.136363636363636
"Birmingham",2022,"Birmingham_411750_295750",411750,295750,26,23,1,2,24,0.0416666666666667
"Birmingham",2025,"Birmingham_411750_295750",411750,295750,21,9,0,12,9,0
"Birmingham",2016,"Birmingham_412000_295750",412000,295750,111,35,5,71,40,0.125
"Birmingham",2019,"Birmingham_412000_295750",412000,295750,65,55,7,3,62,0.112903225806452
"Birmingham",2022,"Birmingham_412000_295750",412000,295750,68,48,5,15,53,0.0943396226415094
"Birmingham",2025,"Birmingham_412000_295750",412000,295750,61,20,0,41,20,0
"Birmingham",2016,"Birmingham_412500_295750",412500,295750,1,0,0,1,0,NA
"Birmingham",2019,"Birmingham_412500_295750",412500,295750,1,1,0,0,1,0
"Birmingham",2022,"Birmingham_412500_295750",412500,295750,1,1,0,0,1,0
"Birmingham",2025,"Birmingham_412500_295750",412500,295750,1,0,0,1,0,NA
"Birmingham",2016,"Birmingham_412750_295750",412750,295750,1,1,0,0,1,0
"Birmingham",2019,"Birmingham_412750_295750",412750,295750,1,1,0,0,1,0
"Birmingham",2022,"Birmingham_412750_295750",412750,295750,1,1,0,0,1,0
"Birmingham",2025,"Birmingham_412750_295750",412750,295750,1,0,0,1,0,NA
"Birmingham",2016,"Birmingham_413000_295750",413000,295750,5,5,0,0,5,0
"Birmingham",2019,"Birmingham_413000_295750",413000,295750,5,5,0,0,5,0
"Birmingham",2022,"Birmingham_413000_295750",413000,295750,5,5,0,0,5,0
"Birmingham",2025,"Birmingham_413000_295750",413000,295750,5,3,0,2,3,0
"Birmingham",2016,"Birmingham_413250_295750",413250,295750,11,7,0,4,7,0
"Birmingham",2019,"Birmingham_413250_295750",413250,295750,8,6,0,2,6,0
"Birmingham",2022,"Birmingham_413250_295750",413250,295750,8,7,0,1,7,0
"Birmingham",2025,"Birmingham_413250_295750",413250,295750,8,5,0,3,5,0
"Birmingham",2016,"Birmingham_413500_295750",413500,295750,3,3,0,0,3,0
"Birmingham",2019,"Birmingham_413500_295750",413500,295750,3,2,0,1,2,0
"Birmingham",2022,"Birmingham_413500_295750",413500,295750,3,3,0,0,3,0
"Birmingham",2025,"Birmingham_413500_295750",413500,295750,3,2,0,1,2,0
"Birmingham",2016,"Birmingham_414500_295750",414500,295750,2,1,0,1,1,0
"Birmingham",2019,"Birmingham_414500_295750",414500,295750,2,2,0,0,2,0
"Birmingham",2022,"Birmingham_414500_295750",414500,295750,2,2,0,0,2,0
"Birmingham",2025,"Birmingham_414500_295750",414500,295750,2,1,0,1,1,0
"Birmingham",2016,"Birmingham_408000_296000",408000,296000,7,4,0,3,4,0
"Birmingham",2019,"Birmingham_408000_296000",408000,296000,7,7,0,0,7,0
"Birmingham",2022,"Birmingham_408000_296000",408000,296000,7,6,0,1,6,0
"Birmingham",2025,"Birmingham_408000_296000",408000,296000,7,5,0,2,5,0
"Birmingham",2016,"Birmingham_408250_296000",408250,296000,3,2,0,1,2,0
"Birmingham",2019,"Birmingham_408250_296000",408250,296000,3,3,0,0,3,0
"Birmingham",2022,"Birmingham_408250_296000",408250,296000,3,3,0,0,3,0
"Birmingham",2025,"Birmingham_408250_296000",408250,296000,3,2,0,1,2,0
"Birmingham",2016,"Birmingham_411500_296000",411500,296000,1,0,0,1,0,NA
"Birmingham",2019,"Birmingham_411500_296000",411500,296000,1,1,0,0,1,0
"Birmingham",2022,"Birmingham_411500_296000",411500,296000,1,1,0,0,1,0
"Birmingham",2025,"Birmingham_411500_296000",411500,296000,1,1,0,0,1,0
"Birmingham",2016,"Birmingham_411750_296000",411750,296000,76,43,2,31,45,0.0444444444444444
"Birmingham",2019,"Birmingham_411750_296000",411750,296000,67,58,7,2,65,0.107692307692308
"Birmingham",2022,"Birmingham_411750_296000",411750,296000,67,44,20,3,64,0.3125
"Birmingham",2025,"Birmingham_411750_296000",411750,296000,61,16,0,45,16,0
"Birmingham",2016,"Birmingham_412000_296000",412000,296000,56,24,3,29,27,0.111111111111111
"Birmingham",2019,"Birmingham_412000_296000",412000,296000,48,38,10,0,48,0.208333333333333
"Birmingham",2022,"Birmingham_412000_296000",412000,296000,51,37,11,3,48,0.229166666666667
"Birmingham",2025,"Birmingham_412000_296000",412000,296000,49,20,0,29,20,0
"Birmingham",2016,"Birmingham_412250_296000",412250,296000,2,0,0,2,0,NA
"Birmingham",2019,"Birmingham_412250_296000",412250,296000,1,1,0,0,1,0
"Birmingham",2022,"Birmingham_412250_296000",412250,296000,1,0,1,0,1,1
"Birmingham",2025,"Birmingham_412250_296000",412250,296000,1,0,0,1,0,NA
"Birmingham",2016,"Birmingham_412500_296000",412500,296000,3,0,0,3,0,NA
"Birmingham",2019,"Birmingham_412500_296000",412500,296000,3,3,0,0,3,0
"Birmingham",2022,"Birmingham_412500_296000",412500,296000,4,4,0,0,4,0
"Birmingham",2025,"Birmingham_412500_296000",412500,296000,4,3,0,1,3,0
"Birmingham",2025,"Birmingham_414000_296000",414000,296000,1,0,0,1,0,NA
"Birmingham",2016,"Birmingham_414250_296000",414250,296000,15,9,0,6,9,0
"Birmingham",2019,"Birmingham_414250_296000",414250,296000,12,11,0,1,11,0
"Birmingham",2022,"Birmingham_414250_296000",414250,296000,12,11,0,1,11,0
"Birmingham",2025,"Birmingham_414250_296000",414250,296000,12,6,0,6,6,0
"Birmingham",2016,"Birmingham_408250_296250",408250,296250,3,1,0,2,1,0
"Birmingham",2019,"Birmingham_408250_296250",408250,296250,3,3,0,0,3,0
"Birmingham",2022,"Birmingham_408250_296250",408250,296250,3,3,0,0,3,0
"Birmingham",2025,"Birmingham_408250_296250",408250,296250,3,1,0,2,1,0
"Birmingham",2016,"Birmingham_411250_296250",411250,296250,3,1,0,2,1,0
"Birmingham",2019,"Birmingham_411250_296250",411250,296250,3,3,0,0,3,0
"Birmingham",2022,"Birmingham_411250_296250",411250,296250,3,3,0,0,3,0
"Birmingham",2025,"Birmingham_411250_296250",411250,296250,3,2,0,1,2,0
"Birmingham",2016,"Birmingham_411500_296250",411500,296250,1,0,0,1,0,NA
"Birmingham",2019,"Birmingham_411500_296250",411500,296250,1,1,0,0,1,0
"Birmingham",2022,"Birmingham_411500_296250",411500,296250,1,1,0,0,1,0
"Birmingham",2025,"Birmingham_411500_296250",411500,296250,1,1,0,0,1,0
"Birmingham",2016,"Birmingham_411750_296250",411750,296250,2,2,0,0,2,0
"Birmingham",2019,"Birmingham_411750_296250",411750,296250,2,1,1,0,2,0.5
"Birmingham",2022,"Birmingham_411750_296250",411750,296250,2,1,1,0,2,0.5
"Birmingham",2025,"Birmingham_411750_296250",411750,296250,2,1,0,1,1,0
"Birmingham",2016,"Birmingham_412000_296250",412000,296250,32,17,0,15,17,0
"Birmingham",2019,"Birmingham_412000_296250",412000,296250,29,29,0,0,29,0
"Birmingham",2022,"Birmingham_412000_296250",412000,296250,30,22,0,8,22,0
"Birmingham",2025,"Birmingham_412000_296250",412000,296250,30,13,0,17,13,0
"Birmingham",2016,"Birmingham_412250_296250",412250,296250,4,2,0,2,2,0
"Birmingham",2019,"Birmingham_412250_296250",412250,296250,4,3,1,0,4,0.25
"Birmingham",2022,"Birmingham_412250_296250",412250,296250,5,2,1,2,3,0.333333333333333
"Birmingham",2025,"Birmingham_412250_296250",412250,296250,4,2,0,2,2,0
"Birmingham",2016,"Birmingham_412500_296250",412500,296250,1,0,0,1,0,NA
"Birmingham",2019,"Birmingham_412500_296250",412500,296250,1,1,0,0,1,0
"Birmingham",2022,"Birmingham_412500_296250",412500,296250,1,1,0,0,1,0
"Birmingham",2016,"Birmingham_412000_296500",412000,296500,6,4,0,2,4,0
"Birmingham",2019,"Birmingham_412000_296500",412000,296500,7,6,0,1,6,0
"Birmingham",2022,"Birmingham_412000_296500",412000,296500,8,6,0,2,6,0
"Birmingham",2025,"Birmingham_412000_296500",412000,296500,8,5,1,2,6,0.166666666666667
"Birmingham",2016,"Birmingham_413000_296500",413000,296500,1,1,0,0,1,0
"Birmingham",2019,"Birmingham_413000_296500",413000,296500,1,1,0,0,1,0
"Birmingham",2022,"Birmingham_413000_296500",413000,296500,1,1,0,0,1,0
"Birmingham",2025,"Birmingham_413000_296500",413000,296500,2,0,0,2,0,NA
"Birmingham",2016,"Birmingham_413750_296500",413750,296500,2,2,0,0,2,0
"Birmingham",2019,"Birmingham_413750_296500",413750,296500,2,1,0,1,1,0
"Birmingham",2022,"Birmingham_413750_296500",413750,296500,2,1,0,1,1,0
"Birmingham",2025,"Birmingham_413750_296500",413750,296500,2,1,0,1,1,0
"Birmingham",2016,"Birmingham_410750_297000",410750,297000,1,1,0,0,1,0
"Birmingham",2019,"Birmingham_410750_297000",410750,297000,1,1,0,0,1,0
"Birmingham",2022,"Birmingham_410750_297000",410750,297000,1,1,0,0,1,0
"Birmingham",2025,"Birmingham_410750_297000",410750,297000,1,0,0,1,0,NA
"Birmingham",2016,"Birmingham_412000_297000",412000,297000,1,0,0,1,0,NA
"Birmingham",2016,"Birmingham_413250_297000",413250,297000,9,4,1,4,5,0.2
"Birmingham",2019,"Birmingham_413250_297000",413250,297000,9,7,1,1,8,0.125
"Birmingham",2022,"Birmingham_413250_297000",413250,297000,9,8,0,1,8,0
"Birmingham",2025,"Birmingham_413250_297000",413250,297000,9,4,0,5,4,0
"Birmingham",2016,"Birmingham_413500_297000",413500,297000,1,0,0,1,0,NA
"Birmingham",2019,"Birmingham_413500_297000",413500,297000,1,1,0,0,1,0
"Birmingham",2022,"Birmingham_413500_297000",413500,297000,1,1,0,0,1,0
"Birmingham",2025,"Birmingham_413500_297000",413500,297000,1,1,0,0,1,0
"Birmingham",2016,"Birmingham_411750_297250",411750,297250,2,0,0,2,0,NA
"Birmingham",2019,"Birmingham_411750_297250",411750,297250,1,1,0,0,1,0
"Birmingham",2022,"Birmingham_411750_297250",411750,297250,1,1,0,0,1,0
"Birmingham",2025,"Birmingham_411750_297250",411750,297250,1,1,0,0,1,0
"Birmingham",2016,"Birmingham_413000_297500",413000,297500,1,1,0,0,1,0
"Birmingham",2019,"Birmingham_413000_297500",413000,297500,1,1,0,0,1,0
"Birmingham",2022,"Birmingham_413000_297500",413000,297500,1,1,0,0,1,0
"Birmingham",2025,"Birmingham_413000_297500",413000,297500,1,0,0,1,0,NA
"Birmingham",2016,"Birmingham_410000_297750",410000,297750,1,1,0,0,1,0
"Birmingham",2019,"Birmingham_410000_297750",410000,297750,1,1,0,0,1,0
"Birmingham",2022,"Birmingham_410000_297750",410000,297750,1,1,0,0,1,0
"Birmingham",2016,"Birmingham_411500_298250",411500,298250,7,5,0,2,5,0
"Birmingham",2019,"Birmingham_411500_298250",411500,298250,6,6,0,0,6,0
"Birmingham",2022,"Birmingham_411500_298250",411500,298250,6,6,0,0,6,0
"Birmingham",2025,"Birmingham_411500_298250",411500,298250,6,4,0,2,4,0
"Birmingham",2016,"Birmingham_411750_298250",411750,298250,1,1,0,0,1,0
"Birmingham",2019,"Birmingham_411750_298250",411750,298250,1,1,0,0,1,0
"Birmingham",2022,"Birmingham_411750_298250",411750,298250,1,1,0,0,1,0
"Birmingham",2025,"Birmingham_411750_298250",411750,298250,1,0,0,1,0,NA
"Birmingham",2016,"Birmingham_411500_298500",411500,298500,45,22,0,23,22,0
"Birmingham",2019,"Birmingham_411500_298500",411500,298500,39,35,1,3,36,0.0277777777777778
"Birmingham",2022,"Birmingham_411500_298500",411500,298500,40,33,2,5,35,0.0571428571428571
"Birmingham",2025,"Birmingham_411500_298500",411500,298500,40,15,1,24,16,0.0625
"Birmingham",2016,"Birmingham_412000_298500",412000,298500,1,1,0,0,1,0
"Birmingham",2019,"Birmingham_412000_298500",412000,298500,1,1,0,0,1,0
"Birmingham",2022,"Birmingham_412000_298500",412000,298500,1,1,0,0,1,0
"Birmingham",2025,"Birmingham_412000_298500",412000,298500,1,0,0,1,0,NA
"Birmingham",2016,"Birmingham_412250_298500",412250,298500,4,2,0,2,2,0
"Birmingham",2019,"Birmingham_412250_298500",412250,298500,4,4,0,0,4,0
"Birmingham",2022,"Birmingham_412250_298500",412250,298500,4,3,0,1,3,0
"Birmingham",2025,"Birmingham_412250_298500",412250,298500,4,3,0,1,3,0
"Birmingham",2016,"Birmingham_413000_298500",413000,298500,39,13,0,26,13,0
"Birmingham",2019,"Birmingham_413000_298500",413000,298500,19,17,0,2,17,0
"Birmingham",2022,"Birmingham_413000_298500",413000,298500,19,17,0,2,17,0
"Birmingham",2025,"Birmingham_413000_298500",413000,298500,19,9,0,10,9,0
"Birmingham",2016,"Birmingham_411000_298750",411000,298750,8,3,1,4,4,0.25
"Birmingham",2019,"Birmingham_411000_298750",411000,298750,6,5,1,0,6,0.166666666666667
"Birmingham",2022,"Birmingham_411000_298750",411000,298750,6,5,1,0,6,0.166666666666667
"Birmingham",2025,"Birmingham_411000_298750",411000,298750,5,2,0,3,2,0
"Birmingham",2016,"Birmingham_411500_298750",411500,298750,55,20,1,34,21,0.0476190476190476
"Birmingham",2019,"Birmingham_411500_298750",411500,298750,49,47,0,2,47,0
"Birmingham",2022,"Birmingham_411500_298750",411500,298750,52,45,3,4,48,0.0625
"Birmingham",2025,"Birmingham_411500_298750",411500,298750,55,18,0,37,18,0
"Birmingham",2016,"Birmingham_411750_298750",411750,298750,11,6,0,5,6,0
"Birmingham",2019,"Birmingham_411750_298750",411750,298750,11,11,0,0,11,0
"Birmingham",2022,"Birmingham_411750_298750",411750,298750,18,14,1,3,15,0.0666666666666667
"Birmingham",2025,"Birmingham_411750_298750",411750,298750,23,8,0,15,8,0
"Birmingham",2016,"Birmingham_412000_298750",412000,298750,4,3,0,1,3,0
"Birmingham",2019,"Birmingham_412000_298750",412000,298750,4,4,0,0,4,0
"Birmingham",2022,"Birmingham_412000_298750",412000,298750,4,4,0,0,4,0
"Birmingham",2025,"Birmingham_412000_298750",412000,298750,4,4,0,0,4,0
"Birmingham",2016,"Birmingham_412250_298750",412250,298750,2,1,0,1,1,0
"Birmingham",2019,"Birmingham_412250_298750",412250,298750,2,2,0,0,2,0
"Birmingham",2022,"Birmingham_412250_298750",412250,298750,2,1,0,1,1,0
"Birmingham",2025,"Birmingham_412250_298750",412250,298750,2,1,0,1,1,0
"Birmingham",2016,"Birmingham_410250_299000",410250,299000,17,8,0,9,8,0
"Birmingham",2019,"Birmingham_410250_299000",410250,299000,15,12,0,3,12,0
"Birmingham",2022,"Birmingham_410250_299000",410250,299000,15,14,0,1,14,0
"Birmingham",2025,"Birmingham_410250_299000",410250,299000,15,13,0,2,13,0
"Birmingham",2016,"Birmingham_410500_299000",410500,299000,1,1,0,0,1,0
"Birmingham",2019,"Birmingham_410500_299000",410500,299000,1,1,0,0,1,0
"Birmingham",2022,"Birmingham_410500_299000",410500,299000,1,1,0,0,1,0
"Birmingham",2016,"Birmingham_411500_299000",411500,299000,4,2,0,2,2,0
"Birmingham",2019,"Birmingham_411500_299000",411500,299000,3,3,0,0,3,0
"Birmingham",2022,"Birmingham_411500_299000",411500,299000,3,3,0,0,3,0
"Birmingham",2025,"Birmingham_411500_299000",411500,299000,3,1,0,2,1,0
"Birmingham",2016,"Birmingham_411750_299000",411750,299000,1,1,0,0,1,0
"Birmingham",2019,"Birmingham_411750_299000",411750,299000,1,1,0,0,1,0
"Birmingham",2022,"Birmingham_411750_299000",411750,299000,1,1,0,0,1,0
"Birmingham",2025,"Birmingham_411750_299000",411750,299000,1,1,0,0,1,0
"Birmingham",2016,"Birmingham_413000_299000",413000,299000,1,1,0,0,1,0
"Birmingham",2019,"Birmingham_413000_299000",413000,299000,2,1,0,1,1,0
"Birmingham",2022,"Birmingham_413000_299000",413000,299000,2,1,0,1,1,0
"Birmingham",2025,"Birmingham_413000_299000",413000,299000,2,1,0,1,1,0
"Birmingham",2019,"Birmingham_413500_299000",413500,299000,2,0,0,2,0,NA
"Birmingham",2022,"Birmingham_413500_299000",413500,299000,2,2,0,0,2,0
"Birmingham",2025,"Birmingham_413500_299000",413500,299000,2,0,0,2,0,NA
"Birmingham",2016,"Birmingham_410750_299250",410750,299250,2,1,0,1,1,0
"Birmingham",2019,"Birmingham_410750_299250",410750,299250,2,2,0,0,2,0
"Birmingham",2022,"Birmingham_410750_299250",410750,299250,2,1,0,1,1,0
"Birmingham",2025,"Birmingham_410750_299250",410750,299250,2,1,0,1,1,0
"Birmingham",2016,"Birmingham_411250_299250",411250,299250,4,1,0,3,1,0
"Birmingham",2019,"Birmingham_411250_299250",411250,299250,5,5,0,0,5,0
"Birmingham",2022,"Birmingham_411250_299250",411250,299250,5,3,1,1,4,0.25
"Birmingham",2025,"Birmingham_411250_299250",411250,299250,4,0,1,3,1,1
"Birmingham",2016,"Birmingham_412000_299250",412000,299250,4,3,0,1,3,0
"Birmingham",2019,"Birmingham_412000_299250",412000,299250,4,4,0,0,4,0
"Birmingham",2022,"Birmingham_412000_299250",412000,299250,4,4,0,0,4,0
"Birmingham",2025,"Birmingham_412000_299250",412000,299250,4,3,0,1,3,0
"Birmingham",2016,"Birmingham_411250_299500",411250,299500,1,1,0,0,1,0
"Birmingham",2019,"Birmingham_411250_299500",411250,299500,1,1,0,0,1,0
"Birmingham",2022,"Birmingham_411250_299500",411250,299500,1,1,0,0,1,0
"Birmingham",2025,"Birmingham_411250_299500",411250,299500,1,1,0,0,1,0
"Birmingham",2019,"Birmingham_412750_299750",412750,299750,1,1,0,0,1,0
"Birmingham",2022,"Birmingham_412750_299750",412750,299750,1,1,0,0,1,0
"Birmingham",2025,"Birmingham_412750_299750",412750,299750,1,1,0,0,1,0
"Birmingham",2016,"Birmingham_410250_3e+05",410250,3e+05,12,8,0,4,8,0
"Birmingham",2019,"Birmingham_410250_3e+05",410250,3e+05,10,7,0,3,7,0
"Birmingham",2022,"Birmingham_410250_3e+05",410250,3e+05,10,8,0,2,8,0
"Birmingham",2025,"Birmingham_410250_3e+05",410250,3e+05,10,8,0,2,8,0
"Birmingham",2019,"Birmingham_410250_300250",410250,300250,1,0,0,1,0,NA
"Birmingham",2022,"Birmingham_410250_300250",410250,300250,1,1,0,0,1,0
"Birmingham",2025,"Birmingham_410250_300250",410250,300250,1,1,0,0,1,0
"Birmingham",2016,"Birmingham_410500_300500",410500,300500,1,1,0,0,1,0
"Birmingham",2019,"Birmingham_410500_300500",410500,300500,1,1,0,0,1,0
"Birmingham",2022,"Birmingham_410500_300500",410500,300500,1,1,0,0,1,0
"Birmingham",2025,"Birmingham_410500_300500",410500,300500,1,1,0,0,1,0
"Birmingham",2016,"Birmingham_410750_300500",410750,300500,3,3,0,0,3,0
"Birmingham",2019,"Birmingham_410750_300500",410750,300500,3,2,0,1,2,0
"Birmingham",2022,"Birmingham_410750_300500",410750,300500,3,2,0,1,2,0
"Birmingham",2025,"Birmingham_410750_300500",410750,300500,3,1,0,2,1,0
"Liverpool",2016,"Liverpool_342000_382500",342000,382500,1,1,0,0,1,0
"Liverpool",2019,"Liverpool_342000_382500",342000,382500,1,1,0,0,1,0
"Liverpool",2022,"Liverpool_342000_382500",342000,382500,1,1,0,0,1,0
"Liverpool",2016,"Liverpool_343250_382500",343250,382500,1,0,0,1,0,NA
"Liverpool",2016,"Liverpool_342750_382750",342750,382750,3,2,1,0,3,0.333333333333333
"Liverpool",2019,"Liverpool_342750_382750",342750,382750,3,2,1,0,3,0.333333333333333
"Liverpool",2022,"Liverpool_342750_382750",342750,382750,3,1,1,1,2,0.5
"Liverpool",2025,"Liverpool_342750_382750",342750,382750,3,1,1,1,2,0.5
"Liverpool",2016,"Liverpool_343250_382750",343250,382750,6,4,0,2,4,0
"Liverpool",2019,"Liverpool_343250_382750",343250,382750,6,4,2,0,6,0.333333333333333
"Liverpool",2022,"Liverpool_343250_382750",343250,382750,6,3,2,1,5,0.4
"Liverpool",2025,"Liverpool_343250_382750",343250,382750,6,3,2,1,5,0.4
"Liverpool",2016,"Liverpool_343500_382750",343500,382750,1,1,0,0,1,0
"Liverpool",2019,"Liverpool_343500_382750",343500,382750,1,1,0,0,1,0
"Liverpool",2022,"Liverpool_343500_382750",343500,382750,1,1,0,0,1,0
"Liverpool",2025,"Liverpool_343500_382750",343500,382750,1,0,0,1,0,NA
"Liverpool",2016,"Liverpool_344000_382750",344000,382750,7,3,0,4,3,0
"Liverpool",2019,"Liverpool_344000_382750",344000,382750,6,5,1,0,6,0.166666666666667
"Liverpool",2022,"Liverpool_344000_382750",344000,382750,6,3,1,2,4,0.25
"Liverpool",2025,"Liverpool_344000_382750",344000,382750,6,2,1,3,3,0.333333333333333
"Liverpool",2016,"Liverpool_344750_382750",344750,382750,1,1,0,0,1,0
"Liverpool",2019,"Liverpool_344750_382750",344750,382750,1,1,0,0,1,0
"Liverpool",2022,"Liverpool_344750_382750",344750,382750,1,1,0,0,1,0
"Liverpool",2025,"Liverpool_344750_382750",344750,382750,1,0,0,1,0,NA
"Liverpool",2016,"Liverpool_342500_383000",342500,383000,33,4,3,26,7,0.428571428571429
"Liverpool",2019,"Liverpool_342500_383000",342500,383000,30,27,1,2,28,0.0357142857142857
"Liverpool",2022,"Liverpool_342500_383000",342500,383000,34,21,1,12,22,0.0454545454545455
"Liverpool",2025,"Liverpool_342500_383000",342500,383000,31,8,0,23,8,0
"Liverpool",2016,"Liverpool_343250_383000",343250,383000,5,3,0,2,3,0
"Liverpool",2019,"Liverpool_343250_383000",343250,383000,3,3,0,0,3,0
"Liverpool",2022,"Liverpool_343250_383000",343250,383000,3,3,0,0,3,0
"Liverpool",2025,"Liverpool_343250_383000",343250,383000,3,3,0,0,3,0
"Liverpool",2019,"Liverpool_344000_383000",344000,383000,1,1,0,0,1,0
"Liverpool",2022,"Liverpool_344000_383000",344000,383000,1,1,0,0,1,0
"Liverpool",2025,"Liverpool_344000_383000",344000,383000,1,1,0,0,1,0
"Liverpool",2016,"Liverpool_345000_383000",345000,383000,16,4,1,11,5,0.2
"Liverpool",2019,"Liverpool_345000_383000",345000,383000,14,11,2,1,13,0.153846153846154
"Liverpool",2022,"Liverpool_345000_383000",345000,383000,14,10,1,3,11,0.0909090909090909
"Liverpool",2025,"Liverpool_345000_383000",345000,383000,14,7,1,6,8,0.125
"Liverpool",2016,"Liverpool_344000_383250",344000,383250,17,1,1,15,2,0.5
"Liverpool",2019,"Liverpool_344000_383250",344000,383250,16,16,0,0,16,0
"Liverpool",2022,"Liverpool_344000_383250",344000,383250,17,15,0,2,15,0
"Liverpool",2025,"Liverpool_344000_383250",344000,383250,17,13,0,4,13,0
"Liverpool",2016,"Liverpool_344250_383250",344250,383250,1,0,0,1,0,NA
"Liverpool",2016,"Liverpool_344750_383250",344750,383250,5,1,0,4,1,0
"Liverpool",2019,"Liverpool_344750_383250",344750,383250,4,3,0,1,3,0
"Liverpool",2022,"Liverpool_344750_383250",344750,383250,4,3,0,1,3,0
"Liverpool",2025,"Liverpool_344750_383250",344750,383250,4,3,0,1,3,0
"Liverpool",2016,"Liverpool_340000_383500",340000,383500,15,7,0,8,7,0
"Liverpool",2019,"Liverpool_340000_383500",340000,383500,13,11,2,0,13,0.153846153846154
"Liverpool",2022,"Liverpool_340000_383500",340000,383500,13,11,1,1,12,0.0833333333333333
"Liverpool",2025,"Liverpool_340000_383500",340000,383500,12,11,0,1,11,0
"Liverpool",2016,"Liverpool_340500_383500",340500,383500,1,0,0,1,0,NA
"Liverpool",2019,"Liverpool_340500_383500",340500,383500,1,0,1,0,1,1
"Liverpool",2022,"Liverpool_340500_383500",340500,383500,1,0,1,0,1,1
"Liverpool",2025,"Liverpool_340500_383500",340500,383500,1,0,0,1,0,NA
"Liverpool",2016,"Liverpool_340750_383500",340750,383500,2,1,0,1,1,0
"Liverpool",2019,"Liverpool_340750_383500",340750,383500,2,2,0,0,2,0
"Liverpool",2022,"Liverpool_340750_383500",340750,383500,2,2,0,0,2,0
"Liverpool",2025,"Liverpool_340750_383500",340750,383500,2,1,0,1,1,0
"Liverpool",2016,"Liverpool_342000_383500",342000,383500,459,302,13,144,315,0.0412698412698413
"Liverpool",2019,"Liverpool_342000_383500",342000,383500,459,308,12,139,320,0.0375
"Liverpool",2022,"Liverpool_342000_383500",342000,383500,921,769,1,151,770,0.0012987012987013
"Liverpool",2025,"Liverpool_342000_383500",342000,383500,921,662,0,259,662,0
"Liverpool",2016,"Liverpool_343000_383500",343000,383500,10,1,0,9,1,0
"Liverpool",2019,"Liverpool_343000_383500",343000,383500,10,2,0,8,2,0
"Liverpool",2022,"Liverpool_343000_383500",343000,383500,10,2,0,8,2,0
"Liverpool",2025,"Liverpool_343000_383500",343000,383500,2,1,0,1,1,0
"Liverpool",2016,"Liverpool_345250_383500",345250,383500,1,1,0,0,1,0
"Liverpool",2019,"Liverpool_345250_383500",345250,383500,1,1,0,0,1,0
"Liverpool",2022,"Liverpool_345250_383500",345250,383500,1,1,0,0,1,0
"Liverpool",2025,"Liverpool_345250_383500",345250,383500,1,0,0,1,0,NA
"Liverpool",2016,"Liverpool_340250_383750",340250,383750,4,1,0,3,1,0
"Liverpool",2019,"Liverpool_340250_383750",340250,383750,4,1,2,1,3,0.666666666666667
"Liverpool",2022,"Liverpool_340250_383750",340250,383750,4,1,1,2,2,0.5
"Liverpool",2025,"Liverpool_340250_383750",340250,383750,4,1,1,2,2,0.5
"Liverpool",2016,"Liverpool_340500_383750",340500,383750,1,0,0,1,0,NA
"Liverpool",2019,"Liverpool_340500_383750",340500,383750,1,0,0,1,0,NA
"Liverpool",2022,"Liverpool_340500_383750",340500,383750,1,0,0,1,0,NA
"Liverpool",2025,"Liverpool_340500_383750",340500,383750,2,0,0,2,0,NA
"Liverpool",2016,"Liverpool_341250_383750",341250,383750,2,1,0,1,1,0
"Liverpool",2019,"Liverpool_341250_383750",341250,383750,3,2,0,1,2,0
"Liverpool",2022,"Liverpool_341250_383750",341250,383750,3,1,0,2,1,0
"Liverpool",2025,"Liverpool_341250_383750",341250,383750,1,0,0,1,0,NA
"Liverpool",2016,"Liverpool_342500_383750",342500,383750,2,0,0,2,0,NA
"Liverpool",2019,"Liverpool_342500_383750",342500,383750,2,2,0,0,2,0
"Liverpool",2022,"Liverpool_342500_383750",342500,383750,4,4,0,0,4,0
"Liverpool",2025,"Liverpool_342500_383750",342500,383750,3,2,0,1,2,0
"Liverpool",2022,"Liverpool_342750_383750",342750,383750,3,1,0,2,1,0
"Liverpool",2025,"Liverpool_342750_383750",342750,383750,4,1,0,3,1,0
"Liverpool",2016,"Liverpool_340000_384000",340000,384000,2,0,1,1,1,1
"Liverpool",2019,"Liverpool_340000_384000",340000,384000,1,1,0,0,1,0
"Liverpool",2022,"Liverpool_340000_384000",340000,384000,1,1,0,0,1,0
"Liverpool",2025,"Liverpool_340000_384000",340000,384000,1,0,0,1,0,NA
"Liverpool",2016,"Liverpool_340250_384000",340250,384000,4,1,0,3,1,0
"Liverpool",2019,"Liverpool_340250_384000",340250,384000,1,1,0,0,1,0
"Liverpool",2022,"Liverpool_340250_384000",340250,384000,1,1,0,0,1,0
"Liverpool",2025,"Liverpool_340250_384000",340250,384000,1,1,0,0,1,0
"Liverpool",2016,"Liverpool_341250_384000",341250,384000,3,0,0,3,0,NA
"Liverpool",2019,"Liverpool_341250_384000",341250,384000,3,2,0,1,2,0
"Liverpool",2022,"Liverpool_341250_384000",341250,384000,3,2,0,1,2,0
"Liverpool",2025,"Liverpool_341250_384000",341250,384000,3,1,0,2,1,0
"Liverpool",2016,"Liverpool_341500_384000",341500,384000,41,10,1,30,11,0.0909090909090909
"Liverpool",2019,"Liverpool_341500_384000",341500,384000,45,42,1,2,43,0.0232558139534884
"Liverpool",2022,"Liverpool_341500_384000",341500,384000,49,41,0,8,41,0
"Liverpool",2025,"Liverpool_341500_384000",341500,384000,41,29,0,12,29,0
"Liverpool",2016,"Liverpool_342500_384000",342500,384000,2,1,0,1,1,0
"Liverpool",2019,"Liverpool_342500_384000",342500,384000,2,2,0,0,2,0
"Liverpool",2022,"Liverpool_342500_384000",342500,384000,3,2,0,1,2,0
"Liverpool",2025,"Liverpool_342500_384000",342500,384000,2,1,0,1,1,0
"Liverpool",2016,"Liverpool_343000_384000",343000,384000,1,0,0,1,0,NA
"Liverpool",2019,"Liverpool_343000_384000",343000,384000,1,1,0,0,1,0
"Liverpool",2022,"Liverpool_343000_384000",343000,384000,1,1,0,0,1,0
"Liverpool",2025,"Liverpool_343000_384000",343000,384000,1,1,0,0,1,0
"Liverpool",2016,"Liverpool_343250_384000",343250,384000,3,0,0,3,0,NA
"Liverpool",2019,"Liverpool_343250_384000",343250,384000,2,2,0,0,2,0
"Liverpool",2022,"Liverpool_343250_384000",343250,384000,2,2,0,0,2,0
"Liverpool",2025,"Liverpool_343250_384000",343250,384000,2,2,0,0,2,0
"Liverpool",2016,"Liverpool_343500_384000",343500,384000,27,12,0,15,12,0
"Liverpool",2019,"Liverpool_343500_384000",343500,384000,25,22,3,0,25,0.12
"Liverpool",2022,"Liverpool_343500_384000",343500,384000,25,20,2,3,22,0.0909090909090909
"Liverpool",2025,"Liverpool_343500_384000",343500,384000,25,15,0,10,15,0
"Liverpool",2016,"Liverpool_340000_384250",340000,384250,1,1,0,0,1,0
"Liverpool",2019,"Liverpool_340000_384250",340000,384250,1,1,0,0,1,0
"Liverpool",2022,"Liverpool_340000_384250",340000,384250,1,0,0,1,0,NA
"Liverpool",2016,"Liverpool_340250_384250",340250,384250,35,10,0,25,10,0
"Liverpool",2019,"Liverpool_340250_384250",340250,384250,34,31,2,1,33,0.0606060606060606
"Liverpool",2022,"Liverpool_340250_384250",340250,384250,41,28,1,12,29,0.0344827586206897
"Liverpool",2025,"Liverpool_340250_384250",340250,384250,35,23,0,12,23,0
"Liverpool",2016,"Liverpool_340500_384250",340500,384250,19,6,1,12,7,0.142857142857143
"Liverpool",2019,"Liverpool_340500_384250",340500,384250,20,17,1,2,18,0.0555555555555556
"Liverpool",2022,"Liverpool_340500_384250",340500,384250,22,18,1,3,19,0.0526315789473684
"Liverpool",2025,"Liverpool_340500_384250",340500,384250,21,13,0,8,13,0
"Liverpool",2016,"Liverpool_341750_384250",341750,384250,1,0,0,1,0,NA
"Liverpool",2016,"Liverpool_342000_384250",342000,384250,1,0,0,1,0,NA
"Liverpool",2019,"Liverpool_342000_384250",342000,384250,1,1,0,0,1,0
"Liverpool",2022,"Liverpool_342000_384250",342000,384250,1,1,0,0,1,0
"Liverpool",2025,"Liverpool_342000_384250",342000,384250,1,1,0,0,1,0
"Liverpool",2016,"Liverpool_342250_384250",342250,384250,1,1,0,0,1,0
"Liverpool",2019,"Liverpool_342250_384250",342250,384250,1,1,0,0,1,0
"Liverpool",2022,"Liverpool_342250_384250",342250,384250,2,1,0,1,1,0
"Liverpool",2025,"Liverpool_342250_384250",342250,384250,1,0,0,1,0,NA
"Liverpool",2016,"Liverpool_342500_384250",342500,384250,1,1,0,0,1,0
"Liverpool",2019,"Liverpool_342500_384250",342500,384250,1,1,0,0,1,0
"Liverpool",2022,"Liverpool_342500_384250",342500,384250,1,1,0,0,1,0
"Liverpool",2025,"Liverpool_342500_384250",342500,384250,1,1,0,0,1,0
"Liverpool",2016,"Liverpool_342750_384250",342750,384250,5,0,2,3,2,1
"Liverpool",2019,"Liverpool_342750_384250",342750,384250,4,2,2,0,4,0.5
"Liverpool",2022,"Liverpool_342750_384250",342750,384250,6,4,2,0,6,0.333333333333333
"Liverpool",2025,"Liverpool_342750_384250",342750,384250,5,4,1,0,5,0.2
"Liverpool",2016,"Liverpool_339250_384500",339250,384500,1,1,0,0,1,0
"Liverpool",2019,"Liverpool_339250_384500",339250,384500,1,1,0,0,1,0
"Liverpool",2022,"Liverpool_339250_384500",339250,384500,1,1,0,0,1,0
"Liverpool",2025,"Liverpool_339250_384500",339250,384500,1,1,0,0,1,0
"Liverpool",2016,"Liverpool_340000_384500",340000,384500,33,10,1,22,11,0.0909090909090909
"Liverpool",2019,"Liverpool_340000_384500",340000,384500,31,28,1,2,29,0.0344827586206897
"Liverpool",2022,"Liverpool_340000_384500",340000,384500,36,26,1,9,27,0.037037037037037
"Liverpool",2025,"Liverpool_340000_384500",340000,384500,33,21,0,12,21,0
"Liverpool",2016,"Liverpool_340250_384500",340250,384500,43,13,1,29,14,0.0714285714285714
"Liverpool",2019,"Liverpool_340250_384500",340250,384500,39,32,4,3,36,0.111111111111111
"Liverpool",2022,"Liverpool_340250_384500",340250,384500,46,34,4,8,38,0.105263157894737
"Liverpool",2025,"Liverpool_340250_384500",340250,384500,43,28,2,13,30,0.0666666666666667
"Liverpool",2016,"Liverpool_340500_384500",340500,384500,4,0,0,4,0,NA
"Liverpool",2019,"Liverpool_340500_384500",340500,384500,2,2,0,0,2,0
"Liverpool",2022,"Liverpool_340500_384500",340500,384500,2,2,0,0,2,0
"Liverpool",2025,"Liverpool_340500_384500",340500,384500,2,1,0,1,1,0
"Liverpool",2016,"Liverpool_342000_384500",342000,384500,3,0,0,3,0,NA
"Liverpool",2019,"Liverpool_342000_384500",342000,384500,3,2,1,0,3,0.333333333333333
"Liverpool",2022,"Liverpool_342000_384500",342000,384500,3,3,0,0,3,0
"Liverpool",2025,"Liverpool_342000_384500",342000,384500,2,2,0,0,2,0
"Liverpool",2016,"Liverpool_342250_384500",342250,384500,1,1,0,0,1,0
"Liverpool",2019,"Liverpool_342250_384500",342250,384500,1,1,0,0,1,0
"Liverpool",2022,"Liverpool_342250_384500",342250,384500,1,0,0,1,0,NA
"Liverpool",2025,"Liverpool_342250_384500",342250,384500,1,0,0,1,0,NA
"Liverpool",2022,"Liverpool_343000_384500",343000,384500,1,0,0,1,0,NA
"Liverpool",2016,"Liverpool_339500_384750",339500,384750,9,4,1,4,5,0.2
"Liverpool",2019,"Liverpool_339500_384750",339500,384750,8,8,0,0,8,0
"Liverpool",2022,"Liverpool_339500_384750",339500,384750,8,7,0,1,7,0
"Liverpool",2025,"Liverpool_339500_384750",339500,384750,8,5,0,3,5,0
"Liverpool",2016,"Liverpool_339750_384750",339750,384750,5,4,0,1,4,0
"Liverpool",2019,"Liverpool_339750_384750",339750,384750,4,4,0,0,4,0
"Liverpool",2022,"Liverpool_339750_384750",339750,384750,4,3,0,1,3,0
"Liverpool",2025,"Liverpool_339750_384750",339750,384750,4,3,0,1,3,0
"Liverpool",2016,"Liverpool_340250_384750",340250,384750,2,0,0,2,0,NA
"Liverpool",2019,"Liverpool_340250_384750",340250,384750,2,1,0,1,1,0
"Liverpool",2022,"Liverpool_340250_384750",340250,384750,2,1,0,1,1,0
"Liverpool",2025,"Liverpool_340250_384750",340250,384750,2,1,0,1,1,0
"Liverpool",2016,"Liverpool_340500_384750",340500,384750,13,3,0,10,3,0
"Liverpool",2019,"Liverpool_340500_384750",340500,384750,12,9,1,2,10,0.1
"Liverpool",2022,"Liverpool_340500_384750",340500,384750,16,7,1,8,8,0.125
"Liverpool",2025,"Liverpool_340500_384750",340500,384750,14,5,1,8,6,0.166666666666667
"Liverpool",2016,"Liverpool_342250_384750",342250,384750,42,12,1,29,13,0.0769230769230769
"Liverpool",2019,"Liverpool_342250_384750",342250,384750,32,27,3,2,30,0.1
"Liverpool",2022,"Liverpool_342250_384750",342250,384750,34,27,1,6,28,0.0357142857142857
"Liverpool",2025,"Liverpool_342250_384750",342250,384750,32,23,1,8,24,0.0416666666666667
"Liverpool",2016,"Liverpool_343000_384750",343000,384750,12,6,0,6,6,0
"Liverpool",2019,"Liverpool_343000_384750",343000,384750,11,10,0,1,10,0
"Liverpool",2022,"Liverpool_343000_384750",343000,384750,13,9,0,4,9,0
"Liverpool",2025,"Liverpool_343000_384750",343000,384750,12,7,0,5,7,0
"Liverpool",2016,"Liverpool_339250_385000",339250,385000,14,4,0,10,4,0
"Liverpool",2019,"Liverpool_339250_385000",339250,385000,14,13,1,0,14,0.0714285714285714
"Liverpool",2022,"Liverpool_339250_385000",339250,385000,14,13,0,1,13,0
"Liverpool",2025,"Liverpool_339250_385000",339250,385000,14,12,0,2,12,0
"Liverpool",2016,"Liverpool_339500_385000",339500,385000,12,6,1,5,7,0.142857142857143
"Liverpool",2019,"Liverpool_339500_385000",339500,385000,13,12,0,1,12,0
"Liverpool",2022,"Liverpool_339500_385000",339500,385000,13,9,0,4,9,0
"Liverpool",2025,"Liverpool_339500_385000",339500,385000,13,6,0,7,6,0
"Liverpool",2016,"Liverpool_339750_385000",339750,385000,1,1,0,0,1,0
"Liverpool",2019,"Liverpool_339750_385000",339750,385000,1,1,0,0,1,0
"Liverpool",2022,"Liverpool_339750_385000",339750,385000,1,1,0,0,1,0
"Liverpool",2025,"Liverpool_339750_385000",339750,385000,1,1,0,0,1,0
"Liverpool",2016,"Liverpool_340000_385000",340000,385000,2,1,0,1,1,0
"Liverpool",2019,"Liverpool_340000_385000",340000,385000,3,3,0,0,3,0
"Liverpool",2022,"Liverpool_340000_385000",340000,385000,4,3,0,1,3,0
"Liverpool",2025,"Liverpool_340000_385000",340000,385000,2,1,0,1,1,0
"Liverpool",2016,"Liverpool_340500_385000",340500,385000,3,2,0,1,2,0
"Liverpool",2019,"Liverpool_340500_385000",340500,385000,3,3,0,0,3,0
"Liverpool",2022,"Liverpool_340500_385000",340500,385000,3,2,0,1,2,0
"Liverpool",2025,"Liverpool_340500_385000",340500,385000,3,2,0,1,2,0
"Liverpool",2016,"Liverpool_341000_385000",341000,385000,1,0,0,1,0,NA
"Liverpool",2019,"Liverpool_341000_385000",341000,385000,1,1,0,0,1,0
"Liverpool",2022,"Liverpool_341000_385000",341000,385000,1,1,0,0,1,0
"Liverpool",2025,"Liverpool_341000_385000",341000,385000,1,1,0,0,1,0
"Liverpool",2016,"Liverpool_342500_385000",342500,385000,1,1,0,0,1,0
"Liverpool",2019,"Liverpool_342500_385000",342500,385000,1,1,0,0,1,0
"Liverpool",2022,"Liverpool_342500_385000",342500,385000,1,1,0,0,1,0
"Liverpool",2025,"Liverpool_342500_385000",342500,385000,1,1,0,0,1,0
"Liverpool",2016,"Liverpool_342750_385000",342750,385000,1,0,0,1,0,NA
"Liverpool",2019,"Liverpool_342750_385000",342750,385000,1,1,0,0,1,0
"Liverpool",2022,"Liverpool_342750_385000",342750,385000,1,1,0,0,1,0
"Liverpool",2025,"Liverpool_342750_385000",342750,385000,2,1,0,1,1,0
"Liverpool",2016,"Liverpool_343000_385000",343000,385000,14,3,0,11,3,0
"Liverpool",2019,"Liverpool_343000_385000",343000,385000,12,11,0,1,11,0
"Liverpool",2022,"Liverpool_343000_385000",343000,385000,12,9,1,2,10,0.1
"Liverpool",2025,"Liverpool_343000_385000",343000,385000,13,9,0,4,9,0
"Liverpool",2016,"Liverpool_343250_385000",343250,385000,5,0,1,4,1,1
"Liverpool",2019,"Liverpool_343250_385000",343250,385000,5,3,0,2,3,0
"Liverpool",2022,"Liverpool_343250_385000",343250,385000,5,1,0,4,1,0
"Liverpool",2025,"Liverpool_343250_385000",343250,385000,4,1,0,3,1,0
"Liverpool",2016,"Liverpool_339500_385250",339500,385250,10,2,0,8,2,0
"Liverpool",2019,"Liverpool_339500_385250",339500,385250,10,8,1,1,9,0.111111111111111
"Liverpool",2022,"Liverpool_339500_385250",339500,385250,10,7,0,3,7,0
"Liverpool",2025,"Liverpool_339500_385250",339500,385250,9,5,0,4,5,0
"Liverpool",2016,"Liverpool_339750_385250",339750,385250,4,2,0,2,2,0
"Liverpool",2019,"Liverpool_339750_385250",339750,385250,4,4,0,0,4,0
"Liverpool",2022,"Liverpool_339750_385250",339750,385250,4,4,0,0,4,0
"Liverpool",2025,"Liverpool_339750_385250",339750,385250,4,3,0,1,3,0
"Liverpool",2016,"Liverpool_342000_385250",342000,385250,1,0,0,1,0,NA
"Liverpool",2019,"Liverpool_342000_385250",342000,385250,1,1,0,0,1,0
"Liverpool",2022,"Liverpool_342000_385250",342000,385250,1,1,0,0,1,0
"Liverpool",2025,"Liverpool_342000_385250",342000,385250,1,1,0,0,1,0
"Liverpool",2016,"Liverpool_343250_385250",343250,385250,1,0,0,1,0,NA
"Liverpool",2019,"Liverpool_343250_385250",343250,385250,1,0,0,1,0,NA
"Liverpool",2022,"Liverpool_343250_385250",343250,385250,1,0,0,1,0,NA
"Liverpool",2025,"Liverpool_343250_385250",343250,385250,1,0,0,1,0,NA
"Liverpool",2016,"Liverpool_338000_385500",338000,385500,2,1,0,1,1,0
"Liverpool",2019,"Liverpool_338000_385500",338000,385500,2,2,0,0,2,0
"Liverpool",2022,"Liverpool_338000_385500",338000,385500,2,2,0,0,2,0
"Liverpool",2025,"Liverpool_338000_385500",338000,385500,2,2,0,0,2,0
"Liverpool",2016,"Liverpool_338750_385500",338750,385500,1,0,0,1,0,NA
"Liverpool",2019,"Liverpool_338750_385500",338750,385500,1,1,0,0,1,0
"Liverpool",2022,"Liverpool_338750_385500",338750,385500,1,1,0,0,1,0
"Liverpool",2025,"Liverpool_338750_385500",338750,385500,1,1,0,0,1,0
"Liverpool",2016,"Liverpool_339000_385500",339000,385500,13,2,0,11,2,0
"Liverpool",2019,"Liverpool_339000_385500",339000,385500,12,12,0,0,12,0
"Liverpool",2022,"Liverpool_339000_385500",339000,385500,12,9,0,3,9,0
"Liverpool",2025,"Liverpool_339000_385500",339000,385500,13,9,0,4,9,0
"Liverpool",2016,"Liverpool_340000_385500",340000,385500,10,3,1,6,4,0.25
"Liverpool",2019,"Liverpool_340000_385500",340000,385500,11,10,1,0,11,0.0909090909090909
"Liverpool",2022,"Liverpool_340000_385500",340000,385500,11,9,1,1,10,0.1
"Liverpool",2025,"Liverpool_340000_385500",340000,385500,10,7,1,2,8,0.125
"Liverpool",2016,"Liverpool_343000_385500",343000,385500,1,0,0,1,0,NA
"Liverpool",2019,"Liverpool_343000_385500",343000,385500,1,0,0,1,0,NA
"Liverpool",2022,"Liverpool_343000_385500",343000,385500,2,0,1,1,1,1
"Liverpool",2025,"Liverpool_343000_385500",343000,385500,1,0,0,1,0,NA
"Liverpool",2016,"Liverpool_338500_385750",338500,385750,10,1,0,9,1,0
"Liverpool",2019,"Liverpool_338500_385750",338500,385750,8,8,0,0,8,0
"Liverpool",2022,"Liverpool_338500_385750",338500,385750,9,8,0,1,8,0
"Liverpool",2025,"Liverpool_338500_385750",338500,385750,8,6,0,2,6,0
"Liverpool",2016,"Liverpool_339000_385750",339000,385750,1,0,0,1,0,NA
"Liverpool",2019,"Liverpool_339000_385750",339000,385750,1,1,0,0,1,0
"Liverpool",2022,"Liverpool_339000_385750",339000,385750,1,1,0,0,1,0
"Liverpool",2025,"Liverpool_339000_385750",339000,385750,1,0,0,1,0,NA
"Liverpool",2016,"Liverpool_340000_385750",340000,385750,2,0,0,2,0,NA
"Liverpool",2019,"Liverpool_340000_385750",340000,385750,2,2,0,0,2,0
"Liverpool",2022,"Liverpool_340000_385750",340000,385750,2,2,0,0,2,0
"Liverpool",2025,"Liverpool_340000_385750",340000,385750,2,2,0,0,2,0
"Liverpool",2016,"Liverpool_340250_385750",340250,385750,9,2,1,6,3,0.333333333333333
"Liverpool",2019,"Liverpool_340250_385750",340250,385750,7,6,1,0,7,0.142857142857143
"Liverpool",2022,"Liverpool_340250_385750",340250,385750,10,6,1,3,7,0.142857142857143
"Liverpool",2025,"Liverpool_340250_385750",340250,385750,7,3,0,4,3,0
"Liverpool",2016,"Liverpool_340500_385750",340500,385750,9,3,1,5,4,0.25
"Liverpool",2019,"Liverpool_340500_385750",340500,385750,7,6,1,0,7,0.142857142857143
"Liverpool",2022,"Liverpool_340500_385750",340500,385750,9,6,0,3,6,0
"Liverpool",2025,"Liverpool_340500_385750",340500,385750,8,2,0,6,2,0
"Liverpool",2016,"Liverpool_338250_386000",338250,386000,9,2,0,7,2,0
"Liverpool",2019,"Liverpool_338250_386000",338250,386000,7,6,0,1,6,0
"Liverpool",2022,"Liverpool_338250_386000",338250,386000,7,4,0,3,4,0
"Liverpool",2025,"Liverpool_338250_386000",338250,386000,7,4,0,3,4,0
"Liverpool",2016,"Liverpool_339250_386000",339250,386000,15,4,1,10,5,0.2
"Liverpool",2019,"Liverpool_339250_386000",339250,386000,14,12,1,1,13,0.0769230769230769
"Liverpool",2022,"Liverpool_339250_386000",339250,386000,14,11,1,2,12,0.0833333333333333
"Liverpool",2025,"Liverpool_339250_386000",339250,386000,14,11,1,2,12,0.0833333333333333
"Liverpool",2016,"Liverpool_339500_386000",339500,386000,1,1,0,0,1,0
"Liverpool",2019,"Liverpool_339500_386000",339500,386000,1,0,1,0,1,1
"Liverpool",2022,"Liverpool_339500_386000",339500,386000,1,0,1,0,1,1
"Liverpool",2025,"Liverpool_339500_386000",339500,386000,1,0,1,0,1,1
"Liverpool",2016,"Liverpool_342500_386000",342500,386000,1,0,0,1,0,NA
"Liverpool",2019,"Liverpool_342500_386000",342500,386000,1,0,0,1,0,NA
"Liverpool",2022,"Liverpool_342500_386000",342500,386000,1,0,0,1,0,NA
"Liverpool",2025,"Liverpool_342500_386000",342500,386000,1,0,0,1,0,NA
"Liverpool",2016,"Liverpool_337500_386250",337500,386250,1,0,0,1,0,NA
"Liverpool",2019,"Liverpool_337500_386250",337500,386250,1,1,0,0,1,0
"Liverpool",2022,"Liverpool_337500_386250",337500,386250,1,1,0,0,1,0
"Liverpool",2025,"Liverpool_337500_386250",337500,386250,1,1,0,0,1,0
"Liverpool",2016,"Liverpool_338000_386250",338000,386250,10,3,1,6,4,0.25
"Liverpool",2019,"Liverpool_338000_386250",338000,386250,9,7,1,1,8,0.125
"Liverpool",2022,"Liverpool_338000_386250",338000,386250,10,8,1,1,9,0.111111111111111
"Liverpool",2025,"Liverpool_338000_386250",338000,386250,10,7,1,2,8,0.125
"Liverpool",2016,"Liverpool_339500_386250",339500,386250,12,3,1,8,4,0.25
"Liverpool",2019,"Liverpool_339500_386250",339500,386250,14,8,2,4,10,0.2
"Liverpool",2022,"Liverpool_339500_386250",339500,386250,16,9,1,6,10,0.1
"Liverpool",2025,"Liverpool_339500_386250",339500,386250,12,7,0,5,7,0
"Liverpool",2016,"Liverpool_339750_386250",339750,386250,1,0,0,1,0,NA
"Liverpool",2019,"Liverpool_339750_386250",339750,386250,1,1,0,0,1,0
"Liverpool",2022,"Liverpool_339750_386250",339750,386250,1,1,0,0,1,0
"Liverpool",2025,"Liverpool_339750_386250",339750,386250,1,1,0,0,1,0
"Liverpool",2016,"Liverpool_340000_386250",340000,386250,4,3,0,1,3,0
"Liverpool",2019,"Liverpool_340000_386250",340000,386250,4,4,0,0,4,0
"Liverpool",2022,"Liverpool_340000_386250",340000,386250,4,3,0,1,3,0
"Liverpool",2025,"Liverpool_340000_386250",340000,386250,4,3,0,1,3,0
"Liverpool",2016,"Liverpool_341750_386250",341750,386250,1,0,0,1,0,NA
"Liverpool",2019,"Liverpool_341750_386250",341750,386250,4,3,0,1,3,0
"Liverpool",2022,"Liverpool_341750_386250",341750,386250,4,3,0,1,3,0
"Liverpool",2025,"Liverpool_341750_386250",341750,386250,1,1,0,0,1,0
"Liverpool",2016,"Liverpool_342000_386250",342000,386250,1,0,0,1,0,NA
"Liverpool",2019,"Liverpool_342000_386250",342000,386250,1,1,0,0,1,0
"Liverpool",2022,"Liverpool_342000_386250",342000,386250,2,1,0,1,1,0
"Liverpool",2025,"Liverpool_342000_386250",342000,386250,1,0,0,1,0,NA
"Liverpool",2016,"Liverpool_342500_386250",342500,386250,1,0,1,0,1,1
"Liverpool",2019,"Liverpool_342500_386250",342500,386250,1,0,0,1,0,NA
"Liverpool",2022,"Liverpool_342500_386250",342500,386250,1,0,0,1,0,NA
"Liverpool",2025,"Liverpool_342500_386250",342500,386250,1,0,0,1,0,NA
"Liverpool",2016,"Liverpool_343000_386250",343000,386250,10,4,0,6,4,0
"Liverpool",2019,"Liverpool_343000_386250",343000,386250,9,8,0,1,8,0
"Liverpool",2022,"Liverpool_343000_386250",343000,386250,11,8,0,3,8,0
"Liverpool",2025,"Liverpool_343000_386250",343000,386250,9,5,0,4,5,0
"Liverpool",2016,"Liverpool_337750_386500",337750,386500,12,5,0,7,5,0
"Liverpool",2019,"Liverpool_337750_386500",337750,386500,11,10,0,1,10,0
"Liverpool",2022,"Liverpool_337750_386500",337750,386500,11,9,0,2,9,0
"Liverpool",2025,"Liverpool_337750_386500",337750,386500,11,8,0,3,8,0
"Liverpool",2016,"Liverpool_338000_386500",338000,386500,15,7,0,8,7,0
"Liverpool",2019,"Liverpool_338000_386500",338000,386500,14,13,0,1,13,0
"Liverpool",2022,"Liverpool_338000_386500",338000,386500,14,11,0,3,11,0
"Liverpool",2025,"Liverpool_338000_386500",338000,386500,14,8,0,6,8,0
"Liverpool",2016,"Liverpool_339750_386500",339750,386500,5,1,0,4,1,0
"Liverpool",2019,"Liverpool_339750_386500",339750,386500,4,3,0,1,3,0
"Liverpool",2022,"Liverpool_339750_386500",339750,386500,4,3,0,1,3,0
"Liverpool",2025,"Liverpool_339750_386500",339750,386500,3,2,0,1,2,0
"Liverpool",2016,"Liverpool_340000_386500",340000,386500,8,4,0,4,4,0
"Liverpool",2019,"Liverpool_340000_386500",340000,386500,7,5,0,2,5,0
"Liverpool",2022,"Liverpool_340000_386500",340000,386500,7,5,0,2,5,0
"Liverpool",2025,"Liverpool_340000_386500",340000,386500,4,4,0,0,4,0
"Liverpool",2016,"Liverpool_342000_386500",342000,386500,8,1,0,7,1,0
"Liverpool",2019,"Liverpool_342000_386500",342000,386500,5,5,0,0,5,0
"Liverpool",2022,"Liverpool_342000_386500",342000,386500,5,4,0,1,4,0
"Liverpool",2025,"Liverpool_342000_386500",342000,386500,4,3,0,1,3,0
"Liverpool",2016,"Liverpool_342250_386500",342250,386500,42,8,0,34,8,0
"Liverpool",2019,"Liverpool_342250_386500",342250,386500,40,36,0,4,36,0
"Liverpool",2022,"Liverpool_342250_386500",342250,386500,41,33,0,8,33,0
"Liverpool",2025,"Liverpool_342250_386500",342250,386500,36,25,0,11,25,0
"Liverpool",2016,"Liverpool_342500_386500",342500,386500,3,1,0,2,1,0
"Liverpool",2019,"Liverpool_342500_386500",342500,386500,2,1,1,0,2,0.5
"Liverpool",2022,"Liverpool_342500_386500",342500,386500,2,1,1,0,2,0.5
"Liverpool",2025,"Liverpool_342500_386500",342500,386500,2,1,1,0,2,0.5
"Liverpool",2016,"Liverpool_343250_386500",343250,386500,2,0,0,2,0,NA
"Liverpool",2019,"Liverpool_343250_386500",343250,386500,3,3,0,0,3,0
"Liverpool",2022,"Liverpool_343250_386500",343250,386500,3,3,0,0,3,0
"Liverpool",2025,"Liverpool_343250_386500",343250,386500,2,2,0,0,2,0
"Liverpool",2016,"Liverpool_335750_386750",335750,386750,2,0,0,2,0,NA
"Liverpool",2019,"Liverpool_335750_386750",335750,386750,2,2,0,0,2,0
"Liverpool",2022,"Liverpool_335750_386750",335750,386750,2,2,0,0,2,0
"Liverpool",2025,"Liverpool_335750_386750",335750,386750,2,1,0,1,1,0
"Liverpool",2016,"Liverpool_337500_386750",337500,386750,15,4,1,10,5,0.2
"Liverpool",2019,"Liverpool_337500_386750",337500,386750,15,11,1,3,12,0.0833333333333333
"Liverpool",2022,"Liverpool_337500_386750",337500,386750,15,11,0,4,11,0
"Liverpool",2025,"Liverpool_337500_386750",337500,386750,15,11,0,4,11,0
"Liverpool",2016,"Liverpool_337750_386750",337750,386750,14,6,1,7,7,0.142857142857143
"Liverpool",2019,"Liverpool_337750_386750",337750,386750,13,12,0,1,12,0
"Liverpool",2022,"Liverpool_337750_386750",337750,386750,13,12,0,1,12,0
"Liverpool",2025,"Liverpool_337750_386750",337750,386750,13,10,0,3,10,0
"Liverpool",2016,"Liverpool_338000_386750",338000,386750,6,1,0,5,1,0
"Liverpool",2019,"Liverpool_338000_386750",338000,386750,6,6,0,0,6,0
"Liverpool",2022,"Liverpool_338000_386750",338000,386750,7,4,0,3,4,0
"Liverpool",2025,"Liverpool_338000_386750",338000,386750,7,4,0,3,4,0
"Liverpool",2016,"Liverpool_341500_386750",341500,386750,1,0,0,1,0,NA
"Liverpool",2019,"Liverpool_341500_386750",341500,386750,1,1,0,0,1,0
"Liverpool",2022,"Liverpool_341500_386750",341500,386750,3,1,0,2,1,0
"Liverpool",2025,"Liverpool_341500_386750",341500,386750,2,0,0,2,0,NA
"Liverpool",2016,"Liverpool_341750_386750",341750,386750,5,2,0,3,2,0
"Liverpool",2019,"Liverpool_341750_386750",341750,386750,5,5,0,0,5,0
"Liverpool",2022,"Liverpool_341750_386750",341750,386750,5,5,0,0,5,0
"Liverpool",2025,"Liverpool_341750_386750",341750,386750,5,5,0,0,5,0
"Liverpool",2016,"Liverpool_342000_386750",342000,386750,2,0,0,2,0,NA
"Liverpool",2016,"Liverpool_342250_386750",342250,386750,45,14,1,30,15,0.0666666666666667
"Liverpool",2019,"Liverpool_342250_386750",342250,386750,38,36,1,1,37,0.027027027027027
"Liverpool",2022,"Liverpool_342250_386750",342250,386750,42,35,0,7,35,0
"Liverpool",2025,"Liverpool_342250_386750",342250,386750,42,28,0,14,28,0
"Liverpool",2016,"Liverpool_342750_386750",342750,386750,9,4,0,5,4,0
"Liverpool",2019,"Liverpool_342750_386750",342750,386750,9,9,0,0,9,0
"Liverpool",2022,"Liverpool_342750_386750",342750,386750,9,9,0,0,9,0
"Liverpool",2025,"Liverpool_342750_386750",342750,386750,9,9,0,0,9,0
"Liverpool",2016,"Liverpool_336750_387000",336750,387000,1,0,1,0,1,1
"Liverpool",2019,"Liverpool_336750_387000",336750,387000,1,0,1,0,1,1
"Liverpool",2022,"Liverpool_336750_387000",336750,387000,1,0,0,1,0,NA
"Liverpool",2025,"Liverpool_336750_387000",336750,387000,1,0,0,1,0,NA
"Liverpool",2016,"Liverpool_337000_387000",337000,387000,18,8,0,10,8,0
"Liverpool",2019,"Liverpool_337000_387000",337000,387000,16,14,0,2,14,0
"Liverpool",2022,"Liverpool_337000_387000",337000,387000,16,14,0,2,14,0
"Liverpool",2025,"Liverpool_337000_387000",337000,387000,16,14,0,2,14,0
"Liverpool",2016,"Liverpool_338000_387000",338000,387000,1,0,0,1,0,NA
"Liverpool",2019,"Liverpool_338000_387000",338000,387000,1,1,0,0,1,0
"Liverpool",2022,"Liverpool_338000_387000",338000,387000,1,0,0,1,0,NA
"Liverpool",2025,"Liverpool_338000_387000",338000,387000,2,0,0,2,0,NA
"Liverpool",2016,"Liverpool_339750_387000",339750,387000,8,5,0,3,5,0
"Liverpool",2019,"Liverpool_339750_387000",339750,387000,7,7,0,0,7,0
"Liverpool",2022,"Liverpool_339750_387000",339750,387000,7,6,0,1,6,0
"Liverpool",2025,"Liverpool_339750_387000",339750,387000,7,6,0,1,6,0
"Liverpool",2016,"Liverpool_341750_387000",341750,387000,4,3,1,0,4,0.25
"Liverpool",2019,"Liverpool_341750_387000",341750,387000,4,3,1,0,4,0.25
"Liverpool",2022,"Liverpool_341750_387000",341750,387000,4,3,1,0,4,0.25
"Liverpool",2025,"Liverpool_341750_387000",341750,387000,4,3,1,0,4,0.25
"Liverpool",2016,"Liverpool_335000_387250",335000,387250,2,0,2,0,2,1
"Liverpool",2019,"Liverpool_335000_387250",335000,387250,2,0,2,0,2,1
"Liverpool",2022,"Liverpool_335000_387250",335000,387250,2,0,2,0,2,1
"Liverpool",2016,"Liverpool_335250_387250",335250,387250,1,1,0,0,1,0
"Liverpool",2019,"Liverpool_335250_387250",335250,387250,1,1,0,0,1,0
"Liverpool",2022,"Liverpool_335250_387250",335250,387250,1,1,0,0,1,0
"Liverpool",2025,"Liverpool_335250_387250",335250,387250,1,1,0,0,1,0
"Liverpool",2016,"Liverpool_335500_387250",335500,387250,1,0,0,1,0,NA
"Liverpool",2019,"Liverpool_335500_387250",335500,387250,1,1,0,0,1,0
"Liverpool",2022,"Liverpool_335500_387250",335500,387250,1,1,0,0,1,0
"Liverpool",2025,"Liverpool_335500_387250",335500,387250,1,1,0,0,1,0
"Liverpool",2016,"Liverpool_335750_387250",335750,387250,5,3,0,2,3,0
"Liverpool",2019,"Liverpool_335750_387250",335750,387250,5,5,0,0,5,0
"Liverpool",2022,"Liverpool_335750_387250",335750,387250,5,4,0,1,4,0
"Liverpool",2025,"Liverpool_335750_387250",335750,387250,5,2,0,3,2,0
"Liverpool",2016,"Liverpool_336250_387250",336250,387250,5,4,0,1,4,0
"Liverpool",2019,"Liverpool_336250_387250",336250,387250,5,4,0,1,4,0
"Liverpool",2022,"Liverpool_336250_387250",336250,387250,5,4,0,1,4,0
"Liverpool",2025,"Liverpool_336250_387250",336250,387250,5,3,0,2,3,0
"Liverpool",2016,"Liverpool_336500_387250",336500,387250,23,6,0,17,6,0
"Liverpool",2019,"Liverpool_336500_387250",336500,387250,22,21,0,1,21,0
"Liverpool",2022,"Liverpool_336500_387250",336500,387250,23,21,0,2,21,0
"Liverpool",2025,"Liverpool_336500_387250",336500,387250,22,20,0,2,20,0
"Liverpool",2016,"Liverpool_336750_387250",336750,387250,39,16,0,23,16,0
"Liverpool",2019,"Liverpool_336750_387250",336750,387250,40,35,2,3,37,0.0540540540540541
"Liverpool",2022,"Liverpool_336750_387250",336750,387250,40,33,2,5,35,0.0571428571428571
"Liverpool",2025,"Liverpool_336750_387250",336750,387250,37,32,0,5,32,0
"Liverpool",2016,"Liverpool_337000_387250",337000,387250,16,4,0,12,4,0
"Liverpool",2019,"Liverpool_337000_387250",337000,387250,15,14,0,1,14,0
"Liverpool",2022,"Liverpool_337000_387250",337000,387250,15,10,0,5,10,0
"Liverpool",2025,"Liverpool_337000_387250",337000,387250,15,9,0,6,9,0
"Liverpool",2016,"Liverpool_339000_387250",339000,387250,17,7,0,10,7,0
"Liverpool",2019,"Liverpool_339000_387250",339000,387250,15,12,1,2,13,0.0769230769230769
"Liverpool",2022,"Liverpool_339000_387250",339000,387250,15,9,1,5,10,0.1
"Liverpool",2025,"Liverpool_339000_387250",339000,387250,15,7,1,7,8,0.125
"Liverpool",2016,"Liverpool_339250_387250",339250,387250,32,13,0,19,13,0
"Liverpool",2019,"Liverpool_339250_387250",339250,387250,25,21,0,4,21,0
"Liverpool",2022,"Liverpool_339250_387250",339250,387250,27,20,0,7,20,0
"Liverpool",2025,"Liverpool_339250_387250",339250,387250,24,13,0,11,13,0
"Liverpool",2016,"Liverpool_335250_387500",335250,387500,2,1,0,1,1,0
"Liverpool",2019,"Liverpool_335250_387500",335250,387500,3,3,0,0,3,0
"Liverpool",2022,"Liverpool_335250_387500",335250,387500,3,3,0,0,3,0
"Liverpool",2025,"Liverpool_335250_387500",335250,387500,7,1,0,6,1,0
"Liverpool",2016,"Liverpool_335500_387500",335500,387500,2,0,1,1,1,1
"Liverpool",2019,"Liverpool_335500_387500",335500,387500,2,1,1,0,2,0.5
"Liverpool",2022,"Liverpool_335500_387500",335500,387500,2,0,1,1,1,1
"Liverpool",2025,"Liverpool_335500_387500",335500,387500,1,0,0,1,0,NA
"Liverpool",2016,"Liverpool_335750_387500",335750,387500,19,3,2,14,5,0.4
"Liverpool",2019,"Liverpool_335750_387500",335750,387500,16,11,1,4,12,0.0833333333333333
"Liverpool",2022,"Liverpool_335750_387500",335750,387500,16,10,1,5,11,0.0909090909090909
"Liverpool",2025,"Liverpool_335750_387500",335750,387500,14,8,1,5,9,0.111111111111111
"Liverpool",2016,"Liverpool_336000_387500",336000,387500,1,0,0,1,0,NA
"Liverpool",2019,"Liverpool_336000_387500",336000,387500,1,0,0,1,0,NA
"Liverpool",2022,"Liverpool_336000_387500",336000,387500,1,0,0,1,0,NA
"Liverpool",2016,"Liverpool_336250_387500",336250,387500,1,1,0,0,1,0
"Liverpool",2019,"Liverpool_336250_387500",336250,387500,1,1,0,0,1,0
"Liverpool",2022,"Liverpool_336250_387500",336250,387500,1,1,0,0,1,0
"Liverpool",2025,"Liverpool_336250_387500",336250,387500,1,0,0,1,0,NA
"Liverpool",2016,"Liverpool_336500_387500",336500,387500,4,2,0,2,2,0
"Liverpool",2019,"Liverpool_336500_387500",336500,387500,2,2,0,0,2,0
"Liverpool",2022,"Liverpool_336500_387500",336500,387500,2,2,0,0,2,0
"Liverpool",2025,"Liverpool_336500_387500",336500,387500,2,1,0,1,1,0
"Liverpool",2016,"Liverpool_337000_387500",337000,387500,28,8,1,19,9,0.111111111111111
"Liverpool",2019,"Liverpool_337000_387500",337000,387500,29,24,1,4,25,0.04
"Liverpool",2022,"Liverpool_337000_387500",337000,387500,30,23,0,7,23,0
"Liverpool",2025,"Liverpool_337000_387500",337000,387500,28,19,0,9,19,0
"Liverpool",2016,"Liverpool_337250_387500",337250,387500,16,4,0,12,4,0
"Liverpool",2019,"Liverpool_337250_387500",337250,387500,16,14,0,2,14,0
"Liverpool",2022,"Liverpool_337250_387500",337250,387500,19,13,0,6,13,0
"Liverpool",2025,"Liverpool_337250_387500",337250,387500,16,8,0,8,8,0
"Liverpool",2016,"Liverpool_339250_387500",339250,387500,1,1,0,0,1,0
"Liverpool",2019,"Liverpool_339250_387500",339250,387500,1,1,0,0,1,0
"Liverpool",2022,"Liverpool_339250_387500",339250,387500,1,1,0,0,1,0
"Liverpool",2025,"Liverpool_339250_387500",339250,387500,1,1,0,0,1,0
"Liverpool",2016,"Liverpool_339500_387500",339500,387500,5,3,0,2,3,0
"Liverpool",2019,"Liverpool_339500_387500",339500,387500,5,5,0,0,5,0
"Liverpool",2022,"Liverpool_339500_387500",339500,387500,5,5,0,0,5,0
"Liverpool",2025,"Liverpool_339500_387500",339500,387500,5,4,0,1,4,0
"Liverpool",2016,"Liverpool_340500_387500",340500,387500,1,0,0,1,0,NA
"Liverpool",2019,"Liverpool_340500_387500",340500,387500,1,1,0,0,1,0
"Liverpool",2022,"Liverpool_340500_387500",340500,387500,1,1,0,0,1,0
"Liverpool",2025,"Liverpool_340500_387500",340500,387500,1,1,0,0,1,0
"Liverpool",2016,"Liverpool_342250_387500",342250,387500,1,0,0,1,0,NA
"Liverpool",2016,"Liverpool_342500_387500",342500,387500,8,4,0,4,4,0
"Liverpool",2019,"Liverpool_342500_387500",342500,387500,6,6,0,0,6,0
"Liverpool",2022,"Liverpool_342500_387500",342500,387500,7,6,0,1,6,0
"Liverpool",2025,"Liverpool_342500_387500",342500,387500,6,5,0,1,5,0
"Liverpool",2016,"Liverpool_342750_387500",342750,387500,5,0,0,5,0,NA
"Liverpool",2019,"Liverpool_342750_387500",342750,387500,5,4,1,0,5,0.2
"Liverpool",2022,"Liverpool_342750_387500",342750,387500,5,4,0,1,4,0
"Liverpool",2025,"Liverpool_342750_387500",342750,387500,5,4,0,1,4,0
"Liverpool",2016,"Liverpool_345000_387500",345000,387500,8,2,0,6,2,0
"Liverpool",2019,"Liverpool_345000_387500",345000,387500,5,5,0,0,5,0
"Liverpool",2022,"Liverpool_345000_387500",345000,387500,6,6,0,0,6,0
"Liverpool",2025,"Liverpool_345000_387500",345000,387500,5,5,0,0,5,0
"Liverpool",2016,"Liverpool_335000_387750",335000,387750,10,2,0,8,2,0
"Liverpool",2019,"Liverpool_335000_387750",335000,387750,9,7,1,1,8,0.125
"Liverpool",2022,"Liverpool_335000_387750",335000,387750,9,7,0,2,7,0
"Liverpool",2025,"Liverpool_335000_387750",335000,387750,6,5,0,1,5,0
"Liverpool",2016,"Liverpool_335250_387750",335250,387750,1,0,0,1,0,NA
"Liverpool",2019,"Liverpool_335250_387750",335250,387750,1,1,0,0,1,0
"Liverpool",2022,"Liverpool_335250_387750",335250,387750,1,1,0,0,1,0
"Liverpool",2025,"Liverpool_335250_387750",335250,387750,1,1,0,0,1,0
"Liverpool",2016,"Liverpool_335500_387750",335500,387750,3,1,0,2,1,0
"Liverpool",2019,"Liverpool_335500_387750",335500,387750,3,2,1,0,3,0.333333333333333
"Liverpool",2022,"Liverpool_335500_387750",335500,387750,3,2,1,0,3,0.333333333333333
"Liverpool",2025,"Liverpool_335500_387750",335500,387750,2,2,0,0,2,0
"Liverpool",2016,"Liverpool_335750_387750",335750,387750,36,15,0,21,15,0
"Liverpool",2019,"Liverpool_335750_387750",335750,387750,33,30,0,3,30,0
"Liverpool",2022,"Liverpool_335750_387750",335750,387750,36,29,0,7,29,0
"Liverpool",2025,"Liverpool_335750_387750",335750,387750,33,24,0,9,24,0
"Liverpool",2016,"Liverpool_336000_387750",336000,387750,13,3,0,10,3,0
"Liverpool",2019,"Liverpool_336000_387750",336000,387750,12,11,1,0,12,0.0833333333333333
"Liverpool",2022,"Liverpool_336000_387750",336000,387750,12,8,1,3,9,0.111111111111111
"Liverpool",2025,"Liverpool_336000_387750",336000,387750,11,8,0,3,8,0
"Liverpool",2016,"Liverpool_339250_387750",339250,387750,8,1,1,6,2,0.5
"Liverpool",2019,"Liverpool_339250_387750",339250,387750,8,8,0,0,8,0
"Liverpool",2022,"Liverpool_339250_387750",339250,387750,8,7,0,1,7,0
"Liverpool",2025,"Liverpool_339250_387750",339250,387750,8,6,0,2,6,0
"Liverpool",2016,"Liverpool_339500_387750",339500,387750,9,2,1,6,3,0.333333333333333
"Liverpool",2019,"Liverpool_339500_387750",339500,387750,11,9,2,0,11,0.181818181818182
"Liverpool",2022,"Liverpool_339500_387750",339500,387750,13,9,1,3,10,0.1
"Liverpool",2025,"Liverpool_339500_387750",339500,387750,10,6,0,4,6,0
"Liverpool",2016,"Liverpool_339750_387750",339750,387750,9,2,0,7,2,0
"Liverpool",2019,"Liverpool_339750_387750",339750,387750,10,9,0,1,9,0
"Liverpool",2022,"Liverpool_339750_387750",339750,387750,10,9,0,1,9,0
"Liverpool",2025,"Liverpool_339750_387750",339750,387750,11,9,0,2,9,0
"Liverpool",2016,"Liverpool_342500_387750",342500,387750,10,3,0,7,3,0
"Liverpool",2019,"Liverpool_342500_387750",342500,387750,9,9,0,0,9,0
"Liverpool",2022,"Liverpool_342500_387750",342500,387750,9,9,0,0,9,0
"Liverpool",2025,"Liverpool_342500_387750",342500,387750,8,6,0,2,6,0
"Liverpool",2016,"Liverpool_343000_387750",343000,387750,8,0,0,8,0,NA
"Liverpool",2019,"Liverpool_343000_387750",343000,387750,1,1,0,0,1,0
"Liverpool",2022,"Liverpool_343000_387750",343000,387750,3,3,0,0,3,0
"Liverpool",2025,"Liverpool_343000_387750",343000,387750,2,2,0,0,2,0
"Liverpool",2016,"Liverpool_334750_388000",334750,388000,8,3,0,5,3,0
"Liverpool",2019,"Liverpool_334750_388000",334750,388000,7,7,0,0,7,0
"Liverpool",2022,"Liverpool_334750_388000",334750,388000,7,6,0,1,6,0
"Liverpool",2025,"Liverpool_334750_388000",334750,388000,7,5,0,2,5,0
"Liverpool",2016,"Liverpool_335500_388000",335500,388000,7,4,0,3,4,0
"Liverpool",2019,"Liverpool_335500_388000",335500,388000,7,6,1,0,7,0.142857142857143
"Liverpool",2022,"Liverpool_335500_388000",335500,388000,7,6,1,0,7,0.142857142857143
"Liverpool",2025,"Liverpool_335500_388000",335500,388000,7,5,1,1,6,0.166666666666667
"Liverpool",2016,"Liverpool_335750_388000",335750,388000,25,2,1,22,3,0.333333333333333
"Liverpool",2019,"Liverpool_335750_388000",335750,388000,19,12,2,5,14,0.142857142857143
"Liverpool",2022,"Liverpool_335750_388000",335750,388000,22,12,1,9,13,0.0769230769230769
"Liverpool",2025,"Liverpool_335750_388000",335750,388000,15,7,0,8,7,0
"Liverpool",2016,"Liverpool_336000_388000",336000,388000,5,0,0,5,0,NA
"Liverpool",2019,"Liverpool_336000_388000",336000,388000,5,2,1,2,3,0.333333333333333
"Liverpool",2022,"Liverpool_336000_388000",336000,388000,5,2,1,2,3,0.333333333333333
"Liverpool",2025,"Liverpool_336000_388000",336000,388000,5,2,1,2,3,0.333333333333333
"Liverpool",2016,"Liverpool_336250_388000",336250,388000,1,1,0,0,1,0
"Liverpool",2019,"Liverpool_336250_388000",336250,388000,1,1,0,0,1,0
"Liverpool",2022,"Liverpool_336250_388000",336250,388000,1,1,0,0,1,0
"Liverpool",2025,"Liverpool_336250_388000",336250,388000,1,0,0,1,0,NA
"Liverpool",2016,"Liverpool_338750_388000",338750,388000,18,5,1,12,6,0.166666666666667
"Liverpool",2019,"Liverpool_338750_388000",338750,388000,16,13,2,1,15,0.133333333333333
"Liverpool",2022,"Liverpool_338750_388000",338750,388000,16,13,2,1,15,0.133333333333333
"Liverpool",2025,"Liverpool_338750_388000",338750,388000,15,12,1,2,13,0.0769230769230769
"Liverpool",2016,"Liverpool_339500_388000",339500,388000,68,23,1,44,24,0.0416666666666667
"Liverpool",2019,"Liverpool_339500_388000",339500,388000,66,60,2,4,62,0.032258064516129
"Liverpool",2022,"Liverpool_339500_388000",339500,388000,67,55,1,11,56,0.0178571428571429
"Liverpool",2025,"Liverpool_339500_388000",339500,388000,67,49,0,18,49,0
"Liverpool",2016,"Liverpool_339750_388000",339750,388000,4,0,0,4,0,NA
"Liverpool",2019,"Liverpool_339750_388000",339750,388000,3,2,0,1,2,0
"Liverpool",2022,"Liverpool_339750_388000",339750,388000,3,2,0,1,2,0
"Liverpool",2025,"Liverpool_339750_388000",339750,388000,3,2,0,1,2,0
"Liverpool",2016,"Liverpool_344000_388000",344000,388000,6,0,0,6,0,NA
"Liverpool",2019,"Liverpool_344000_388000",344000,388000,7,4,0,3,4,0
"Liverpool",2022,"Liverpool_344000_388000",344000,388000,8,4,0,4,4,0
"Liverpool",2025,"Liverpool_344000_388000",344000,388000,6,2,0,4,2,0
"Liverpool",2016,"Liverpool_334750_388250",334750,388250,4,0,0,4,0,NA
"Liverpool",2019,"Liverpool_334750_388250",334750,388250,4,4,0,0,4,0
"Liverpool",2022,"Liverpool_334750_388250",334750,388250,4,4,0,0,4,0
"Liverpool",2025,"Liverpool_334750_388250",334750,388250,2,1,0,1,1,0
"Liverpool",2016,"Liverpool_335250_388250",335250,388250,1,1,0,0,1,0
"Liverpool",2019,"Liverpool_335250_388250",335250,388250,1,1,0,0,1,0
"Liverpool",2022,"Liverpool_335250_388250",335250,388250,1,1,0,0,1,0
"Liverpool",2025,"Liverpool_335250_388250",335250,388250,1,1,0,0,1,0
"Liverpool",2016,"Liverpool_335500_388250",335500,388250,4,1,0,3,1,0
"Liverpool",2019,"Liverpool_335500_388250",335500,388250,4,3,0,1,3,0
"Liverpool",2022,"Liverpool_335500_388250",335500,388250,4,3,0,1,3,0
"Liverpool",2025,"Liverpool_335500_388250",335500,388250,4,3,0,1,3,0
"Liverpool",2016,"Liverpool_335750_388250",335750,388250,2,0,0,2,0,NA
"Liverpool",2019,"Liverpool_335750_388250",335750,388250,1,0,0,1,0,NA
"Liverpool",2022,"Liverpool_335750_388250",335750,388250,1,0,0,1,0,NA
"Liverpool",2025,"Liverpool_335750_388250",335750,388250,1,0,0,1,0,NA
"Liverpool",2016,"Liverpool_336000_388250",336000,388250,23,7,0,16,7,0
"Liverpool",2019,"Liverpool_336000_388250",336000,388250,18,16,0,2,16,0
"Liverpool",2022,"Liverpool_336000_388250",336000,388250,19,12,0,7,12,0
"Liverpool",2025,"Liverpool_336000_388250",336000,388250,20,11,0,9,11,0
"Liverpool",2016,"Liverpool_336250_388250",336250,388250,5,1,2,2,3,0.666666666666667
"Liverpool",2019,"Liverpool_336250_388250",336250,388250,6,4,1,1,5,0.2
"Liverpool",2022,"Liverpool_336250_388250",336250,388250,6,3,1,2,4,0.25
"Liverpool",2025,"Liverpool_336250_388250",336250,388250,4,2,0,2,2,0
"Liverpool",2016,"Liverpool_338250_388250",338250,388250,9,5,0,4,5,0
"Liverpool",2019,"Liverpool_338250_388250",338250,388250,8,8,0,0,8,0
"Liverpool",2022,"Liverpool_338250_388250",338250,388250,9,7,0,2,7,0
"Liverpool",2025,"Liverpool_338250_388250",338250,388250,9,6,0,3,6,0
"Liverpool",2016,"Liverpool_338500_388250",338500,388250,27,6,0,21,6,0
"Liverpool",2019,"Liverpool_338500_388250",338500,388250,25,22,1,2,23,0.0434782608695652
"Liverpool",2022,"Liverpool_338500_388250",338500,388250,25,19,0,6,19,0
"Liverpool",2025,"Liverpool_338500_388250",338500,388250,24,15,0,9,15,0
"Liverpool",2016,"Liverpool_338750_388250",338750,388250,24,11,0,13,11,0
"Liverpool",2019,"Liverpool_338750_388250",338750,388250,24,20,2,2,22,0.0909090909090909
"Liverpool",2022,"Liverpool_338750_388250",338750,388250,24,20,1,3,21,0.0476190476190476
"Liverpool",2025,"Liverpool_338750_388250",338750,388250,24,18,1,5,19,0.0526315789473684
"Liverpool",2016,"Liverpool_339000_388250",339000,388250,38,15,1,22,16,0.0625
"Liverpool",2019,"Liverpool_339000_388250",339000,388250,40,37,2,1,39,0.0512820512820513
"Liverpool",2022,"Liverpool_339000_388250",339000,388250,42,37,2,3,39,0.0512820512820513
"Liverpool",2025,"Liverpool_339000_388250",339000,388250,39,30,2,7,32,0.0625
"Liverpool",2016,"Liverpool_339250_388250",339250,388250,66,20,4,42,24,0.166666666666667
"Liverpool",2019,"Liverpool_339250_388250",339250,388250,55,50,2,3,52,0.0384615384615385
"Liverpool",2022,"Liverpool_339250_388250",339250,388250,58,47,3,8,50,0.06
"Liverpool",2025,"Liverpool_339250_388250",339250,388250,61,40,2,19,42,0.0476190476190476
"Liverpool",2016,"Liverpool_342000_388250",342000,388250,2,0,0,2,0,NA
"Liverpool",2019,"Liverpool_342000_388250",342000,388250,1,0,0,1,0,NA
"Liverpool",2022,"Liverpool_342000_388250",342000,388250,1,0,0,1,0,NA
"Liverpool",2025,"Liverpool_342000_388250",342000,388250,1,0,0,1,0,NA
"Liverpool",2016,"Liverpool_342750_388250",342750,388250,1,0,0,1,0,NA
"Liverpool",2019,"Liverpool_342750_388250",342750,388250,4,4,0,0,4,0
"Liverpool",2022,"Liverpool_342750_388250",342750,388250,4,4,0,0,4,0
"Liverpool",2025,"Liverpool_342750_388250",342750,388250,3,2,0,1,2,0
"Liverpool",2016,"Liverpool_343000_388250",343000,388250,6,3,0,3,3,0
"Liverpool",2019,"Liverpool_343000_388250",343000,388250,7,6,0,1,6,0
"Liverpool",2022,"Liverpool_343000_388250",343000,388250,7,6,0,1,6,0
"Liverpool",2025,"Liverpool_343000_388250",343000,388250,6,6,0,0,6,0
"Liverpool",2016,"Liverpool_343250_388250",343250,388250,2,1,0,1,1,0
"Liverpool",2019,"Liverpool_343250_388250",343250,388250,2,1,1,0,2,0.5
"Liverpool",2022,"Liverpool_343250_388250",343250,388250,2,1,1,0,2,0.5
"Liverpool",2025,"Liverpool_343250_388250",343250,388250,2,1,0,1,1,0
"Liverpool",2019,"Liverpool_334500_388500",334500,388500,1,1,0,0,1,0
"Liverpool",2022,"Liverpool_334500_388500",334500,388500,1,1,0,0,1,0
"Liverpool",2025,"Liverpool_334500_388500",334500,388500,1,0,0,1,0,NA
"Liverpool",2016,"Liverpool_335000_388500",335000,388500,6,1,0,5,1,0
"Liverpool",2019,"Liverpool_335000_388500",335000,388500,4,3,0,1,3,0
"Liverpool",2022,"Liverpool_335000_388500",335000,388500,4,3,0,1,3,0
"Liverpool",2025,"Liverpool_335000_388500",335000,388500,4,3,0,1,3,0
"Liverpool",2016,"Liverpool_335250_388500",335250,388500,9,1,2,6,3,0.666666666666667
"Liverpool",2019,"Liverpool_335250_388500",335250,388500,7,5,0,2,5,0
"Liverpool",2022,"Liverpool_335250_388500",335250,388500,7,4,0,3,4,0
"Liverpool",2025,"Liverpool_335250_388500",335250,388500,7,4,0,3,4,0
"Liverpool",2016,"Liverpool_335500_388500",335500,388500,2,1,0,1,1,0
"Liverpool",2019,"Liverpool_335500_388500",335500,388500,1,1,0,0,1,0
"Liverpool",2022,"Liverpool_335500_388500",335500,388500,1,1,0,0,1,0
"Liverpool",2025,"Liverpool_335500_388500",335500,388500,1,1,0,0,1,0
"Liverpool",2016,"Liverpool_335750_388500",335750,388500,18,5,0,13,5,0
"Liverpool",2019,"Liverpool_335750_388500",335750,388500,16,15,0,1,15,0
"Liverpool",2022,"Liverpool_335750_388500",335750,388500,16,15,0,1,15,0
"Liverpool",2025,"Liverpool_335750_388500",335750,388500,17,14,0,3,14,0
"Liverpool",2016,"Liverpool_337000_388500",337000,388500,1,0,0,1,0,NA
"Liverpool",2019,"Liverpool_337000_388500",337000,388500,1,1,0,0,1,0
"Liverpool",2022,"Liverpool_337000_388500",337000,388500,1,1,0,0,1,0
"Liverpool",2025,"Liverpool_337000_388500",337000,388500,1,1,0,0,1,0
"Liverpool",2016,"Liverpool_338000_388500",338000,388500,74,24,1,49,25,0.04
"Liverpool",2019,"Liverpool_338000_388500",338000,388500,68,64,1,3,65,0.0153846153846154
"Liverpool",2022,"Liverpool_338000_388500",338000,388500,70,56,1,13,57,0.0175438596491228
"Liverpool",2025,"Liverpool_338000_388500",338000,388500,69,50,0,19,50,0
"Liverpool",2016,"Liverpool_338250_388500",338250,388500,28,5,0,23,5,0
"Liverpool",2019,"Liverpool_338250_388500",338250,388500,24,22,1,1,23,0.0434782608695652
"Liverpool",2022,"Liverpool_338250_388500",338250,388500,27,25,1,1,26,0.0384615384615385
"Liverpool",2025,"Liverpool_338250_388500",338250,388500,25,22,0,3,22,0
"Liverpool",2016,"Liverpool_338500_388500",338500,388500,21,6,0,15,6,0
"Liverpool",2019,"Liverpool_338500_388500",338500,388500,20,19,0,1,19,0
"Liverpool",2022,"Liverpool_338500_388500",338500,388500,25,17,0,8,17,0
"Liverpool",2025,"Liverpool_338500_388500",338500,388500,20,14,0,6,14,0
"Liverpool",2016,"Liverpool_338750_388500",338750,388500,9,5,0,4,5,0
"Liverpool",2019,"Liverpool_338750_388500",338750,388500,10,8,0,2,8,0
"Liverpool",2022,"Liverpool_338750_388500",338750,388500,10,7,0,3,7,0
"Liverpool",2025,"Liverpool_338750_388500",338750,388500,9,7,0,2,7,0
"Liverpool",2016,"Liverpool_339000_388500",339000,388500,16,2,0,14,2,0
"Liverpool",2019,"Liverpool_339000_388500",339000,388500,8,8,0,0,8,0
"Liverpool",2022,"Liverpool_339000_388500",339000,388500,8,8,0,0,8,0
"Liverpool",2025,"Liverpool_339000_388500",339000,388500,8,8,0,0,8,0
"Liverpool",2016,"Liverpool_340000_388500",340000,388500,9,4,0,5,4,0
"Liverpool",2019,"Liverpool_340000_388500",340000,388500,8,8,0,0,8,0
"Liverpool",2022,"Liverpool_340000_388500",340000,388500,8,8,0,0,8,0
"Liverpool",2025,"Liverpool_340000_388500",340000,388500,6,4,0,2,4,0
"Liverpool",2016,"Liverpool_340250_388500",340250,388500,15,5,0,10,5,0
"Liverpool",2019,"Liverpool_340250_388500",340250,388500,13,13,0,0,13,0
"Liverpool",2022,"Liverpool_340250_388500",340250,388500,14,12,0,2,12,0
"Liverpool",2025,"Liverpool_340250_388500",340250,388500,13,9,0,4,9,0
"Liverpool",2016,"Liverpool_342000_388500",342000,388500,29,2,0,27,2,0
"Liverpool",2019,"Liverpool_342000_388500",342000,388500,7,6,0,1,6,0
"Liverpool",2022,"Liverpool_342000_388500",342000,388500,7,6,0,1,6,0
"Liverpool",2025,"Liverpool_342000_388500",342000,388500,7,6,0,1,6,0
"Liverpool",2016,"Liverpool_342500_388500",342500,388500,1,0,0,1,0,NA
"Liverpool",2016,"Liverpool_342750_388500",342750,388500,64,19,3,42,22,0.136363636363636
"Liverpool",2019,"Liverpool_342750_388500",342750,388500,60,52,7,1,59,0.11864406779661
"Liverpool",2022,"Liverpool_342750_388500",342750,388500,64,51,3,10,54,0.0555555555555556
"Liverpool",2025,"Liverpool_342750_388500",342750,388500,62,39,0,23,39,0
"Liverpool",2016,"Liverpool_343000_388500",343000,388500,1,0,0,1,0,NA
"Liverpool",2019,"Liverpool_343000_388500",343000,388500,1,1,0,0,1,0
"Liverpool",2022,"Liverpool_343000_388500",343000,388500,1,1,0,0,1,0
"Liverpool",2025,"Liverpool_343000_388500",343000,388500,1,1,0,0,1,0
"Liverpool",2016,"Liverpool_344000_388500",344000,388500,12,3,0,9,3,0
"Liverpool",2019,"Liverpool_344000_388500",344000,388500,10,9,1,0,10,0.1
"Liverpool",2022,"Liverpool_344000_388500",344000,388500,10,8,1,1,9,0.111111111111111
"Liverpool",2025,"Liverpool_344000_388500",344000,388500,10,7,1,2,8,0.125
"Liverpool",2016,"Liverpool_344250_388500",344250,388500,1,0,0,1,0,NA
"Liverpool",2019,"Liverpool_344250_388500",344250,388500,1,1,0,0,1,0
"Liverpool",2022,"Liverpool_344250_388500",344250,388500,1,1,0,0,1,0
"Liverpool",2016,"Liverpool_334500_388750",334500,388750,55,0,0,55,0,NA
"Liverpool",2019,"Liverpool_334500_388750",334500,388750,55,1,38,16,39,0.974358974358974
"Liverpool",2022,"Liverpool_334500_388750",334500,388750,55,1,38,16,39,0.974358974358974
"Liverpool",2025,"Liverpool_334500_388750",334500,388750,55,1,38,16,39,0.974358974358974
"Liverpool",2016,"Liverpool_334750_388750",334750,388750,7,1,1,5,2,0.5
"Liverpool",2019,"Liverpool_334750_388750",334750,388750,28,20,1,7,21,0.0476190476190476
"Liverpool",2022,"Liverpool_334750_388750",334750,388750,31,16,1,14,17,0.0588235294117647
"Liverpool",2025,"Liverpool_334750_388750",334750,388750,33,10,1,22,11,0.0909090909090909
"Liverpool",2016,"Liverpool_335000_388750",335000,388750,8,2,0,6,2,0
"Liverpool",2019,"Liverpool_335000_388750",335000,388750,29,28,0,1,28,0
"Liverpool",2022,"Liverpool_335000_388750",335000,388750,79,25,0,54,25,0
"Liverpool",2025,"Liverpool_335000_388750",335000,388750,55,2,0,53,2,0
"Liverpool",2016,"Liverpool_335250_388750",335250,388750,1,0,1,0,1,1
"Liverpool",2019,"Liverpool_335250_388750",335250,388750,1,0,1,0,1,1
"Liverpool",2022,"Liverpool_335250_388750",335250,388750,1,0,1,0,1,1
"Liverpool",2025,"Liverpool_335250_388750",335250,388750,1,0,1,0,1,1
"Liverpool",2016,"Liverpool_336250_388750",336250,388750,10,3,0,7,3,0
"Liverpool",2019,"Liverpool_336250_388750",336250,388750,8,6,1,1,7,0.142857142857143
"Liverpool",2022,"Liverpool_336250_388750",336250,388750,12,6,0,6,6,0
"Liverpool",2025,"Liverpool_336250_388750",336250,388750,11,5,0,6,5,0
"Liverpool",2016,"Liverpool_336750_388750",336750,388750,16,5,1,10,6,0.166666666666667
"Liverpool",2019,"Liverpool_336750_388750",336750,388750,16,14,0,2,14,0
"Liverpool",2022,"Liverpool_336750_388750",336750,388750,16,14,0,2,14,0
"Liverpool",2025,"Liverpool_336750_388750",336750,388750,15,12,0,3,12,0
"Liverpool",2016,"Liverpool_337000_388750",337000,388750,3,1,0,2,1,0
"Liverpool",2019,"Liverpool_337000_388750",337000,388750,2,2,0,0,2,0
"Liverpool",2022,"Liverpool_337000_388750",337000,388750,4,2,0,2,2,0
"Liverpool",2025,"Liverpool_337000_388750",337000,388750,2,1,0,1,1,0
"Liverpool",2016,"Liverpool_337750_388750",337750,388750,11,4,0,7,4,0
"Liverpool",2019,"Liverpool_337750_388750",337750,388750,7,7,0,0,7,0
"Liverpool",2022,"Liverpool_337750_388750",337750,388750,7,6,0,1,6,0
"Liverpool",2025,"Liverpool_337750_388750",337750,388750,7,5,0,2,5,0
"Liverpool",2016,"Liverpool_339500_388750",339500,388750,19,4,0,15,4,0
"Liverpool",2019,"Liverpool_339500_388750",339500,388750,13,11,0,2,11,0
"Liverpool",2022,"Liverpool_339500_388750",339500,388750,13,10,0,3,10,0
"Liverpool",2025,"Liverpool_339500_388750",339500,388750,13,10,0,3,10,0
"Liverpool",2016,"Liverpool_340250_388750",340250,388750,2,0,0,2,0,NA
"Liverpool",2019,"Liverpool_340250_388750",340250,388750,2,2,0,0,2,0
"Liverpool",2022,"Liverpool_340250_388750",340250,388750,3,2,0,1,2,0
"Liverpool",2025,"Liverpool_340250_388750",340250,388750,2,0,0,2,0,NA
"Liverpool",2016,"Liverpool_340500_388750",340500,388750,6,3,0,3,3,0
"Liverpool",2019,"Liverpool_340500_388750",340500,388750,5,5,0,0,5,0
"Liverpool",2022,"Liverpool_340500_388750",340500,388750,5,4,0,1,4,0
"Liverpool",2025,"Liverpool_340500_388750",340500,388750,5,4,0,1,4,0
"Liverpool",2016,"Liverpool_340750_388750",340750,388750,16,5,0,11,5,0
"Liverpool",2019,"Liverpool_340750_388750",340750,388750,14,12,1,1,13,0.0769230769230769
"Liverpool",2022,"Liverpool_340750_388750",340750,388750,16,11,1,4,12,0.0833333333333333
"Liverpool",2025,"Liverpool_340750_388750",340750,388750,14,8,0,6,8,0
"Liverpool",2016,"Liverpool_342500_388750",342500,388750,1,0,0,1,0,NA
"Liverpool",2019,"Liverpool_342500_388750",342500,388750,1,1,0,0,1,0
"Liverpool",2022,"Liverpool_342500_388750",342500,388750,1,1,0,0,1,0
"Liverpool",2016,"Liverpool_343250_388750",343250,388750,3,0,0,3,0,NA
"Liverpool",2019,"Liverpool_343250_388750",343250,388750,2,2,0,0,2,0
"Liverpool",2022,"Liverpool_343250_388750",343250,388750,2,2,0,0,2,0
"Liverpool",2025,"Liverpool_343250_388750",343250,388750,2,2,0,0,2,0
"Liverpool",2016,"Liverpool_334500_389000",334500,389000,5,1,0,4,1,0
"Liverpool",2019,"Liverpool_334500_389000",334500,389000,2,2,0,0,2,0
"Liverpool",2022,"Liverpool_334500_389000",334500,389000,2,2,0,0,2,0
"Liverpool",2025,"Liverpool_334500_389000",334500,389000,2,2,0,0,2,0
"Liverpool",2016,"Liverpool_334750_389000",334750,389000,7,2,0,5,2,0
"Liverpool",2019,"Liverpool_334750_389000",334750,389000,5,5,0,0,5,0
"Liverpool",2022,"Liverpool_334750_389000",334750,389000,7,6,0,1,6,0
"Liverpool",2025,"Liverpool_334750_389000",334750,389000,7,3,0,4,3,0
"Liverpool",2016,"Liverpool_335000_389000",335000,389000,12,3,0,9,3,0
"Liverpool",2019,"Liverpool_335000_389000",335000,389000,10,8,1,1,9,0.111111111111111
"Liverpool",2022,"Liverpool_335000_389000",335000,389000,10,5,1,4,6,0.166666666666667
"Liverpool",2025,"Liverpool_335000_389000",335000,389000,11,4,1,6,5,0.2
"Liverpool",2016,"Liverpool_335250_389000",335250,389000,2,2,0,0,2,0
"Liverpool",2019,"Liverpool_335250_389000",335250,389000,2,2,0,0,2,0
"Liverpool",2022,"Liverpool_335250_389000",335250,389000,2,2,0,0,2,0
"Liverpool",2025,"Liverpool_335250_389000",335250,389000,2,2,0,0,2,0
"Liverpool",2016,"Liverpool_335500_389000",335500,389000,10,1,0,9,1,0
"Liverpool",2019,"Liverpool_335500_389000",335500,389000,7,7,0,0,7,0
"Liverpool",2022,"Liverpool_335500_389000",335500,389000,8,6,1,1,7,0.142857142857143
"Liverpool",2025,"Liverpool_335500_389000",335500,389000,7,5,0,2,5,0
"Liverpool",2016,"Liverpool_335750_389000",335750,389000,5,1,1,3,2,0.5
"Liverpool",2019,"Liverpool_335750_389000",335750,389000,5,4,1,0,5,0.2
"Liverpool",2022,"Liverpool_335750_389000",335750,389000,5,3,1,1,4,0.25
"Liverpool",2025,"Liverpool_335750_389000",335750,389000,5,2,1,2,3,0.333333333333333
"Liverpool",2016,"Liverpool_336000_389000",336000,389000,1,0,0,1,0,NA
"Liverpool",2019,"Liverpool_336000_389000",336000,389000,1,0,1,0,1,1
"Liverpool",2022,"Liverpool_336000_389000",336000,389000,1,0,1,0,1,1
"Liverpool",2025,"Liverpool_336000_389000",336000,389000,1,0,1,0,1,1
"Liverpool",2016,"Liverpool_336250_389000",336250,389000,24,6,0,18,6,0
"Liverpool",2019,"Liverpool_336250_389000",336250,389000,10,9,0,1,9,0
"Liverpool",2022,"Liverpool_336250_389000",336250,389000,12,9,0,3,9,0
"Liverpool",2025,"Liverpool_336250_389000",336250,389000,13,5,0,8,5,0
"Liverpool",2016,"Liverpool_336500_389000",336500,389000,1,0,0,1,0,NA
"Liverpool",2019,"Liverpool_336500_389000",336500,389000,1,0,0,1,0,NA
"Liverpool",2022,"Liverpool_336500_389000",336500,389000,1,0,0,1,0,NA
"Liverpool",2025,"Liverpool_336500_389000",336500,389000,1,0,0,1,0,NA
"Liverpool",2016,"Liverpool_336750_389000",336750,389000,49,14,1,34,15,0.0666666666666667
"Liverpool",2019,"Liverpool_336750_389000",336750,389000,46,38,3,5,41,0.0731707317073171
"Liverpool",2022,"Liverpool_336750_389000",336750,389000,53,34,2,17,36,0.0555555555555556
"Liverpool",2025,"Liverpool_336750_389000",336750,389000,61,28,1,32,29,0.0344827586206897
"Liverpool",2016,"Liverpool_337250_389000",337250,389000,17,1,5,11,6,0.833333333333333
"Liverpool",2019,"Liverpool_337250_389000",337250,389000,12,7,4,1,11,0.363636363636364
"Liverpool",2022,"Liverpool_337250_389000",337250,389000,12,8,1,3,9,0.111111111111111
"Liverpool",2025,"Liverpool_337250_389000",337250,389000,12,8,1,3,9,0.111111111111111
"Liverpool",2016,"Liverpool_337500_389000",337500,389000,14,5,0,9,5,0
"Liverpool",2019,"Liverpool_337500_389000",337500,389000,10,9,1,0,10,0.1
"Liverpool",2022,"Liverpool_337500_389000",337500,389000,10,8,1,1,9,0.111111111111111
"Liverpool",2025,"Liverpool_337500_389000",337500,389000,11,9,1,1,10,0.1
"Liverpool",2016,"Liverpool_337750_389000",337750,389000,7,3,0,4,3,0
"Liverpool",2019,"Liverpool_337750_389000",337750,389000,5,5,0,0,5,0
"Liverpool",2022,"Liverpool_337750_389000",337750,389000,5,4,0,1,4,0
"Liverpool",2025,"Liverpool_337750_389000",337750,389000,4,3,0,1,3,0
"Liverpool",2016,"Liverpool_338000_389000",338000,389000,6,1,0,5,1,0
"Liverpool",2019,"Liverpool_338000_389000",338000,389000,5,4,0,1,4,0
"Liverpool",2022,"Liverpool_338000_389000",338000,389000,5,4,0,1,4,0
"Liverpool",2025,"Liverpool_338000_389000",338000,389000,5,4,0,1,4,0
"Liverpool",2016,"Liverpool_338250_389000",338250,389000,8,1,0,7,1,0
"Liverpool",2019,"Liverpool_338250_389000",338250,389000,1,1,0,0,1,0
"Liverpool",2022,"Liverpool_338250_389000",338250,389000,1,1,0,0,1,0
"Liverpool",2025,"Liverpool_338250_389000",338250,389000,1,1,0,0,1,0
"Liverpool",2022,"Liverpool_339250_389000",339250,389000,1,0,0,1,0,NA
"Liverpool",2025,"Liverpool_339250_389000",339250,389000,1,0,0,1,0,NA
"Liverpool",2016,"Liverpool_339500_389000",339500,389000,1,0,0,1,0,NA
"Liverpool",2019,"Liverpool_339500_389000",339500,389000,1,1,0,0,1,0
"Liverpool",2022,"Liverpool_339500_389000",339500,389000,1,1,0,0,1,0
"Liverpool",2025,"Liverpool_339500_389000",339500,389000,1,1,0,0,1,0
"Liverpool",2016,"Liverpool_340250_389000",340250,389000,5,0,1,4,1,1
"Liverpool",2019,"Liverpool_340250_389000",340250,389000,6,5,0,1,5,0
"Liverpool",2022,"Liverpool_340250_389000",340250,389000,6,3,0,3,3,0
"Liverpool",2025,"Liverpool_340250_389000",340250,389000,6,2,0,4,2,0
"Liverpool",2016,"Liverpool_340500_389000",340500,389000,4,2,0,2,2,0
"Liverpool",2019,"Liverpool_340500_389000",340500,389000,5,4,1,0,5,0.2
"Liverpool",2022,"Liverpool_340500_389000",340500,389000,5,4,1,0,5,0.2
"Liverpool",2025,"Liverpool_340500_389000",340500,389000,4,3,1,0,4,0.25
"Liverpool",2016,"Liverpool_340750_389000",340750,389000,7,1,0,6,1,0
"Liverpool",2019,"Liverpool_340750_389000",340750,389000,7,7,0,0,7,0
"Liverpool",2022,"Liverpool_340750_389000",340750,389000,7,6,0,1,6,0
"Liverpool",2025,"Liverpool_340750_389000",340750,389000,7,6,0,1,6,0
"Liverpool",2016,"Liverpool_341000_389000",341000,389000,3,1,0,2,1,0
"Liverpool",2019,"Liverpool_341000_389000",341000,389000,2,2,0,0,2,0
"Liverpool",2022,"Liverpool_341000_389000",341000,389000,2,2,0,0,2,0
"Liverpool",2025,"Liverpool_341000_389000",341000,389000,2,1,0,1,1,0
"Liverpool",2016,"Liverpool_341500_389000",341500,389000,1,1,0,0,1,0
"Liverpool",2019,"Liverpool_341500_389000",341500,389000,1,1,0,0,1,0
"Liverpool",2022,"Liverpool_341500_389000",341500,389000,1,1,0,0,1,0
"Liverpool",2025,"Liverpool_341500_389000",341500,389000,1,1,0,0,1,0
"Liverpool",2016,"Liverpool_342000_389000",342000,389000,7,1,0,6,1,0
"Liverpool",2019,"Liverpool_342000_389000",342000,389000,5,5,0,0,5,0
"Liverpool",2022,"Liverpool_342000_389000",342000,389000,5,5,0,0,5,0
"Liverpool",2025,"Liverpool_342000_389000",342000,389000,5,5,0,0,5,0
"Liverpool",2022,"Liverpool_342500_389000",342500,389000,1,0,1,0,1,1
"Liverpool",2025,"Liverpool_342500_389000",342500,389000,1,0,1,0,1,1
"Liverpool",2016,"Liverpool_334250_389250",334250,389250,1,1,0,0,1,0
"Liverpool",2019,"Liverpool_334250_389250",334250,389250,1,1,0,0,1,0
"Liverpool",2022,"Liverpool_334250_389250",334250,389250,1,1,0,0,1,0
"Liverpool",2025,"Liverpool_334250_389250",334250,389250,1,1,0,0,1,0
"Liverpool",2016,"Liverpool_334500_389250",334500,389250,10,3,0,7,3,0
"Liverpool",2019,"Liverpool_334500_389250",334500,389250,8,5,0,3,5,0
"Liverpool",2022,"Liverpool_334500_389250",334500,389250,8,4,0,4,4,0
"Liverpool",2025,"Liverpool_334500_389250",334500,389250,10,4,0,6,4,0
"Liverpool",2016,"Liverpool_334750_389250",334750,389250,26,4,0,22,4,0
"Liverpool",2019,"Liverpool_334750_389250",334750,389250,19,12,0,7,12,0
"Liverpool",2022,"Liverpool_334750_389250",334750,389250,21,13,0,8,13,0
"Liverpool",2025,"Liverpool_334750_389250",334750,389250,22,10,0,12,10,0
"Liverpool",2016,"Liverpool_335500_389250",335500,389250,1,1,0,0,1,0
"Liverpool",2019,"Liverpool_335500_389250",335500,389250,1,1,0,0,1,0
"Liverpool",2022,"Liverpool_335500_389250",335500,389250,1,1,0,0,1,0
"Liverpool",2025,"Liverpool_335500_389250",335500,389250,1,1,0,0,1,0
"Liverpool",2016,"Liverpool_335750_389250",335750,389250,1,1,0,0,1,0
"Liverpool",2019,"Liverpool_335750_389250",335750,389250,1,1,0,0,1,0
"Liverpool",2022,"Liverpool_335750_389250",335750,389250,1,1,0,0,1,0
"Liverpool",2025,"Liverpool_335750_389250",335750,389250,1,1,0,0,1,0
"Liverpool",2016,"Liverpool_336000_389250",336000,389250,2,1,0,1,1,0
"Liverpool",2019,"Liverpool_336000_389250",336000,389250,2,1,1,0,2,0.5
"Liverpool",2022,"Liverpool_336000_389250",336000,389250,2,1,1,0,2,0.5
"Liverpool",2025,"Liverpool_336000_389250",336000,389250,2,1,1,0,2,0.5
"Liverpool",2016,"Liverpool_336500_389250",336500,389250,6,3,0,3,3,0
"Liverpool",2019,"Liverpool_336500_389250",336500,389250,5,5,0,0,5,0
"Liverpool",2022,"Liverpool_336500_389250",336500,389250,7,7,0,0,7,0
"Liverpool",2025,"Liverpool_336500_389250",336500,389250,4,4,0,0,4,0
"Liverpool",2016,"Liverpool_336750_389250",336750,389250,11,4,0,7,4,0
"Liverpool",2019,"Liverpool_336750_389250",336750,389250,10,8,0,2,8,0
"Liverpool",2022,"Liverpool_336750_389250",336750,389250,12,9,0,3,9,0
"Liverpool",2025,"Liverpool_336750_389250",336750,389250,11,6,0,5,6,0
"Liverpool",2016,"Liverpool_337000_389250",337000,389250,21,10,0,11,10,0
"Liverpool",2019,"Liverpool_337000_389250",337000,389250,19,17,0,2,17,0
"Liverpool",2022,"Liverpool_337000_389250",337000,389250,19,14,0,5,14,0
"Liverpool",2025,"Liverpool_337000_389250",337000,389250,18,11,0,7,11,0
"Liverpool",2016,"Liverpool_337250_389250",337250,389250,24,3,1,20,4,0.25
"Liverpool",2019,"Liverpool_337250_389250",337250,389250,14,11,1,2,12,0.0833333333333333
"Liverpool",2022,"Liverpool_337250_389250",337250,389250,16,8,0,8,8,0
"Liverpool",2025,"Liverpool_337250_389250",337250,389250,15,7,0,8,7,0
"Liverpool",2016,"Liverpool_337500_389250",337500,389250,11,0,1,10,1,1
"Liverpool",2019,"Liverpool_337500_389250",337500,389250,6,2,2,2,4,0.5
"Liverpool",2022,"Liverpool_337500_389250",337500,389250,8,2,2,4,4,0.5
"Liverpool",2025,"Liverpool_337500_389250",337500,389250,8,2,2,4,4,0.5
"Liverpool",2016,"Liverpool_337750_389250",337750,389250,56,20,0,36,20,0
"Liverpool",2019,"Liverpool_337750_389250",337750,389250,48,46,2,0,48,0.0416666666666667
"Liverpool",2022,"Liverpool_337750_389250",337750,389250,49,43,1,5,44,0.0227272727272727
"Liverpool",2025,"Liverpool_337750_389250",337750,389250,49,31,1,17,32,0.03125
"Liverpool",2016,"Liverpool_338000_389250",338000,389250,8,2,0,6,2,0
"Liverpool",2019,"Liverpool_338000_389250",338000,389250,6,6,0,0,6,0
"Liverpool",2022,"Liverpool_338000_389250",338000,389250,6,5,0,1,5,0
"Liverpool",2025,"Liverpool_338000_389250",338000,389250,6,4,0,2,4,0
"Liverpool",2016,"Liverpool_338250_389250",338250,389250,17,3,0,14,3,0
"Liverpool",2019,"Liverpool_338250_389250",338250,389250,13,10,2,1,12,0.166666666666667
"Liverpool",2022,"Liverpool_338250_389250",338250,389250,13,8,1,4,9,0.111111111111111
"Liverpool",2025,"Liverpool_338250_389250",338250,389250,13,6,1,6,7,0.142857142857143
"Liverpool",2016,"Liverpool_339000_389250",339000,389250,28,11,0,17,11,0
"Liverpool",2019,"Liverpool_339000_389250",339000,389250,25,23,1,1,24,0.0416666666666667
"Liverpool",2022,"Liverpool_339000_389250",339000,389250,25,20,0,5,20,0
"Liverpool",2025,"Liverpool_339000_389250",339000,389250,25,17,0,8,17,0
"Liverpool",2016,"Liverpool_339250_389250",339250,389250,2,0,0,2,0,NA
"Liverpool",2019,"Liverpool_339250_389250",339250,389250,1,1,0,0,1,0
"Liverpool",2022,"Liverpool_339250_389250",339250,389250,1,0,0,1,0,NA
"Liverpool",2025,"Liverpool_339250_389250",339250,389250,1,0,0,1,0,NA
"Liverpool",2016,"Liverpool_340250_389250",340250,389250,18,6,1,11,7,0.142857142857143
"Liverpool",2019,"Liverpool_340250_389250",340250,389250,20,19,0,1,19,0
"Liverpool",2022,"Liverpool_340250_389250",340250,389250,20,19,0,1,19,0
"Liverpool",2025,"Liverpool_340250_389250",340250,389250,19,15,0,4,15,0
"Liverpool",2016,"Liverpool_340500_389250",340500,389250,8,3,0,5,3,0
"Liverpool",2019,"Liverpool_340500_389250",340500,389250,8,8,0,0,8,0
"Liverpool",2022,"Liverpool_340500_389250",340500,389250,8,6,0,2,6,0
"Liverpool",2025,"Liverpool_340500_389250",340500,389250,7,5,0,2,5,0
"Liverpool",2016,"Liverpool_342000_389250",342000,389250,1,0,0,1,0,NA
"Liverpool",2016,"Liverpool_334000_389500",334000,389500,40,3,4,33,7,0.571428571428571
"Liverpool",2019,"Liverpool_334000_389500",334000,389500,44,32,4,8,36,0.111111111111111
"Liverpool",2022,"Liverpool_334000_389500",334000,389500,49,31,3,15,34,0.0882352941176471
"Liverpool",2025,"Liverpool_334000_389500",334000,389500,37,21,0,16,21,0
"Liverpool",2016,"Liverpool_334250_389500",334250,389500,1,1,0,0,1,0
"Liverpool",2019,"Liverpool_334250_389500",334250,389500,2,1,0,1,1,0
"Liverpool",2022,"Liverpool_334250_389500",334250,389500,2,1,0,1,1,0
"Liverpool",2025,"Liverpool_334250_389500",334250,389500,2,1,0,1,1,0
"Liverpool",2016,"Liverpool_334500_389500",334500,389500,7,3,0,4,3,0
"Liverpool",2019,"Liverpool_334500_389500",334500,389500,7,5,0,2,5,0
"Liverpool",2022,"Liverpool_334500_389500",334500,389500,7,5,0,2,5,0
"Liverpool",2025,"Liverpool_334500_389500",334500,389500,5,5,0,0,5,0
"Liverpool",2016,"Liverpool_334750_389500",334750,389500,1,1,0,0,1,0
"Liverpool",2019,"Liverpool_334750_389500",334750,389500,1,1,0,0,1,0
"Liverpool",2022,"Liverpool_334750_389500",334750,389500,1,1,0,0,1,0
"Liverpool",2025,"Liverpool_334750_389500",334750,389500,1,1,0,0,1,0
"Liverpool",2016,"Liverpool_335000_389500",335000,389500,31,13,4,14,17,0.235294117647059
"Liverpool",2019,"Liverpool_335000_389500",335000,389500,32,25,3,4,28,0.107142857142857
"Liverpool",2022,"Liverpool_335000_389500",335000,389500,35,25,3,7,28,0.107142857142857
"Liverpool",2025,"Liverpool_335000_389500",335000,389500,37,21,2,14,23,0.0869565217391304
"Liverpool",2016,"Liverpool_335250_389500",335250,389500,5,4,0,1,4,0
"Liverpool",2019,"Liverpool_335250_389500",335250,389500,5,4,1,0,5,0.2
"Liverpool",2022,"Liverpool_335250_389500",335250,389500,6,4,1,1,5,0.2
"Liverpool",2025,"Liverpool_335250_389500",335250,389500,6,3,0,3,3,0
"Liverpool",2016,"Liverpool_335500_389500",335500,389500,13,5,0,8,5,0
"Liverpool",2019,"Liverpool_335500_389500",335500,389500,11,7,3,1,10,0.3
"Liverpool",2022,"Liverpool_335500_389500",335500,389500,12,5,1,6,6,0.166666666666667
"Liverpool",2025,"Liverpool_335500_389500",335500,389500,11,5,1,5,6,0.166666666666667
"Liverpool",2016,"Liverpool_335750_389500",335750,389500,12,0,0,12,0,NA
"Liverpool",2019,"Liverpool_335750_389500",335750,389500,4,2,0,2,2,0
"Liverpool",2022,"Liverpool_335750_389500",335750,389500,16,10,0,6,10,0
"Liverpool",2025,"Liverpool_335750_389500",335750,389500,16,6,0,10,6,0
"Liverpool",2019,"Liverpool_336000_389500",336000,389500,1,1,0,0,1,0
"Liverpool",2022,"Liverpool_336000_389500",336000,389500,1,1,0,0,1,0
"Liverpool",2025,"Liverpool_336000_389500",336000,389500,1,1,0,0,1,0
"Liverpool",2016,"Liverpool_336750_389500",336750,389500,6,3,0,3,3,0
"Liverpool",2019,"Liverpool_336750_389500",336750,389500,6,5,0,1,5,0
"Liverpool",2022,"Liverpool_336750_389500",336750,389500,6,5,0,1,5,0
"Liverpool",2025,"Liverpool_336750_389500",336750,389500,6,4,0,2,4,0
"Liverpool",2016,"Liverpool_337000_389500",337000,389500,1,0,0,1,0,NA
"Liverpool",2019,"Liverpool_337000_389500",337000,389500,1,1,0,0,1,0
"Liverpool",2022,"Liverpool_337000_389500",337000,389500,1,1,0,0,1,0
"Liverpool",2025,"Liverpool_337000_389500",337000,389500,1,1,0,0,1,0
"Liverpool",2016,"Liverpool_337250_389500",337250,389500,2,1,0,1,1,0
"Liverpool",2019,"Liverpool_337250_389500",337250,389500,2,2,0,0,2,0
"Liverpool",2022,"Liverpool_337250_389500",337250,389500,2,2,0,0,2,0
"Liverpool",2025,"Liverpool_337250_389500",337250,389500,2,2,0,0,2,0
"Liverpool",2016,"Liverpool_337500_389500",337500,389500,2,1,0,1,1,0
"Liverpool",2019,"Liverpool_337500_389500",337500,389500,1,1,0,0,1,0
"Liverpool",2022,"Liverpool_337500_389500",337500,389500,1,1,0,0,1,0
"Liverpool",2025,"Liverpool_337500_389500",337500,389500,1,1,0,0,1,0
"Liverpool",2016,"Liverpool_337750_389500",337750,389500,4,1,0,3,1,0
"Liverpool",2019,"Liverpool_337750_389500",337750,389500,3,3,0,0,3,0
"Liverpool",2022,"Liverpool_337750_389500",337750,389500,3,3,0,0,3,0
"Liverpool",2025,"Liverpool_337750_389500",337750,389500,3,3,0,0,3,0
"Liverpool",2016,"Liverpool_338000_389500",338000,389500,9,4,1,4,5,0.2
"Liverpool",2019,"Liverpool_338000_389500",338000,389500,9,9,0,0,9,0
"Liverpool",2022,"Liverpool_338000_389500",338000,389500,9,9,0,0,9,0
"Liverpool",2025,"Liverpool_338000_389500",338000,389500,7,7,0,0,7,0
"Liverpool",2016,"Liverpool_338250_389500",338250,389500,36,12,2,22,14,0.142857142857143
"Liverpool",2019,"Liverpool_338250_389500",338250,389500,35,31,2,2,33,0.0606060606060606
"Liverpool",2022,"Liverpool_338250_389500",338250,389500,36,26,1,9,27,0.037037037037037
"Liverpool",2025,"Liverpool_338250_389500",338250,389500,33,21,1,11,22,0.0454545454545455
"Liverpool",2016,"Liverpool_338500_389500",338500,389500,32,9,0,23,9,0
"Liverpool",2019,"Liverpool_338500_389500",338500,389500,33,29,1,3,30,0.0333333333333333
"Liverpool",2022,"Liverpool_338500_389500",338500,389500,34,21,1,12,22,0.0454545454545455
"Liverpool",2025,"Liverpool_338500_389500",338500,389500,29,17,0,12,17,0
"Liverpool",2016,"Liverpool_338750_389500",338750,389500,38,9,0,29,9,0
"Liverpool",2019,"Liverpool_338750_389500",338750,389500,32,28,1,3,29,0.0344827586206897
"Liverpool",2022,"Liverpool_338750_389500",338750,389500,32,21,1,10,22,0.0454545454545455
"Liverpool",2025,"Liverpool_338750_389500",338750,389500,29,18,0,11,18,0
"Liverpool",2016,"Liverpool_339000_389500",339000,389500,1,0,0,1,0,NA
"Liverpool",2019,"Liverpool_339000_389500",339000,389500,1,1,0,0,1,0
"Liverpool",2022,"Liverpool_339000_389500",339000,389500,1,1,0,0,1,0
"Liverpool",2025,"Liverpool_339000_389500",339000,389500,1,1,0,0,1,0
"Liverpool",2016,"Liverpool_341000_389500",341000,389500,10,6,0,4,6,0
"Liverpool",2019,"Liverpool_341000_389500",341000,389500,12,9,0,3,9,0
"Liverpool",2022,"Liverpool_341000_389500",341000,389500,14,8,0,6,8,0
"Liverpool",2025,"Liverpool_341000_389500",341000,389500,9,6,0,3,6,0
"Liverpool",2016,"Liverpool_342000_389500",342000,389500,2,0,0,2,0,NA
"Liverpool",2019,"Liverpool_342000_389500",342000,389500,1,0,0,1,0,NA
"Liverpool",2022,"Liverpool_342000_389500",342000,389500,2,1,0,1,1,0
"Liverpool",2025,"Liverpool_342000_389500",342000,389500,1,1,0,0,1,0
"Liverpool",2016,"Liverpool_334000_389750",334000,389750,7,2,0,5,2,0
"Liverpool",2019,"Liverpool_334000_389750",334000,389750,5,4,1,0,5,0.2
"Liverpool",2022,"Liverpool_334000_389750",334000,389750,6,3,1,2,4,0.25
"Liverpool",2025,"Liverpool_334000_389750",334000,389750,5,2,0,3,2,0
"Liverpool",2016,"Liverpool_334250_389750",334250,389750,6,2,0,4,2,0
"Liverpool",2019,"Liverpool_334250_389750",334250,389750,5,4,1,0,5,0.2
"Liverpool",2022,"Liverpool_334250_389750",334250,389750,5,4,0,1,4,0
"Liverpool",2025,"Liverpool_334250_389750",334250,389750,5,1,0,4,1,0
"Liverpool",2016,"Liverpool_334500_389750",334500,389750,34,5,0,29,5,0
"Liverpool",2019,"Liverpool_334500_389750",334500,389750,31,23,3,5,26,0.115384615384615
"Liverpool",2022,"Liverpool_334500_389750",334500,389750,63,33,2,28,35,0.0571428571428571
"Liverpool",2025,"Liverpool_334500_389750",334500,389750,40,15,2,23,17,0.117647058823529
"Liverpool",2016,"Liverpool_334750_389750",334750,389750,58,10,1,47,11,0.0909090909090909
"Liverpool",2019,"Liverpool_334750_389750",334750,389750,54,51,2,1,53,0.0377358490566038
"Liverpool",2022,"Liverpool_334750_389750",334750,389750,65,45,3,17,48,0.0625
"Liverpool",2025,"Liverpool_334750_389750",334750,389750,62,34,2,26,36,0.0555555555555556
"Liverpool",2016,"Liverpool_335000_389750",335000,389750,96,26,1,69,27,0.037037037037037
"Liverpool",2019,"Liverpool_335000_389750",335000,389750,87,66,11,10,77,0.142857142857143
"Liverpool",2022,"Liverpool_335000_389750",335000,389750,90,59,8,23,67,0.119402985074627
"Liverpool",2025,"Liverpool_335000_389750",335000,389750,107,45,8,54,53,0.150943396226415
"Liverpool",2016,"Liverpool_335250_389750",335250,389750,67,11,2,54,13,0.153846153846154
"Liverpool",2019,"Liverpool_335250_389750",335250,389750,54,47,2,5,49,0.0408163265306122
"Liverpool",2022,"Liverpool_335250_389750",335250,389750,61,43,2,16,45,0.0444444444444444
"Liverpool",2025,"Liverpool_335250_389750",335250,389750,51,31,1,19,32,0.03125
"Liverpool",2016,"Liverpool_335500_389750",335500,389750,21,4,0,17,4,0
"Liverpool",2019,"Liverpool_335500_389750",335500,389750,19,17,0,2,17,0
"Liverpool",2022,"Liverpool_335500_389750",335500,389750,22,16,0,6,16,0
"Liverpool",2025,"Liverpool_335500_389750",335500,389750,22,11,0,11,11,0
"Liverpool",2016,"Liverpool_335750_389750",335750,389750,12,1,0,11,1,0
"Liverpool",2019,"Liverpool_335750_389750",335750,389750,13,10,0,3,10,0
"Liverpool",2022,"Liverpool_335750_389750",335750,389750,13,10,0,3,10,0
"Liverpool",2025,"Liverpool_335750_389750",335750,389750,10,6,0,4,6,0
"Liverpool",2016,"Liverpool_336000_389750",336000,389750,3,1,0,2,1,0
"Liverpool",2019,"Liverpool_336000_389750",336000,389750,4,3,0,1,3,0
"Liverpool",2022,"Liverpool_336000_389750",336000,389750,5,4,0,1,4,0
"Liverpool",2025,"Liverpool_336000_389750",336000,389750,3,3,0,0,3,0
"Liverpool",2016,"Liverpool_337000_389750",337000,389750,2,2,0,0,2,0
"Liverpool",2019,"Liverpool_337000_389750",337000,389750,2,2,0,0,2,0
"Liverpool",2022,"Liverpool_337000_389750",337000,389750,2,2,0,0,2,0
"Liverpool",2025,"Liverpool_337000_389750",337000,389750,2,2,0,0,2,0
"Liverpool",2016,"Liverpool_337750_389750",337750,389750,13,1,0,12,1,0
"Liverpool",2019,"Liverpool_337750_389750",337750,389750,6,6,0,0,6,0
"Liverpool",2022,"Liverpool_337750_389750",337750,389750,6,5,0,1,5,0
"Liverpool",2025,"Liverpool_337750_389750",337750,389750,6,5,0,1,5,0
"Liverpool",2016,"Liverpool_338000_389750",338000,389750,6,1,1,4,2,0.5
"Liverpool",2019,"Liverpool_338000_389750",338000,389750,3,2,1,0,3,0.333333333333333
"Liverpool",2022,"Liverpool_338000_389750",338000,389750,3,1,1,1,2,0.5
"Liverpool",2025,"Liverpool_338000_389750",338000,389750,3,1,1,1,2,0.5
"Liverpool",2016,"Liverpool_340000_389750",340000,389750,4,1,0,3,1,0
"Liverpool",2019,"Liverpool_340000_389750",340000,389750,2,2,0,0,2,0
"Liverpool",2022,"Liverpool_340000_389750",340000,389750,2,2,0,0,2,0
"Liverpool",2025,"Liverpool_340000_389750",340000,389750,2,1,0,1,1,0
"Liverpool",2016,"Liverpool_340750_389750",340750,389750,3,1,0,2,1,0
"Liverpool",2019,"Liverpool_340750_389750",340750,389750,2,2,0,0,2,0
"Liverpool",2022,"Liverpool_340750_389750",340750,389750,2,2,0,0,2,0
"Liverpool",2025,"Liverpool_340750_389750",340750,389750,2,1,0,1,1,0
"Liverpool",2016,"Liverpool_341250_389750",341250,389750,2,0,0,2,0,NA
"Liverpool",2019,"Liverpool_341250_389750",341250,389750,2,2,0,0,2,0
"Liverpool",2022,"Liverpool_341250_389750",341250,389750,2,1,0,1,1,0
"Liverpool",2025,"Liverpool_341250_389750",341250,389750,2,1,0,1,1,0
"Liverpool",2016,"Liverpool_333750_390000",333750,390000,16,8,1,7,9,0.111111111111111
"Liverpool",2019,"Liverpool_333750_390000",333750,390000,14,13,0,1,13,0
"Liverpool",2022,"Liverpool_333750_390000",333750,390000,14,12,0,2,12,0
"Liverpool",2025,"Liverpool_333750_390000",333750,390000,14,11,0,3,11,0
"Liverpool",2016,"Liverpool_334000_390000",334000,390000,12,1,0,11,1,0
"Liverpool",2019,"Liverpool_334000_390000",334000,390000,8,8,0,0,8,0
"Liverpool",2022,"Liverpool_334000_390000",334000,390000,13,10,0,3,10,0
"Liverpool",2025,"Liverpool_334000_390000",334000,390000,11,6,0,5,6,0
"Liverpool",2016,"Liverpool_334250_390000",334250,390000,88,16,0,72,16,0
"Liverpool",2019,"Liverpool_334250_390000",334250,390000,78,67,3,8,70,0.0428571428571429
"Liverpool",2022,"Liverpool_334250_390000",334250,390000,84,59,2,23,61,0.0327868852459016
"Liverpool",2025,"Liverpool_334250_390000",334250,390000,77,45,0,32,45,0
"Liverpool",2016,"Liverpool_334500_390000",334500,390000,172,39,3,130,42,0.0714285714285714
"Liverpool",2019,"Liverpool_334500_390000",334500,390000,137,119,9,9,128,0.0703125
"Liverpool",2022,"Liverpool_334500_390000",334500,390000,147,109,9,29,118,0.076271186440678
"Liverpool",2025,"Liverpool_334500_390000",334500,390000,123,72,0,51,72,0
"Liverpool",2016,"Liverpool_334750_390000",334750,390000,148,24,2,122,26,0.0769230769230769
"Liverpool",2019,"Liverpool_334750_390000",334750,390000,131,110,5,16,115,0.0434782608695652
"Liverpool",2022,"Liverpool_334750_390000",334750,390000,148,104,3,41,107,0.0280373831775701
"Liverpool",2025,"Liverpool_334750_390000",334750,390000,124,68,1,55,69,0.0144927536231884
"Liverpool",2016,"Liverpool_335000_390000",335000,390000,126,34,5,87,39,0.128205128205128
"Liverpool",2019,"Liverpool_335000_390000",335000,390000,111,90,7,14,97,0.0721649484536082
"Liverpool",2022,"Liverpool_335000_390000",335000,390000,115,66,7,42,73,0.0958904109589041
"Liverpool",2025,"Liverpool_335000_390000",335000,390000,108,41,6,61,47,0.127659574468085
"Liverpool",2016,"Liverpool_335250_390000",335250,390000,27,6,0,21,6,0
"Liverpool",2019,"Liverpool_335250_390000",335250,390000,25,20,1,4,21,0.0476190476190476
"Liverpool",2022,"Liverpool_335250_390000",335250,390000,27,16,0,11,16,0
"Liverpool",2025,"Liverpool_335250_390000",335250,390000,22,11,0,11,11,0
"Liverpool",2016,"Liverpool_335500_390000",335500,390000,3,0,1,2,1,1
"Liverpool",2019,"Liverpool_335500_390000",335500,390000,4,2,1,1,3,0.333333333333333
"Liverpool",2022,"Liverpool_335500_390000",335500,390000,6,2,2,2,4,0.5
"Liverpool",2025,"Liverpool_335500_390000",335500,390000,5,1,0,4,1,0
"Liverpool",2016,"Liverpool_335750_390000",335750,390000,5,1,0,4,1,0
"Liverpool",2019,"Liverpool_335750_390000",335750,390000,5,3,0,2,3,0
"Liverpool",2022,"Liverpool_335750_390000",335750,390000,5,1,0,4,1,0
"Liverpool",2025,"Liverpool_335750_390000",335750,390000,5,1,0,4,1,0
"Liverpool",2016,"Liverpool_336000_390000",336000,390000,1,1,0,0,1,0
"Liverpool",2019,"Liverpool_336000_390000",336000,390000,1,1,0,0,1,0
"Liverpool",2022,"Liverpool_336000_390000",336000,390000,1,1,0,0,1,0
"Liverpool",2025,"Liverpool_336000_390000",336000,390000,1,1,0,0,1,0
"Liverpool",2016,"Liverpool_336500_390000",336500,390000,13,0,1,12,1,1
"Liverpool",2019,"Liverpool_336500_390000",336500,390000,5,3,2,0,5,0.4
"Liverpool",2022,"Liverpool_336500_390000",336500,390000,5,2,2,1,4,0.5
"Liverpool",2025,"Liverpool_336500_390000",336500,390000,5,2,2,1,4,0.5
"Liverpool",2016,"Liverpool_336750_390000",336750,390000,49,1,3,45,4,0.75
"Liverpool",2019,"Liverpool_336750_390000",336750,390000,8,2,5,1,7,0.714285714285714
"Liverpool",2022,"Liverpool_336750_390000",336750,390000,8,2,5,1,7,0.714285714285714
"Liverpool",2025,"Liverpool_336750_390000",336750,390000,1,1,0,0,1,0
"Liverpool",2016,"Liverpool_337000_390000",337000,390000,7,2,0,5,2,0
"Liverpool",2019,"Liverpool_337000_390000",337000,390000,4,4,0,0,4,0
"Liverpool",2022,"Liverpool_337000_390000",337000,390000,4,4,0,0,4,0
"Liverpool",2025,"Liverpool_337000_390000",337000,390000,4,3,0,1,3,0
"Liverpool",2016,"Liverpool_338500_390000",338500,390000,8,3,0,5,3,0
"Liverpool",2019,"Liverpool_338500_390000",338500,390000,7,7,0,0,7,0
"Liverpool",2022,"Liverpool_338500_390000",338500,390000,7,6,0,1,6,0
"Liverpool",2025,"Liverpool_338500_390000",338500,390000,6,3,0,3,3,0
"Liverpool",2016,"Liverpool_339500_390000",339500,390000,7,2,0,5,2,0
"Liverpool",2019,"Liverpool_339500_390000",339500,390000,5,5,0,0,5,0
"Liverpool",2022,"Liverpool_339500_390000",339500,390000,5,3,0,2,3,0
"Liverpool",2025,"Liverpool_339500_390000",339500,390000,5,2,0,3,2,0
"Liverpool",2016,"Liverpool_340000_390000",340000,390000,2,0,0,2,0,NA
"Liverpool",2019,"Liverpool_340000_390000",340000,390000,1,1,0,0,1,0
"Liverpool",2022,"Liverpool_340000_390000",340000,390000,1,1,0,0,1,0
"Liverpool",2025,"Liverpool_340000_390000",340000,390000,1,1,0,0,1,0
"Liverpool",2016,"Liverpool_340250_390000",340250,390000,7,3,0,4,3,0
"Liverpool",2019,"Liverpool_340250_390000",340250,390000,6,6,0,0,6,0
"Liverpool",2022,"Liverpool_340250_390000",340250,390000,6,5,0,1,5,0
"Liverpool",2025,"Liverpool_340250_390000",340250,390000,6,5,0,1,5,0
"Liverpool",2016,"Liverpool_340750_390000",340750,390000,1,0,0,1,0,NA
"Liverpool",2019,"Liverpool_340750_390000",340750,390000,1,1,0,0,1,0
"Liverpool",2022,"Liverpool_340750_390000",340750,390000,1,1,0,0,1,0
"Liverpool",2025,"Liverpool_340750_390000",340750,390000,1,1,0,0,1,0
"Liverpool",2016,"Liverpool_341250_390000",341250,390000,3,0,0,3,0,NA
"Liverpool",2019,"Liverpool_341250_390000",341250,390000,2,2,0,0,2,0
"Liverpool",2022,"Liverpool_341250_390000",341250,390000,3,3,0,0,3,0
"Liverpool",2025,"Liverpool_341250_390000",341250,390000,3,3,0,0,3,0
"Liverpool",2016,"Liverpool_333750_390250",333750,390250,85,49,1,35,50,0.02
"Liverpool",2019,"Liverpool_333750_390250",333750,390250,64,54,0,10,54,0
"Liverpool",2022,"Liverpool_333750_390250",333750,390250,65,55,0,10,55,0
"Liverpool",2025,"Liverpool_333750_390250",333750,390250,64,53,0,11,53,0
"Liverpool",2016,"Liverpool_334000_390250",334000,390250,188,25,69,94,94,0.734042553191489
"Liverpool",2019,"Liverpool_334000_390250",334000,390250,171,75,87,9,162,0.537037037037037
"Liverpool",2022,"Liverpool_334000_390250",334000,390250,180,89,69,22,158,0.436708860759494
"Liverpool",2025,"Liverpool_334000_390250",334000,390250,119,62,15,42,77,0.194805194805195
"Liverpool",2016,"Liverpool_334250_390250",334250,390250,182,42,17,123,59,0.288135593220339
"Liverpool",2019,"Liverpool_334250_390250",334250,390250,166,136,12,18,148,0.0810810810810811
"Liverpool",2022,"Liverpool_334250_390250",334250,390250,174,126,9,39,135,0.0666666666666667
"Liverpool",2025,"Liverpool_334250_390250",334250,390250,152,93,3,56,96,0.03125
"Liverpool",2016,"Liverpool_334500_390250",334500,390250,199,38,18,143,56,0.321428571428571
"Liverpool",2019,"Liverpool_334500_390250",334500,390250,165,129,24,12,153,0.156862745098039
"Liverpool",2022,"Liverpool_334500_390250",334500,390250,174,103,19,52,122,0.155737704918033
"Liverpool",2025,"Liverpool_334500_390250",334500,390250,153,80,6,67,86,0.0697674418604651
"Liverpool",2016,"Liverpool_334750_390250",334750,390250,608,39,10,559,49,0.204081632653061
"Liverpool",2019,"Liverpool_334750_390250",334750,390250,332,195,28,109,223,0.125560538116592
"Liverpool",2022,"Liverpool_334750_390250",334750,390250,346,180,18,148,198,0.0909090909090909
"Liverpool",2025,"Liverpool_334750_390250",334750,390250,306,109,4,193,113,0.0353982300884956
"Liverpool",2016,"Liverpool_335000_390250",335000,390250,33,5,2,26,7,0.285714285714286
"Liverpool",2019,"Liverpool_335000_390250",335000,390250,21,18,1,2,19,0.0526315789473684
"Liverpool",2022,"Liverpool_335000_390250",335000,390250,24,17,1,6,18,0.0555555555555556
"Liverpool",2025,"Liverpool_335000_390250",335000,390250,23,14,0,9,14,0
"Liverpool",2016,"Liverpool_335500_390250",335500,390250,7,2,0,5,2,0
"Liverpool",2019,"Liverpool_335500_390250",335500,390250,5,5,0,0,5,0
"Liverpool",2022,"Liverpool_335500_390250",335500,390250,6,6,0,0,6,0
"Liverpool",2025,"Liverpool_335500_390250",335500,390250,5,5,0,0,5,0
"Liverpool",2016,"Liverpool_335750_390250",335750,390250,12,1,1,10,2,0.5
"Liverpool",2019,"Liverpool_335750_390250",335750,390250,5,5,0,0,5,0
"Liverpool",2022,"Liverpool_335750_390250",335750,390250,5,4,0,1,4,0
"Liverpool",2025,"Liverpool_335750_390250",335750,390250,4,2,0,2,2,0
"Liverpool",2016,"Liverpool_336000_390250",336000,390250,2,0,0,2,0,NA
"Liverpool",2019,"Liverpool_336000_390250",336000,390250,2,1,1,0,2,0.5
"Liverpool",2022,"Liverpool_336000_390250",336000,390250,2,1,0,1,1,0
"Liverpool",2025,"Liverpool_336000_390250",336000,390250,2,1,0,1,1,0
"Liverpool",2016,"Liverpool_336250_390250",336250,390250,2,0,0,2,0,NA
"Liverpool",2019,"Liverpool_336250_390250",336250,390250,1,0,1,0,1,1
"Liverpool",2022,"Liverpool_336250_390250",336250,390250,1,0,1,0,1,1
"Liverpool",2016,"Liverpool_336500_390250",336500,390250,25,4,2,19,6,0.333333333333333
"Liverpool",2019,"Liverpool_336500_390250",336500,390250,13,10,1,2,11,0.0909090909090909
"Liverpool",2022,"Liverpool_336500_390250",336500,390250,15,10,0,5,10,0
"Liverpool",2025,"Liverpool_336500_390250",336500,390250,14,8,0,6,8,0
"Liverpool",2016,"Liverpool_336750_390250",336750,390250,1,0,0,1,0,NA
"Liverpool",2016,"Liverpool_337000_390250",337000,390250,8,0,0,8,0,NA
"Liverpool",2019,"Liverpool_337000_390250",337000,390250,4,3,0,1,3,0
"Liverpool",2022,"Liverpool_337000_390250",337000,390250,4,3,0,1,3,0
"Liverpool",2025,"Liverpool_337000_390250",337000,390250,4,3,0,1,3,0
"Liverpool",2016,"Liverpool_337500_390250",337500,390250,1,0,0,1,0,NA
"Liverpool",2019,"Liverpool_337500_390250",337500,390250,12,9,1,2,10,0.1
"Liverpool",2022,"Liverpool_337500_390250",337500,390250,12,9,1,2,10,0.1
"Liverpool",2025,"Liverpool_337500_390250",337500,390250,11,7,1,3,8,0.125
"Liverpool",2016,"Liverpool_338000_390250",338000,390250,2,0,0,2,0,NA
"Liverpool",2019,"Liverpool_338000_390250",338000,390250,1,1,0,0,1,0
"Liverpool",2022,"Liverpool_338000_390250",338000,390250,1,1,0,0,1,0
"Liverpool",2025,"Liverpool_338000_390250",338000,390250,1,1,0,0,1,0
"Liverpool",2016,"Liverpool_338750_390250",338750,390250,15,2,0,13,2,0
"Liverpool",2019,"Liverpool_338750_390250",338750,390250,14,2,0,12,2,0
"Liverpool",2022,"Liverpool_338750_390250",338750,390250,14,2,0,12,2,0
"Liverpool",2025,"Liverpool_338750_390250",338750,390250,4,2,0,2,2,0
"Liverpool",2016,"Liverpool_339000_390250",339000,390250,3,1,0,2,1,0
"Liverpool",2019,"Liverpool_339000_390250",339000,390250,2,2,0,0,2,0
"Liverpool",2022,"Liverpool_339000_390250",339000,390250,2,0,0,2,0,NA
"Liverpool",2025,"Liverpool_339000_390250",339000,390250,2,0,0,2,0,NA
"Liverpool",2016,"Liverpool_339250_390250",339250,390250,20,4,0,16,4,0
"Liverpool",2019,"Liverpool_339250_390250",339250,390250,15,12,1,2,13,0.0769230769230769
"Liverpool",2022,"Liverpool_339250_390250",339250,390250,16,12,0,4,12,0
"Liverpool",2025,"Liverpool_339250_390250",339250,390250,15,10,0,5,10,0
"Liverpool",2016,"Liverpool_340000_390250",340000,390250,15,4,0,11,4,0
"Liverpool",2019,"Liverpool_340000_390250",340000,390250,17,15,0,2,15,0
"Liverpool",2022,"Liverpool_340000_390250",340000,390250,17,14,0,3,14,0
"Liverpool",2025,"Liverpool_340000_390250",340000,390250,14,12,0,2,12,0
"Liverpool",2016,"Liverpool_340250_390250",340250,390250,7,3,0,4,3,0
"Liverpool",2019,"Liverpool_340250_390250",340250,390250,7,6,1,0,7,0.142857142857143
"Liverpool",2022,"Liverpool_340250_390250",340250,390250,8,7,1,0,8,0.125
"Liverpool",2025,"Liverpool_340250_390250",340250,390250,5,4,1,0,5,0.2
"Liverpool",2016,"Liverpool_340500_390250",340500,390250,8,1,0,7,1,0
"Liverpool",2019,"Liverpool_340500_390250",340500,390250,5,4,0,1,4,0
"Liverpool",2022,"Liverpool_340500_390250",340500,390250,5,4,0,1,4,0
"Liverpool",2025,"Liverpool_340500_390250",340500,390250,4,4,0,0,4,0
"Liverpool",2016,"Liverpool_341000_390250",341000,390250,2,1,0,1,1,0
"Liverpool",2019,"Liverpool_341000_390250",341000,390250,2,2,0,0,2,0
"Liverpool",2022,"Liverpool_341000_390250",341000,390250,2,2,0,0,2,0
"Liverpool",2025,"Liverpool_341000_390250",341000,390250,2,2,0,0,2,0
"Liverpool",2016,"Liverpool_341250_390250",341250,390250,1,0,0,1,0,NA
"Liverpool",2019,"Liverpool_341250_390250",341250,390250,1,1,0,0,1,0
"Liverpool",2022,"Liverpool_341250_390250",341250,390250,1,1,0,0,1,0
"Liverpool",2025,"Liverpool_341250_390250",341250,390250,1,1,0,0,1,0
"Liverpool",2016,"Liverpool_333500_390500",333500,390500,1,0,0,1,0,NA
"Liverpool",2025,"Liverpool_333500_390500",333500,390500,2,0,0,2,0,NA
"Liverpool",2016,"Liverpool_333750_390500",333750,390500,5,2,0,3,2,0
"Liverpool",2019,"Liverpool_333750_390500",333750,390500,4,3,0,1,3,0
"Liverpool",2022,"Liverpool_333750_390500",333750,390500,4,3,0,1,3,0
"Liverpool",2025,"Liverpool_333750_390500",333750,390500,3,3,0,0,3,0
"Liverpool",2016,"Liverpool_334000_390500",334000,390500,125,35,12,78,47,0.25531914893617
"Liverpool",2019,"Liverpool_334000_390500",334000,390500,108,84,15,9,99,0.151515151515152
"Liverpool",2022,"Liverpool_334000_390500",334000,390500,112,82,15,15,97,0.154639175257732
"Liverpool",2025,"Liverpool_334000_390500",334000,390500,97,71,9,17,80,0.1125
"Liverpool",2016,"Liverpool_334250_390500",334250,390500,119,27,21,71,48,0.4375
"Liverpool",2019,"Liverpool_334250_390500",334250,390500,112,87,14,11,101,0.138613861386139
"Liverpool",2022,"Liverpool_334250_390500",334250,390500,117,79,14,24,93,0.150537634408602
"Liverpool",2025,"Liverpool_334250_390500",334250,390500,102,65,7,30,72,0.0972222222222222
"Liverpool",2016,"Liverpool_334500_390500",334500,390500,52,8,1,43,9,0.111111111111111
"Liverpool",2019,"Liverpool_334500_390500",334500,390500,46,32,3,11,35,0.0857142857142857
"Liverpool",2022,"Liverpool_334500_390500",334500,390500,51,32,3,16,35,0.0857142857142857
"Liverpool",2025,"Liverpool_334500_390500",334500,390500,41,26,2,13,28,0.0714285714285714
"Liverpool",2016,"Liverpool_334750_390500",334750,390500,18,5,0,13,5,0
"Liverpool",2019,"Liverpool_334750_390500",334750,390500,13,12,0,1,12,0
"Liverpool",2022,"Liverpool_334750_390500",334750,390500,14,9,1,4,10,0.1
"Liverpool",2025,"Liverpool_334750_390500",334750,390500,13,7,0,6,7,0
"Liverpool",2016,"Liverpool_335000_390500",335000,390500,68,24,6,38,30,0.2
"Liverpool",2019,"Liverpool_335000_390500",335000,390500,55,40,8,7,48,0.166666666666667
"Liverpool",2022,"Liverpool_335000_390500",335000,390500,60,40,7,13,47,0.148936170212766
"Liverpool",2025,"Liverpool_335000_390500",335000,390500,57,31,6,20,37,0.162162162162162
"Liverpool",2016,"Liverpool_335250_390500",335250,390500,28,5,0,23,5,0
"Liverpool",2019,"Liverpool_335250_390500",335250,390500,25,15,2,8,17,0.117647058823529
"Liverpool",2022,"Liverpool_335250_390500",335250,390500,29,14,1,14,15,0.0666666666666667
"Liverpool",2025,"Liverpool_335250_390500",335250,390500,23,13,1,9,14,0.0714285714285714
"Liverpool",2016,"Liverpool_335500_390500",335500,390500,26,5,0,21,5,0
"Liverpool",2019,"Liverpool_335500_390500",335500,390500,24,16,1,7,17,0.0588235294117647
"Liverpool",2022,"Liverpool_335500_390500",335500,390500,27,14,1,12,15,0.0666666666666667
"Liverpool",2025,"Liverpool_335500_390500",335500,390500,22,12,1,9,13,0.0769230769230769
"Liverpool",2016,"Liverpool_336250_390500",336250,390500,3,1,0,2,1,0
"Liverpool",2019,"Liverpool_336250_390500",336250,390500,2,2,0,0,2,0
"Liverpool",2022,"Liverpool_336250_390500",336250,390500,2,2,0,0,2,0
"Liverpool",2025,"Liverpool_336250_390500",336250,390500,2,2,0,0,2,0
"Liverpool",2016,"Liverpool_336750_390500",336750,390500,5,2,0,3,2,0
"Liverpool",2019,"Liverpool_336750_390500",336750,390500,2,2,0,0,2,0
"Liverpool",2022,"Liverpool_336750_390500",336750,390500,2,2,0,0,2,0
"Liverpool",2025,"Liverpool_336750_390500",336750,390500,2,2,0,0,2,0
"Liverpool",2016,"Liverpool_337000_390500",337000,390500,28,7,0,21,7,0
"Liverpool",2019,"Liverpool_337000_390500",337000,390500,22,17,2,3,19,0.105263157894737
"Liverpool",2022,"Liverpool_337000_390500",337000,390500,22,15,2,5,17,0.117647058823529
"Liverpool",2025,"Liverpool_337000_390500",337000,390500,21,14,1,6,15,0.0666666666666667
"Liverpool",2016,"Liverpool_337250_390500",337250,390500,1,0,0,1,0,NA
"Liverpool",2019,"Liverpool_337250_390500",337250,390500,1,0,1,0,1,1
"Liverpool",2022,"Liverpool_337250_390500",337250,390500,1,0,1,0,1,1
"Liverpool",2025,"Liverpool_337250_390500",337250,390500,1,0,1,0,1,1
"Liverpool",2016,"Liverpool_337500_390500",337500,390500,1,0,0,1,0,NA
"Liverpool",2016,"Liverpool_337750_390500",337750,390500,2,0,0,2,0,NA
"Liverpool",2019,"Liverpool_337750_390500",337750,390500,3,2,1,0,3,0.333333333333333
"Liverpool",2022,"Liverpool_337750_390500",337750,390500,3,3,0,0,3,0
"Liverpool",2025,"Liverpool_337750_390500",337750,390500,3,3,0,0,3,0
"Liverpool",2016,"Liverpool_338000_390500",338000,390500,5,0,0,5,0,NA
"Liverpool",2019,"Liverpool_338000_390500",338000,390500,2,0,0,2,0,NA
"Liverpool",2022,"Liverpool_338000_390500",338000,390500,2,0,0,2,0,NA
"Liverpool",2025,"Liverpool_338000_390500",338000,390500,2,0,0,2,0,NA
"Liverpool",2016,"Liverpool_338250_390500",338250,390500,3,0,0,3,0,NA
"Liverpool",2019,"Liverpool_338250_390500",338250,390500,3,2,0,1,2,0
"Liverpool",2022,"Liverpool_338250_390500",338250,390500,6,2,0,4,2,0
"Liverpool",2025,"Liverpool_338250_390500",338250,390500,5,1,0,4,1,0
"Liverpool",2016,"Liverpool_338500_390500",338500,390500,9,1,0,8,1,0
"Liverpool",2019,"Liverpool_338500_390500",338500,390500,28,25,0,3,25,0
"Liverpool",2022,"Liverpool_338500_390500",338500,390500,29,24,1,4,25,0.04
"Liverpool",2025,"Liverpool_338500_390500",338500,390500,29,23,0,6,23,0
"Liverpool",2016,"Liverpool_338750_390500",338750,390500,7,3,0,4,3,0
"Liverpool",2019,"Liverpool_338750_390500",338750,390500,3,2,1,0,3,0.333333333333333
"Liverpool",2022,"Liverpool_338750_390500",338750,390500,4,3,1,0,4,0.25
"Liverpool",2025,"Liverpool_338750_390500",338750,390500,3,2,1,0,3,0.333333333333333
"Liverpool",2016,"Liverpool_339000_390500",339000,390500,4,0,0,4,0,NA
"Liverpool",2019,"Liverpool_339000_390500",339000,390500,5,4,1,0,5,0.2
"Liverpool",2022,"Liverpool_339000_390500",339000,390500,8,4,1,3,5,0.2
"Liverpool",2025,"Liverpool_339000_390500",339000,390500,6,4,0,2,4,0
"Liverpool",2016,"Liverpool_339250_390500",339250,390500,1,1,0,0,1,0
"Liverpool",2019,"Liverpool_339250_390500",339250,390500,1,1,0,0,1,0
"Liverpool",2022,"Liverpool_339250_390500",339250,390500,1,1,0,0,1,0
"Liverpool",2025,"Liverpool_339250_390500",339250,390500,1,1,0,0,1,0
"Liverpool",2016,"Liverpool_339750_390500",339750,390500,3,1,0,2,1,0
"Liverpool",2019,"Liverpool_339750_390500",339750,390500,1,1,0,0,1,0
"Liverpool",2022,"Liverpool_339750_390500",339750,390500,1,1,0,0,1,0
"Liverpool",2025,"Liverpool_339750_390500",339750,390500,1,1,0,0,1,0
"Liverpool",2016,"Liverpool_340000_390500",340000,390500,1,1,0,0,1,0
"Liverpool",2019,"Liverpool_340000_390500",340000,390500,2,2,0,0,2,0
"Liverpool",2022,"Liverpool_340000_390500",340000,390500,2,2,0,0,2,0
"Liverpool",2025,"Liverpool_340000_390500",340000,390500,2,2,0,0,2,0
"Liverpool",2016,"Liverpool_333500_390750",333500,390750,9,4,0,5,4,0
"Liverpool",2019,"Liverpool_333500_390750",333500,390750,7,7,0,0,7,0
"Liverpool",2022,"Liverpool_333500_390750",333500,390750,8,7,0,1,7,0
"Liverpool",2025,"Liverpool_333500_390750",333500,390750,10,7,0,3,7,0
"Liverpool",2016,"Liverpool_333750_390750",333750,390750,8,4,0,4,4,0
"Liverpool",2019,"Liverpool_333750_390750",333750,390750,6,5,0,1,5,0
"Liverpool",2022,"Liverpool_333750_390750",333750,390750,6,5,0,1,5,0
"Liverpool",2025,"Liverpool_333750_390750",333750,390750,5,4,0,1,4,0
"Liverpool",2016,"Liverpool_334000_390750",334000,390750,17,4,0,13,4,0
"Liverpool",2019,"Liverpool_334000_390750",334000,390750,15,10,1,4,11,0.0909090909090909
"Liverpool",2022,"Liverpool_334000_390750",334000,390750,16,10,0,6,10,0
"Liverpool",2025,"Liverpool_334000_390750",334000,390750,12,7,0,5,7,0
"Liverpool",2016,"Liverpool_334250_390750",334250,390750,22,3,0,19,3,0
"Liverpool",2019,"Liverpool_334250_390750",334250,390750,18,12,0,6,12,0
"Liverpool",2022,"Liverpool_334250_390750",334250,390750,18,11,0,7,11,0
"Liverpool",2025,"Liverpool_334250_390750",334250,390750,16,11,0,5,11,0
"Liverpool",2016,"Liverpool_334500_390750",334500,390750,10,0,0,10,0,NA
"Liverpool",2019,"Liverpool_334500_390750",334500,390750,6,3,0,3,3,0
"Liverpool",2022,"Liverpool_334500_390750",334500,390750,7,3,0,4,3,0
"Liverpool",2025,"Liverpool_334500_390750",334500,390750,7,3,0,4,3,0
"Liverpool",2016,"Liverpool_334750_390750",334750,390750,4,2,0,2,2,0
"Liverpool",2019,"Liverpool_334750_390750",334750,390750,4,3,0,1,3,0
"Liverpool",2022,"Liverpool_334750_390750",334750,390750,4,3,0,1,3,0
"Liverpool",2025,"Liverpool_334750_390750",334750,390750,3,1,0,2,1,0
"Liverpool",2016,"Liverpool_335000_390750",335000,390750,12,2,0,10,2,0
"Liverpool",2019,"Liverpool_335000_390750",335000,390750,8,6,0,2,6,0
"Liverpool",2022,"Liverpool_335000_390750",335000,390750,8,5,0,3,5,0
"Liverpool",2025,"Liverpool_335000_390750",335000,390750,5,3,0,2,3,0
"Liverpool",2016,"Liverpool_335250_390750",335250,390750,39,7,0,32,7,0
"Liverpool",2019,"Liverpool_335250_390750",335250,390750,34,29,2,3,31,0.0645161290322581
"Liverpool",2022,"Liverpool_335250_390750",335250,390750,39,31,0,8,31,0
"Liverpool",2025,"Liverpool_335250_390750",335250,390750,35,24,0,11,24,0
"Liverpool",2016,"Liverpool_335500_390750",335500,390750,17,5,0,12,5,0
"Liverpool",2019,"Liverpool_335500_390750",335500,390750,19,17,0,2,17,0
"Liverpool",2022,"Liverpool_335500_390750",335500,390750,23,14,0,9,14,0
"Liverpool",2025,"Liverpool_335500_390750",335500,390750,25,9,0,16,9,0
"Liverpool",2016,"Liverpool_335750_390750",335750,390750,20,3,0,17,3,0
"Liverpool",2019,"Liverpool_335750_390750",335750,390750,16,14,0,2,14,0
"Liverpool",2022,"Liverpool_335750_390750",335750,390750,18,13,0,5,13,0
"Liverpool",2025,"Liverpool_335750_390750",335750,390750,17,10,0,7,10,0
"Liverpool",2016,"Liverpool_336000_390750",336000,390750,15,1,0,14,1,0
"Liverpool",2019,"Liverpool_336000_390750",336000,390750,11,8,2,1,10,0.2
"Liverpool",2022,"Liverpool_336000_390750",336000,390750,12,8,2,2,10,0.2
"Liverpool",2025,"Liverpool_336000_390750",336000,390750,3,2,0,1,2,0
"Liverpool",2016,"Liverpool_336250_390750",336250,390750,18,5,1,12,6,0.166666666666667
"Liverpool",2019,"Liverpool_336250_390750",336250,390750,14,11,3,0,14,0.214285714285714
"Liverpool",2022,"Liverpool_336250_390750",336250,390750,16,12,2,2,14,0.142857142857143
"Liverpool",2025,"Liverpool_336250_390750",336250,390750,15,10,2,3,12,0.166666666666667
"Liverpool",2016,"Liverpool_336500_390750",336500,390750,16,2,0,14,2,0
"Liverpool",2019,"Liverpool_336500_390750",336500,390750,6,6,0,0,6,0
"Liverpool",2022,"Liverpool_336500_390750",336500,390750,6,5,0,1,5,0
"Liverpool",2025,"Liverpool_336500_390750",336500,390750,5,4,0,1,4,0
"Liverpool",2016,"Liverpool_336750_390750",336750,390750,6,3,0,3,3,0
"Liverpool",2019,"Liverpool_336750_390750",336750,390750,5,4,1,0,5,0.2
"Liverpool",2022,"Liverpool_336750_390750",336750,390750,5,3,1,1,4,0.25
"Liverpool",2025,"Liverpool_336750_390750",336750,390750,5,3,1,1,4,0.25
"Liverpool",2016,"Liverpool_337000_390750",337000,390750,28,6,0,22,6,0
"Liverpool",2019,"Liverpool_337000_390750",337000,390750,12,10,0,2,10,0
"Liverpool",2022,"Liverpool_337000_390750",337000,390750,13,8,0,5,8,0
"Liverpool",2025,"Liverpool_337000_390750",337000,390750,13,7,0,6,7,0
"Liverpool",2016,"Liverpool_338000_390750",338000,390750,4,0,1,3,1,1
"Liverpool",2019,"Liverpool_338000_390750",338000,390750,4,3,1,0,4,0.25
"Liverpool",2022,"Liverpool_338000_390750",338000,390750,4,3,1,0,4,0.25
"Liverpool",2025,"Liverpool_338000_390750",338000,390750,4,3,1,0,4,0.25
"Liverpool",2016,"Liverpool_338250_390750",338250,390750,17,3,0,14,3,0
"Liverpool",2019,"Liverpool_338250_390750",338250,390750,14,11,0,3,11,0
"Liverpool",2022,"Liverpool_338250_390750",338250,390750,15,11,0,4,11,0
"Liverpool",2025,"Liverpool_338250_390750",338250,390750,13,10,0,3,10,0
"Liverpool",2016,"Liverpool_338500_390750",338500,390750,6,0,0,6,0,NA
"Liverpool",2019,"Liverpool_338500_390750",338500,390750,2,2,0,0,2,0
"Liverpool",2022,"Liverpool_338500_390750",338500,390750,2,2,0,0,2,0
"Liverpool",2025,"Liverpool_338500_390750",338500,390750,2,2,0,0,2,0
"Liverpool",2016,"Liverpool_338750_390750",338750,390750,1,0,0,1,0,NA
"Liverpool",2019,"Liverpool_338750_390750",338750,390750,1,1,0,0,1,0
"Liverpool",2022,"Liverpool_338750_390750",338750,390750,1,1,0,0,1,0
"Liverpool",2025,"Liverpool_338750_390750",338750,390750,1,1,0,0,1,0
"Liverpool",2016,"Liverpool_339000_390750",339000,390750,2,1,0,1,1,0
"Liverpool",2019,"Liverpool_339000_390750",339000,390750,1,1,0,0,1,0
"Liverpool",2022,"Liverpool_339000_390750",339000,390750,1,1,0,0,1,0
"Liverpool",2025,"Liverpool_339000_390750",339000,390750,1,1,0,0,1,0
"Liverpool",2016,"Liverpool_339250_390750",339250,390750,2,0,0,2,0,NA
"Liverpool",2019,"Liverpool_339250_390750",339250,390750,2,1,0,1,1,0
"Liverpool",2022,"Liverpool_339250_390750",339250,390750,1,0,0,1,0,NA
"Liverpool",2025,"Liverpool_339250_390750",339250,390750,1,0,0,1,0,NA
"Liverpool",2016,"Liverpool_339500_390750",339500,390750,2,1,0,1,1,0
"Liverpool",2019,"Liverpool_339500_390750",339500,390750,2,1,0,1,1,0
"Liverpool",2022,"Liverpool_339500_390750",339500,390750,2,1,0,1,1,0
"Liverpool",2025,"Liverpool_339500_390750",339500,390750,2,1,0,1,1,0
"Liverpool",2016,"Liverpool_333500_391000",333500,391000,3,0,0,3,0,NA
"Liverpool",2019,"Liverpool_333500_391000",333500,391000,2,2,0,0,2,0
"Liverpool",2022,"Liverpool_333500_391000",333500,391000,3,2,0,1,2,0
"Liverpool",2025,"Liverpool_333500_391000",333500,391000,2,0,0,2,0,NA
"Liverpool",2016,"Liverpool_333750_391000",333750,391000,1,1,0,0,1,0
"Liverpool",2019,"Liverpool_333750_391000",333750,391000,1,1,0,0,1,0
"Liverpool",2022,"Liverpool_333750_391000",333750,391000,1,1,0,0,1,0
"Liverpool",2025,"Liverpool_333750_391000",333750,391000,1,1,0,0,1,0
"Liverpool",2016,"Liverpool_334000_391000",334000,391000,1,0,1,0,1,1
"Liverpool",2019,"Liverpool_334000_391000",334000,391000,1,0,1,0,1,1
"Liverpool",2022,"Liverpool_334000_391000",334000,391000,1,0,1,0,1,1
"Liverpool",2025,"Liverpool_334000_391000",334000,391000,1,0,1,0,1,1
"Liverpool",2016,"Liverpool_334250_391000",334250,391000,2,0,0,2,0,NA
"Liverpool",2019,"Liverpool_334250_391000",334250,391000,2,1,0,1,1,0
"Liverpool",2022,"Liverpool_334250_391000",334250,391000,4,2,0,2,2,0
"Liverpool",2025,"Liverpool_334250_391000",334250,391000,3,1,0,2,1,0
"Liverpool",2016,"Liverpool_334500_391000",334500,391000,1,0,0,1,0,NA
"Liverpool",2019,"Liverpool_334500_391000",334500,391000,1,1,0,0,1,0
"Liverpool",2022,"Liverpool_334500_391000",334500,391000,1,1,0,0,1,0
"Liverpool",2025,"Liverpool_334500_391000",334500,391000,1,1,0,0,1,0
"Liverpool",2016,"Liverpool_335000_391000",335000,391000,3,2,0,1,2,0
"Liverpool",2019,"Liverpool_335000_391000",335000,391000,2,2,0,0,2,0
"Liverpool",2022,"Liverpool_335000_391000",335000,391000,2,2,0,0,2,0
"Liverpool",2025,"Liverpool_335000_391000",335000,391000,3,1,0,2,1,0
"Liverpool",2016,"Liverpool_335500_391000",335500,391000,1,0,0,1,0,NA
"Liverpool",2019,"Liverpool_335500_391000",335500,391000,1,0,1,0,1,1
"Liverpool",2022,"Liverpool_335500_391000",335500,391000,1,0,1,0,1,1
"Liverpool",2016,"Liverpool_335750_391000",335750,391000,1,0,0,1,0,NA
"Liverpool",2019,"Liverpool_335750_391000",335750,391000,1,1,0,0,1,0
"Liverpool",2022,"Liverpool_335750_391000",335750,391000,2,2,0,0,2,0
"Liverpool",2025,"Liverpool_335750_391000",335750,391000,1,1,0,0,1,0
"Liverpool",2016,"Liverpool_336250_391000",336250,391000,3,1,1,1,2,0.5
"Liverpool",2019,"Liverpool_336250_391000",336250,391000,3,2,1,0,3,0.333333333333333
"Liverpool",2022,"Liverpool_336250_391000",336250,391000,4,2,0,2,2,0
"Liverpool",2025,"Liverpool_336250_391000",336250,391000,4,2,0,2,2,0
"Liverpool",2016,"Liverpool_336750_391000",336750,391000,34,10,0,24,10,0
"Liverpool",2019,"Liverpool_336750_391000",336750,391000,33,29,2,2,31,0.0645161290322581
"Liverpool",2022,"Liverpool_336750_391000",336750,391000,32,26,2,4,28,0.0714285714285714
"Liverpool",2025,"Liverpool_336750_391000",336750,391000,30,26,1,3,27,0.037037037037037
"Liverpool",2016,"Liverpool_337000_391000",337000,391000,22,5,1,16,6,0.166666666666667
"Liverpool",2019,"Liverpool_337000_391000",337000,391000,22,19,0,3,19,0
"Liverpool",2022,"Liverpool_337000_391000",337000,391000,22,19,0,3,19,0
"Liverpool",2025,"Liverpool_337000_391000",337000,391000,19,14,0,5,14,0
"Liverpool",2016,"Liverpool_337250_391000",337250,391000,35,9,0,26,9,0
"Liverpool",2019,"Liverpool_337250_391000",337250,391000,33,31,0,2,31,0
"Liverpool",2022,"Liverpool_337250_391000",337250,391000,33,26,0,7,26,0
"Liverpool",2025,"Liverpool_337250_391000",337250,391000,29,22,0,7,22,0
"Liverpool",2016,"Liverpool_337500_391000",337500,391000,48,11,1,36,12,0.0833333333333333
"Liverpool",2019,"Liverpool_337500_391000",337500,391000,39,32,4,3,36,0.111111111111111
"Liverpool",2022,"Liverpool_337500_391000",337500,391000,39,31,4,4,35,0.114285714285714
"Liverpool",2025,"Liverpool_337500_391000",337500,391000,36,28,4,4,32,0.125
"Liverpool",2016,"Liverpool_337750_391000",337750,391000,22,2,1,19,3,0.333333333333333
"Liverpool",2019,"Liverpool_337750_391000",337750,391000,16,12,1,3,13,0.0769230769230769
"Liverpool",2022,"Liverpool_337750_391000",337750,391000,16,11,1,4,12,0.0833333333333333
"Liverpool",2025,"Liverpool_337750_391000",337750,391000,15,11,0,4,11,0
"Liverpool",2016,"Liverpool_338000_391000",338000,391000,3,2,0,1,2,0
"Liverpool",2019,"Liverpool_338000_391000",338000,391000,3,3,0,0,3,0
"Liverpool",2022,"Liverpool_338000_391000",338000,391000,3,3,0,0,3,0
"Liverpool",2025,"Liverpool_338000_391000",338000,391000,3,3,0,0,3,0
"Liverpool",2016,"Liverpool_338500_391000",338500,391000,6,0,0,6,0,NA
"Liverpool",2019,"Liverpool_338500_391000",338500,391000,6,0,6,0,6,1
"Liverpool",2022,"Liverpool_338500_391000",338500,391000,6,0,6,0,6,1
"Liverpool",2016,"Liverpool_338750_391000",338750,391000,1,0,0,1,0,NA
"Liverpool",2019,"Liverpool_338750_391000",338750,391000,1,1,0,0,1,0
"Liverpool",2022,"Liverpool_338750_391000",338750,391000,1,1,0,0,1,0
"Liverpool",2025,"Liverpool_338750_391000",338750,391000,1,1,0,0,1,0
"Liverpool",2016,"Liverpool_339000_391000",339000,391000,8,1,1,6,2,0.5
"Liverpool",2019,"Liverpool_339000_391000",339000,391000,7,6,1,0,7,0.142857142857143
"Liverpool",2022,"Liverpool_339000_391000",339000,391000,9,3,2,4,5,0.4
"Liverpool",2025,"Liverpool_339000_391000",339000,391000,10,5,0,5,5,0
"Liverpool",2016,"Liverpool_339250_391000",339250,391000,55,28,0,27,28,0
"Liverpool",2019,"Liverpool_339250_391000",339250,391000,55,49,1,5,50,0.02
"Liverpool",2022,"Liverpool_339250_391000",339250,391000,55,47,1,7,48,0.0208333333333333
"Liverpool",2025,"Liverpool_339250_391000",339250,391000,53,41,0,12,41,0
"Liverpool",2016,"Liverpool_339500_391000",339500,391000,57,18,2,37,20,0.1
"Liverpool",2019,"Liverpool_339500_391000",339500,391000,51,47,3,1,50,0.06
"Liverpool",2022,"Liverpool_339500_391000",339500,391000,53,37,2,14,39,0.0512820512820513
"Liverpool",2025,"Liverpool_339500_391000",339500,391000,52,34,1,17,35,0.0285714285714286
"Liverpool",2016,"Liverpool_339750_391000",339750,391000,9,1,0,8,1,0
"Liverpool",2019,"Liverpool_339750_391000",339750,391000,10,8,0,2,8,0
"Liverpool",2022,"Liverpool_339750_391000",339750,391000,10,5,0,5,5,0
"Liverpool",2025,"Liverpool_339750_391000",339750,391000,9,5,0,4,5,0
"Liverpool",2016,"Liverpool_340750_391000",340750,391000,6,1,0,5,1,0
"Liverpool",2019,"Liverpool_340750_391000",340750,391000,3,1,0,2,1,0
"Liverpool",2022,"Liverpool_340750_391000",340750,391000,3,1,0,2,1,0
"Liverpool",2025,"Liverpool_340750_391000",340750,391000,3,1,0,2,1,0
"Liverpool",2016,"Liverpool_342000_391000",342000,391000,8,1,0,7,1,0
"Liverpool",2019,"Liverpool_342000_391000",342000,391000,9,9,0,0,9,0
"Liverpool",2022,"Liverpool_342000_391000",342000,391000,9,7,0,2,7,0
"Liverpool",2025,"Liverpool_342000_391000",342000,391000,8,6,0,2,6,0
"Liverpool",2016,"Liverpool_334000_391250",334000,391250,2,1,0,1,1,0
"Liverpool",2019,"Liverpool_334000_391250",334000,391250,2,1,0,1,1,0
"Liverpool",2022,"Liverpool_334000_391250",334000,391250,2,1,0,1,1,0
"Liverpool",2025,"Liverpool_334000_391250",334000,391250,1,1,0,0,1,0
"Liverpool",2016,"Liverpool_334250_391250",334250,391250,12,4,0,8,4,0
"Liverpool",2019,"Liverpool_334250_391250",334250,391250,12,10,0,2,10,0
"Liverpool",2022,"Liverpool_334250_391250",334250,391250,13,11,0,2,11,0
"Liverpool",2025,"Liverpool_334250_391250",334250,391250,13,7,0,6,7,0
"Liverpool",2016,"Liverpool_334750_391250",334750,391250,2,0,0,2,0,NA
"Liverpool",2022,"Liverpool_334750_391250",334750,391250,2,1,1,0,2,0.5
"Liverpool",2016,"Liverpool_335000_391250",335000,391250,2,0,0,2,0,NA
"Liverpool",2019,"Liverpool_335000_391250",335000,391250,1,1,0,0,1,0
"Liverpool",2016,"Liverpool_335250_391250",335250,391250,7,0,1,6,1,1
"Liverpool",2019,"Liverpool_335250_391250",335250,391250,4,2,1,1,3,0.333333333333333
"Liverpool",2022,"Liverpool_335250_391250",335250,391250,6,3,0,3,3,0
"Liverpool",2025,"Liverpool_335250_391250",335250,391250,3,0,0,3,0,NA
"Liverpool",2016,"Liverpool_335750_391250",335750,391250,2,1,0,1,1,0
"Liverpool",2019,"Liverpool_335750_391250",335750,391250,1,1,0,0,1,0
"Liverpool",2022,"Liverpool_335750_391250",335750,391250,1,1,0,0,1,0
"Liverpool",2025,"Liverpool_335750_391250",335750,391250,1,1,0,0,1,0
"Liverpool",2016,"Liverpool_336000_391250",336000,391250,2,1,0,1,1,0
"Liverpool",2019,"Liverpool_336000_391250",336000,391250,1,1,0,0,1,0
"Liverpool",2022,"Liverpool_336000_391250",336000,391250,1,1,0,0,1,0
"Liverpool",2025,"Liverpool_336000_391250",336000,391250,1,1,0,0,1,0
"Liverpool",2016,"Liverpool_336250_391250",336250,391250,2,0,0,2,0,NA
"Liverpool",2019,"Liverpool_336250_391250",336250,391250,2,2,0,0,2,0
"Liverpool",2022,"Liverpool_336250_391250",336250,391250,2,2,0,0,2,0
"Liverpool",2025,"Liverpool_336250_391250",336250,391250,2,2,0,0,2,0
"Liverpool",2016,"Liverpool_336500_391250",336500,391250,6,2,0,4,2,0
"Liverpool",2019,"Liverpool_336500_391250",336500,391250,2,2,0,0,2,0
"Liverpool",2022,"Liverpool_336500_391250",336500,391250,3,3,0,0,3,0
"Liverpool",2025,"Liverpool_336500_391250",336500,391250,2,2,0,0,2,0
"Liverpool",2016,"Liverpool_336750_391250",336750,391250,14,4,1,9,5,0.2
"Liverpool",2019,"Liverpool_336750_391250",336750,391250,10,7,3,0,10,0.3
"Liverpool",2022,"Liverpool_336750_391250",336750,391250,11,6,2,3,8,0.25
"Liverpool",2025,"Liverpool_336750_391250",336750,391250,8,3,1,4,4,0.25
"Liverpool",2016,"Liverpool_337000_391250",337000,391250,3,1,0,2,1,0
"Liverpool",2019,"Liverpool_337000_391250",337000,391250,3,3,0,0,3,0
"Liverpool",2022,"Liverpool_337000_391250",337000,391250,3,3,0,0,3,0
"Liverpool",2025,"Liverpool_337000_391250",337000,391250,2,2,0,0,2,0
"Liverpool",2022,"Liverpool_337500_391250",337500,391250,1,1,0,0,1,0
"Liverpool",2025,"Liverpool_337500_391250",337500,391250,1,1,0,0,1,0
"Liverpool",2016,"Liverpool_338500_391250",338500,391250,71,31,0,40,31,0
"Liverpool",2019,"Liverpool_338500_391250",338500,391250,45,28,14,3,42,0.333333333333333
"Liverpool",2022,"Liverpool_338500_391250",338500,391250,45,28,14,3,42,0.333333333333333
"Liverpool",2025,"Liverpool_338500_391250",338500,391250,56,26,9,21,35,0.257142857142857
"Liverpool",2016,"Liverpool_338750_391250",338750,391250,40,8,0,32,8,0
"Liverpool",2019,"Liverpool_338750_391250",338750,391250,33,30,2,1,32,0.0625
"Liverpool",2022,"Liverpool_338750_391250",338750,391250,34,28,1,5,29,0.0344827586206897
"Liverpool",2025,"Liverpool_338750_391250",338750,391250,30,23,1,6,24,0.0416666666666667
"Liverpool",2016,"Liverpool_339000_391250",339000,391250,43,13,2,28,15,0.133333333333333
"Liverpool",2019,"Liverpool_339000_391250",339000,391250,35,31,2,2,33,0.0606060606060606
"Liverpool",2022,"Liverpool_339000_391250",339000,391250,38,30,0,8,30,0
"Liverpool",2025,"Liverpool_339000_391250",339000,391250,37,21,0,16,21,0
"Liverpool",2016,"Liverpool_339250_391250",339250,391250,21,7,0,14,7,0
"Liverpool",2019,"Liverpool_339250_391250",339250,391250,20,19,0,1,19,0
"Liverpool",2022,"Liverpool_339250_391250",339250,391250,20,18,0,2,18,0
"Liverpool",2025,"Liverpool_339250_391250",339250,391250,19,15,0,4,15,0
"Liverpool",2016,"Liverpool_339500_391250",339500,391250,19,6,0,13,6,0
"Liverpool",2019,"Liverpool_339500_391250",339500,391250,14,12,0,2,12,0
"Liverpool",2022,"Liverpool_339500_391250",339500,391250,14,10,0,4,10,0
"Liverpool",2025,"Liverpool_339500_391250",339500,391250,13,7,0,6,7,0
"Liverpool",2016,"Liverpool_339750_391250",339750,391250,1,1,0,0,1,0
"Liverpool",2019,"Liverpool_339750_391250",339750,391250,1,1,0,0,1,0
"Liverpool",2022,"Liverpool_339750_391250",339750,391250,1,1,0,0,1,0
"Liverpool",2025,"Liverpool_339750_391250",339750,391250,1,1,0,0,1,0
"Liverpool",2016,"Liverpool_340000_391250",340000,391250,15,3,1,11,4,0.25
"Liverpool",2019,"Liverpool_340000_391250",340000,391250,11,9,0,2,9,0
"Liverpool",2022,"Liverpool_340000_391250",340000,391250,11,7,0,4,7,0
"Liverpool",2025,"Liverpool_340000_391250",340000,391250,11,7,0,4,7,0
"Liverpool",2016,"Liverpool_340250_391250",340250,391250,3,1,0,2,1,0
"Liverpool",2019,"Liverpool_340250_391250",340250,391250,2,2,0,0,2,0
"Liverpool",2022,"Liverpool_340250_391250",340250,391250,6,3,0,3,3,0
"Liverpool",2025,"Liverpool_340250_391250",340250,391250,5,1,0,4,1,0
"Liverpool",2016,"Liverpool_341750_391250",341750,391250,2,0,0,2,0,NA
"Liverpool",2019,"Liverpool_341750_391250",341750,391250,1,1,0,0,1,0
"Liverpool",2022,"Liverpool_341750_391250",341750,391250,1,1,0,0,1,0
"Liverpool",2025,"Liverpool_341750_391250",341750,391250,1,1,0,0,1,0
"Liverpool",2016,"Liverpool_333500_391500",333500,391500,6,1,0,5,1,0
"Liverpool",2019,"Liverpool_333500_391500",333500,391500,6,4,0,2,4,0
"Liverpool",2022,"Liverpool_333500_391500",333500,391500,6,4,0,2,4,0
"Liverpool",2025,"Liverpool_333500_391500",333500,391500,3,3,0,0,3,0
"Liverpool",2016,"Liverpool_333750_391500",333750,391500,9,2,0,7,2,0
"Liverpool",2019,"Liverpool_333750_391500",333750,391500,10,7,2,1,9,0.222222222222222
"Liverpool",2022,"Liverpool_333750_391500",333750,391500,11,8,1,2,9,0.111111111111111
"Liverpool",2025,"Liverpool_333750_391500",333750,391500,10,6,1,3,7,0.142857142857143
"Liverpool",2016,"Liverpool_334000_391500",334000,391500,2,1,0,1,1,0
"Liverpool",2019,"Liverpool_334000_391500",334000,391500,5,4,0,1,4,0
"Liverpool",2022,"Liverpool_334000_391500",334000,391500,6,5,0,1,5,0
"Liverpool",2025,"Liverpool_334000_391500",334000,391500,5,4,0,1,4,0
"Liverpool",2016,"Liverpool_334250_391500",334250,391500,4,2,0,2,2,0
"Liverpool",2019,"Liverpool_334250_391500",334250,391500,4,3,0,1,3,0
"Liverpool",2022,"Liverpool_334250_391500",334250,391500,5,3,0,2,3,0
"Liverpool",2025,"Liverpool_334250_391500",334250,391500,5,2,0,3,2,0
"Liverpool",2016,"Liverpool_334500_391500",334500,391500,1,0,0,1,0,NA
"Liverpool",2016,"Liverpool_334750_391500",334750,391500,1,0,0,1,0,NA
"Liverpool",2019,"Liverpool_334750_391500",334750,391500,1,1,0,0,1,0
"Liverpool",2022,"Liverpool_334750_391500",334750,391500,1,0,0,1,0,NA
"Liverpool",2025,"Liverpool_334750_391500",334750,391500,1,0,0,1,0,NA
"Liverpool",2016,"Liverpool_335000_391500",335000,391500,3,0,0,3,0,NA
"Liverpool",2019,"Liverpool_335000_391500",335000,391500,1,1,0,0,1,0
"Liverpool",2022,"Liverpool_335000_391500",335000,391500,1,1,0,0,1,0
"Liverpool",2016,"Liverpool_335250_391500",335250,391500,3,0,0,3,0,NA
"Liverpool",2019,"Liverpool_335250_391500",335250,391500,2,2,0,0,2,0
"Liverpool",2022,"Liverpool_335250_391500",335250,391500,2,2,0,0,2,0
"Liverpool",2025,"Liverpool_335250_391500",335250,391500,3,2,0,1,2,0
"Liverpool",2016,"Liverpool_335500_391500",335500,391500,1,0,0,1,0,NA
"Liverpool",2019,"Liverpool_335500_391500",335500,391500,1,1,0,0,1,0
"Liverpool",2022,"Liverpool_335500_391500",335500,391500,1,1,0,0,1,0
"Liverpool",2025,"Liverpool_335500_391500",335500,391500,1,1,0,0,1,0
"Liverpool",2016,"Liverpool_336250_391500",336250,391500,1,0,0,1,0,NA
"Liverpool",2019,"Liverpool_336250_391500",336250,391500,1,1,0,0,1,0
"Liverpool",2022,"Liverpool_336250_391500",336250,391500,1,1,0,0,1,0
"Liverpool",2025,"Liverpool_336250_391500",336250,391500,1,1,0,0,1,0
"Liverpool",2016,"Liverpool_336500_391500",336500,391500,5,3,0,2,3,0
"Liverpool",2019,"Liverpool_336500_391500",336500,391500,5,4,0,1,4,0
"Liverpool",2022,"Liverpool_336500_391500",336500,391500,5,4,0,1,4,0
"Liverpool",2025,"Liverpool_336500_391500",336500,391500,4,4,0,0,4,0
"Liverpool",2016,"Liverpool_336750_391500",336750,391500,4,0,1,3,1,1
"Liverpool",2019,"Liverpool_336750_391500",336750,391500,3,0,1,2,1,1
"Liverpool",2022,"Liverpool_336750_391500",336750,391500,3,0,1,2,1,1
"Liverpool",2025,"Liverpool_336750_391500",336750,391500,1,0,0,1,0,NA
"Liverpool",2016,"Liverpool_337000_391500",337000,391500,7,4,1,2,5,0.2
"Liverpool",2019,"Liverpool_337000_391500",337000,391500,7,6,1,0,7,0.142857142857143
"Liverpool",2022,"Liverpool_337000_391500",337000,391500,8,4,0,4,4,0
"Liverpool",2025,"Liverpool_337000_391500",337000,391500,8,4,0,4,4,0
"Liverpool",2016,"Liverpool_338750_391500",338750,391500,18,7,0,11,7,0
"Liverpool",2019,"Liverpool_338750_391500",338750,391500,16,14,1,1,15,0.0666666666666667
"Liverpool",2022,"Liverpool_338750_391500",338750,391500,15,12,1,2,13,0.0769230769230769
"Liverpool",2025,"Liverpool_338750_391500",338750,391500,16,11,1,4,12,0.0833333333333333
"Liverpool",2016,"Liverpool_339000_391500",339000,391500,6,3,0,3,3,0
"Liverpool",2019,"Liverpool_339000_391500",339000,391500,4,3,0,1,3,0
"Liverpool",2022,"Liverpool_339000_391500",339000,391500,4,3,0,1,3,0
"Liverpool",2025,"Liverpool_339000_391500",339000,391500,5,4,0,1,4,0
"Liverpool",2016,"Liverpool_339250_391500",339250,391500,26,9,0,17,9,0
"Liverpool",2019,"Liverpool_339250_391500",339250,391500,23,22,0,1,22,0
"Liverpool",2022,"Liverpool_339250_391500",339250,391500,25,19,0,6,19,0
"Liverpool",2025,"Liverpool_339250_391500",339250,391500,24,15,0,9,15,0
"Liverpool",2016,"Liverpool_340250_391500",340250,391500,4,0,0,4,0,NA
"Liverpool",2019,"Liverpool_340250_391500",340250,391500,2,2,0,0,2,0
"Liverpool",2022,"Liverpool_340250_391500",340250,391500,2,1,0,1,1,0
"Liverpool",2025,"Liverpool_340250_391500",340250,391500,2,0,0,2,0,NA
"Liverpool",2016,"Liverpool_340500_391500",340500,391500,14,3,0,11,3,0
"Liverpool",2019,"Liverpool_340500_391500",340500,391500,13,10,0,3,10,0
"Liverpool",2022,"Liverpool_340500_391500",340500,391500,14,11,0,3,11,0
"Liverpool",2025,"Liverpool_340500_391500",340500,391500,12,8,0,4,8,0
"Liverpool",2016,"Liverpool_340750_391500",340750,391500,29,7,1,21,8,0.125
"Liverpool",2019,"Liverpool_340750_391500",340750,391500,27,23,0,4,23,0
"Liverpool",2022,"Liverpool_340750_391500",340750,391500,31,24,0,7,24,0
"Liverpool",2025,"Liverpool_340750_391500",340750,391500,27,18,0,9,18,0
"Liverpool",2016,"Liverpool_341500_391500",341500,391500,2,1,0,1,1,0
"Liverpool",2019,"Liverpool_341500_391500",341500,391500,2,2,0,0,2,0
"Liverpool",2022,"Liverpool_341500_391500",341500,391500,2,2,0,0,2,0
"Liverpool",2025,"Liverpool_341500_391500",341500,391500,2,2,0,0,2,0
"Liverpool",2016,"Liverpool_341750_391500",341750,391500,17,2,0,15,2,0
"Liverpool",2019,"Liverpool_341750_391500",341750,391500,13,13,0,0,13,0
"Liverpool",2022,"Liverpool_341750_391500",341750,391500,13,13,0,0,13,0
"Liverpool",2025,"Liverpool_341750_391500",341750,391500,13,11,0,2,11,0
"Liverpool",2016,"Liverpool_342250_391500",342250,391500,3,1,1,1,2,0.5
"Liverpool",2019,"Liverpool_342250_391500",342250,391500,2,1,1,0,2,0.5
"Liverpool",2022,"Liverpool_342250_391500",342250,391500,2,1,1,0,2,0.5
"Liverpool",2025,"Liverpool_342250_391500",342250,391500,2,1,1,0,2,0.5
"Liverpool",2016,"Liverpool_333500_391750",333500,391750,4,3,0,1,3,0
"Liverpool",2019,"Liverpool_333500_391750",333500,391750,3,3,0,0,3,0
"Liverpool",2022,"Liverpool_333500_391750",333500,391750,4,4,0,0,4,0
"Liverpool",2025,"Liverpool_333500_391750",333500,391750,5,4,0,1,4,0
"Liverpool",2016,"Liverpool_333750_391750",333750,391750,13,4,1,8,5,0.2
"Liverpool",2019,"Liverpool_333750_391750",333750,391750,14,11,1,2,12,0.0833333333333333
"Liverpool",2022,"Liverpool_333750_391750",333750,391750,15,11,1,3,12,0.0833333333333333
"Liverpool",2025,"Liverpool_333750_391750",333750,391750,15,6,1,8,7,0.142857142857143
"Liverpool",2016,"Liverpool_334250_391750",334250,391750,2,1,0,1,1,0
"Liverpool",2019,"Liverpool_334250_391750",334250,391750,1,1,0,0,1,0
"Liverpool",2022,"Liverpool_334250_391750",334250,391750,1,1,0,0,1,0
"Liverpool",2025,"Liverpool_334250_391750",334250,391750,1,1,0,0,1,0
"Liverpool",2016,"Liverpool_334750_391750",334750,391750,1,0,0,1,0,NA
"Liverpool",2019,"Liverpool_334750_391750",334750,391750,1,0,0,1,0,NA
"Liverpool",2022,"Liverpool_334750_391750",334750,391750,1,0,0,1,0,NA
"Liverpool",2025,"Liverpool_334750_391750",334750,391750,1,0,0,1,0,NA
"Liverpool",2016,"Liverpool_335000_391750",335000,391750,7,2,0,5,2,0
"Liverpool",2019,"Liverpool_335000_391750",335000,391750,8,8,0,0,8,0
"Liverpool",2022,"Liverpool_335000_391750",335000,391750,9,9,0,0,9,0
"Liverpool",2025,"Liverpool_335000_391750",335000,391750,6,4,0,2,4,0
"Liverpool",2016,"Liverpool_335500_391750",335500,391750,4,1,0,3,1,0
"Liverpool",2019,"Liverpool_335500_391750",335500,391750,1,1,0,0,1,0
"Liverpool",2022,"Liverpool_335500_391750",335500,391750,1,1,0,0,1,0
"Liverpool",2025,"Liverpool_335500_391750",335500,391750,1,1,0,0,1,0
"Liverpool",2016,"Liverpool_336500_391750",336500,391750,1,0,0,1,0,NA
"Liverpool",2019,"Liverpool_338250_391750",338250,391750,2,1,0,1,1,0
"Liverpool",2022,"Liverpool_338250_391750",338250,391750,2,1,0,1,1,0
"Liverpool",2025,"Liverpool_338250_391750",338250,391750,1,1,0,0,1,0
"Liverpool",2016,"Liverpool_338500_391750",338500,391750,13,8,0,5,8,0
"Liverpool",2019,"Liverpool_338500_391750",338500,391750,14,8,2,4,10,0.2
"Liverpool",2022,"Liverpool_338500_391750",338500,391750,15,8,1,6,9,0.111111111111111
"Liverpool",2025,"Liverpool_338500_391750",338500,391750,14,8,0,6,8,0
"Liverpool",2016,"Liverpool_339250_391750",339250,391750,13,5,0,8,5,0
"Liverpool",2019,"Liverpool_339250_391750",339250,391750,13,11,0,2,11,0
"Liverpool",2022,"Liverpool_339250_391750",339250,391750,14,10,0,4,10,0
"Liverpool",2025,"Liverpool_339250_391750",339250,391750,12,8,0,4,8,0
"Liverpool",2019,"Liverpool_340250_391750",340250,391750,3,3,0,0,3,0
"Liverpool",2022,"Liverpool_340250_391750",340250,391750,3,3,0,0,3,0
"Liverpool",2025,"Liverpool_340250_391750",340250,391750,3,3,0,0,3,0
"Liverpool",2016,"Liverpool_340500_391750",340500,391750,5,2,0,3,2,0
"Liverpool",2019,"Liverpool_340500_391750",340500,391750,6,6,0,0,6,0
"Liverpool",2022,"Liverpool_340500_391750",340500,391750,6,4,0,2,4,0
"Liverpool",2025,"Liverpool_340500_391750",340500,391750,6,4,0,2,4,0
"Liverpool",2016,"Liverpool_341000_391750",341000,391750,3,2,0,1,2,0
"Liverpool",2019,"Liverpool_341000_391750",341000,391750,3,3,0,0,3,0
"Liverpool",2022,"Liverpool_341000_391750",341000,391750,3,3,0,0,3,0
"Liverpool",2025,"Liverpool_341000_391750",341000,391750,3,3,0,0,3,0
"Liverpool",2016,"Liverpool_341500_391750",341500,391750,2,0,0,2,0,NA
"Liverpool",2019,"Liverpool_341500_391750",341500,391750,2,2,0,0,2,0
"Liverpool",2022,"Liverpool_341500_391750",341500,391750,2,2,0,0,2,0
"Liverpool",2025,"Liverpool_341500_391750",341500,391750,2,2,0,0,2,0
"Liverpool",2016,"Liverpool_341750_391750",341750,391750,13,1,0,12,1,0
"Liverpool",2019,"Liverpool_341750_391750",341750,391750,15,14,0,1,14,0
"Liverpool",2022,"Liverpool_341750_391750",341750,391750,17,16,0,1,16,0
"Liverpool",2025,"Liverpool_341750_391750",341750,391750,15,13,0,2,13,0
"Liverpool",2016,"Liverpool_342000_391750",342000,391750,1,0,0,1,0,NA
"Liverpool",2019,"Liverpool_342000_391750",342000,391750,1,1,0,0,1,0
"Liverpool",2022,"Liverpool_342000_391750",342000,391750,1,1,0,0,1,0
"Liverpool",2025,"Liverpool_342000_391750",342000,391750,1,1,0,0,1,0
"Liverpool",2016,"Liverpool_333500_392000",333500,392000,3,0,2,1,2,1
"Liverpool",2019,"Liverpool_333500_392000",333500,392000,2,0,2,0,2,1
"Liverpool",2022,"Liverpool_333500_392000",333500,392000,2,0,2,0,2,1
"Liverpool",2025,"Liverpool_333500_392000",333500,392000,2,0,2,0,2,1
"Liverpool",2016,"Liverpool_334250_392000",334250,392000,2,0,0,2,0,NA
"Liverpool",2019,"Liverpool_334250_392000",334250,392000,1,1,0,0,1,0
"Liverpool",2022,"Liverpool_334250_392000",334250,392000,1,1,0,0,1,0
"Liverpool",2025,"Liverpool_334250_392000",334250,392000,1,0,0,1,0,NA
"Liverpool",2016,"Liverpool_334500_392000",334500,392000,3,1,0,2,1,0
"Liverpool",2019,"Liverpool_334500_392000",334500,392000,3,3,0,0,3,0
"Liverpool",2022,"Liverpool_334500_392000",334500,392000,3,3,0,0,3,0
"Liverpool",2025,"Liverpool_334500_392000",334500,392000,3,2,0,1,2,0
"Liverpool",2016,"Liverpool_334750_392000",334750,392000,8,3,1,4,4,0.25
"Liverpool",2019,"Liverpool_334750_392000",334750,392000,7,5,2,0,7,0.285714285714286
"Liverpool",2022,"Liverpool_334750_392000",334750,392000,7,4,2,1,6,0.333333333333333
"Liverpool",2025,"Liverpool_334750_392000",334750,392000,5,2,2,1,4,0.5
"Liverpool",2016,"Liverpool_335000_392000",335000,392000,29,0,0,29,0,NA
"Liverpool",2019,"Liverpool_335000_392000",335000,392000,2,2,0,0,2,0
"Liverpool",2022,"Liverpool_335000_392000",335000,392000,2,2,0,0,2,0
"Liverpool",2025,"Liverpool_335000_392000",335000,392000,2,2,0,0,2,0
"Liverpool",2016,"Liverpool_335250_392000",335250,392000,1,1,0,0,1,0
"Liverpool",2019,"Liverpool_335250_392000",335250,392000,1,1,0,0,1,0
"Liverpool",2022,"Liverpool_335250_392000",335250,392000,1,1,0,0,1,0
"Liverpool",2025,"Liverpool_335250_392000",335250,392000,1,1,0,0,1,0
"Liverpool",2016,"Liverpool_335500_392000",335500,392000,1,0,0,1,0,NA
"Liverpool",2019,"Liverpool_335500_392000",335500,392000,2,2,0,0,2,0
"Liverpool",2022,"Liverpool_335500_392000",335500,392000,2,2,0,0,2,0
"Liverpool",2025,"Liverpool_335500_392000",335500,392000,1,1,0,0,1,0
"Liverpool",2016,"Liverpool_336000_392000",336000,392000,4,0,1,3,1,1
"Liverpool",2019,"Liverpool_336000_392000",336000,392000,3,2,1,0,3,0.333333333333333
"Liverpool",2022,"Liverpool_336000_392000",336000,392000,3,1,1,1,2,0.5
"Liverpool",2025,"Liverpool_336000_392000",336000,392000,3,0,1,2,1,1
"Liverpool",2016,"Liverpool_336250_392000",336250,392000,68,29,2,37,31,0.0645161290322581
"Liverpool",2019,"Liverpool_336250_392000",336250,392000,65,58,2,5,60,0.0333333333333333
"Liverpool",2022,"Liverpool_336250_392000",336250,392000,68,51,1,16,52,0.0192307692307692
"Liverpool",2025,"Liverpool_336250_392000",336250,392000,63,42,1,20,43,0.0232558139534884
"Liverpool",2016,"Liverpool_336500_392000",336500,392000,3,1,1,1,2,0.5
"Liverpool",2019,"Liverpool_336500_392000",336500,392000,2,1,1,0,2,0.5
"Liverpool",2022,"Liverpool_336500_392000",336500,392000,2,0,1,1,1,1
"Liverpool",2025,"Liverpool_336500_392000",336500,392000,2,1,0,1,1,0
"Liverpool",2016,"Liverpool_336750_392000",336750,392000,4,0,0,4,0,NA
"Liverpool",2019,"Liverpool_336750_392000",336750,392000,2,2,0,0,2,0
"Liverpool",2022,"Liverpool_336750_392000",336750,392000,2,2,0,0,2,0
"Liverpool",2025,"Liverpool_336750_392000",336750,392000,2,2,0,0,2,0
"Liverpool",2016,"Liverpool_337000_392000",337000,392000,10,2,0,8,2,0
"Liverpool",2019,"Liverpool_337000_392000",337000,392000,9,8,1,0,9,0.111111111111111
"Liverpool",2022,"Liverpool_337000_392000",337000,392000,9,7,1,1,8,0.125
"Liverpool",2025,"Liverpool_337000_392000",337000,392000,8,6,0,2,6,0
"Liverpool",2016,"Liverpool_337250_392000",337250,392000,24,6,1,17,7,0.142857142857143
"Liverpool",2019,"Liverpool_337250_392000",337250,392000,24,18,2,4,20,0.1
"Liverpool",2022,"Liverpool_337250_392000",337250,392000,25,16,1,8,17,0.0588235294117647
"Liverpool",2025,"Liverpool_337250_392000",337250,392000,22,15,1,6,16,0.0625
"Liverpool",2016,"Liverpool_337500_392000",337500,392000,9,3,1,5,4,0.25
"Liverpool",2019,"Liverpool_337500_392000",337500,392000,9,8,1,0,9,0.111111111111111
"Liverpool",2022,"Liverpool_337500_392000",337500,392000,9,6,1,2,7,0.142857142857143
"Liverpool",2025,"Liverpool_337500_392000",337500,392000,8,5,1,2,6,0.166666666666667
"Liverpool",2016,"Liverpool_338250_392000",338250,392000,5,2,0,3,2,0
"Liverpool",2019,"Liverpool_338250_392000",338250,392000,6,5,0,1,5,0
"Liverpool",2022,"Liverpool_338250_392000",338250,392000,6,4,0,2,4,0
"Liverpool",2025,"Liverpool_338250_392000",338250,392000,6,4,0,2,4,0
"Liverpool",2016,"Liverpool_338500_392000",338500,392000,5,1,0,4,1,0
"Liverpool",2019,"Liverpool_338500_392000",338500,392000,3,3,0,0,3,0
"Liverpool",2022,"Liverpool_338500_392000",338500,392000,3,3,0,0,3,0
"Liverpool",2025,"Liverpool_338500_392000",338500,392000,3,0,0,3,0,NA
"Liverpool",2016,"Liverpool_338750_392000",338750,392000,2,0,0,2,0,NA
"Liverpool",2019,"Liverpool_338750_392000",338750,392000,1,1,0,0,1,0
"Liverpool",2022,"Liverpool_338750_392000",338750,392000,1,1,0,0,1,0
"Liverpool",2025,"Liverpool_338750_392000",338750,392000,1,1,0,0,1,0
"Liverpool",2016,"Liverpool_339250_392000",339250,392000,11,1,0,10,1,0
"Liverpool",2019,"Liverpool_339250_392000",339250,392000,10,9,0,1,9,0
"Liverpool",2022,"Liverpool_339250_392000",339250,392000,10,5,0,5,5,0
"Liverpool",2025,"Liverpool_339250_392000",339250,392000,10,4,0,6,4,0
"Liverpool",2016,"Liverpool_340250_392000",340250,392000,15,6,0,9,6,0
"Liverpool",2019,"Liverpool_340250_392000",340250,392000,14,13,1,0,14,0.0714285714285714
"Liverpool",2022,"Liverpool_340250_392000",340250,392000,14,12,1,1,13,0.0769230769230769
"Liverpool",2025,"Liverpool_340250_392000",340250,392000,13,8,0,5,8,0
"Liverpool",2016,"Liverpool_340500_392000",340500,392000,7,1,0,6,1,0
"Liverpool",2019,"Liverpool_340500_392000",340500,392000,4,4,0,0,4,0
"Liverpool",2022,"Liverpool_340500_392000",340500,392000,4,4,0,0,4,0
"Liverpool",2025,"Liverpool_340500_392000",340500,392000,5,4,0,1,4,0
"Liverpool",2016,"Liverpool_333500_392250",333500,392250,2,1,0,1,1,0
"Liverpool",2019,"Liverpool_333500_392250",333500,392250,1,1,0,0,1,0
"Liverpool",2022,"Liverpool_333500_392250",333500,392250,1,1,0,0,1,0
"Liverpool",2025,"Liverpool_333500_392250",333500,392250,1,1,0,0,1,0
"Liverpool",2016,"Liverpool_333750_392250",333750,392250,5,1,0,4,1,0
"Liverpool",2019,"Liverpool_333750_392250",333750,392250,3,1,0,2,1,0
"Liverpool",2022,"Liverpool_333750_392250",333750,392250,3,1,0,2,1,0
"Liverpool",2025,"Liverpool_333750_392250",333750,392250,3,1,0,2,1,0
"Liverpool",2016,"Liverpool_334250_392250",334250,392250,2,1,1,0,2,0.5
"Liverpool",2019,"Liverpool_334250_392250",334250,392250,2,1,1,0,2,0.5
"Liverpool",2022,"Liverpool_334250_392250",334250,392250,2,1,1,0,2,0.5
"Liverpool",2025,"Liverpool_334250_392250",334250,392250,2,1,1,0,2,0.5
"Liverpool",2016,"Liverpool_334500_392250",334500,392250,5,2,0,3,2,0
"Liverpool",2019,"Liverpool_334500_392250",334500,392250,4,4,0,0,4,0
"Liverpool",2022,"Liverpool_334500_392250",334500,392250,4,4,0,0,4,0
"Liverpool",2025,"Liverpool_334500_392250",334500,392250,4,4,0,0,4,0
"Liverpool",2016,"Liverpool_334750_392250",334750,392250,13,5,0,8,5,0
"Liverpool",2019,"Liverpool_334750_392250",334750,392250,27,22,3,2,25,0.12
"Liverpool",2022,"Liverpool_334750_392250",334750,392250,27,19,3,5,22,0.136363636363636
"Liverpool",2025,"Liverpool_334750_392250",334750,392250,28,17,2,9,19,0.105263157894737
"Liverpool",2019,"Liverpool_335000_392250",335000,392250,1,0,0,1,0,NA
"Liverpool",2022,"Liverpool_335000_392250",335000,392250,1,0,0,1,0,NA
"Liverpool",2016,"Liverpool_335500_392250",335500,392250,1,0,0,1,0,NA
"Liverpool",2019,"Liverpool_335500_392250",335500,392250,1,1,0,0,1,0
"Liverpool",2022,"Liverpool_335500_392250",335500,392250,1,1,0,0,1,0
"Liverpool",2025,"Liverpool_335500_392250",335500,392250,1,1,0,0,1,0
"Liverpool",2016,"Liverpool_335750_392250",335750,392250,1,0,0,1,0,NA
"Liverpool",2019,"Liverpool_335750_392250",335750,392250,1,1,0,0,1,0
"Liverpool",2022,"Liverpool_335750_392250",335750,392250,1,0,0,1,0,NA
"Liverpool",2025,"Liverpool_335750_392250",335750,392250,1,0,0,1,0,NA
"Liverpool",2016,"Liverpool_336000_392250",336000,392250,27,6,1,20,7,0.142857142857143
"Liverpool",2019,"Liverpool_336000_392250",336000,392250,17,16,1,0,17,0.0588235294117647
"Liverpool",2022,"Liverpool_336000_392250",336000,392250,19,14,0,5,14,0
"Liverpool",2025,"Liverpool_336000_392250",336000,392250,17,10,0,7,10,0
"Liverpool",2016,"Liverpool_336250_392250",336250,392250,5,2,2,1,4,0.5
"Liverpool",2019,"Liverpool_336250_392250",336250,392250,4,3,1,0,4,0.25
"Liverpool",2022,"Liverpool_336250_392250",336250,392250,4,3,0,1,3,0
"Liverpool",2025,"Liverpool_336250_392250",336250,392250,4,3,0,1,3,0
"Liverpool",2016,"Liverpool_336500_392250",336500,392250,61,12,5,44,17,0.294117647058824
"Liverpool",2019,"Liverpool_336500_392250",336500,392250,58,45,4,9,49,0.0816326530612245
"Liverpool",2022,"Liverpool_336500_392250",336500,392250,61,44,3,14,47,0.0638297872340425
"Liverpool",2025,"Liverpool_336500_392250",336500,392250,57,36,1,20,37,0.027027027027027
"Liverpool",2016,"Liverpool_336750_392250",336750,392250,2,0,0,2,0,NA
"Liverpool",2019,"Liverpool_336750_392250",336750,392250,1,1,0,0,1,0
"Liverpool",2022,"Liverpool_336750_392250",336750,392250,1,1,0,0,1,0
"Liverpool",2025,"Liverpool_336750_392250",336750,392250,1,1,0,0,1,0
"Liverpool",2016,"Liverpool_337250_392250",337250,392250,14,3,0,11,3,0
"Liverpool",2019,"Liverpool_337250_392250",337250,392250,12,9,1,2,10,0.1
"Liverpool",2022,"Liverpool_337250_392250",337250,392250,12,7,0,5,7,0
"Liverpool",2025,"Liverpool_337250_392250",337250,392250,10,5,0,5,5,0
"Liverpool",2016,"Liverpool_337500_392250",337500,392250,7,0,0,7,0,NA
"Liverpool",2019,"Liverpool_337500_392250",337500,392250,11,9,0,2,9,0
"Liverpool",2022,"Liverpool_337500_392250",337500,392250,13,10,0,3,10,0
"Liverpool",2025,"Liverpool_337500_392250",337500,392250,8,5,0,3,5,0
"Liverpool",2016,"Liverpool_337750_392250",337750,392250,22,6,0,16,6,0
"Liverpool",2019,"Liverpool_337750_392250",337750,392250,19,18,0,1,18,0
"Liverpool",2022,"Liverpool_337750_392250",337750,392250,21,15,0,6,15,0
"Liverpool",2025,"Liverpool_337750_392250",337750,392250,21,11,0,10,11,0
"Liverpool",2016,"Liverpool_338000_392250",338000,392250,56,14,0,42,14,0
"Liverpool",2019,"Liverpool_338000_392250",338000,392250,55,49,1,5,50,0.02
"Liverpool",2022,"Liverpool_338000_392250",338000,392250,55,41,1,13,42,0.0238095238095238
"Liverpool",2025,"Liverpool_338000_392250",338000,392250,48,31,0,17,31,0
"Liverpool",2016,"Liverpool_338250_392250",338250,392250,25,8,0,17,8,0
"Liverpool",2019,"Liverpool_338250_392250",338250,392250,23,17,1,5,18,0.0555555555555556
"Liverpool",2022,"Liverpool_338250_392250",338250,392250,23,12,0,11,12,0
"Liverpool",2025,"Liverpool_338250_392250",338250,392250,22,11,0,11,11,0
"Liverpool",2016,"Liverpool_339000_392250",339000,392250,2,1,0,1,1,0
"Liverpool",2019,"Liverpool_339000_392250",339000,392250,2,2,0,0,2,0
"Liverpool",2022,"Liverpool_339000_392250",339000,392250,2,2,0,0,2,0
"Liverpool",2025,"Liverpool_339000_392250",339000,392250,2,2,0,0,2,0
"Liverpool",2016,"Liverpool_340250_392250",340250,392250,1,1,0,0,1,0
"Liverpool",2019,"Liverpool_340250_392250",340250,392250,1,1,0,0,1,0
"Liverpool",2022,"Liverpool_340250_392250",340250,392250,1,1,0,0,1,0
"Liverpool",2025,"Liverpool_340250_392250",340250,392250,1,1,0,0,1,0
"Liverpool",2016,"Liverpool_340750_392250",340750,392250,11,0,0,11,0,NA
"Liverpool",2019,"Liverpool_340750_392250",340750,392250,6,6,0,0,6,0
"Liverpool",2022,"Liverpool_340750_392250",340750,392250,7,6,0,1,6,0
"Liverpool",2025,"Liverpool_340750_392250",340750,392250,5,4,0,1,4,0
"Liverpool",2016,"Liverpool_333500_392500",333500,392500,4,1,0,3,1,0
"Liverpool",2019,"Liverpool_333500_392500",333500,392500,4,3,0,1,3,0
"Liverpool",2022,"Liverpool_333500_392500",333500,392500,4,3,1,0,4,0.25
"Liverpool",2025,"Liverpool_333500_392500",333500,392500,4,2,1,1,3,0.333333333333333
"Liverpool",2016,"Liverpool_333750_392500",333750,392500,8,2,0,6,2,0
"Liverpool",2019,"Liverpool_333750_392500",333750,392500,6,5,1,0,6,0.166666666666667
"Liverpool",2022,"Liverpool_333750_392500",333750,392500,6,5,0,1,5,0
"Liverpool",2025,"Liverpool_333750_392500",333750,392500,6,4,0,2,4,0
"Liverpool",2016,"Liverpool_334000_392500",334000,392500,3,2,0,1,2,0
"Liverpool",2019,"Liverpool_334000_392500",334000,392500,2,2,0,0,2,0
"Liverpool",2022,"Liverpool_334000_392500",334000,392500,2,2,0,0,2,0
"Liverpool",2025,"Liverpool_334000_392500",334000,392500,2,2,0,0,2,0
"Liverpool",2016,"Liverpool_334250_392500",334250,392500,1,0,0,1,0,NA
"Liverpool",2019,"Liverpool_334250_392500",334250,392500,1,1,0,0,1,0
"Liverpool",2022,"Liverpool_334250_392500",334250,392500,1,1,0,0,1,0
"Liverpool",2025,"Liverpool_334250_392500",334250,392500,1,0,0,1,0,NA
"Liverpool",2016,"Liverpool_334750_392500",334750,392500,1,0,0,1,0,NA
"Liverpool",2019,"Liverpool_334750_392500",334750,392500,1,0,0,1,0,NA
"Liverpool",2022,"Liverpool_334750_392500",334750,392500,1,0,0,1,0,NA
"Liverpool",2025,"Liverpool_334750_392500",334750,392500,1,0,0,1,0,NA
"Liverpool",2016,"Liverpool_335250_392500",335250,392500,1,0,0,1,0,NA
"Liverpool",2016,"Liverpool_335500_392500",335500,392500,2,0,0,2,0,NA
"Liverpool",2019,"Liverpool_335500_392500",335500,392500,2,1,1,0,2,0.5
"Liverpool",2022,"Liverpool_335500_392500",335500,392500,2,1,1,0,2,0.5
"Liverpool",2025,"Liverpool_335500_392500",335500,392500,1,1,0,0,1,0
"Liverpool",2016,"Liverpool_336000_392500",336000,392500,2,0,0,2,0,NA
"Liverpool",2019,"Liverpool_336000_392500",336000,392500,1,0,1,0,1,1
"Liverpool",2022,"Liverpool_336000_392500",336000,392500,1,1,0,0,1,0
"Liverpool",2025,"Liverpool_336000_392500",336000,392500,1,1,0,0,1,0
"Liverpool",2016,"Liverpool_336250_392500",336250,392500,29,12,2,15,14,0.142857142857143
"Liverpool",2019,"Liverpool_336250_392500",336250,392500,30,25,3,2,28,0.107142857142857
"Liverpool",2022,"Liverpool_336250_392500",336250,392500,32,25,3,4,28,0.107142857142857
"Liverpool",2025,"Liverpool_336250_392500",336250,392500,30,20,3,7,23,0.130434782608696
"Liverpool",2016,"Liverpool_336500_392500",336500,392500,2,1,0,1,1,0
"Liverpool",2019,"Liverpool_336500_392500",336500,392500,2,1,0,1,1,0
"Liverpool",2022,"Liverpool_336500_392500",336500,392500,1,1,0,0,1,0
"Liverpool",2025,"Liverpool_336500_392500",336500,392500,1,1,0,0,1,0
"Liverpool",2016,"Liverpool_336750_392500",336750,392500,39,10,2,27,12,0.166666666666667
"Liverpool",2019,"Liverpool_336750_392500",336750,392500,30,24,4,2,28,0.142857142857143
"Liverpool",2022,"Liverpool_336750_392500",336750,392500,31,23,4,4,27,0.148148148148148
"Liverpool",2025,"Liverpool_336750_392500",336750,392500,31,20,3,8,23,0.130434782608696
"Liverpool",2016,"Liverpool_337000_392500",337000,392500,3,1,0,2,1,0
"Liverpool",2019,"Liverpool_337000_392500",337000,392500,1,1,0,0,1,0
"Liverpool",2022,"Liverpool_337000_392500",337000,392500,1,1,0,0,1,0
"Liverpool",2025,"Liverpool_337000_392500",337000,392500,1,1,0,0,1,0
"Liverpool",2016,"Liverpool_337750_392500",337750,392500,1,0,0,1,0,NA
"Liverpool",2019,"Liverpool_337750_392500",337750,392500,1,0,0,1,0,NA
"Liverpool",2022,"Liverpool_337750_392500",337750,392500,1,0,0,1,0,NA
"Liverpool",2025,"Liverpool_337750_392500",337750,392500,1,0,0,1,0,NA
"Liverpool",2016,"Liverpool_338000_392500",338000,392500,8,2,0,6,2,0
"Liverpool",2019,"Liverpool_338000_392500",338000,392500,5,5,0,0,5,0
"Liverpool",2022,"Liverpool_338000_392500",338000,392500,5,4,0,1,4,0
"Liverpool",2025,"Liverpool_338000_392500",338000,392500,5,3,0,2,3,0
"Liverpool",2016,"Liverpool_338250_392500",338250,392500,10,2,0,8,2,0
"Liverpool",2019,"Liverpool_338250_392500",338250,392500,9,8,0,1,8,0
"Liverpool",2022,"Liverpool_338250_392500",338250,392500,9,8,0,1,8,0
"Liverpool",2025,"Liverpool_338250_392500",338250,392500,8,7,0,1,7,0
"Liverpool",2016,"Liverpool_339000_392500",339000,392500,2,1,0,1,1,0
"Liverpool",2019,"Liverpool_339000_392500",339000,392500,2,2,0,0,2,0
"Liverpool",2022,"Liverpool_339000_392500",339000,392500,2,2,0,0,2,0
"Liverpool",2025,"Liverpool_339000_392500",339000,392500,2,2,0,0,2,0
"Liverpool",2016,"Liverpool_339250_392500",339250,392500,1,0,0,1,0,NA
"Liverpool",2019,"Liverpool_339250_392500",339250,392500,1,1,0,0,1,0
"Liverpool",2022,"Liverpool_339250_392500",339250,392500,1,1,0,0,1,0
"Liverpool",2025,"Liverpool_339250_392500",339250,392500,2,1,0,1,1,0
"Liverpool",2016,"Liverpool_340000_392500",340000,392500,19,4,0,15,4,0
"Liverpool",2019,"Liverpool_340000_392500",340000,392500,17,15,0,2,15,0
"Liverpool",2022,"Liverpool_340000_392500",340000,392500,17,13,0,4,13,0
"Liverpool",2025,"Liverpool_340000_392500",340000,392500,17,13,0,4,13,0
"Liverpool",2016,"Liverpool_340250_392500",340250,392500,2,2,0,0,2,0
"Liverpool",2019,"Liverpool_340250_392500",340250,392500,2,2,0,0,2,0
"Liverpool",2022,"Liverpool_340250_392500",340250,392500,2,2,0,0,2,0
"Liverpool",2025,"Liverpool_340250_392500",340250,392500,2,2,0,0,2,0
"Liverpool",2016,"Liverpool_341750_392500",341750,392500,9,4,0,5,4,0
"Liverpool",2019,"Liverpool_341750_392500",341750,392500,9,9,0,0,9,0
"Liverpool",2022,"Liverpool_341750_392500",341750,392500,9,8,0,1,8,0
"Liverpool",2025,"Liverpool_341750_392500",341750,392500,9,8,0,1,8,0
"Liverpool",2016,"Liverpool_342000_392500",342000,392500,11,4,0,7,4,0
"Liverpool",2019,"Liverpool_342000_392500",342000,392500,8,8,0,0,8,0
"Liverpool",2022,"Liverpool_342000_392500",342000,392500,8,6,0,2,6,0
"Liverpool",2025,"Liverpool_342000_392500",342000,392500,8,6,0,2,6,0
"Liverpool",2016,"Liverpool_333750_392750",333750,392750,2,1,0,1,1,0
"Liverpool",2019,"Liverpool_333750_392750",333750,392750,3,1,2,0,3,0.666666666666667
"Liverpool",2022,"Liverpool_333750_392750",333750,392750,3,1,2,0,3,0.666666666666667
"Liverpool",2025,"Liverpool_333750_392750",333750,392750,3,2,1,0,3,0.333333333333333
"Liverpool",2016,"Liverpool_334750_392750",334750,392750,5,0,0,5,0,NA
"Liverpool",2022,"Liverpool_334750_392750",334750,392750,1,1,0,0,1,0
"Liverpool",2025,"Liverpool_334750_392750",334750,392750,1,1,0,0,1,0
"Liverpool",2016,"Liverpool_335250_392750",335250,392750,3,0,0,3,0,NA
"Liverpool",2019,"Liverpool_335250_392750",335250,392750,3,3,0,0,3,0
"Liverpool",2022,"Liverpool_335250_392750",335250,392750,3,2,0,1,2,0
"Liverpool",2025,"Liverpool_335250_392750",335250,392750,3,2,0,1,2,0
"Liverpool",2016,"Liverpool_335750_392750",335750,392750,10,2,0,8,2,0
"Liverpool",2019,"Liverpool_335750_392750",335750,392750,5,4,1,0,5,0.2
"Liverpool",2022,"Liverpool_335750_392750",335750,392750,5,3,1,1,4,0.25
"Liverpool",2025,"Liverpool_335750_392750",335750,392750,5,3,1,1,4,0.25
"Liverpool",2016,"Liverpool_336000_392750",336000,392750,10,1,1,8,2,0.5
"Liverpool",2019,"Liverpool_336000_392750",336000,392750,6,3,2,1,5,0.4
"Liverpool",2022,"Liverpool_336000_392750",336000,392750,7,3,2,2,5,0.4
"Liverpool",2025,"Liverpool_336000_392750",336000,392750,7,3,1,3,4,0.25
"Liverpool",2016,"Liverpool_336250_392750",336250,392750,27,6,0,21,6,0
"Liverpool",2019,"Liverpool_336250_392750",336250,392750,12,12,0,0,12,0
"Liverpool",2022,"Liverpool_336250_392750",336250,392750,12,10,0,2,10,0
"Liverpool",2025,"Liverpool_336250_392750",336250,392750,12,8,0,4,8,0
"Liverpool",2016,"Liverpool_336500_392750",336500,392750,9,4,0,5,4,0
"Liverpool",2019,"Liverpool_336500_392750",336500,392750,6,5,1,0,6,0.166666666666667
"Liverpool",2022,"Liverpool_336500_392750",336500,392750,6,5,1,0,6,0.166666666666667
"Liverpool",2025,"Liverpool_336500_392750",336500,392750,6,5,1,0,6,0.166666666666667
"Liverpool",2016,"Liverpool_336750_392750",336750,392750,28,7,1,20,8,0.125
"Liverpool",2019,"Liverpool_336750_392750",336750,392750,27,23,0,4,23,0
"Liverpool",2022,"Liverpool_336750_392750",336750,392750,29,21,0,8,21,0
"Liverpool",2025,"Liverpool_336750_392750",336750,392750,25,18,0,7,18,0
"Liverpool",2016,"Liverpool_337000_392750",337000,392750,32,7,2,23,9,0.222222222222222
"Liverpool",2019,"Liverpool_337000_392750",337000,392750,27,24,0,3,24,0
"Liverpool",2022,"Liverpool_337000_392750",337000,392750,30,20,0,10,20,0
"Liverpool",2025,"Liverpool_337000_392750",337000,392750,25,13,0,12,13,0
"Liverpool",2016,"Liverpool_337250_392750",337250,392750,6,1,0,5,1,0
"Liverpool",2019,"Liverpool_337250_392750",337250,392750,6,5,0,1,5,0
"Liverpool",2022,"Liverpool_337250_392750",337250,392750,6,5,0,1,5,0
"Liverpool",2025,"Liverpool_337250_392750",337250,392750,7,4,0,3,4,0
"Liverpool",2016,"Liverpool_338000_392750",338000,392750,2,1,0,1,1,0
"Liverpool",2019,"Liverpool_338000_392750",338000,392750,2,1,1,0,2,0.5
"Liverpool",2022,"Liverpool_338000_392750",338000,392750,2,1,1,0,2,0.5
"Liverpool",2025,"Liverpool_338000_392750",338000,392750,1,1,0,0,1,0
"Liverpool",2016,"Liverpool_338250_392750",338250,392750,8,4,0,4,4,0
"Liverpool",2019,"Liverpool_338250_392750",338250,392750,7,5,2,0,7,0.285714285714286
"Liverpool",2022,"Liverpool_338250_392750",338250,392750,7,4,2,1,6,0.333333333333333
"Liverpool",2025,"Liverpool_338250_392750",338250,392750,7,4,2,1,6,0.333333333333333
"Liverpool",2016,"Liverpool_339500_392750",339500,392750,11,2,0,9,2,0
"Liverpool",2019,"Liverpool_339500_392750",339500,392750,8,8,0,0,8,0
"Liverpool",2022,"Liverpool_339500_392750",339500,392750,7,6,0,1,6,0
"Liverpool",2025,"Liverpool_339500_392750",339500,392750,6,4,0,2,4,0
"Liverpool",2016,"Liverpool_339750_392750",339750,392750,8,5,0,3,5,0
"Liverpool",2019,"Liverpool_339750_392750",339750,392750,7,7,0,0,7,0
"Liverpool",2022,"Liverpool_339750_392750",339750,392750,7,7,0,0,7,0
"Liverpool",2025,"Liverpool_339750_392750",339750,392750,7,7,0,0,7,0
"Liverpool",2016,"Liverpool_340000_392750",340000,392750,14,6,0,8,6,0
"Liverpool",2019,"Liverpool_340000_392750",340000,392750,13,11,0,2,11,0
"Liverpool",2022,"Liverpool_340000_392750",340000,392750,13,11,0,2,11,0
"Liverpool",2025,"Liverpool_340000_392750",340000,392750,13,10,0,3,10,0
"Liverpool",2016,"Liverpool_340250_392750",340250,392750,9,3,1,5,4,0.25
"Liverpool",2019,"Liverpool_340250_392750",340250,392750,9,9,0,0,9,0
"Liverpool",2022,"Liverpool_340250_392750",340250,392750,9,9,0,0,9,0
"Liverpool",2025,"Liverpool_340250_392750",340250,392750,9,9,0,0,9,0
"Liverpool",2016,"Liverpool_341750_392750",341750,392750,3,1,0,2,1,0
"Liverpool",2019,"Liverpool_341750_392750",341750,392750,3,2,0,1,2,0
"Liverpool",2022,"Liverpool_341750_392750",341750,392750,3,2,0,1,2,0
"Liverpool",2025,"Liverpool_341750_392750",341750,392750,3,2,0,1,2,0
"Liverpool",2016,"Liverpool_333500_393000",333500,393000,1,0,0,1,0,NA
"Liverpool",2019,"Liverpool_333500_393000",333500,393000,1,0,1,0,1,1
"Liverpool",2022,"Liverpool_333500_393000",333500,393000,1,0,1,0,1,1
"Liverpool",2025,"Liverpool_333500_393000",333500,393000,1,0,1,0,1,1
"Liverpool",2016,"Liverpool_333750_393000",333750,393000,4,3,0,1,3,0
"Liverpool",2019,"Liverpool_333750_393000",333750,393000,5,5,0,0,5,0
"Liverpool",2022,"Liverpool_333750_393000",333750,393000,5,5,0,0,5,0
"Liverpool",2025,"Liverpool_333750_393000",333750,393000,4,3,0,1,3,0
"Liverpool",2016,"Liverpool_334250_393000",334250,393000,1,1,0,0,1,0
"Liverpool",2019,"Liverpool_334250_393000",334250,393000,1,1,0,0,1,0
"Liverpool",2022,"Liverpool_334250_393000",334250,393000,1,1,0,0,1,0
"Liverpool",2025,"Liverpool_334250_393000",334250,393000,1,1,0,0,1,0
"Liverpool",2016,"Liverpool_334500_393000",334500,393000,5,1,0,4,1,0
"Liverpool",2019,"Liverpool_334500_393000",334500,393000,5,4,1,0,5,0.2
"Liverpool",2022,"Liverpool_334500_393000",334500,393000,5,3,1,1,4,0.25
"Liverpool",2025,"Liverpool_334500_393000",334500,393000,5,3,1,1,4,0.25
"Liverpool",2016,"Liverpool_334750_393000",334750,393000,5,0,0,5,0,NA
"Liverpool",2019,"Liverpool_334750_393000",334750,393000,2,2,0,0,2,0
"Liverpool",2022,"Liverpool_334750_393000",334750,393000,2,2,0,0,2,0
"Liverpool",2025,"Liverpool_334750_393000",334750,393000,2,1,0,1,1,0
"Liverpool",2016,"Liverpool_335000_393000",335000,393000,15,1,0,14,1,0
"Liverpool",2019,"Liverpool_335000_393000",335000,393000,8,8,0,0,8,0
"Liverpool",2022,"Liverpool_335000_393000",335000,393000,10,7,0,3,7,0
"Liverpool",2025,"Liverpool_335000_393000",335000,393000,9,6,0,3,6,0
"Liverpool",2016,"Liverpool_335250_393000",335250,393000,2,0,0,2,0,NA
"Liverpool",2019,"Liverpool_335250_393000",335250,393000,2,2,0,0,2,0
"Liverpool",2022,"Liverpool_335250_393000",335250,393000,2,1,0,1,1,0
"Liverpool",2025,"Liverpool_335250_393000",335250,393000,2,0,0,2,0,NA
"Liverpool",2016,"Liverpool_335500_393000",335500,393000,1,1,0,0,1,0
"Liverpool",2019,"Liverpool_335500_393000",335500,393000,2,2,0,0,2,0
"Liverpool",2022,"Liverpool_335500_393000",335500,393000,2,1,0,1,1,0
"Liverpool",2025,"Liverpool_335500_393000",335500,393000,2,1,0,1,1,0
"Liverpool",2016,"Liverpool_335750_393000",335750,393000,17,3,0,14,3,0
"Liverpool",2019,"Liverpool_335750_393000",335750,393000,13,8,3,2,11,0.272727272727273
"Liverpool",2022,"Liverpool_335750_393000",335750,393000,13,7,3,3,10,0.3
"Liverpool",2025,"Liverpool_335750_393000",335750,393000,9,5,0,4,5,0
"Liverpool",2016,"Liverpool_336000_393000",336000,393000,22,4,2,16,6,0.333333333333333
"Liverpool",2019,"Liverpool_336000_393000",336000,393000,11,7,3,1,10,0.3
"Liverpool",2022,"Liverpool_336000_393000",336000,393000,11,7,3,1,10,0.3
"Liverpool",2025,"Liverpool_336000_393000",336000,393000,3,1,1,1,2,0.5
"Liverpool",2016,"Liverpool_336750_393000",336750,393000,27,11,0,16,11,0
"Liverpool",2019,"Liverpool_336750_393000",336750,393000,26,25,0,1,25,0
"Liverpool",2022,"Liverpool_336750_393000",336750,393000,26,25,0,1,25,0
"Liverpool",2025,"Liverpool_336750_393000",336750,393000,27,19,0,8,19,0
"Liverpool",2016,"Liverpool_337250_393000",337250,393000,4,0,0,4,0,NA
"Liverpool",2019,"Liverpool_337250_393000",337250,393000,3,2,1,0,3,0.333333333333333
"Liverpool",2022,"Liverpool_337250_393000",337250,393000,3,1,1,1,2,0.5
"Liverpool",2025,"Liverpool_337250_393000",337250,393000,3,1,1,1,2,0.5
"Liverpool",2016,"Liverpool_338000_393000",338000,393000,9,4,0,5,4,0
"Liverpool",2019,"Liverpool_338000_393000",338000,393000,6,5,1,0,6,0.166666666666667
"Liverpool",2022,"Liverpool_338000_393000",338000,393000,7,6,1,0,7,0.142857142857143
"Liverpool",2025,"Liverpool_338000_393000",338000,393000,7,5,1,1,6,0.166666666666667
"Liverpool",2016,"Liverpool_339500_393000",339500,393000,24,15,0,9,15,0
"Liverpool",2019,"Liverpool_339500_393000",339500,393000,21,21,0,0,21,0
"Liverpool",2022,"Liverpool_339500_393000",339500,393000,22,19,0,3,19,0
"Liverpool",2025,"Liverpool_339500_393000",339500,393000,20,14,0,6,14,0
"Liverpool",2016,"Liverpool_340500_393000",340500,393000,1,0,0,1,0,NA
"Liverpool",2019,"Liverpool_340500_393000",340500,393000,1,1,0,0,1,0
"Liverpool",2022,"Liverpool_340500_393000",340500,393000,1,1,0,0,1,0
"Liverpool",2025,"Liverpool_340500_393000",340500,393000,1,0,0,1,0,NA
"Liverpool",2016,"Liverpool_334000_393250",334000,393250,2,0,0,2,0,NA
"Liverpool",2019,"Liverpool_334000_393250",334000,393250,2,0,0,2,0,NA
"Liverpool",2022,"Liverpool_334000_393250",334000,393250,2,0,0,2,0,NA
"Liverpool",2025,"Liverpool_334000_393250",334000,393250,2,0,0,2,0,NA
"Liverpool",2016,"Liverpool_334500_393250",334500,393250,28,7,1,20,8,0.125
"Liverpool",2019,"Liverpool_334500_393250",334500,393250,25,20,4,1,24,0.166666666666667
"Liverpool",2022,"Liverpool_334500_393250",334500,393250,25,20,3,2,23,0.130434782608696
"Liverpool",2025,"Liverpool_334500_393250",334500,393250,22,17,2,3,19,0.105263157894737
"Liverpool",2016,"Liverpool_334750_393250",334750,393250,3,0,0,3,0,NA
"Liverpool",2019,"Liverpool_334750_393250",334750,393250,2,2,0,0,2,0
"Liverpool",2022,"Liverpool_334750_393250",334750,393250,2,1,0,1,1,0
"Liverpool",2025,"Liverpool_334750_393250",334750,393250,2,1,0,1,1,0
"Liverpool",2016,"Liverpool_335250_393250",335250,393250,10,6,0,4,6,0
"Liverpool",2019,"Liverpool_335250_393250",335250,393250,10,8,0,2,8,0
"Liverpool",2022,"Liverpool_335250_393250",335250,393250,11,7,0,4,7,0
"Liverpool",2025,"Liverpool_335250_393250",335250,393250,10,6,0,4,6,0
"Liverpool",2016,"Liverpool_335750_393250",335750,393250,1,0,0,1,0,NA
"Liverpool",2019,"Liverpool_335750_393250",335750,393250,1,1,0,0,1,0
"Liverpool",2022,"Liverpool_335750_393250",335750,393250,1,1,0,0,1,0
"Liverpool",2025,"Liverpool_335750_393250",335750,393250,1,1,0,0,1,0
"Liverpool",2019,"Liverpool_336000_393250",336000,393250,1,1,0,0,1,0
"Liverpool",2022,"Liverpool_336000_393250",336000,393250,1,1,0,0,1,0
"Liverpool",2025,"Liverpool_336000_393250",336000,393250,1,1,0,0,1,0
"Liverpool",2016,"Liverpool_337500_393250",337500,393250,1,1,0,0,1,0
"Liverpool",2019,"Liverpool_337500_393250",337500,393250,1,1,0,0,1,0
"Liverpool",2022,"Liverpool_337500_393250",337500,393250,1,1,0,0,1,0
"Liverpool",2025,"Liverpool_337500_393250",337500,393250,1,1,0,0,1,0
"Liverpool",2016,"Liverpool_337750_393250",337750,393250,12,2,0,10,2,0
"Liverpool",2019,"Liverpool_337750_393250",337750,393250,11,9,1,1,10,0.1
"Liverpool",2022,"Liverpool_337750_393250",337750,393250,13,7,1,5,8,0.125
"Liverpool",2025,"Liverpool_337750_393250",337750,393250,12,5,1,6,6,0.166666666666667
"Liverpool",2016,"Liverpool_338000_393250",338000,393250,11,6,0,5,6,0
"Liverpool",2019,"Liverpool_338000_393250",338000,393250,11,10,0,1,10,0
"Liverpool",2022,"Liverpool_338000_393250",338000,393250,12,10,0,2,10,0
"Liverpool",2025,"Liverpool_338000_393250",338000,393250,11,10,0,1,10,0
"Liverpool",2016,"Liverpool_338250_393250",338250,393250,9,2,2,5,4,0.5
"Liverpool",2019,"Liverpool_338250_393250",338250,393250,9,7,0,2,7,0
"Liverpool",2022,"Liverpool_338250_393250",338250,393250,9,5,0,4,5,0
"Liverpool",2025,"Liverpool_338250_393250",338250,393250,8,3,0,5,3,0
"Liverpool",2016,"Liverpool_338500_393250",338500,393250,15,6,0,9,6,0
"Liverpool",2019,"Liverpool_338500_393250",338500,393250,13,13,0,0,13,0
"Liverpool",2022,"Liverpool_338500_393250",338500,393250,13,12,0,1,12,0
"Liverpool",2025,"Liverpool_338500_393250",338500,393250,13,12,0,1,12,0
"Liverpool",2016,"Liverpool_338750_393250",338750,393250,8,4,0,4,4,0
"Liverpool",2019,"Liverpool_338750_393250",338750,393250,8,8,0,0,8,0
"Liverpool",2022,"Liverpool_338750_393250",338750,393250,8,8,0,0,8,0
"Liverpool",2025,"Liverpool_338750_393250",338750,393250,8,8,0,0,8,0
"Liverpool",2016,"Liverpool_339000_393250",339000,393250,4,2,0,2,2,0
"Liverpool",2019,"Liverpool_339000_393250",339000,393250,4,4,0,0,4,0
"Liverpool",2022,"Liverpool_339000_393250",339000,393250,4,3,0,1,3,0
"Liverpool",2025,"Liverpool_339000_393250",339000,393250,4,3,0,1,3,0
"Liverpool",2016,"Liverpool_339250_393250",339250,393250,3,1,0,2,1,0
"Liverpool",2019,"Liverpool_339250_393250",339250,393250,2,2,0,0,2,0
"Liverpool",2022,"Liverpool_339250_393250",339250,393250,2,2,0,0,2,0
"Liverpool",2025,"Liverpool_339250_393250",339250,393250,1,1,0,0,1,0
"Liverpool",2016,"Liverpool_339500_393250",339500,393250,23,6,0,17,6,0
"Liverpool",2019,"Liverpool_339500_393250",339500,393250,20,17,0,3,17,0
"Liverpool",2022,"Liverpool_339500_393250",339500,393250,22,16,0,6,16,0
"Liverpool",2025,"Liverpool_339500_393250",339500,393250,22,15,0,7,15,0
"Liverpool",2016,"Liverpool_341250_393250",341250,393250,1,0,0,1,0,NA
"Liverpool",2019,"Liverpool_341250_393250",341250,393250,1,0,1,0,1,1
"Liverpool",2022,"Liverpool_341250_393250",341250,393250,1,0,1,0,1,1
"Liverpool",2016,"Liverpool_341500_393250",341500,393250,10,5,0,5,5,0
"Liverpool",2019,"Liverpool_341500_393250",341500,393250,10,9,0,1,9,0
"Liverpool",2022,"Liverpool_341500_393250",341500,393250,10,6,0,4,6,0
"Liverpool",2025,"Liverpool_341500_393250",341500,393250,10,6,0,4,6,0
"Liverpool",2016,"Liverpool_334000_393500",334000,393500,4,0,1,3,1,1
"Liverpool",2019,"Liverpool_334000_393500",334000,393500,6,3,0,3,3,0
"Liverpool",2022,"Liverpool_334000_393500",334000,393500,6,3,0,3,3,0
"Liverpool",2025,"Liverpool_334000_393500",334000,393500,3,1,0,2,1,0
"Liverpool",2016,"Liverpool_334500_393500",334500,393500,5,2,1,2,3,0.333333333333333
"Liverpool",2019,"Liverpool_334500_393500",334500,393500,5,3,2,0,5,0.4
"Liverpool",2022,"Liverpool_334500_393500",334500,393500,5,3,2,0,5,0.4
"Liverpool",2025,"Liverpool_334500_393500",334500,393500,4,3,1,0,4,0.25
"Liverpool",2016,"Liverpool_334750_393500",334750,393500,3,1,1,1,2,0.5
"Liverpool",2019,"Liverpool_334750_393500",334750,393500,3,1,2,0,3,0.666666666666667
"Liverpool",2022,"Liverpool_334750_393500",334750,393500,3,1,2,0,3,0.666666666666667
"Liverpool",2025,"Liverpool_334750_393500",334750,393500,3,0,2,1,2,1
"Liverpool",2016,"Liverpool_335000_393500",335000,393500,1,1,0,0,1,0
"Liverpool",2019,"Liverpool_335000_393500",335000,393500,1,1,0,0,1,0
"Liverpool",2022,"Liverpool_335000_393500",335000,393500,1,1,0,0,1,0
"Liverpool",2025,"Liverpool_335000_393500",335000,393500,1,1,0,0,1,0
"Liverpool",2016,"Liverpool_335250_393500",335250,393500,12,3,1,8,4,0.25
"Liverpool",2019,"Liverpool_335250_393500",335250,393500,11,9,2,0,11,0.181818181818182
"Liverpool",2022,"Liverpool_335250_393500",335250,393500,12,8,2,2,10,0.2
"Liverpool",2025,"Liverpool_335250_393500",335250,393500,11,7,1,3,8,0.125
"Liverpool",2016,"Liverpool_335500_393500",335500,393500,8,4,0,4,4,0
"Liverpool",2019,"Liverpool_335500_393500",335500,393500,8,6,1,1,7,0.142857142857143
"Liverpool",2022,"Liverpool_335500_393500",335500,393500,9,7,0,2,7,0
"Liverpool",2025,"Liverpool_335500_393500",335500,393500,8,6,0,2,6,0
"Liverpool",2016,"Liverpool_335750_393500",335750,393500,2,0,0,2,0,NA
"Liverpool",2019,"Liverpool_335750_393500",335750,393500,2,2,0,0,2,0
"Liverpool",2022,"Liverpool_335750_393500",335750,393500,2,2,0,0,2,0
"Liverpool",2025,"Liverpool_335750_393500",335750,393500,3,1,0,2,1,0
"Liverpool",2016,"Liverpool_336750_393500",336750,393500,26,11,0,15,11,0
"Liverpool",2019,"Liverpool_336750_393500",336750,393500,25,23,0,2,23,0
"Liverpool",2022,"Liverpool_336750_393500",336750,393500,25,17,0,8,17,0
"Liverpool",2025,"Liverpool_336750_393500",336750,393500,25,15,0,10,15,0
"Liverpool",2016,"Liverpool_337750_393500",337750,393500,7,1,0,6,1,0
"Liverpool",2019,"Liverpool_337750_393500",337750,393500,7,7,0,0,7,0
"Liverpool",2022,"Liverpool_337750_393500",337750,393500,7,7,0,0,7,0
"Liverpool",2025,"Liverpool_337750_393500",337750,393500,7,7,0,0,7,0
"Liverpool",2016,"Liverpool_339000_393500",339000,393500,3,1,0,2,1,0
"Liverpool",2019,"Liverpool_339000_393500",339000,393500,2,2,0,0,2,0
"Liverpool",2022,"Liverpool_339000_393500",339000,393500,2,2,0,0,2,0
"Liverpool",2025,"Liverpool_339000_393500",339000,393500,2,2,0,0,2,0
"Liverpool",2016,"Liverpool_339250_393500",339250,393500,7,3,0,4,3,0
"Liverpool",2019,"Liverpool_339250_393500",339250,393500,7,7,0,0,7,0
"Liverpool",2022,"Liverpool_339250_393500",339250,393500,7,7,0,0,7,0
"Liverpool",2025,"Liverpool_339250_393500",339250,393500,7,3,0,4,3,0
"Liverpool",2016,"Liverpool_341000_393500",341000,393500,11,4,0,7,4,0
"Liverpool",2019,"Liverpool_341000_393500",341000,393500,10,10,0,0,10,0
"Liverpool",2022,"Liverpool_341000_393500",341000,393500,10,8,0,2,8,0
"Liverpool",2025,"Liverpool_341000_393500",341000,393500,9,5,0,4,5,0
"Liverpool",2016,"Liverpool_341750_393500",341750,393500,2,1,0,1,1,0
"Liverpool",2019,"Liverpool_341750_393500",341750,393500,2,1,1,0,2,0.5
"Liverpool",2022,"Liverpool_341750_393500",341750,393500,2,1,1,0,2,0.5
"Liverpool",2025,"Liverpool_341750_393500",341750,393500,1,0,1,0,1,1
"Liverpool",2016,"Liverpool_333750_393750",333750,393750,2,1,0,1,1,0
"Liverpool",2019,"Liverpool_333750_393750",333750,393750,2,2,0,0,2,0
"Liverpool",2022,"Liverpool_333750_393750",333750,393750,2,1,0,1,1,0
"Liverpool",2025,"Liverpool_333750_393750",333750,393750,2,1,0,1,1,0
"Liverpool",2016,"Liverpool_334000_393750",334000,393750,2,0,0,2,0,NA
"Liverpool",2019,"Liverpool_334000_393750",334000,393750,1,1,0,0,1,0
"Liverpool",2022,"Liverpool_334000_393750",334000,393750,1,1,0,0,1,0
"Liverpool",2025,"Liverpool_334000_393750",334000,393750,1,1,0,0,1,0
"Liverpool",2016,"Liverpool_334250_393750",334250,393750,13,5,0,8,5,0
"Liverpool",2019,"Liverpool_334250_393750",334250,393750,12,10,0,2,10,0
"Liverpool",2022,"Liverpool_334250_393750",334250,393750,12,8,1,3,9,0.111111111111111
"Liverpool",2025,"Liverpool_334250_393750",334250,393750,12,6,1,5,7,0.142857142857143
"Liverpool",2016,"Liverpool_335000_393750",335000,393750,1,1,0,0,1,0
"Liverpool",2019,"Liverpool_335000_393750",335000,393750,1,1,0,0,1,0
"Liverpool",2022,"Liverpool_335000_393750",335000,393750,1,1,0,0,1,0
"Liverpool",2025,"Liverpool_335000_393750",335000,393750,1,1,0,0,1,0
"Liverpool",2016,"Liverpool_335250_393750",335250,393750,34,11,1,22,12,0.0833333333333333
"Liverpool",2019,"Liverpool_335250_393750",335250,393750,29,24,3,2,27,0.111111111111111
"Liverpool",2022,"Liverpool_335250_393750",335250,393750,31,22,1,8,23,0.0434782608695652
"Liverpool",2025,"Liverpool_335250_393750",335250,393750,28,18,1,9,19,0.0526315789473684
"Liverpool",2016,"Liverpool_335500_393750",335500,393750,50,18,5,27,23,0.217391304347826
"Liverpool",2019,"Liverpool_335500_393750",335500,393750,45,42,2,1,44,0.0454545454545455
"Liverpool",2022,"Liverpool_335500_393750",335500,393750,52,38,1,13,39,0.0256410256410256
"Liverpool",2025,"Liverpool_335500_393750",335500,393750,45,26,0,19,26,0
"Liverpool",2016,"Liverpool_335750_393750",335750,393750,7,1,1,5,2,0.5
"Liverpool",2019,"Liverpool_335750_393750",335750,393750,6,3,3,0,6,0.5
"Liverpool",2022,"Liverpool_335750_393750",335750,393750,6,3,2,1,5,0.4
"Liverpool",2025,"Liverpool_335750_393750",335750,393750,6,2,2,2,4,0.5
"Liverpool",2016,"Liverpool_336000_393750",336000,393750,2,1,0,1,1,0
"Liverpool",2019,"Liverpool_336000_393750",336000,393750,2,2,0,0,2,0
"Liverpool",2022,"Liverpool_336000_393750",336000,393750,1,1,0,0,1,0
"Liverpool",2025,"Liverpool_336000_393750",336000,393750,1,1,0,0,1,0
"Liverpool",2016,"Liverpool_337250_393750",337250,393750,11,1,1,9,2,0.5
"Liverpool",2019,"Liverpool_337250_393750",337250,393750,11,8,2,1,10,0.2
"Liverpool",2022,"Liverpool_337250_393750",337250,393750,11,5,0,6,5,0
"Liverpool",2025,"Liverpool_337250_393750",337250,393750,10,3,0,7,3,0
"Liverpool",2016,"Liverpool_337500_393750",337500,393750,2,0,0,2,0,NA
"Liverpool",2019,"Liverpool_337500_393750",337500,393750,2,1,0,1,1,0
"Liverpool",2022,"Liverpool_337500_393750",337500,393750,2,1,0,1,1,0
"Liverpool",2025,"Liverpool_337500_393750",337500,393750,1,1,0,0,1,0
"Liverpool",2016,"Liverpool_337750_393750",337750,393750,5,1,0,4,1,0
"Liverpool",2019,"Liverpool_337750_393750",337750,393750,4,1,1,2,2,0.5
"Liverpool",2022,"Liverpool_337750_393750",337750,393750,4,2,1,1,3,0.333333333333333
"Liverpool",2025,"Liverpool_337750_393750",337750,393750,3,1,0,2,1,0
"Liverpool",2016,"Liverpool_339250_393750",339250,393750,29,10,0,19,10,0
"Liverpool",2019,"Liverpool_339250_393750",339250,393750,27,24,1,2,25,0.04
"Liverpool",2022,"Liverpool_339250_393750",339250,393750,30,25,1,4,26,0.0384615384615385
"Liverpool",2025,"Liverpool_339250_393750",339250,393750,28,21,1,6,22,0.0454545454545455
"Liverpool",2016,"Liverpool_333500_394000",333500,394000,3,1,1,1,2,0.5
"Liverpool",2019,"Liverpool_333500_394000",333500,394000,3,2,1,0,3,0.333333333333333
"Liverpool",2022,"Liverpool_333500_394000",333500,394000,3,3,0,0,3,0
"Liverpool",2025,"Liverpool_333500_394000",333500,394000,3,1,0,2,1,0
"Liverpool",2016,"Liverpool_333750_394000",333750,394000,13,2,1,10,3,0.333333333333333
"Liverpool",2019,"Liverpool_333750_394000",333750,394000,10,9,1,0,10,0.1
"Liverpool",2022,"Liverpool_333750_394000",333750,394000,10,9,1,0,10,0.1
"Liverpool",2025,"Liverpool_333750_394000",333750,394000,10,8,1,1,9,0.111111111111111
"Liverpool",2016,"Liverpool_334000_394000",334000,394000,7,1,0,6,1,0
"Liverpool",2019,"Liverpool_334000_394000",334000,394000,5,4,0,1,4,0
"Liverpool",2022,"Liverpool_334000_394000",334000,394000,5,3,0,2,3,0
"Liverpool",2025,"Liverpool_334000_394000",334000,394000,5,3,0,2,3,0
"Liverpool",2016,"Liverpool_334250_394000",334250,394000,1,0,0,1,0,NA
"Liverpool",2019,"Liverpool_334250_394000",334250,394000,1,1,0,0,1,0
"Liverpool",2022,"Liverpool_334250_394000",334250,394000,1,1,0,0,1,0
"Liverpool",2025,"Liverpool_334250_394000",334250,394000,1,1,0,0,1,0
"Liverpool",2016,"Liverpool_334500_394000",334500,394000,1,1,0,0,1,0
"Liverpool",2019,"Liverpool_334500_394000",334500,394000,2,2,0,0,2,0
"Liverpool",2022,"Liverpool_334500_394000",334500,394000,3,3,0,0,3,0
"Liverpool",2025,"Liverpool_334500_394000",334500,394000,2,2,0,0,2,0
"Liverpool",2016,"Liverpool_334750_394000",334750,394000,1,0,1,0,1,1
"Liverpool",2019,"Liverpool_334750_394000",334750,394000,1,0,1,0,1,1
"Liverpool",2016,"Liverpool_335000_394000",335000,394000,2,0,0,2,0,NA
"Liverpool",2019,"Liverpool_335000_394000",335000,394000,2,1,0,1,1,0
"Liverpool",2022,"Liverpool_335000_394000",335000,394000,2,1,0,1,1,0
"Liverpool",2025,"Liverpool_335000_394000",335000,394000,1,1,0,0,1,0
"Liverpool",2016,"Liverpool_335250_394000",335250,394000,6,2,0,4,2,0
"Liverpool",2019,"Liverpool_335250_394000",335250,394000,6,6,0,0,6,0
"Liverpool",2022,"Liverpool_335250_394000",335250,394000,6,4,0,2,4,0
"Liverpool",2025,"Liverpool_335250_394000",335250,394000,5,3,0,2,3,0
"Liverpool",2016,"Liverpool_335500_394000",335500,394000,70,17,5,48,22,0.227272727272727
"Liverpool",2019,"Liverpool_335500_394000",335500,394000,61,56,1,4,57,0.0175438596491228
"Liverpool",2022,"Liverpool_335500_394000",335500,394000,61,48,0,13,48,0
"Liverpool",2025,"Liverpool_335500_394000",335500,394000,60,41,0,19,41,0
"Liverpool",2016,"Liverpool_335750_394000",335750,394000,25,9,0,16,9,0
"Liverpool",2019,"Liverpool_335750_394000",335750,394000,22,19,1,2,20,0.05
"Liverpool",2022,"Liverpool_335750_394000",335750,394000,23,19,1,3,20,0.05
"Liverpool",2025,"Liverpool_335750_394000",335750,394000,21,15,1,5,16,0.0625
"Liverpool",2016,"Liverpool_336000_394000",336000,394000,1,0,0,1,0,NA
"Liverpool",2019,"Liverpool_336000_394000",336000,394000,1,0,1,0,1,1
"Liverpool",2022,"Liverpool_336000_394000",336000,394000,1,0,1,0,1,1
"Liverpool",2016,"Liverpool_336750_394000",336750,394000,3,2,0,1,2,0
"Liverpool",2019,"Liverpool_336750_394000",336750,394000,3,2,0,1,2,0
"Liverpool",2022,"Liverpool_336750_394000",336750,394000,3,2,0,1,2,0
"Liverpool",2025,"Liverpool_336750_394000",336750,394000,3,1,0,2,1,0
"Liverpool",2016,"Liverpool_338000_394000",338000,394000,4,1,0,3,1,0
"Liverpool",2019,"Liverpool_338000_394000",338000,394000,4,4,0,0,4,0
"Liverpool",2022,"Liverpool_338000_394000",338000,394000,4,3,0,1,3,0
"Liverpool",2025,"Liverpool_338000_394000",338000,394000,4,2,0,2,2,0
"Liverpool",2016,"Liverpool_338250_394000",338250,394000,41,11,2,28,13,0.153846153846154
"Liverpool",2019,"Liverpool_338250_394000",338250,394000,36,31,2,3,33,0.0606060606060606
"Liverpool",2022,"Liverpool_338250_394000",338250,394000,39,29,4,6,33,0.121212121212121
"Liverpool",2025,"Liverpool_338250_394000",338250,394000,35,24,2,9,26,0.0769230769230769
"Liverpool",2016,"Liverpool_338500_394000",338500,394000,52,5,1,46,6,0.166666666666667
"Liverpool",2019,"Liverpool_338500_394000",338500,394000,9,7,1,1,8,0.125
"Liverpool",2022,"Liverpool_338500_394000",338500,394000,13,7,1,5,8,0.125
"Liverpool",2025,"Liverpool_338500_394000",338500,394000,9,6,0,3,6,0
"Liverpool",2016,"Liverpool_339500_394000",339500,394000,7,1,1,5,2,0.5
"Liverpool",2019,"Liverpool_339500_394000",339500,394000,5,4,1,0,5,0.2
"Liverpool",2022,"Liverpool_339500_394000",339500,394000,5,4,1,0,5,0.2
"Liverpool",2025,"Liverpool_339500_394000",339500,394000,5,3,1,1,4,0.25
"Liverpool",2016,"Liverpool_339750_394000",339750,394000,1,0,0,1,0,NA
"Liverpool",2016,"Liverpool_334750_394250",334750,394250,5,1,0,4,1,0
"Liverpool",2019,"Liverpool_334750_394250",334750,394250,5,4,1,0,5,0.2
"Liverpool",2022,"Liverpool_334750_394250",334750,394250,5,3,1,1,4,0.25
"Liverpool",2025,"Liverpool_334750_394250",334750,394250,5,3,1,1,4,0.25
"Liverpool",2016,"Liverpool_335000_394250",335000,394250,11,6,1,4,7,0.142857142857143
"Liverpool",2019,"Liverpool_335000_394250",335000,394250,10,10,0,0,10,0
"Liverpool",2022,"Liverpool_335000_394250",335000,394250,11,10,0,1,10,0
"Liverpool",2025,"Liverpool_335000_394250",335000,394250,7,6,0,1,6,0
"Liverpool",2016,"Liverpool_335250_394250",335250,394250,10,2,0,8,2,0
"Liverpool",2019,"Liverpool_335250_394250",335250,394250,9,8,0,1,8,0
"Liverpool",2022,"Liverpool_335250_394250",335250,394250,10,8,0,2,8,0
"Liverpool",2025,"Liverpool_335250_394250",335250,394250,8,6,0,2,6,0
"Liverpool",2016,"Liverpool_335500_394250",335500,394250,35,10,2,23,12,0.166666666666667
"Liverpool",2019,"Liverpool_335500_394250",335500,394250,32,25,2,5,27,0.0740740740740741
"Liverpool",2022,"Liverpool_335500_394250",335500,394250,32,21,2,9,23,0.0869565217391304
"Liverpool",2025,"Liverpool_335500_394250",335500,394250,32,18,2,12,20,0.1
"Liverpool",2016,"Liverpool_335750_394250",335750,394250,5,1,0,4,1,0
"Liverpool",2019,"Liverpool_335750_394250",335750,394250,5,3,1,1,4,0.25
"Liverpool",2022,"Liverpool_335750_394250",335750,394250,5,4,0,1,4,0
"Liverpool",2025,"Liverpool_335750_394250",335750,394250,5,4,0,1,4,0
"Liverpool",2016,"Liverpool_336000_394250",336000,394250,1,0,0,1,0,NA
"Liverpool",2019,"Liverpool_336000_394250",336000,394250,1,0,1,0,1,1
"Liverpool",2022,"Liverpool_336000_394250",336000,394250,1,0,1,0,1,1
"Liverpool",2025,"Liverpool_336000_394250",336000,394250,1,0,1,0,1,1
"Liverpool",2016,"Liverpool_336250_394250",336250,394250,2,1,0,1,1,0
"Liverpool",2019,"Liverpool_336250_394250",336250,394250,1,1,0,0,1,0
"Liverpool",2022,"Liverpool_336250_394250",336250,394250,1,1,0,0,1,0
"Liverpool",2025,"Liverpool_336250_394250",336250,394250,1,1,0,0,1,0
"Liverpool",2016,"Liverpool_336500_394250",336500,394250,7,0,1,6,1,1
"Liverpool",2019,"Liverpool_336500_394250",336500,394250,7,2,2,3,4,0.5
"Liverpool",2022,"Liverpool_336500_394250",336500,394250,7,1,0,6,1,0
"Liverpool",2025,"Liverpool_336500_394250",336500,394250,5,1,0,4,1,0
"Liverpool",2016,"Liverpool_336750_394250",336750,394250,17,5,0,12,5,0
"Liverpool",2019,"Liverpool_336750_394250",336750,394250,19,18,1,0,19,0.0526315789473684
"Liverpool",2022,"Liverpool_336750_394250",336750,394250,19,17,1,1,18,0.0555555555555556
"Liverpool",2025,"Liverpool_336750_394250",336750,394250,18,15,1,2,16,0.0625
"Liverpool",2016,"Liverpool_337500_394250",337500,394250,4,1,0,3,1,0
"Liverpool",2019,"Liverpool_337500_394250",337500,394250,2,2,0,0,2,0
"Liverpool",2022,"Liverpool_337500_394250",337500,394250,2,2,0,0,2,0
"Liverpool",2025,"Liverpool_337500_394250",337500,394250,2,2,0,0,2,0
"Liverpool",2016,"Liverpool_337750_394250",337750,394250,1,0,0,1,0,NA
"Liverpool",2019,"Liverpool_337750_394250",337750,394250,1,0,0,1,0,NA
"Liverpool",2022,"Liverpool_337750_394250",337750,394250,2,1,0,1,1,0
"Liverpool",2025,"Liverpool_337750_394250",337750,394250,2,0,0,2,0,NA
"Liverpool",2016,"Liverpool_338000_394250",338000,394250,6,0,0,6,0,NA
"Liverpool",2019,"Liverpool_338000_394250",338000,394250,3,2,1,0,3,0.333333333333333
"Liverpool",2022,"Liverpool_338000_394250",338000,394250,5,3,1,1,4,0.25
"Liverpool",2025,"Liverpool_338000_394250",338000,394250,4,2,0,2,2,0
"Liverpool",2016,"Liverpool_338250_394250",338250,394250,34,13,0,21,13,0
"Liverpool",2019,"Liverpool_338250_394250",338250,394250,31,29,0,2,29,0
"Liverpool",2022,"Liverpool_338250_394250",338250,394250,32,27,0,5,27,0
"Liverpool",2025,"Liverpool_338250_394250",338250,394250,30,22,0,8,22,0
"Liverpool",2016,"Liverpool_338500_394250",338500,394250,12,6,0,6,6,0
"Liverpool",2019,"Liverpool_338500_394250",338500,394250,8,7,0,1,7,0
"Liverpool",2022,"Liverpool_338500_394250",338500,394250,8,7,0,1,7,0
"Liverpool",2025,"Liverpool_338500_394250",338500,394250,7,6,0,1,6,0
"Liverpool",2016,"Liverpool_335500_394500",335500,394500,42,12,1,29,13,0.0769230769230769
"Liverpool",2019,"Liverpool_335500_394500",335500,394500,40,34,3,3,37,0.0810810810810811
"Liverpool",2022,"Liverpool_335500_394500",335500,394500,40,29,2,9,31,0.0645161290322581
"Liverpool",2025,"Liverpool_335500_394500",335500,394500,39,25,1,13,26,0.0384615384615385
"Liverpool",2016,"Liverpool_335750_394500",335750,394500,51,10,4,37,14,0.285714285714286
"Liverpool",2019,"Liverpool_335750_394500",335750,394500,47,41,4,2,45,0.0888888888888889
"Liverpool",2022,"Liverpool_335750_394500",335750,394500,52,38,3,11,41,0.0731707317073171
"Liverpool",2025,"Liverpool_335750_394500",335750,394500,48,32,2,14,34,0.0588235294117647
"Liverpool",2016,"Liverpool_336000_394500",336000,394500,6,2,1,3,3,0.333333333333333
"Liverpool",2019,"Liverpool_336000_394500",336000,394500,4,3,1,0,4,0.25
"Liverpool",2022,"Liverpool_336000_394500",336000,394500,4,2,1,1,3,0.333333333333333
"Liverpool",2025,"Liverpool_336000_394500",336000,394500,4,1,0,3,1,0
"Liverpool",2016,"Liverpool_336250_394500",336250,394500,29,7,1,21,8,0.125
"Liverpool",2019,"Liverpool_336250_394500",336250,394500,27,22,2,3,24,0.0833333333333333
"Liverpool",2022,"Liverpool_336250_394500",336250,394500,28,17,2,9,19,0.105263157894737
"Liverpool",2025,"Liverpool_336250_394500",336250,394500,27,14,2,11,16,0.125
"Liverpool",2016,"Liverpool_336500_394500",336500,394500,2,0,0,2,0,NA
"Liverpool",2019,"Liverpool_336500_394500",336500,394500,1,1,0,0,1,0
"Liverpool",2022,"Liverpool_336500_394500",336500,394500,1,0,0,1,0,NA
"Liverpool",2025,"Liverpool_336500_394500",336500,394500,1,0,0,1,0,NA
"Liverpool",2016,"Liverpool_336750_394500",336750,394500,7,2,0,5,2,0
"Liverpool",2019,"Liverpool_336750_394500",336750,394500,6,5,1,0,6,0.166666666666667
"Liverpool",2022,"Liverpool_336750_394500",336750,394500,6,3,1,2,4,0.25
"Liverpool",2025,"Liverpool_336750_394500",336750,394500,6,3,1,2,4,0.25
"Liverpool",2016,"Liverpool_339000_394500",339000,394500,1,1,0,0,1,0
"Liverpool",2019,"Liverpool_339000_394500",339000,394500,1,1,0,0,1,0
"Liverpool",2022,"Liverpool_339000_394500",339000,394500,1,1,0,0,1,0
"Liverpool",2025,"Liverpool_339000_394500",339000,394500,1,1,0,0,1,0
"Liverpool",2016,"Liverpool_335250_394750",335250,394750,1,1,0,0,1,0
"Liverpool",2019,"Liverpool_335250_394750",335250,394750,1,1,0,0,1,0
"Liverpool",2022,"Liverpool_335250_394750",335250,394750,1,1,0,0,1,0
"Liverpool",2025,"Liverpool_335250_394750",335250,394750,1,1,0,0,1,0
"Liverpool",2016,"Liverpool_335500_394750",335500,394750,6,3,0,3,3,0
"Liverpool",2019,"Liverpool_335500_394750",335500,394750,6,5,1,0,6,0.166666666666667
"Liverpool",2022,"Liverpool_335500_394750",335500,394750,6,5,1,0,6,0.166666666666667
"Liverpool",2025,"Liverpool_335500_394750",335500,394750,6,4,1,1,5,0.2
"Liverpool",2016,"Liverpool_335750_394750",335750,394750,11,5,0,6,5,0
"Liverpool",2019,"Liverpool_335750_394750",335750,394750,11,10,1,0,11,0.0909090909090909
"Liverpool",2022,"Liverpool_335750_394750",335750,394750,11,7,1,3,8,0.125
"Liverpool",2025,"Liverpool_335750_394750",335750,394750,11,7,1,3,8,0.125
"Liverpool",2016,"Liverpool_336000_394750",336000,394750,1,0,0,1,0,NA
"Liverpool",2019,"Liverpool_336000_394750",336000,394750,1,0,0,1,0,NA
"Liverpool",2022,"Liverpool_336000_394750",336000,394750,1,0,1,0,1,1
"Liverpool",2025,"Liverpool_336000_394750",336000,394750,1,0,1,0,1,1
"Liverpool",2016,"Liverpool_337250_394750",337250,394750,1,1,0,0,1,0
"Liverpool",2019,"Liverpool_337250_394750",337250,394750,1,0,1,0,1,1
"Liverpool",2022,"Liverpool_337250_394750",337250,394750,1,0,1,0,1,1
"Liverpool",2025,"Liverpool_337250_394750",337250,394750,1,0,1,0,1,1
"Liverpool",2016,"Liverpool_337500_394750",337500,394750,1,0,0,1,0,NA
"Liverpool",2019,"Liverpool_337500_394750",337500,394750,1,1,0,0,1,0
"Liverpool",2022,"Liverpool_337500_394750",337500,394750,1,1,0,0,1,0
"Liverpool",2025,"Liverpool_337500_394750",337500,394750,1,1,0,0,1,0
"Liverpool",2016,"Liverpool_338750_394750",338750,394750,3,1,0,2,1,0
"Liverpool",2019,"Liverpool_338750_394750",338750,394750,3,3,0,0,3,0
"Liverpool",2022,"Liverpool_338750_394750",338750,394750,3,3,0,0,3,0
"Liverpool",2025,"Liverpool_338750_394750",338750,394750,3,3,0,0,3,0
"Liverpool",2016,"Liverpool_339000_394750",339000,394750,28,6,0,22,6,0
"Liverpool",2019,"Liverpool_339000_394750",339000,394750,20,18,0,2,18,0
"Liverpool",2022,"Liverpool_339000_394750",339000,394750,20,16,0,4,16,0
"Liverpool",2025,"Liverpool_339000_394750",339000,394750,20,13,0,7,13,0
"Liverpool",2016,"Liverpool_339500_394750",339500,394750,15,3,0,12,3,0
"Liverpool",2019,"Liverpool_339500_394750",339500,394750,11,11,0,0,11,0
"Liverpool",2022,"Liverpool_339500_394750",339500,394750,11,8,0,3,8,0
"Liverpool",2025,"Liverpool_339500_394750",339500,394750,11,7,0,4,7,0
"Liverpool",2016,"Liverpool_335500_395000",335500,395000,1,0,0,1,0,NA
"Liverpool",2019,"Liverpool_335500_395000",335500,395000,1,0,0,1,0,NA
"Liverpool",2022,"Liverpool_335500_395000",335500,395000,1,0,0,1,0,NA
"Liverpool",2025,"Liverpool_335500_395000",335500,395000,1,0,0,1,0,NA
"Liverpool",2016,"Liverpool_335750_395000",335750,395000,21,4,0,17,4,0
"Liverpool",2019,"Liverpool_335750_395000",335750,395000,26,21,1,4,22,0.0454545454545455
"Liverpool",2022,"Liverpool_335750_395000",335750,395000,26,17,1,8,18,0.0555555555555556
"Liverpool",2025,"Liverpool_335750_395000",335750,395000,21,11,1,9,12,0.0833333333333333
"Liverpool",2016,"Liverpool_337750_395000",337750,395000,9,4,0,5,4,0
"Liverpool",2019,"Liverpool_337750_395000",337750,395000,8,8,0,0,8,0
"Liverpool",2022,"Liverpool_337750_395000",337750,395000,8,8,0,0,8,0
"Liverpool",2025,"Liverpool_337750_395000",337750,395000,8,7,0,1,7,0
"Liverpool",2016,"Liverpool_339250_395000",339250,395000,2,1,0,1,1,0
"Liverpool",2019,"Liverpool_339250_395000",339250,395000,2,2,0,0,2,0
"Liverpool",2022,"Liverpool_339250_395000",339250,395000,2,2,0,0,2,0
"Liverpool",2025,"Liverpool_339250_395000",339250,395000,2,2,0,0,2,0
"Liverpool",2016,"Liverpool_339500_395000",339500,395000,2,0,0,2,0,NA
"Liverpool",2019,"Liverpool_339500_395000",339500,395000,1,1,0,0,1,0
"Liverpool",2022,"Liverpool_339500_395000",339500,395000,1,1,0,0,1,0
"Liverpool",2025,"Liverpool_339500_395000",339500,395000,1,1,0,0,1,0
"Liverpool",2016,"Liverpool_339750_395000",339750,395000,1,0,0,1,0,NA
"Liverpool",2019,"Liverpool_339750_395000",339750,395000,1,1,0,0,1,0
"Liverpool",2022,"Liverpool_339750_395000",339750,395000,1,1,0,0,1,0
"Liverpool",2025,"Liverpool_339750_395000",339750,395000,1,1,0,0,1,0
"Liverpool",2016,"Liverpool_340000_395000",340000,395000,11,3,0,8,3,0
"Liverpool",2019,"Liverpool_340000_395000",340000,395000,9,9,0,0,9,0
"Liverpool",2022,"Liverpool_340000_395000",340000,395000,10,7,0,3,7,0
"Liverpool",2025,"Liverpool_340000_395000",340000,395000,9,6,0,3,6,0
"Liverpool",2016,"Liverpool_341500_395000",341500,395000,8,3,1,4,4,0.25
"Liverpool",2019,"Liverpool_341500_395000",341500,395000,8,7,0,1,7,0
"Liverpool",2022,"Liverpool_341500_395000",341500,395000,8,7,0,1,7,0
"Liverpool",2025,"Liverpool_341500_395000",341500,395000,7,5,0,2,5,0
"Liverpool",2016,"Liverpool_336000_395250",336000,395250,6,1,0,5,1,0
"Liverpool",2019,"Liverpool_336000_395250",336000,395250,5,2,0,3,2,0
"Liverpool",2022,"Liverpool_336000_395250",336000,395250,5,2,0,3,2,0
"Liverpool",2025,"Liverpool_336000_395250",336000,395250,3,1,0,2,1,0
"Liverpool",2016,"Liverpool_337250_395250",337250,395250,5,3,0,2,3,0
"Liverpool",2019,"Liverpool_337250_395250",337250,395250,4,4,0,0,4,0
"Liverpool",2022,"Liverpool_337250_395250",337250,395250,6,5,0,1,5,0
"Liverpool",2025,"Liverpool_337250_395250",337250,395250,7,5,0,2,5,0
"Liverpool",2016,"Liverpool_337500_395250",337500,395250,7,0,1,6,1,1
"Liverpool",2019,"Liverpool_337500_395250",337500,395250,7,7,0,0,7,0
"Liverpool",2022,"Liverpool_337500_395250",337500,395250,7,4,0,3,4,0
"Liverpool",2025,"Liverpool_337500_395250",337500,395250,7,4,0,3,4,0
"Liverpool",2016,"Liverpool_337750_395250",337750,395250,4,1,0,3,1,0
"Liverpool",2019,"Liverpool_337750_395250",337750,395250,1,1,0,0,1,0
"Liverpool",2022,"Liverpool_337750_395250",337750,395250,1,1,0,0,1,0
"Liverpool",2025,"Liverpool_337750_395250",337750,395250,1,1,0,0,1,0
"Liverpool",2016,"Liverpool_338000_395250",338000,395250,2,1,0,1,1,0
"Liverpool",2019,"Liverpool_338000_395250",338000,395250,2,2,0,0,2,0
"Liverpool",2022,"Liverpool_338000_395250",338000,395250,2,1,0,1,1,0
"Liverpool",2025,"Liverpool_338000_395250",338000,395250,2,1,0,1,1,0
"Liverpool",2016,"Liverpool_340000_395250",340000,395250,20,1,0,19,1,0
"Liverpool",2019,"Liverpool_340000_395250",340000,395250,11,5,0,6,5,0
"Liverpool",2022,"Liverpool_340000_395250",340000,395250,11,4,0,7,4,0
"Liverpool",2025,"Liverpool_340000_395250",340000,395250,7,5,0,2,5,0
"Liverpool",2016,"Liverpool_340250_395250",340250,395250,1,0,0,1,0,NA
"Liverpool",2016,"Liverpool_335750_395500",335750,395500,1,0,0,1,0,NA
"Liverpool",2019,"Liverpool_335750_395500",335750,395500,1,1,0,0,1,0
"Liverpool",2022,"Liverpool_335750_395500",335750,395500,1,1,0,0,1,0
"Liverpool",2025,"Liverpool_335750_395500",335750,395500,1,1,0,0,1,0
"Liverpool",2016,"Liverpool_336000_395500",336000,395500,43,8,1,34,9,0.111111111111111
"Liverpool",2019,"Liverpool_336000_395500",336000,395500,30,23,3,4,26,0.115384615384615
"Liverpool",2022,"Liverpool_336000_395500",336000,395500,32,18,3,11,21,0.142857142857143
"Liverpool",2025,"Liverpool_336000_395500",336000,395500,28,14,1,13,15,0.0666666666666667
"Liverpool",2016,"Liverpool_336250_395500",336250,395500,4,1,0,3,1,0
"Liverpool",2019,"Liverpool_336250_395500",336250,395500,2,2,0,0,2,0
"Liverpool",2022,"Liverpool_336250_395500",336250,395500,3,2,0,1,2,0
"Liverpool",2025,"Liverpool_336250_395500",336250,395500,3,2,0,1,2,0
"Liverpool",2016,"Liverpool_336500_395500",336500,395500,2,1,0,1,1,0
"Liverpool",2019,"Liverpool_336500_395500",336500,395500,1,1,0,0,1,0
"Liverpool",2022,"Liverpool_336500_395500",336500,395500,1,1,0,0,1,0
"Liverpool",2025,"Liverpool_336500_395500",336500,395500,1,1,0,0,1,0
"Liverpool",2016,"Liverpool_337750_395500",337750,395500,1,1,0,0,1,0
"Liverpool",2019,"Liverpool_337750_395500",337750,395500,1,0,1,0,1,1
"Liverpool",2022,"Liverpool_337750_395500",337750,395500,1,0,1,0,1,1
"Liverpool",2025,"Liverpool_337750_395500",337750,395500,1,0,1,0,1,1
"Liverpool",2016,"Liverpool_338250_395500",338250,395500,22,2,0,20,2,0
"Liverpool",2019,"Liverpool_338250_395500",338250,395500,9,5,0,4,5,0
"Liverpool",2022,"Liverpool_338250_395500",338250,395500,9,4,0,5,4,0
"Liverpool",2025,"Liverpool_338250_395500",338250,395500,5,2,0,3,2,0
"Liverpool",2016,"Liverpool_336000_395750",336000,395750,20,7,1,12,8,0.125
"Liverpool",2019,"Liverpool_336000_395750",336000,395750,16,15,1,0,16,0.0625
"Liverpool",2022,"Liverpool_336000_395750",336000,395750,16,11,1,4,12,0.0833333333333333
"Liverpool",2025,"Liverpool_336000_395750",336000,395750,15,9,0,6,9,0
"Liverpool",2016,"Liverpool_336250_395750",336250,395750,1,0,0,1,0,NA
"Liverpool",2016,"Liverpool_337250_395750",337250,395750,3,1,0,2,1,0
"Liverpool",2019,"Liverpool_337250_395750",337250,395750,3,2,1,0,3,0.333333333333333
"Liverpool",2022,"Liverpool_337250_395750",337250,395750,5,1,1,3,2,0.5
"Liverpool",2025,"Liverpool_337250_395750",337250,395750,4,0,1,3,1,1
"Liverpool",2016,"Liverpool_338750_395750",338750,395750,1,0,0,1,0,NA
"Liverpool",2019,"Liverpool_338750_395750",338750,395750,1,0,1,0,1,1
"Liverpool",2022,"Liverpool_338750_395750",338750,395750,1,0,1,0,1,1
"Liverpool",2025,"Liverpool_338750_395750",338750,395750,1,0,1,0,1,1
"Liverpool",2016,"Liverpool_339000_395750",339000,395750,3,0,0,3,0,NA
"Liverpool",2019,"Liverpool_339000_395750",339000,395750,4,4,0,0,4,0
"Liverpool",2022,"Liverpool_339000_395750",339000,395750,5,4,0,1,4,0
"Liverpool",2025,"Liverpool_339000_395750",339000,395750,4,4,0,0,4,0
"Liverpool",2016,"Liverpool_339500_395750",339500,395750,8,2,0,6,2,0
"Liverpool",2019,"Liverpool_339500_395750",339500,395750,6,6,0,0,6,0
"Liverpool",2022,"Liverpool_339500_395750",339500,395750,7,6,0,1,6,0
"Liverpool",2025,"Liverpool_339500_395750",339500,395750,6,5,0,1,5,0
"Liverpool",2016,"Liverpool_340250_395750",340250,395750,1,0,0,1,0,NA
"Liverpool",2019,"Liverpool_340250_395750",340250,395750,1,1,0,0,1,0
"Liverpool",2022,"Liverpool_340250_395750",340250,395750,1,1,0,0,1,0
"Liverpool",2025,"Liverpool_340250_395750",340250,395750,1,1,0,0,1,0
"Liverpool",2016,"Liverpool_340500_395750",340500,395750,14,7,0,7,7,0
"Liverpool",2019,"Liverpool_340500_395750",340500,395750,14,13,1,0,14,0.0714285714285714
"Liverpool",2022,"Liverpool_340500_395750",340500,395750,14,13,1,0,14,0.0714285714285714
"Liverpool",2025,"Liverpool_340500_395750",340500,395750,14,13,1,0,14,0.0714285714285714
"Liverpool",2016,"Liverpool_336000_396000",336000,396000,2,0,0,2,0,NA
"Liverpool",2019,"Liverpool_336000_396000",336000,396000,2,1,0,1,1,0
"Liverpool",2022,"Liverpool_336000_396000",336000,396000,2,1,0,1,1,0
"Liverpool",2025,"Liverpool_336000_396000",336000,396000,2,1,0,1,1,0
"Liverpool",2016,"Liverpool_337250_396000",337250,396000,3,1,0,2,1,0
"Liverpool",2019,"Liverpool_337250_396000",337250,396000,2,2,0,0,2,0
"Liverpool",2022,"Liverpool_337250_396000",337250,396000,2,2,0,0,2,0
"Liverpool",2025,"Liverpool_337250_396000",337250,396000,2,2,0,0,2,0
"Liverpool",2016,"Liverpool_339250_396000",339250,396000,1,0,0,1,0,NA
"Liverpool",2019,"Liverpool_339250_396000",339250,396000,1,1,0,0,1,0
"Liverpool",2022,"Liverpool_339250_396000",339250,396000,1,1,0,0,1,0
"Liverpool",2025,"Liverpool_339250_396000",339250,396000,1,1,0,0,1,0
"Liverpool",2016,"Liverpool_339750_396000",339750,396000,5,0,0,5,0,NA
"Liverpool",2016,"Liverpool_336000_396250",336000,396250,28,7,1,20,8,0.125
"Liverpool",2019,"Liverpool_336000_396250",336000,396250,21,16,1,4,17,0.0588235294117647
"Liverpool",2022,"Liverpool_336000_396250",336000,396250,22,15,0,7,15,0
"Liverpool",2025,"Liverpool_336000_396250",336000,396250,22,13,0,9,13,0
"Liverpool",2016,"Liverpool_336250_396250",336250,396250,6,1,1,4,2,0.5
"Liverpool",2019,"Liverpool_336250_396250",336250,396250,6,5,1,0,6,0.166666666666667
"Liverpool",2022,"Liverpool_336250_396250",336250,396250,6,4,1,1,5,0.2
"Liverpool",2025,"Liverpool_336250_396250",336250,396250,5,3,1,1,4,0.25
"Liverpool",2016,"Liverpool_336750_396250",336750,396250,7,0,0,7,0,NA
"Liverpool",2019,"Liverpool_336750_396250",336750,396250,5,3,1,1,4,0.25
"Liverpool",2022,"Liverpool_336750_396250",336750,396250,7,5,1,1,6,0.166666666666667
"Liverpool",2025,"Liverpool_336750_396250",336750,396250,9,3,1,5,4,0.25
"Liverpool",2016,"Liverpool_337000_396250",337000,396250,7,1,1,5,2,0.5
"Liverpool",2019,"Liverpool_337000_396250",337000,396250,6,1,2,3,3,0.666666666666667
"Liverpool",2022,"Liverpool_337000_396250",337000,396250,6,1,2,3,3,0.666666666666667
"Liverpool",2025,"Liverpool_337000_396250",337000,396250,2,1,1,0,2,0.5
"Liverpool",2016,"Liverpool_337500_396250",337500,396250,3,0,1,2,1,1
"Liverpool",2019,"Liverpool_337500_396250",337500,396250,1,0,1,0,1,1
"Liverpool",2022,"Liverpool_337500_396250",337500,396250,1,0,0,1,0,NA
"Liverpool",2025,"Liverpool_337500_396250",337500,396250,2,0,0,2,0,NA
"Liverpool",2016,"Liverpool_340750_396250",340750,396250,3,0,0,3,0,NA
"Liverpool",2019,"Liverpool_340750_396250",340750,396250,3,3,0,0,3,0
"Liverpool",2022,"Liverpool_340750_396250",340750,396250,3,3,0,0,3,0
"Liverpool",2025,"Liverpool_340750_396250",340750,396250,3,3,0,0,3,0
"Liverpool",2016,"Liverpool_335250_396500",335250,396500,1,0,0,1,0,NA
"Liverpool",2019,"Liverpool_335250_396500",335250,396500,1,1,0,0,1,0
"Liverpool",2022,"Liverpool_335250_396500",335250,396500,1,1,0,0,1,0
"Liverpool",2025,"Liverpool_335250_396500",335250,396500,1,1,0,0,1,0
"Liverpool",2016,"Liverpool_335500_396500",335500,396500,27,10,1,16,11,0.0909090909090909
"Liverpool",2019,"Liverpool_335500_396500",335500,396500,24,20,2,2,22,0.0909090909090909
"Liverpool",2022,"Liverpool_335500_396500",335500,396500,25,19,1,5,20,0.05
"Liverpool",2025,"Liverpool_335500_396500",335500,396500,24,14,1,9,15,0.0666666666666667
"Liverpool",2016,"Liverpool_335750_396500",335750,396500,31,8,0,23,8,0
"Liverpool",2019,"Liverpool_335750_396500",335750,396500,30,30,0,0,30,0
"Liverpool",2022,"Liverpool_335750_396500",335750,396500,31,21,1,9,22,0.0454545454545455
"Liverpool",2025,"Liverpool_335750_396500",335750,396500,31,19,0,12,19,0
"Liverpool",2016,"Liverpool_336000_396500",336000,396500,19,10,0,9,10,0
"Liverpool",2019,"Liverpool_336000_396500",336000,396500,19,18,0,1,18,0
"Liverpool",2022,"Liverpool_336000_396500",336000,396500,19,16,0,3,16,0
"Liverpool",2025,"Liverpool_336000_396500",336000,396500,19,12,0,7,12,0
"Liverpool",2016,"Liverpool_336250_396500",336250,396500,61,18,2,41,20,0.1
"Liverpool",2019,"Liverpool_336250_396500",336250,396500,58,51,2,5,53,0.0377358490566038
"Liverpool",2022,"Liverpool_336250_396500",336250,396500,59,44,0,15,44,0
"Liverpool",2025,"Liverpool_336250_396500",336250,396500,58,38,0,20,38,0
"Liverpool",2016,"Liverpool_337250_396500",337250,396500,2,1,0,1,1,0
"Liverpool",2019,"Liverpool_337250_396500",337250,396500,4,3,0,1,3,0
"Liverpool",2022,"Liverpool_337250_396500",337250,396500,3,3,0,0,3,0
"Liverpool",2025,"Liverpool_337250_396500",337250,396500,2,2,0,0,2,0
"Liverpool",2016,"Liverpool_335750_396750",335750,396750,9,2,0,7,2,0
"Liverpool",2019,"Liverpool_335750_396750",335750,396750,9,9,0,0,9,0
"Liverpool",2022,"Liverpool_335750_396750",335750,396750,10,7,0,3,7,0
"Liverpool",2025,"Liverpool_335750_396750",335750,396750,10,6,0,4,6,0
"Liverpool",2016,"Liverpool_336000_396750",336000,396750,6,2,0,4,2,0
"Liverpool",2019,"Liverpool_336000_396750",336000,396750,3,2,1,0,3,0.333333333333333
"Liverpool",2022,"Liverpool_336000_396750",336000,396750,3,2,1,0,3,0.333333333333333
"Liverpool",2025,"Liverpool_336000_396750",336000,396750,2,1,0,1,1,0
"Liverpool",2016,"Liverpool_336250_396750",336250,396750,35,7,1,27,8,0.125
"Liverpool",2019,"Liverpool_336250_396750",336250,396750,37,32,0,5,32,0
"Liverpool",2022,"Liverpool_336250_396750",336250,396750,37,29,0,8,29,0
"Liverpool",2025,"Liverpool_336250_396750",336250,396750,35,26,0,9,26,0
"Liverpool",2016,"Liverpool_336500_396750",336500,396750,42,17,2,23,19,0.105263157894737
"Liverpool",2019,"Liverpool_336500_396750",336500,396750,39,35,2,2,37,0.0540540540540541
"Liverpool",2022,"Liverpool_336500_396750",336500,396750,40,30,3,7,33,0.0909090909090909
"Liverpool",2025,"Liverpool_336500_396750",336500,396750,36,23,2,11,25,0.08
"Liverpool",2016,"Liverpool_336750_396750",336750,396750,15,4,0,11,4,0
"Liverpool",2019,"Liverpool_336750_396750",336750,396750,16,13,2,1,15,0.133333333333333
"Liverpool",2022,"Liverpool_336750_396750",336750,396750,19,15,0,4,15,0
"Liverpool",2025,"Liverpool_336750_396750",336750,396750,17,11,0,6,11,0
"Liverpool",2016,"Liverpool_337000_396750",337000,396750,3,0,0,3,0,NA
"Liverpool",2019,"Liverpool_337000_396750",337000,396750,1,1,0,0,1,0
"Liverpool",2022,"Liverpool_337000_396750",337000,396750,1,1,0,0,1,0
"Liverpool",2016,"Liverpool_339750_396750",339750,396750,1,0,0,1,0,NA
"Liverpool",2016,"Liverpool_340500_396750",340500,396750,2,0,0,2,0,NA
"Liverpool",2019,"Liverpool_340500_396750",340500,396750,4,3,0,1,3,0
"Liverpool",2022,"Liverpool_340500_396750",340500,396750,5,4,0,1,4,0
"Liverpool",2025,"Liverpool_340500_396750",340500,396750,4,2,0,2,2,0
"Liverpool",2016,"Liverpool_336000_397000",336000,397000,1,0,0,1,0,NA
"Liverpool",2016,"Liverpool_336500_397000",336500,397000,2,0,0,2,0,NA
"Liverpool",2019,"Liverpool_336500_397000",336500,397000,2,1,1,0,2,0.5
"Liverpool",2022,"Liverpool_336500_397000",336500,397000,2,0,1,1,1,1
"Liverpool",2025,"Liverpool_336500_397000",336500,397000,2,0,1,1,1,1
"Liverpool",2016,"Liverpool_336750_397000",336750,397000,1,1,0,0,1,0
"Liverpool",2019,"Liverpool_336750_397000",336750,397000,1,1,0,0,1,0
"Liverpool",2022,"Liverpool_336750_397000",336750,397000,1,1,0,0,1,0
"Liverpool",2025,"Liverpool_336750_397000",336750,397000,1,1,0,0,1,0
"Liverpool",2016,"Liverpool_337000_397000",337000,397000,24,8,0,16,8,0
"Liverpool",2019,"Liverpool_337000_397000",337000,397000,22,19,1,2,20,0.05
"Liverpool",2022,"Liverpool_337000_397000",337000,397000,24,18,1,5,19,0.0526315789473684
"Liverpool",2025,"Liverpool_337000_397000",337000,397000,22,12,1,9,13,0.0769230769230769
"Liverpool",2016,"Liverpool_337250_397000",337250,397000,7,3,0,4,3,0
"Liverpool",2019,"Liverpool_337250_397000",337250,397000,7,6,1,0,7,0.142857142857143
"Liverpool",2022,"Liverpool_337250_397000",337250,397000,7,6,0,1,6,0
"Liverpool",2025,"Liverpool_337250_397000",337250,397000,7,5,0,2,5,0
"Liverpool",2016,"Liverpool_336500_397250",336500,397250,16,4,0,12,4,0
"Liverpool",2019,"Liverpool_336500_397250",336500,397250,15,14,0,1,14,0
"Liverpool",2022,"Liverpool_336500_397250",336500,397250,15,14,0,1,14,0
"Liverpool",2025,"Liverpool_336500_397250",336500,397250,15,13,0,2,13,0
"Liverpool",2016,"Liverpool_336750_397250",336750,397250,1,0,0,1,0,NA
"Liverpool",2019,"Liverpool_336750_397250",336750,397250,1,0,1,0,1,1
"Liverpool",2022,"Liverpool_336750_397250",336750,397250,1,0,1,0,1,1
"Liverpool",2025,"Liverpool_336750_397250",336750,397250,1,0,1,0,1,1
"Liverpool",2016,"Liverpool_337500_397250",337500,397250,16,7,0,9,7,0
"Liverpool",2019,"Liverpool_337500_397250",337500,397250,15,15,0,0,15,0
"Liverpool",2022,"Liverpool_337500_397250",337500,397250,16,13,0,3,13,0
"Liverpool",2025,"Liverpool_337500_397250",337500,397250,15,8,0,7,8,0
"Liverpool",2016,"Liverpool_337750_397250",337750,397250,12,5,1,6,6,0.166666666666667
"Liverpool",2019,"Liverpool_337750_397250",337750,397250,13,12,1,0,13,0.0769230769230769
"Liverpool",2022,"Liverpool_337750_397250",337750,397250,13,11,1,1,12,0.0833333333333333
"Liverpool",2025,"Liverpool_337750_397250",337750,397250,12,10,0,2,10,0
"Liverpool",2016,"Liverpool_338250_397250",338250,397250,20,4,0,16,4,0
"Liverpool",2019,"Liverpool_338250_397250",338250,397250,23,23,0,0,23,0
"Liverpool",2022,"Liverpool_338250_397250",338250,397250,23,23,0,0,23,0
"Liverpool",2025,"Liverpool_338250_397250",338250,397250,21,17,0,4,17,0
"Liverpool",2016,"Liverpool_338750_397250",338750,397250,8,3,0,5,3,0
"Liverpool",2019,"Liverpool_338750_397250",338750,397250,8,8,0,0,8,0
"Liverpool",2022,"Liverpool_338750_397250",338750,397250,8,6,0,2,6,0
"Liverpool",2025,"Liverpool_338750_397250",338750,397250,8,6,0,2,6,0
"Liverpool",2016,"Liverpool_336500_397500",336500,397500,20,3,0,17,3,0
"Liverpool",2019,"Liverpool_336500_397500",336500,397500,20,13,2,5,15,0.133333333333333
"Liverpool",2022,"Liverpool_336500_397500",336500,397500,20,11,2,7,13,0.153846153846154
"Liverpool",2025,"Liverpool_336500_397500",336500,397500,20,11,2,7,13,0.153846153846154
"Liverpool",2019,"Liverpool_336750_397500",336750,397500,1,1,0,0,1,0
"Liverpool",2022,"Liverpool_336750_397500",336750,397500,1,1,0,0,1,0
"Liverpool",2025,"Liverpool_336750_397500",336750,397500,1,1,0,0,1,0
"Liverpool",2016,"Liverpool_337000_397500",337000,397500,3,0,0,3,0,NA
"Liverpool",2019,"Liverpool_337000_397500",337000,397500,2,1,0,1,1,0
"Liverpool",2022,"Liverpool_337000_397500",337000,397500,2,1,0,1,1,0
"Liverpool",2025,"Liverpool_337000_397500",337000,397500,2,1,0,1,1,0
"Liverpool",2022,"Liverpool_338750_397500",338750,397500,2,1,0,1,1,0
"Liverpool",2025,"Liverpool_338750_397500",338750,397500,1,1,0,0,1,0
